<MigrationProcessCSVMetadataVO>
   <MigrationProcessCSVMetadataVORow>
      <ProcessId>-999</ProcessId>
      <ProcessName>Manage Accounting Methods_20240822_012655_018</ProcessName>
      <ProcessDescription>Manage Accounting Methods_20240822_012655_018</ProcessDescription>
      <ProcessDate>2024-08-22 13:27:29.134</ProcessDate>
      <ObjectShortName>XLA_MANAGE_ACCOUNTING_METHOD</ObjectShortName>
      <ObjectType>TASK</ObjectType>
      <CreatedByFlow>TASK_CSV_SERVICE</CreatedByFlow>
      <ProcessType>EXPORT</ProcessType>
      <ProcessStatus>COMPLETED</ProcessStatus>
      <ProcessEnv>esds-dev9</ProcessEnv>
      <ProcessStartDate>2024-08-22 13:26:56.328</ProcessStartDate>
      <ProcessEndDate>2024-08-22 13:27:29.134</ProcessEndDate>
      <ProcessRelease>11.13.24.07.0</ProcessRelease>
      <SubmittedBy>CURTIS.FEITTY</SubmittedBy>
      <ESSRequestId>7988471</ESSRequestId>
      <MigrationProcessBusinessObjectCSVMetadata1>
         <MigrationProcessBusinessObjectCSVMetadataVORow>
            <ProcessId>-999</ProcessId>
            <BusinessObjectShortName>XLA_ACCOUNTING_METHOD</BusinessObjectShortName>
            <BatchName>AcctgMethod</BatchName>
            <XmlAttributeList>AccountingMethodTypeCode,AccountingMethodCode,Name,Description,EnabledFlag,CreationDate,CreatedBy,LastUpdateDate,LastUpdatedBy,LastUpdateLogin,TransactionCoaStrInstCode,AccountingCoaStrInstCode</XmlAttributeList>
            <XmlAttributeTypeList>string,string,string,string,string,dateTime,string,dateTime,string,string,string,string</XmlAttributeTypeList>
            <XmlNodePath>/AcctgMethodVO/AcctgMethodVORow</XmlNodePath>
            <NodeSequence>1</NodeSequence>
         </MigrationProcessBusinessObjectCSVMetadataVORow>
         <MigrationProcessBusinessObjectCSVMetadataVORow>
            <ProcessId>-999</ProcessId>
            <BusinessObjectShortName>XLA_ACCOUNTING_METHOD_TRANSLATION</BusinessObjectShortName>
            <BatchName>AcctgMethod</BatchName>
            <XmlAttributeList>AccountingMethodTypeCode,AccountingMethodCode,Language,Name,Description,SourceLang,CreationDate,CreatedBy,LastUpdateDate,LastUpdatedBy,LastUpdateLogin</XmlAttributeList>
            <XmlAttributeTypeList>string,string,string,string,string,string,dateTime,string,dateTime,string,string</XmlAttributeTypeList>
            <XmlNodePath>/AcctgMethodVO/AcctgMethodVORow/AcctgMethodTranslation/AcctgMethodTranslationVORow</XmlNodePath>
            <NodeSequence>1</NodeSequence>
         </MigrationProcessBusinessObjectCSVMetadataVORow>
         <MigrationProcessBusinessObjectCSVMetadataVORow>
            <ProcessId>-999</ProcessId>
            <BusinessObjectShortName>ORA_XLA_SLAM_JE_RULE_SETS</BusinessObjectShortName>
            <BatchName>AcctgMethod</BatchName>
            <XmlAttributeList>AccountingMethodTypeCode,AccountingMethodCode,EventClassCode,EventTypeCode,JournalRuleSetCode,JournalRuleSetTypeCode,AmbContextCode,StartDateActive,EndDateActive,CreationDate,CreatedBy,LastUpdateDate,LastUpdatedBy,LastUpdateLogin,ApplicationShortName</XmlAttributeList>
            <XmlAttributeTypeList>string,string,string,string,string,string,string,date,date,dateTime,string,dateTime,string,string,string</XmlAttributeTypeList>
            <XmlNodePath>/AcctgMethodVO/AcctgMethodVORow/JersAssignedToSlam/JersAssignedToSlamVORow</XmlNodePath>
            <NodeSequence>3</NodeSequence>
         </MigrationProcessBusinessObjectCSVMetadataVORow>
      </MigrationProcessBusinessObjectCSVMetadata1>
      <MigrationProcessBatchCSVMetadata>
         <MigrationProcessBatchCSVMetadataVORow>
            <ProcessId>-999</ProcessId>
            <BatchName>AcctgMethod</BatchName>
            <ImportSequence>0</ImportSequence>
            <ServiceName>oracle.apps.financials.subledgerAccounting.accountingMethodSetup.accountingMethodsService.model.AccountingMethodsService</ServiceName>
            <BatchSize>500</BatchSize>
         </MigrationProcessBatchCSVMetadataVORow>
      </MigrationProcessBatchCSVMetadata>
      <MigrationProcessScopeValueCSVMetadata null="true"/>
      <MigrationProcessMigrationObjectCSVMetadata>
         <MigrationProcessMigrationObjectCSVMetadataVORow>
            <ProcessId>-999</ProcessId>
            <BusinessObjectShortName>ORA_XLA_SLAM_JE_RULE_SETS</BusinessObjectShortName>
            <MigrateFlag>Y</MigrateFlag>
            <IncludeExternalDataFlag>Y</IncludeExternalDataFlag>
         </MigrationProcessMigrationObjectCSVMetadataVORow>
         <MigrationProcessMigrationObjectCSVMetadataVORow>
            <ProcessId>-999</ProcessId>
            <BusinessObjectShortName>XLA_ACCOUNTING_METHOD</BusinessObjectShortName>
            <MigrateFlag>Y</MigrateFlag>
            <IncludeExternalDataFlag>Y</IncludeExternalDataFlag>
         </MigrationProcessMigrationObjectCSVMetadataVORow>
      </MigrationProcessMigrationObjectCSVMetadata>
      <MigrationProcessTaskCSVMetadata null="true"/>
      <MigrationProcessServiceVersionCSVMetadata null="true"/>
   </MigrationProcessCSVMetadataVORow>
</MigrationProcessCSVMetadataVO>