"AccountingMethodCode","AccountingMethodTypeCode","Name","Description","EnabledFlag","CreationDate","CreatedBy","LastUpdateDate","LastUpdatedBy","LastUpdateLogin","TransactionCoaStrInstCode","AccountingCoaStrInstCode"
"USSTANDARDACCRUAL","C","US Standard Accrual","Vision US Standard Accrual using US Chart of Accounts","Y","2013/11/14 15:59:01.0","FIN_IMPL","2021/10/25 18:59:27.87","FIN_IMPL","CC4B8488323E39C6E0530364FD0A19E6","","Corp_US_CoA"
"UKSSTANDARDACCRUAL","C","UK Standard Accrual","Vision UK Standard Accrual using UK Chart of Accounts","Y","2013/11/14 17:27:44.0","FIN_IMPL","2021/04/06 22:45:11.612","SCM_IMPL","BE4F75080482FC1EE0532C60FD0AC107","","Corp_UK_CoA"
"FRANCESTANDARDACCRUAL","C","France Standard Accrual","Vision France Standard Accrual using France Chart of Accounts","Y","2013/11/15 16:35:35.0","FIN_IMPL","2017/09/27 09:27:36.512","FIN_IMPL","5A2777952EF01C5AE0538DADFD0A5122","","Corp_FR_CoA"
"JAPANSTANDARDACCRUAL","C","Japan Standard Accrual","Vision Japan Standard Accrual for JP Chart of Accounts","Y","2015/03/10 19:13:42.852","FIN_IMPL","2015/03/10 19:15:18.598","FIN_IMPL","10F3FDF6E46F4ABBE0536204548CBA9E","","Corp_JP_CoA"
"HEALTHCAREUSSTDACCRUAL","C","Healthcare US Standard Accrual","Vision Healthcare US Standard Accrual for Healthcare Cart of Accounts","Y","2015/04/13 12:05:55.0","FIN_IMPL","2021/04/06 21:35:31.689","SCM_IMPL","BE4F7508041DFC1EE0532C60FD0AC107","","Healthcare_US_CoA"
"FRSLSTANDARDACCRUAL","C","France SL Standard Accrual","Vision France Secondary Ledger Standard Accrual using US Chart of Accounts","Y","2015/04/24 16:47:51.0","FIN_IMPL","2017/09/27 09:05:37.611","FIN_IMPL","5A2777952EF01C5AE0538DADFD0A5122","","Corp_US_CoA"
"UKSLSTANDARDACCRUAL","C","UK SL Standard Accrual","Vision UK Secondary Ledger Standard Accrual using US Chart of Accounts","Y","2015/04/24 16:52:55.054","FIN_IMPL","2020/10/07 11:09:19.57","SCM_IMPL","B111611493B6BECCE0539E90DF0A5BDF","","Corp_US_CoA"
"ITALYSTANDARDACCRUAL","C","Italy Standard Accrual","Vision Italy Standard Accrual for IT Chart of Accounts","Y","2015/08/07 11:41:06.0","FIN_IMPL","2015/08/07 11:44:20.066","FIN_IMPL","1CB8230F65373A87E0536204548CB6AE","","Corp_IT_CoA"
"ITALYENCUMBRANCEACCRUAL","C","Italy Standard Accrual with Encumbrances","Italy Standard Accrual with Encumbrances","Y","2015/10/27 18:04:21.535","FIN_IMPL","2015/10/27 18:06:07.354","FIN_IMPL","2314C12975DF579EE053790B548CFF23","","Corp_IT_CoA"
"CANADASTANDAEDACCRUAL","C","Canada Standard Accrual","Vision Canada Standard Accrual for CA Chart of Accounts","Y","2016/09/14 10:50:33.0","FIN_IMPL","2016/09/14 10:53:06.035","FIN_IMPL","3C75DAFCAEC77CCEE0537AA3FD0AE46C","","Corp_CA_CoA"
"USSTANDARDIFRS","C","US Standard Accrual (IFRS)","US Standard Accrual (IFRS)","Y","2014/03/13 22:05:28.89","FIN_IMPL","2019/09/26 12:43:56.368","FIN_IMPL","937503755DEB069EE053C390DF0AF48A","","Corp_US_CoA"
"PROGUSENCUMBRANCEACCRUAL","C","Progress US Encumbrance Accrual","Progress US Encumbrance Accrual using Public Sector US Chart of Accounts ","Y","2014/06/10 10:47:24.0","FIN_IMPL","2021/10/23 17:01:02.022","FIN_IMPL","CC4C47DA548139E2E0530364FD0A9C81","","Public_Sector_US_CoA"
"EUSTANDARDACCRUAL","C","EU Standard Accrual","Vision EU Standard Accrual for EU Chart of Accounts","Y","2015/07/14 13:13:08.0","FIN_IMPL","2015/07/14 13:14:30.213","FIN_IMPL","1AD69033A63D1652E0536204548C3B14","","Corp_EU_CoA"
"GERMANYSTANDARDACCRUAL","C","Germany Standard Accrual","Vision Germany Standard Accrual for DE Chart of Accounts","Y","2016/06/13 08:24:44.0","FIN_IMPL","2020/07/13 15:17:05.501","FIN_IMPL","AA4F96AAAF2CEDFDE0539E90DF0A682D","","Corp_DE_CoA"
"BESLSTANDARDACCRUAL","C","Belgium SL Standard Accrual","Vision Belgium Secondary Ledger using US CoA's ","Y","2016/09/19 13:47:29.0","FIN_IMPL","2017/09/27 09:21:43.049","FIN_IMPL","5A2777952EF01C5AE0538DADFD0A5122","","Corp_US_CoA"
"POLANDSTANDARDACCRUAL","C","Poland Standard Accrual","Vision Poland Standard Accrual for PL Chart of Accounts","Y","2018/08/21 13:56:35.0","FIN_IMPL","2018/08/21 13:59:07.528","FIN_IMPL","73F28E17083E52CFE0537990DF0AEE82","","Corp_PL_CoA"
"MEXICOSTANDARDACC","C","MX Standard Accrual","Vision MX Standard Accrual for MX Chart of Accounts.","Y","2020/04/02 08:47:12.0","FIN_IMPL","2020/04/12 13:26:41.305","BETTY.ANDERSON","A31777BD2A02C816E053B090DF0ABF1C","","Corp_MX_CoA"
"AW_MFAR","C","AW Progress US MFAR","","Y","2020/04/14 18:00:12.0","FIN_IMPL","2020/04/14 18:33:57.41","FIN_IMPL","A34262FBB16A3AF4E053B090DF0A9AFD","","Public_Sector_US_CoA"
"UNIVERSITYUSSTDACCRUAL","C","University US Standard Accrual","University US Standard Accrual using University US Chart of Accounts","Y","2014/11/10 11:06:05.0","FIN_IMPL","2018/10/11 11:52:53.034","FIN_IMPL","77F20EFFD1CB67FFE0537990DF0ADB76","","University_US_COA"
"CHINASTANDARDACCRUALCHINA","C","China Standard Accrual for China","Vision China Standard Accrual for China for CN Chart of Accounts (copy of Oracle seeded Standard Accrual for China accounting method).","Y","2015/04/07 14:23:06.0","FIN_IMPL","2019/04/03 18:34:22.492","SCM_IMPL","85A40F75D1E3382EE053C390DF0AE6C0","","Corp_CN_CoA"
"CHSTANDARDACCRUAL","C","CH Standard Accrual","Vision Switzerland Standard Accrual for US chart of Accounts","Y","2015/12/14 09:51:46.0","FIN_IMPL","2020/01/08 20:48:02.305","SCM_IMPL","9BA7EBEF3EB269C2E053C390DF0A90F1","","Corp_US_CoA"
"SPAINSTANDARDACCRUAL","C","Spain Standard Accrual","Vision Spain Standard Accrual for ES Chart of Accounts","Y","2016/08/10 15:37:00.0","FIN_IMPL","2016/08/10 15:40:10.55","FIN_IMPL","39AE1374869A6105E0537AA3FD0A8E68","","Corp_ES_CoA"
"OFS_USGAAP_INS_PL_STD_ACCR","C","Fin Svcs USGAAP INS PL Standard Accrual","OFS USGAAP PL INS Ledger Standard Accrual
","Y","2016/12/05 16:45:54.725","FIN_IMPL","2016/12/05 16:49:44.646","FIN_IMPL","42E99E73D2CD2741E0537AA3FD0A97DE","","Fin_Svcs_CoA"
"TURKEYSTANDARDACCRUAL","C","Turkey Standard Accrual","Vision Turkey Standard Accrual for TR Chart of Accounts","Y","2017/04/21 14:15:46.0","FIN_IMPL","2017/04/21 14:18:33.779","FIN_IMPL","4DACEAF390E21C28E053C4AEFD0A8E5C","","Corp_TR_CoA"
"INDIASTANDARDACCRUAL","C","India Standard Accrual","Vision India Standard Accrual for IN Chart of Accounts","Y","2019/06/12 11:12:21.0","FIN_IMPL","2019/07/08 05:53:03.428","PPM_IMPL","8D252AE9EDAD180FE053C390DF0AABF9","","Corp_IN_CoA"
"INDIASLSTANDARDACCRUAL","C","India SL Standard Accrual","Vision India Secondary ledger Standard Accrual for US Chart of Accounts","Y","2019/08/05 11:53:52.0","FIN_IMPL","2019/08/12 06:58:13.72","PPM_IMPL","8FE67CE85E1ADBD1E053C390DF0A2B8E","","Corp_US_CoA"
"PROGGASBACCRUAL","C","Progress GASB Accrual","Progress GASB 34 Accrual using Public Sector US Chart of Accounts
","Y","2014/06/13 12:56:37.0","FIN_IMPL","2021/10/23 17:03:23.001","FIN_IMPL","CC4C47DA548139E2E0530364FD0A9C81","","Public_Sector_US_CoA"
"ANZSTANDARDACCRUAL","C","ANZ Standard Accrual","Vision Australia & New Zealand Standard Accrual for ANZ Chart of Accopunts","Y","2016/07/18 08:37:33.0","FIN_IMPL","2016/07/18 09:01:03.0","FIN_IMPL","37B7C83AD8AD186FE0537AA3FD0ACB26","","Corp_ANZ_CoA"
"OFS_SEC_LED_STD_ACCR","C","Fin Svcs Secondary Ledger Standard Accrual","OFS Secondary Ledger Standard Accrual","Y","2016/09/30 13:51:34.0","FIN_IMPL","2016/10/06 13:29:48.203","FIN_IMPL","3E2D612C4C82292CE0537AA3FD0A1D9E","","Fin_Svcs_CoA"
"OFS_US_PRIM_LED_STD_ACCR","C","Fin Svcs US Primary Ledger Standard Accrual","OFS US Primary ADB Ledger Standard Accrual","Y","2016/10/11 15:35:50.0","FIN_IMPL","2016/10/11 15:39:26.579","FIN_IMPL","3E9458544CD21AA4E0537AA3FD0A9D49","","Fin_Svcs_CoA"
"OFS_UK_PRIM_LED_STD_ACCR","C","Fin Svcs UK Primary Ledger Standard Accrual","OFS UK Primary ADB Ledger Standard Accrual","Y","2016/10/11 15:40:18.602","FIN_IMPL","2016/10/11 15:41:23.209","FIN_IMPL","3E9458544CD21AA4E0537AA3FD0A9D49","","Fin_Svcs_CoA"
"SWEDENSTDACCRUAL","C","Sweden Standard Accrual","Vision Sweden Standard Accrual for SE Chart of Accounts","Y","2017/01/17 14:42:22.0","FIN_IMPL","2017/01/17 14:43:42.613","FIN_IMPL","464B14EE601325C1E0537AA3FD0A5928","","Corp_SE_CoA"
"UAESTANDARDACCRUAL","C","UAE Standard Accrual","UAE Standard Accrual for UAE Chart of Accounts.","Y","2017/08/23 09:21:04.0","FIN_IMPL","2017/10/20 16:48:28.391","HCM_IMPL","5BFB8B9A1C415D15E0538DADFD0A311D","","Corp_UAE_CoA"
"SAUSTANDARDACCRUAL","C","SAU Standard Accrual","Vision SAU Standard Accrual fot SAU Chart of Accounts","Y","2017/11/09 12:57:58.0","FIN_IMPL","2020/09/01 21:37:45.999","HCM_IMPL","AE4493A4EB5726BBE0539E90DF0A4480","","Corp_SAU_CoA"
"HCPAYORUSSTANDARDACCRUAL","C","Healthcare Payor US Standard Accrual","Vision Healthcare Payor US Standard Accrual","Y","2018/09/07 10:32:47.928","FIN_IMPL","2018/09/07 10:33:44.367","FIN_IMPL","754328E45EF6027AE0537990DF0A5805","","HC_Payor_US_CoA"
"PROGUKENCUMBRANCEACCRUAL","C","Progress UK Encumbrance Accrual","Progress UK Encumbrance Accrual using Progress UK Chart of Accounts .","Y","2021/04/26 14:12:10.0","FIN_IMPL","2021/04/26 14:13:55.626","FIN_IMPL","BF98F03D0569F628E0532C60FD0A2059","","Progress UK"
"INT_MFAR_PROGRESS_ENCUMB","C","Interim MFAR Progress US Encumbrance Accrual","","Y","2021/02/17 11:56:52.0","FIN_IMPL","2021/02/17 14:19:02.72","FIN_IMPL","BB86D0AB262D0F97E0539E90DF0A9DDB","","Public_Sector_US_CoA"
"FEDUSACCOUNTINGRULE","C","Federal US Accounting Rules","Federal US Accounting Rules for Federal US Chart of Accounts.","Y","2021/01/07 18:16:38.0","FIN_IMPL","2021/01/07 18:18:23.224","FIN_IMPL","B84F48D8A56DF148E0539E90DF0A2828","","Federal_US_COA"
