{
    "lookupcodelist": [
        {
            "lookup_code": "00000"
        },
        {
            "lookup_code": "00500"
        },
        {
            "lookup_code": "10003"
        },
        {
            "lookup_code": "10005"
        },
        {
            "lookup_code": "10007"
        },
        {
            "lookup_code": "10008"
        },
        {
            "lookup_code": "10009"
        },
        {
            "lookup_code": "10010"
        },
        {
            "lookup_code": "10013"
        },
        {
            "lookup_code": "10014"
        },
        {
            "lookup_code": "10015"
        },
        {
            "lookup_code": "10016"
        },
        {
            "lookup_code": "10018"
        },
        {
            "lookup_code": "10019"
        },
        {
            "lookup_code": "10021"
        },
        {
            "lookup_code": "10022"
        },
        {
            "lookup_code": "10024"
        },
        {
            "lookup_code": "10027"
        },
        {
            "lookup_code": "10031"
        },
        {
            "lookup_code": "10036"
        },
        {
            "lookup_code": "10051"
        },
        {
            "lookup_code": "10059"
        },
        {
            "lookup_code": "10062"
        },
        {
            "lookup_code": "10065"
        },
        {
            "lookup_code": "10080"
        },
        {
            "lookup_code": "10081"
        },
        {
            "lookup_code": "10082"
        },
        {
            "lookup_code": "10083"
        },
        {
            "lookup_code": "10085"
        },
        {
            "lookup_code": "10089"
        },
        {
            "lookup_code": "10091"
        },
        {
            "lookup_code": "10099"
        },
        {
            "lookup_code": "10102"
        },
        {
            "lookup_code": "10104"
        },
        {
            "lookup_code": "10109"
        },
        {
            "lookup_code": "10110"
        },
        {
            "lookup_code": "10113"
        },
        {
            "lookup_code": "10118"
        },
        {
            "lookup_code": "10120"
        },
        {
            "lookup_code": "10122"
        },
        {
            "lookup_code": "10123"
        },
        {
            "lookup_code": "10126"
        },
        {
            "lookup_code": "10127"
        },
        {
            "lookup_code": "10130"
        },
        {
            "lookup_code": "10131"
        },
        {
            "lookup_code": "10132"
        },
        {
            "lookup_code": "10146"
        },
        {
            "lookup_code": "10147"
        },
        {
            "lookup_code": "10148"
        },
        {
            "lookup_code": "10149"
        },
        {
            "lookup_code": "10152"
        },
        {
            "lookup_code": "10153"
        },
        {
            "lookup_code": "10154"
        },
        {
            "lookup_code": "10156"
        },
        {
            "lookup_code": "10157"
        },
        {
            "lookup_code": "10159"
        },
        {
            "lookup_code": "10161"
        },
        {
            "lookup_code": "10163"
        },
        {
            "lookup_code": "10165"
        },
        {
            "lookup_code": "10166"
        },
        {
            "lookup_code": "10167"
        },
        {
            "lookup_code": "10169"
        },
        {
            "lookup_code": "10175"
        },
        {
            "lookup_code": "10176"
        },
        {
            "lookup_code": "10177"
        },
        {
            "lookup_code": "10178"
        },
        {
            "lookup_code": "10179"
        },
        {
            "lookup_code": "10180"
        },
        {
            "lookup_code": "10181"
        },
        {
            "lookup_code": "10183"
        },
        {
            "lookup_code": "10184"
        },
        {
            "lookup_code": "10185"
        },
        {
            "lookup_code": "10186"
        },
        {
            "lookup_code": "10187"
        },
        {
            "lookup_code": "10190"
        },
        {
            "lookup_code": "10194"
        },
        {
            "lookup_code": "10199"
        },
        {
            "lookup_code": "10200"
        },
        {
            "lookup_code": "10204"
        },
        {
            "lookup_code": "10205"
        },
        {
            "lookup_code": "10206"
        },
        {
            "lookup_code": "10208"
        },
        {
            "lookup_code": "10210"
        },
        {
            "lookup_code": "10212"
        },
        {
            "lookup_code": "10213"
        },
        {
            "lookup_code": "10218"
        },
        {
            "lookup_code": "10219"
        },
        {
            "lookup_code": "10220"
        },
        {
            "lookup_code": "10221"
        },
        {
            "lookup_code": "10222"
        },
        {
            "lookup_code": "10223"
        },
        {
            "lookup_code": "10224"
        },
        {
            "lookup_code": "10225"
        },
        {
            "lookup_code": "10226"
        },
        {
            "lookup_code": "10228"
        },
        {
            "lookup_code": "10232"
        },
        {
            "lookup_code": "10234"
        },
        {
            "lookup_code": "10235"
        },
        {
            "lookup_code": "10237"
        },
        {
            "lookup_code": "10239"
        },
        {
            "lookup_code": "10240"
        },
        {
            "lookup_code": "10241"
        },
        {
            "lookup_code": "10243"
        },
        {
            "lookup_code": "10245"
        },
        {
            "lookup_code": "10247"
        },
        {
            "lookup_code": "10252"
        },
        {
            "lookup_code": "10254"
        },
        {
            "lookup_code": "10255"
        },
        {
            "lookup_code": "10265"
        },
        {
            "lookup_code": "10266"
        },
        {
            "lookup_code": "10267"
        },
        {
            "lookup_code": "10268"
        },
        {
            "lookup_code": "10269"
        },
        {
            "lookup_code": "10270"
        },
        {
            "lookup_code": "10271"
        },
        {
            "lookup_code": "10272"
        },
        {
            "lookup_code": "10305"
        },
        {
            "lookup_code": "10306"
        },
        {
            "lookup_code": "10307"
        },
        {
            "lookup_code": "10308"
        },
        {
            "lookup_code": "10309"
        },
        {
            "lookup_code": "10311"
        },
        {
            "lookup_code": "10318"
        },
        {
            "lookup_code": "10320"
        },
        {
            "lookup_code": "10321"
        },
        {
            "lookup_code": "10322"
        },
        {
            "lookup_code": "10323"
        },
        {
            "lookup_code": "10324"
        },
        {
            "lookup_code": "10325"
        },
        {
            "lookup_code": "10326"
        },
        {
            "lookup_code": "10328"
        },
        {
            "lookup_code": "10329"
        },
        {
            "lookup_code": "10330"
        },
        {
            "lookup_code": "10331"
        },
        {
            "lookup_code": "10332"
        },
        {
            "lookup_code": "10333"
        },
        {
            "lookup_code": "10334"
        },
        {
            "lookup_code": "10335"
        },
        {
            "lookup_code": "10336"
        },
        {
            "lookup_code": "10337"
        },
        {
            "lookup_code": "10338"
        },
        {
            "lookup_code": "10339"
        },
        {
            "lookup_code": "10340"
        },
        {
            "lookup_code": "10341"
        },
        {
            "lookup_code": "10342"
        },
        {
            "lookup_code": "10343"
        },
        {
            "lookup_code": "10344"
        },
        {
            "lookup_code": "10345"
        },
        {
            "lookup_code": "10346"
        }
    ]
}