<MigrationProcessCSVMetadataVO>
   <MigrationProcessCSVMetadataVORow>
      <ProcessId>-999</ProcessId>
      <ProcessName>Manage Banks_20240905_065951_016</ProcessName>
      <ProcessDescription>Manage Banks_20240905_065951_016</ProcessDescription>
      <ProcessDate>2024-09-05 07:00:25.627</ProcessDate>
      <ObjectShortName>CE_MANAGE_BANKS</ObjectShortName>
      <ObjectType>TASK</ObjectType>
      <CreatedByFlow>TASK_CSV_SERVICE</CreatedByFlow>
      <ProcessType>EXPORT</ProcessType>
      <ProcessStatus>COMPLETED</ProcessStatus>
      <ProcessEnv>esds-dev9</ProcessEnv>
      <ProcessStartDate>2024-09-05 06:59:51.959</ProcessStartDate>
      <ProcessEndDate>2024-09-05 07:00:25.627</ProcessEndDate>
      <ProcessRelease>11.13.24.07.0</ProcessRelease>
      <SubmittedBy>CURTIS.FEITTY</SubmittedBy>
      <ESSRequestId>8030147</ESSRequestId>
      <MigrationProcessBusinessObjectCSVMetadata1>
         <MigrationProcessBusinessObjectCSVMetadataVORow>
            <ProcessId>-999</ProcessId>
            <BusinessObjectShortName>CE_BANK_INFO</BusinessObjectShortName>
            <BatchName>BankVO</BatchName>
            <XmlAttributeList>HomeCountry,BankName,BankNameAlt,BankNumber,StartDate,EndDate,Description,TaxpayerId,TaxRegistrationNumber,BankAdminEmail,SupressRowValidation,ValidateCountrySpecific,CreatedBy,CreationDate,LastUpdateDate,LastUpdateLogin,LastUpdatedBy</XmlAttributeList>
            <XmlAttributeTypeList>string,string,string,string,dateTime,dateTime,string,string,string,string,string,string,string,dateTime,dateTime,string,string</XmlAttributeTypeList>
            <XmlNodePath>/BankVO/BankVORow</XmlNodePath>
            <NodeSequence>1</NodeSequence>
         </MigrationProcessBusinessObjectCSVMetadataVORow>
      </MigrationProcessBusinessObjectCSVMetadata1>
      <MigrationProcessBatchCSVMetadata>
         <MigrationProcessBatchCSVMetadataVORow>
            <ProcessId>-999</ProcessId>
            <BatchName>BankVO</BatchName>
            <ImportSequence>0</ImportSequence>
            <ServiceName>oracle.apps.financials.cashManagement.bankRelationships.bankService.BankService</ServiceName>
            <BatchSize>100</BatchSize>
         </MigrationProcessBatchCSVMetadataVORow>
      </MigrationProcessBatchCSVMetadata>
      <MigrationProcessScopeValueCSVMetadata null="true"/>
      <MigrationProcessMigrationObjectCSVMetadata>
         <MigrationProcessMigrationObjectCSVMetadataVORow>
            <ProcessId>-999</ProcessId>
            <BusinessObjectShortName>CE_BANK_INFO</BusinessObjectShortName>
            <MigrateFlag>Y</MigrateFlag>
            <IncludeExternalDataFlag>Y</IncludeExternalDataFlag>
         </MigrationProcessMigrationObjectCSVMetadataVORow>
      </MigrationProcessMigrationObjectCSVMetadata>
      <MigrationProcessTaskCSVMetadata null="true"/>
      <MigrationProcessServiceVersionCSVMetadata null="true"/>
   </MigrationProcessCSVMetadataVORow>
</MigrationProcessCSVMetadataVO>