"XLA_SUBLEDGER.ApplicationShortName","EventClassGroupCode","Name","CreatedBy","CreationDate","Description","EnabledFlag","LastUpdateDate","LastUpdateLogin","LastUpdatedBy"
"AHC_LI_INS","AHC_LI_INS","AHC Life Insurance","FIN_IMPL","2019/02/25 08:59:23.989","AHC Life Insurance","Y","2019/02/25 08:59:33.038","82B253FC04DE7798E053C390DF0A5792","FIN_IMPL"
"AHC_LI_INS","MANUAL","Manual","FIN_IMPL","2019/02/25 08:59:30.772","Special event class group created for manual entry","Y","2019/02/25 08:59:33.528","82B253FC04DE7798E053C390DF0A5792","FIN_IMPL"
"AHC_LI_INS","THIRD_PARTY_MERGE","Third Party Merge","FIN_IMPL","2019/02/25 08:59:30.788","Special event class group created for third party merge entry","Y","2019/02/25 08:59:33.617","82B253FC04DE7798E053C390DF0A5792","FIN_IMPL"
"FAH_BILLING","BILLING","Billing Feeds","FIN_IMPL","2013/11/19 20:25:29.005","Billing Feeds","Y","2014/03/20 17:01:24.182","F50B922565230EACE0436204548C51F2","FIN_IMPL"
"FAH_BILLING","BILLING_2","Operational Feeds","FIN_IMPL","2014/03/18 20:11:06.024","Operational Feeds","Y","2014/03/20 17:05:17.182","F50B922565230EACE0436204548C51F2","FIN_IMPL"
"FAH_BILLING","EXPENSE_TRANSACTIONS","Travel Expense Feeds","FIN_IMPL","2014/03/20 17:05:31.514","Travel Expense Feeds","Y","2014/03/20 17:10:52.76","F50B922565230EACE0436204548C51F2","FIN_IMPL"
"FAH_BILLING","MANUAL","Manual","FIN_IMPL","2013/11/19 20:21:57.414","Special event class group created for manual entry","Y","2013/11/19 20:21:58.117","EB8B665D2AB0086AE0436204548C5C62","FIN_IMPL"
"FAH_BILLING","OU_BILLING","OU Billing Feeds","FIN_IMPL","2014/08/01 19:01:54.855","OU Billing Feeds (Used for Oracle Education)","Y","2015/03/31 01:40:04.308","128C930E4FD358A2E0536204548C5184","FIN_IMPL"
"FAH_BILLING","THIRD_PARTY_MERGE","Third Party Merge","FIN_IMPL","2013/11/19 20:21:57.427","Special event class group created for third party merge entry","Y","2013/11/19 20:21:58.136","EB8B665D2AB0086AE0436204548C5C62","FIN_IMPL"
"FAH_INSURANCE","COMMERCIAL_INS","Commercial Insurance","FIN_IMPL","2014/01/22 23:18:52.003","Commercial Insurance","Y","2014/02/05 18:38:33.129","F1AC295D2BE049D6E0436204548CABAA","FIN_IMPL"
"FAH_INSURANCE","HEALTH_INS","Health Insurance","FIN_IMPL","2014/01/22 23:20:20.517","Health Insurance","Y","2014/02/03 21:47:11.209","F187489368655A1CE0436204548C7D0C","FIN_IMPL"
"FAH_INSURANCE","LIFE_INS","Life Insurance","FIN_IMPL","2014/01/22 23:20:39.788","Life Insurance","Y","2014/02/03 21:48:08.087","F187489368655A1CE0436204548C7D0C","FIN_IMPL"
"FAH_INSURANCE","MANUAL","Manual","FIN_IMPL","2014/01/22 23:18:07.197","Special event class group created for manual entry","Y","2014/01/22 23:18:08.154","F0964FF4816B1FEBE0436204548CB956","FIN_IMPL"
"FAH_INSURANCE","PROPERTY_CASUALTY_INS","Property and Casualty Insurance","FIN_IMPL","2014/01/22 23:20:55.396","Property and Casualty Insurance","Y","2014/02/03 21:47:40.878","F187489368655A1CE0436204548C7D0C","FIN_IMPL"
"FAH_INSURANCE","RETIREMENT_SAVINGS","Retirement and Savings","FIN_IMPL","2014/01/22 23:21:24.059","Retirement and Savings","Y","2014/02/03 21:45:12.645","F187489368655A1CE0436204548C7D0C","FIN_IMPL"
"FAH_INSURANCE","THIRD_PARTY_MERGE","Third Party Merge","FIN_IMPL","2014/01/22 23:18:07.211","Special event class group created for third party merge entry","Y","2014/01/22 23:18:08.184","F0964FF4816B1FEBE0436204548CB956","FIN_IMPL"
"AHC_LOAN","AHC_LOAN","AHC Loan","FIN_IMPL","2017/10/31 18:11:21.553","AHC Loan","Y","2017/10/31 18:11:27.953","5CDCAADD39354F8CE0538DADFD0A1CB9","FIN_IMPL"
"AHC_LOAN","MANUAL","Manual","FIN_IMPL","2017/10/31 18:11:26.032","Special event class group created for manual entry","Y","2017/10/31 18:11:28.427","5CDCAADD39354F8CE0538DADFD0A1CB9","FIN_IMPL"
"AHC_LOAN","THIRD_PARTY_MERGE","Third Party Merge","FIN_IMPL","2017/10/31 18:11:26.088","Special event class group created for third party merge entry","Y","2017/10/31 18:11:28.481","5CDCAADD39354F8CE0538DADFD0A1CB9","FIN_IMPL"
"AHC_BILLING","AHC_BILLING","AHC Billing","FIN_IMPL","2017/12/28 06:54:07.424","AHC Billing","Y","2017/12/28 06:54:16.817","615CA35573826868E0536AA0FD0A112A","FIN_IMPL"
"AHC_BILLING","MANUAL","Manual","FIN_IMPL","2017/12/28 06:54:13.643","Special event class group created for manual entry","Y","2017/12/28 06:54:17.353","615CA35573826868E0536AA0FD0A112A","FIN_IMPL"
"AHC_BILLING","THIRD_PARTY_MERGE","Third Party Merge","FIN_IMPL","2017/12/28 06:54:13.662","Special event class group created for third party merge entry","Y","2017/12/28 06:54:17.41","615CA35573826868E0536AA0FD0A112A","FIN_IMPL"
"AHC_ENDOWMENT","AHC_ENDOWMENT","AHC Endowment Donations","FIN_IMPL","2018/10/11 10:07:04.803","AHC Endowment Donations","Y","2018/10/11 10:07:47.395","77F20EFFD1CB67FFE0537990DF0ADB76","FIN_IMPL"
"AHC_ENDOWMENT","MANUAL","Manual","FIN_IMPL","2018/10/11 10:07:39.526","Special event class group created for manual entry","Y","2018/10/11 10:07:51.817","77F20EFFD1CB67FFE0537990DF0ADB76","FIN_IMPL"
"AHC_ENDOWMENT","THIRD_PARTY_MERGE","Third Party Merge","FIN_IMPL","2018/10/11 10:07:39.591","Special event class group created for third party merge entry","Y","2018/10/11 10:07:52.072","77F20EFFD1CB67FFE0537990DF0ADB76","FIN_IMPL"
"AHC_INSURANCE","AHC_INSURANCE","AHC Insurance","FIN_IMPL","2018/03/06 05:30:17.08","AHC Insurance","Y","2018/03/06 05:30:24.959","66B8A4FCD0219AA4E053E9A7FD0A5DFE","FIN_IMPL"
"AHC_INSURANCE","MANUAL","Manual","FIN_IMPL","2018/03/06 05:30:22.511","Special event class group created for manual entry","Y","2018/03/06 05:30:25.37","66B8A4FCD0219AA4E053E9A7FD0A5DFE","FIN_IMPL"
"AHC_INSURANCE","THIRD_PARTY_MERGE","Third Party Merge","FIN_IMPL","2018/03/06 05:30:22.526","Special event class group created for third party merge entry","Y","2018/03/06 05:30:25.415","66B8A4FCD0219AA4E053E9A7FD0A5DFE","FIN_IMPL"
"AHC_EXT_ERP","AHC_EXT_ERP","AHC External ERP","FIN_IMPL","2021/05/25 15:52:17.098","AHC External ERP","Y","2021/05/25 15:52:23.863","C2E79BEB15F58012E0532D60FD0A028C","FIN_IMPL"
"AHC_EXT_ERP","MANUAL","Manual","FIN_IMPL","2021/05/25 15:52:22.213","Special event class group created for manual entry","Y","2021/05/25 15:52:24.244","C2E79BEB15F58012E0532D60FD0A028C","FIN_IMPL"
"AHC_EXT_ERP","THIRD_PARTY_MERGE","Third Party Merge","FIN_IMPL","2021/05/25 15:52:22.225","Special event class group created for third party merge entry","Y","2021/05/25 15:52:24.29","C2E79BEB15F58012E0532D60FD0A028C","FIN_IMPL"
"AHC_EMR","AHC_EMR","AHC Elec Med Record Sys","FIN_IMPL","2020/06/04 05:44:39.389","AHC Elec Med Record Sys","Y","2020/06/04 05:44:47.949","A73C69023C9A180CE0539E90DF0AD122","FIN_IMPL"
"AHC_EMR","MANUAL","Manual","FIN_IMPL","2020/06/04 05:44:46.074","Special event class group created for manual entry","Y","2020/06/04 05:44:49.1","A73C69023C9A180CE0539E90DF0AD122","FIN_IMPL"
"AHC_EMR","THIRD_PARTY_MERGE","Third Party Merge","FIN_IMPL","2020/06/04 05:44:46.103","Special event class group created for third party merge entry","Y","2020/06/04 05:44:49.149","A73C69023C9A180CE0539E90DF0AD122","FIN_IMPL"
