"ApplicationShortName","FormulaOriginCode","FormulaCode","Name","Description","EnabledFlag","DatatypeCode","FormulaLevelCode","CreationDate","CreatedBy","LastUpdateDate","LastUpdatedBy","LastUpdateLogin","FormulaString","EntityCode","EventClassCode","AssignedToJers","FrmUsed","HideRulesCode","OrderFormula"
"AHC_INSURANCE","C","DAC_EXPENSE","DAC Expense","DAC Expense","Y","N","L","2018/03/06 05:58:34.0","FIN_IMPL","2019/06/11 08:59:27.062","FIN_IMPL","8B095AC46978694BE053C390DF0AF5EA","(""Default Amount""(AHC_INSURANCE,S,S) / ""Policy Term in Months"")
","AHC_INSURANCE","AHC_INSURANCE","Y","C","",""
"AHC_EXT_ERP","C","PSFT_COST_CENTER","PSFT Cost Center","To derive cost center from Source GL COA string","Y","C","L","2021/05/25 16:10:04.512","FIN_IMPL","2021/05/25 16:10:20.168","FIN_IMPL","C2F9D3C0F7C281CFE0532D60FD0AE831","Substring(""Source GL COA String"",4,2)
","AHC_EXT_ERP","AHC_EXT_ERP","Y","C","",""
"AHC_EXT_ERP","C","PSFT_COMPANY","PSFT Company","To derive company from Source GL COA string","Y","C","L","2021/05/25 16:10:04.445","FIN_IMPL","2021/05/25 16:10:12.01","FIN_IMPL","C2F9D3C0F7C281CFE0532D60FD0AE831","Substring(""Source GL COA String"",1,2)
","AHC_EXT_ERP","AHC_EXT_ERP","Y","C","",""
"AHC_EXT_ERP","C","PSFT_ACCOUNT","PSFT Account","To derive Account from Source GL COA String","Y","C","L","2021/05/25 16:10:02.0","FIN_IMPL","2021/05/25 16:10:04.892","FIN_IMPL","C2F9D3C0F7C281CFE0532D60FD0AE831","Substring(""Source GL COA String"",7,7)
","AHC_EXT_ERP","AHC_EXT_ERP","Y","C","",""
"AHC_BILLING","C","REVENUE_EXCLUDING_TAX","Revenue Excluding Tax","Revenue Excluding Tax","Y","N","L","2018/03/09 05:16:37.0","FIN_IMPL","2018/03/09 05:28:09.604","FIN_IMPL","66F45454E6940BEBE053E9A7FD0A334D","(((""Base Price"" + ""Gratuity"") + ""Delivery Charges"") + ""Service Fee"")
","AHC_BILLING","AHC_BILLING","Y","C","",""
"AHC_BILLING","C","EARNED_REVENUE","Earned Revenue","Earned Revenue","Y","N","L","2017/12/28 08:06:45.386","FIN_IMPL","2018/03/09 05:28:09.555","FIN_IMPL","66F45454E6940BEBE053E9A7FD0A334D","(((((""Base Price"" + ""Gratuity"") + ""Delivery Charges"") + ""Service Fee"") * NumberOfGLPeriod(""Contract Start Date"",""Last Day of Current Accounting Period"")) / NumberOfGLPeriod(""Contract Start Date"",""Contract End Date""))
","AHC_BILLING","AHC_BILLING","Y","C","",""
"AHC_BILLING","C","CUSTOMER_RECEIVABLE","Customer Receivable","Customer Receivable","Y","N","L","2017/12/28 08:06:08.0","FIN_IMPL","2018/03/09 05:28:09.543","FIN_IMPL","66F45454E6940BEBE053E9A7FD0A334D","((((""Base Price"" + ""Gratuity"") + ""Delivery Charges"") + ""Service Fee"") + ""Taxes"")
","AHC_BILLING","AHC_BILLING","Y","C","",""
"AHC_LOAN","C","LOAN_LINE_TYPE","Loan Line Type","","Y","C","L","2017/10/31 19:35:26.812","FIN_IMPL","2019/09/11 12:46:31.104","FIN_IMPL","9245203917CA8A69E053C390DF0A1380","Concatenate('Line Type: ',""Line Type""(AHC_LOAN,S,S))
","AHC_LOAN","AHC_LOAN","Y","C","",""
"AHC_LOAN","C","YEAR_IN_DESCRIPTION","Year in description","","Y","C","H","2017/10/31 19:32:25.243","FIN_IMPL","2019/09/11 12:46:31.107","FIN_IMPL","9245203917CA8A69E053C390DF0A1380","IF (""Term"" = 1)
THEN 'Year'
ELSE 'Years'
","AHC_LOAN","AHC_LOAN","H","C","",""
"AHC_INSURANCE","C","EARNED_PREMIUM","Earned Premium","Earned Premium","Y","N","L","2018/03/06 05:59:57.611","FIN_IMPL","2019/06/11 08:59:27.076","FIN_IMPL","8B095AC46978694BE053C390DF0AF5EA","((""Default Amount""(AHC_INSURANCE,S,S) * NumberOfGLPeriod(""Policy Effective Date"",""Last Day of Current Accounting Period"")) / NumberOfGLPeriod(""Policy Effective Date"",""Policy Expiration Date""))
","AHC_INSURANCE","AHC_INSURANCE","Y","C","",""
"AHC_LOAN","C","LOAN_FEE_PRORATE_BY_DAYS","Loan Fee Prorate by Days","","Y","N","L","2017/10/31 19:21:37.0","FIN_IMPL","2019/09/11 12:46:31.102","FIN_IMPL","9245203917CA8A69E053C390DF0A1380","((""Default Amount""(AHC_LOAN,S,S) / ((""Payoff Date"" - ""Origination Date"") + 1)) * ((""Last Day of Current Accounting Period"" - ""Origination Date"") + 1))
","AHC_LOAN","AHC_LOAN","Y","C","",""
"AHC_INSURANCE","C","REINSURANCE_AMOUNT","Reinsurance Amount","Reinsurance Amount","Y","N","L","2018/03/06 06:01:42.236","FIN_IMPL","2019/06/11 08:59:27.124","FIN_IMPL","8B095AC46978694BE053C390DF0AF5EA","(""Default Amount""(AHC_INSURANCE,S,S) * ""Reinsurance Share PCT"")
","AHC_INSURANCE","AHC_INSURANCE","Y","C","",""
"AHC_LOAN","C","DAYS_SINCE_ORIGINATION","Days Since Origination","Number of days since loan origination date","Y","N","H","2019/09/11 12:29:05.0","FIN_IMPL","2019/09/11 12:46:31.037","FIN_IMPL","9245203917CA8A69E053C390DF0A1380","((""Last Day of Current Accounting Period"" - ""Origination Date"") + 1)
","AHC_LOAN","AHC_LOAN","Y","C","",""
"AHC_LOAN","C","LOAN_DURATION","Loan duration","Number of days for loan duration","Y","N","H","2019/09/11 12:30:42.038","FIN_IMPL","2019/09/11 12:46:31.105","FIN_IMPL","9245203917CA8A69E053C390DF0A1380","((""Payoff Date"" - ""Origination Date"") + 1)
","AHC_LOAN","AHC_LOAN","Y","C","",""
"AHC_LOAN","C","FEE_PRORATED_BY_DAYS","Fee Prorated by Days","Fee prorated by days using Nested formula","Y","N","L","2019/09/11 12:35:01.855","FIN_IMPL","2019/09/11 12:46:31.042","FIN_IMPL","9245203917CA8A69E053C390DF0A1380","((""Multiperiod Original Entered Amount"" / ""Loan duration"") * ""Days Since Origination"")
","AHC_LOAN","AHC_LOAN","Y","C","","Y"
