"XLA_SUBLEDGER.ApplicationShortName","ORA_XLA_PROCESS_CATEGORY.EventClassGroupCode","ORA_XLA_PROCESS_CATEGORY.Name","ORA_EVENT_CLASS_ATTRS.EntityCode","ORA_EVENT_CLASS_ATTRS.EventClassCode","EntityCode","CreatedBy","CreationDate","LastUpdateDate","LastUpdateLogin","LastUpdatedBy","SourceIdColName1","SourceIdColName2","SourceIdColName3","SourceIdColName4","TransactionIdColName1","TransactionIdColName2","TransactionIdColName3","TransactionIdColName4"
"AHC_LI_INS","AHC_LI_INS","AHC Life Insurance","AHC_LI_INS","AHC_LI_INS","AHC_LI_INS","FIN_IMPL","2019/02/25 08:59:25.274","2019/02/25 08:59:31.244","82B253FC04DE7798E053C390DF0A5792","FIN_IMPL","SOURCE_ID_CHAR_1","","","","TRANSACTION_NUMBER","","",""
"FAH_BILLING","BILLING","Billing Feeds","BILLING_SYSTEM","BILLING_SYSTEM","BILLING_SYSTEM","FIN_IMPL","2013/11/19 20:26:58.551","2013/11/19 20:28:11.303","EB8D3B917000406DE0436204548C2BAF","FIN_IMPL","SOURCE_ID_INT_1","","","","TRANSACTION_NUMBER","","",""
"FAH_BILLING","BILLING_2","Operational Feeds","BILLING_SYSTEM_2","BILLING_SYSTEM_2","BILLING_SYSTEM_2","FIN_IMPL","2014/03/18 20:13:11.396","2014/03/18 20:13:23.644","F4E40002E04D3936E0436204548C518B","FIN_IMPL","SOURCE_ID_INT_1","","","","TRANSACTION_NUMBER","","",""
"FAH_BILLING","EXPENSE_TRANSACTIONS","Travel Expense Feeds","EXPENSE_TRANSACTIONS","EXPENSE_TRANSACTIONS","EXPENSE_TRANSACTIONS","FIN_IMPL","2014/03/20 17:07:32.665","2014/03/20 17:07:46.068","F50B922565230EACE0436204548C51F2","FIN_IMPL","SOURCE_ID_INT_1","","","","TRANSACTION_NUMBER","","",""
"FAH_BILLING","OU_BILLING","OU Billing Feeds","OU_BILLING","OU_BILLING","OU_BILLING","FIN_IMPL","2014/08/01 19:03:37.637","2014/08/01 19:03:52.216","FF960EFE6D9F77EDE0436204548C896A","FIN_IMPL","SOURCE_ID_INT_1","","","","TRANSACTION_NUMBER","","",""
"FAH_INSURANCE","COMMERCIAL_INS","Commercial Insurance","COMM_P_AND_C","COMM_P_AND_C","COMM_P_AND_C","FIN_IMPL","2014/01/22 23:24:20.338","2014/01/22 23:24:39.148","F0985B60B92621CBE0436204548CAFCD","FIN_IMPL","SOURCE_ID_INT_1","","","","TRANSACTION_NUMBER","","",""
"FAH_INSURANCE","COMMERCIAL_INS","Commercial Insurance","FLEET_INS","FLEET_INS","FLEET_INS","FIN_IMPL","2014/01/22 23:23:06.698","2014/01/22 23:23:22.313","F097910E7D5B0CA0E0436204548CFC56","FIN_IMPL","SOURCE_ID_INT_1","","","","TRANSACTION_NUMBER","","",""
"FAH_INSURANCE","HEALTH_INS","Health Insurance","DENTAL","DENTAL","DENTAL","FIN_IMPL","2014/01/22 23:39:13.96","2014/01/22 23:39:26.195","F097910E7D5E0CA0E0436204548CFC56","FIN_IMPL","SOURCE_ID_INT_1","","","","TRANSACTION_NUMBER","","",""
"FAH_INSURANCE","HEALTH_INS","Health Insurance","GROUP_HEALTH_INS","GROUP_HEALTH_INS","GROUP_HEALTH_INS","FIN_IMPL","2014/01/22 23:27:54.075","2014/01/22 23:28:05.664","F097910E7D5C0CA0E0436204548CFC56","FIN_IMPL","SOURCE_ID_INT_1","","","","TRANSACTION_NUMBER","","",""
"FAH_INSURANCE","HEALTH_INS","Health Insurance","INDIVIDUAL_HEALTH_INS","INDIVIDUAL_HEALTH_INS","INDIVIDUAL_HEALTH_INS","FIN_IMPL","2014/01/22 23:31:36.521","2014/01/22 23:31:54.476","F0979A5838210B2AE0436204548C06BF","FIN_IMPL","SOURCE_ID_INT_1","","","","TRANSACTION_NUMBER","","",""
"FAH_INSURANCE","HEALTH_INS","Health Insurance","LONG_TERM_CARE","LONG_TERM_CARE","LONG_TERM_CARE","FIN_IMPL","2014/01/22 23:37:00.947","2014/01/22 23:37:10.852","F097910E7D5D0CA0E0436204548CFC56","FIN_IMPL","SOURCE_ID_INT_1","","","","TRANSACTION_NUMBER","","",""
"FAH_INSURANCE","HEALTH_INS","Health Insurance","PHARMACY","PHARMACY","PHARMACY","FIN_IMPL","2014/01/22 23:35:10.753","2014/01/22 23:35:20.719","F0979A5838220B2AE0436204548C06BF","FIN_IMPL","SOURCE_ID_INT_1","","","","TRANSACTION_NUMBER","","",""
"FAH_INSURANCE","HEALTH_INS","Health Insurance","VISION_INS","VISION_INS","VISION_INS","FIN_IMPL","2014/01/22 23:33:35.306","2014/01/22 23:33:50.817","F0985B60B92721CBE0436204548CAFCD","FIN_IMPL","SOURCE_ID_INT_1","","","","TRANSACTION_NUMBER","","",""
"FAH_INSURANCE","LIFE_INS","Life Insurance","DISABILITY","DISABILITY","DISABILITY","FIN_IMPL","2014/01/22 23:40:33.462","2014/01/22 23:40:45.857","F098A4399B3122FDE0436204548C4C4F","FIN_IMPL","SOURCE_ID_INT_1","","","","TRANSACTION_NUMBER","","",""
"FAH_INSURANCE","LIFE_INS","Life Insurance","TERM_LIFE","TERM_LIFE","TERM_LIFE","FIN_IMPL","2014/01/22 23:42:06.204","2014/01/22 23:42:14.968","F0964FF4816D1FEBE0436204548CB956","FIN_IMPL","SOURCE_ID_INT_1","","","","TRANSACTION_NUMBER","","",""
"FAH_INSURANCE","LIFE_INS","Life Insurance","WHOLE_LIFE","WHOLE_LIFE","WHOLE_LIFE","FIN_IMPL","2014/01/22 23:43:49.818","2014/01/22 23:44:01.371","F097910E7D5F0CA0E0436204548CFC56","FIN_IMPL","SOURCE_ID_INT_1","","","","TRANSACTION_NUMBER","","",""
"FAH_INSURANCE","PROPERTY_CASUALTY_INS","Property and Casualty Insurance","ATV","ATV","ATV","FIN_IMPL","2014/01/22 23:50:07.529","2014/01/22 23:50:19.588","F0964FF4816E1FEBE0436204548CB956","FIN_IMPL","SOURCE_ID_INT_1","","","","TRANSACTION_NUMBER","","",""
"FAH_INSURANCE","PROPERTY_CASUALTY_INS","Property and Casualty Insurance","BOAT","BOAT","BOAT","FIN_IMPL","2014/01/22 23:55:57.051","2014/01/22 23:56:08.313","F0964FF481701FEBE0436204548CB956","FIN_IMPL","SOURCE_ID_INT_1","","","","TRANSACTION_NUMBER","","",""
"FAH_INSURANCE","PROPERTY_CASUALTY_INS","Property and Casualty Insurance","HOMEOWNERS","HOMEOWNERS","HOMEOWNERS","FIN_IMPL","2014/01/22 23:47:26.247","2014/01/22 23:47:36.146","F09878ABBE2D76A1E0436204548C2BB4","FIN_IMPL","SOURCE_ID_INT_1","","","","TRANSACTION_NUMBER","","",""
"FAH_INSURANCE","PROPERTY_CASUALTY_INS","Property and Casualty Insurance","MOTORCYCLE","MOTORCYCLE","MOTORCYCLE","FIN_IMPL","2014/01/22 23:54:42.174","2014/01/22 23:54:50.6","F097910E7D600CA0E0436204548CFC56","FIN_IMPL","SOURCE_ID_INT_1","","","","TRANSACTION_NUMBER","","",""
"FAH_INSURANCE","PROPERTY_CASUALTY_INS","Property and Casualty Insurance","MOTORHOME","MOTORHOME","MOTORHOME","FIN_IMPL","2014/01/22 23:57:25.437","2014/01/22 23:57:34.314","F098A4399B3222FDE0436204548C4C4F","FIN_IMPL","SOURCE_ID_INT_1","","","","TRANSACTION_NUMBER","","",""
"FAH_INSURANCE","PROPERTY_CASUALTY_INS","Property and Casualty Insurance","PERSONAL_AUTO_INSURANCE","PERSONAL_AUTO_INSURANCE","PERSONAL_AUTO_INSURANCE","FIN_IMPL","2014/01/22 23:59:57.782","2014/01/23 00:00:08.108","F0964FF481711FEBE0436204548CB956","FIN_IMPL","SOURCE_ID_INT_1","","","","TRANSACTION_NUMBER","","",""
"FAH_INSURANCE","PROPERTY_CASUALTY_INS","Property and Casualty Insurance","RENTERS","RENTERS","RENTERS","FIN_IMPL","2014/01/22 23:45:34.967","2014/01/22 23:45:44.215","F0979A5838240B2AE0436204548C06BF","FIN_IMPL","SOURCE_ID_INT_1","","","","TRANSACTION_NUMBER","","",""
"FAH_INSURANCE","PROPERTY_CASUALTY_INS","Property and Casualty Insurance","SNOWMOBILE","SNOWMOBILE","SNOWMOBILE","FIN_IMPL","2014/01/22 23:58:41.063","2014/01/22 23:58:54.55","F097910E7D610CA0E0436204548CFC56","FIN_IMPL","SOURCE_ID_INT_1","","","","TRANSACTION_NUMBER","","",""
"FAH_INSURANCE","PROPERTY_CASUALTY_INS","Property and Casualty Insurance","UMBRELLA","UMBRELLA","UMBRELLA","FIN_IMPL","2014/01/22 23:53:19.484","2014/01/22 23:53:29.443","F0964FF4816F1FEBE0436204548CB956","FIN_IMPL","SOURCE_ID_INT_1","","","","TRANSACTION_NUMBER","","",""
"FAH_INSURANCE","RETIREMENT_SAVINGS","Retirement and Savings","COLLEGE_SAVINGS","COLLEGE_SAVINGS","COLLEGE_SAVINGS","FIN_IMPL","2014/01/23 00:07:50.395","2014/01/23 00:07:59.118","F0964FF481721FEBE0436204548CB956","FIN_IMPL","SOURCE_ID_INT_1","","","","TRANSACTION_NUMBER","","",""
"FAH_INSURANCE","RETIREMENT_SAVINGS","Retirement and Savings","FIXED_ANNUITY","FIXED_ANNUITY","FIXED_ANNUITY","FIN_IMPL","2014/01/23 00:06:15.18","2014/01/23 00:06:24.75","F097910E7D630CA0E0436204548CFC56","FIN_IMPL","SOURCE_ID_INT_1","","","","TRANSACTION_NUMBER","","",""
"FAH_INSURANCE","RETIREMENT_SAVINGS","Retirement and Savings","IRA","IRA","IRA","FIN_IMPL","2014/01/23 00:04:49.636","2014/01/23 00:04:59.61","F098A4399B3322FDE0436204548C4C4F","FIN_IMPL","SOURCE_ID_INT_1","","","","TRANSACTION_NUMBER","","",""
"FAH_INSURANCE","RETIREMENT_SAVINGS","Retirement and Savings","VARIABLE_ANNUITY","VARIABLE_ANNUITY","VARIABLE_ANNUITY","FIN_IMPL","2014/01/23 00:03:26.763","2014/01/23 00:03:36.762","F097910E7D620CA0E0436204548CFC56","FIN_IMPL","SOURCE_ID_INT_1","","","","TRANSACTION_NUMBER","","",""
"AHC_LOAN","AHC_LOAN","AHC Loan","AHC_LOAN","AHC_LOAN","AHC_LOAN","FIN_IMPL","2017/10/31 18:11:22.86","2017/10/31 18:11:26.382","5CDCAADD39354F8CE0538DADFD0A1CB9","FIN_IMPL","SOURCE_ID_CHAR_1","","","","TRANSACTION_NUMBER","","",""
"AHC_BILLING","AHC_BILLING","AHC Billing","AHC_BILLING","AHC_BILLING","AHC_BILLING","FIN_IMPL","2017/12/28 06:54:09.588","2017/12/28 06:54:14.006","615CA35573826868E0536AA0FD0A112A","FIN_IMPL","SOURCE_ID_CHAR_1","","","","TRANSACTION_NUMBER","","",""
"AHC_ENDOWMENT","AHC_ENDOWMENT","AHC Endowment Donations","AHC_ENDOWMENT","AHC_ENDOWMENT","AHC_ENDOWMENT","FIN_IMPL","2018/10/11 10:07:08.668","2018/10/11 10:07:41.977","77F20EFFD1CB67FFE0537990DF0ADB76","FIN_IMPL","SOURCE_ID_CHAR_1","","","","TRANSACTION_NUMBER","","",""
"AHC_INSURANCE","AHC_INSURANCE","AHC Insurance","AHC_INSURANCE","AHC_INSURANCE","AHC_INSURANCE","FIN_IMPL","2018/03/06 05:30:18.766","2018/03/06 05:30:22.791","66B8A4FCD0219AA4E053E9A7FD0A5DFE","FIN_IMPL","SOURCE_ID_CHAR_1","","","","TRANSACTION_NUMBER","","",""
"AHC_EXT_ERP","AHC_EXT_ERP","AHC External ERP","AHC_EXT_ERP","AHC_EXT_ERP","AHC_EXT_ERP","FIN_IMPL","2021/05/25 15:52:19.464","2021/05/25 15:52:22.907","C2E79BEB15F58012E0532D60FD0A028C","FIN_IMPL","SOURCE_ID_CHAR_1","","","","TRANSACTION_NUMBER","","",""
"AHC_EMR","AHC_EMR","AHC Elec Med Record Sys","AHC_EMR","AHC_EMR","AHC_EMR","FIN_IMPL","2020/06/04 05:44:40.916","2020/06/04 05:44:46.71","A73C69023C9A180CE0539E90DF0AD122","FIN_IMPL","SOURCE_ID_CHAR_1","","","","TRANSACTION_NUMBER","","",""
