"ORA_XLA_SUBLEDGERS_EVENTMAPPING.ApplicationShortName","XLA_PROCESS_CATEGORY.EventClassGroupCode","XLA_PROCESS_CATEGORY.Name","EntityCode","EventClassCode","AllowActualsFlag","AllowBudgetsFlag","AllowEncumbranceFlag","CalculateAcctdAmtsFlag","CalculateGLAmtsFlag","CreatedBy","CreationDate","Description","EnabledFlag","EventClassGroupCode","LastUpdateDate","LastUpdateLogin","LastUpdatedBy","Name","ReportingViewName","JeCategoryKey","SplitSrcDataGroupingEnabledFlag"
"AHC_LI_INS","AHC_LI_INS","AHC Life Insurance","AHC_LI_INS","AHC_LI_INS","Y","N","N","Y","Y","FIN_IMPL","2019/02/25 08:59:24.391","AHC Life Insurance","Y","AHC_LI_INS","2019/02/25 08:59:30.864","82B253FC04DE7798E053C390DF0A5792","FIN_IMPL","AHC Life Insurance","ADXX_XLA_H_AHC_LI_INS","AHC Life Insurance",""
"AHC_LI_INS","MANUAL","Manual","MANUAL","MANUAL","Y","N","Y","N","N","FIN_IMPL","2019/02/25 08:59:33.207","Special event class created for manual entry","Y","MANUAL","2019/02/25 08:59:33.318","82B253FC04DE7798E053C390DF0A5792","FIN_IMPL","Adjustment Entry","","Other",""
"AHC_LI_INS","THIRD_PARTY_MERGE","Third Party Merge","THIRD_PARTY_MERGE","THIRD_PARTY_MERGE","Y","N","N","N","N","FIN_IMPL","2019/02/25 08:59:33.271","Special event class created for third party merge entry","Y","THIRD_PARTY_MERGE","2019/02/25 08:59:33.388","82B253FC04DE7798E053C390DF0A5792","FIN_IMPL","Third Party Merge","","Other",""
"FAH_BILLING","BILLING","Billing Feeds","BILLING_SYSTEM","BILLING_SYSTEM","Y","N","N","Y","Y","FIN_IMPL","2013/11/19 20:25:53.976","Billing System","Y","BILLING","2014/03/20 17:01:24.186","F50B922565230EACE0436204548C51F2","FIN_IMPL","Billing System","FAH_TRANSACTIONS","External Revenue",""
"FAH_BILLING","BILLING_2","Operational Feeds","BILLING_SYSTEM_2","BILLING_SYSTEM_2","Y","N","N","Y","Y","FIN_IMPL","2014/03/18 20:11:43.907","Operations System","Y","BILLING_2","2014/03/20 17:05:17.183","F50B922565230EACE0436204548C51F2","FIN_IMPL","Operations System","FAH_TRANSACTIONS","External Revenue",""
"FAH_BILLING","EXPENSE_TRANSACTIONS","Travel Expense Feeds","EXPENSE_TRANSACTIONS","EXPENSE_TRANSACTIONS","Y","N","N","Y","Y","FIN_IMPL","2014/03/20 17:06:20.776","Travel Expense System","Y","EXPENSE_TRANSACTIONS","2014/03/20 17:10:52.761","F50B922565230EACE0436204548C51F2","FIN_IMPL","Travel Expense System","FAH_TRANSACTIONS","External Revenue",""
"FAH_BILLING","MANUAL","Manual","MANUAL","MANUAL","N","N","N","N","N","FIN_IMPL","2013/11/19 20:21:57.453","Special event class created for manual entry","Y","MANUAL","2013/11/19 20:21:57.885","EB8B665D2AB0086AE0436204548C5C62","FIN_IMPL","Adjustment Entry","","Other",""
"FAH_BILLING","OU_BILLING","OU Billing Feeds","OU_BILLING","OU_BILLING","Y","N","N","Y","Y","FIN_IMPL","2014/08/01 19:02:52.815","","Y","OU_BILLING","2015/03/31 01:40:04.31","128C930E4FD358A2E0536204548C5184","FIN_IMPL","OU Billing System","FAH_TRANSACTIONS","External Revenue",""
"FAH_BILLING","THIRD_PARTY_MERGE","Third Party Merge","THIRD_PARTY_MERGE","THIRD_PARTY_MERGE","N","N","N","N","N","FIN_IMPL","2013/11/19 20:21:57.857","Special event class created for third party merge entry","Y","THIRD_PARTY_MERGE","2013/11/19 20:21:58.051","EB8B665D2AB0086AE0436204548C5C62","FIN_IMPL","Third Party Merge","","Other",""
"FAH_INSURANCE","COMMERCIAL_INS","Commercial Insurance","COMM_P_AND_C","COMM_P_AND_C","Y","N","N","Y","Y","FIN_IMPL","2014/01/22 23:23:41.719","Commercial P&C","Y","COMMERCIAL_INS","2014/02/05 18:38:33.13","F1AC295D2BE049D6E0436204548CABAA","FIN_IMPL","Commercial P&C","FAH_INSURANCE","Insurance",""
"FAH_INSURANCE","COMMERCIAL_INS","Commercial Insurance","FLEET_INS","FLEET_INS","Y","N","N","Y","Y","FIN_IMPL","2014/01/22 23:22:09.509","Fleet Insurance","Y","COMMERCIAL_INS","2014/02/03 21:44:16.101","F187489368655A1CE0436204548C7D0C","FIN_IMPL","Fleet Insurance","FAH_INSURANCE","Insurance",""
"FAH_INSURANCE","HEALTH_INS","Health Insurance","DENTAL","DENTAL","Y","N","N","Y","Y","FIN_IMPL","2014/01/22 23:38:09.0","Dental Insurance","Y","HEALTH_INS","2014/02/03 21:43:17.875","F187489368655A1CE0436204548C7D0C","FIN_IMPL","Dental","FAH_INSURANCE","Insurance",""
"FAH_INSURANCE","HEALTH_INS","Health Insurance","GROUP_HEALTH_INS","GROUP_HEALTH_INS","Y","N","N","Y","Y","FIN_IMPL","2014/01/22 23:27:20.0","Group Health","Y","HEALTH_INS","2014/02/03 21:44:33.492","F187489368655A1CE0436204548C7D0C","FIN_IMPL","Group Health","FAH_INSURANCE","Insurance",""
"FAH_INSURANCE","HEALTH_INS","Health Insurance","INDIVIDUAL_HEALTH_INS","INDIVIDUAL_HEALTH_INS","Y","N","N","Y","Y","FIN_IMPL","2014/01/22 23:30:36.0","Individual Health","Y","HEALTH_INS","2014/02/03 21:45:31.107","F187489368655A1CE0436204548C7D0C","FIN_IMPL","Individual Health","FAH_INSURANCE","Insurance",""
"FAH_INSURANCE","HEALTH_INS","Health Insurance","LONG_TERM_CARE","LONG_TERM_CARE","Y","N","N","Y","Y","FIN_IMPL","2014/01/22 23:36:20.0","Long Term Care","Y","HEALTH_INS","2014/02/03 21:45:51.585","F187489368655A1CE0436204548C7D0C","FIN_IMPL","Long Term Care","FAH_INSURANCE","Insurance",""
"FAH_INSURANCE","HEALTH_INS","Health Insurance","PHARMACY","PHARMACY","Y","N","N","Y","Y","FIN_IMPL","2014/01/22 23:34:30.0","Pharmacy","Y","HEALTH_INS","2014/02/03 21:47:11.21","F187489368655A1CE0436204548C7D0C","FIN_IMPL","Pharmacy","FAH_INSURANCE","Insurance",""
"FAH_INSURANCE","HEALTH_INS","Health Insurance","VISION_INS","VISION_INS","Y","N","N","Y","Y","FIN_IMPL","2014/01/22 23:32:56.0","Vision","Y","HEALTH_INS","2014/01/22 23:33:50.793","F0985B60B92721CBE0436204548CAFCD","FIN_IMPL","Vision","FAH_INSURANCE","Insurance",""
"FAH_INSURANCE","LIFE_INS","Life Insurance","DISABILITY","DISABILITY","Y","N","N","Y","Y","FIN_IMPL","2014/01/22 23:39:56.289","Disability Insurance","Y","LIFE_INS","2014/02/03 21:43:37.419","F187489368655A1CE0436204548C7D0C","FIN_IMPL","Disability","FAH_INSURANCE","Insurance",""
"FAH_INSURANCE","LIFE_INS","Life Insurance","TERM_LIFE","TERM_LIFE","Y","N","N","Y","Y","FIN_IMPL","2014/01/22 23:41:28.0","Term Life Insurance","Y","LIFE_INS","2014/02/03 21:48:08.088","F187489368655A1CE0436204548C7D0C","FIN_IMPL","Term Life","FAH_INSURANCE","Insurance",""
"FAH_INSURANCE","LIFE_INS","Life Insurance","WHOLE_LIFE","WHOLE_LIFE","Y","N","N","Y","Y","FIN_IMPL","2014/01/22 23:43:13.0","Whole Life","Y","LIFE_INS","2014/01/22 23:44:01.347","F097910E7D5F0CA0E0436204548CFC56","FIN_IMPL","Whole Life","FAH_INSURANCE","Insurance",""
"FAH_INSURANCE","MANUAL","Manual","MANUAL","MANUAL","N","N","N","N","N","FIN_IMPL","2014/01/22 23:18:07.251","Special event class created for manual entry","Y","MANUAL","2014/01/22 23:18:07.82","F0964FF4816B1FEBE0436204548CB956","FIN_IMPL","Adjustment Entry","","Other",""
"FAH_INSURANCE","PROPERTY_CASUALTY_INS","Property and Casualty Insurance","ATV","ATV","Y","N","N","Y","Y","FIN_IMPL","2014/01/22 23:49:28.0","ATV Insurance","Y","PROPERTY_CASUALTY_INS","2014/02/03 21:41:52.929","F187489368655A1CE0436204548C7D0C","FIN_IMPL","ATV","FAH_INSURANCE","Insurance",""
"FAH_INSURANCE","PROPERTY_CASUALTY_INS","Property and Casualty Insurance","BOAT","BOAT","Y","N","N","Y","Y","FIN_IMPL","2014/01/22 23:55:21.0","Boat","Y","PROPERTY_CASUALTY_INS","2014/02/03 21:42:18.601","F187489368655A1CE0436204548C7D0C","FIN_IMPL","Boat","FAH_INSURANCE","Insurance",""
"FAH_INSURANCE","PROPERTY_CASUALTY_INS","Property and Casualty Insurance","HOMEOWNERS","HOMEOWNERS","Y","N","N","Y","Y","FIN_IMPL","2014/01/22 23:46:36.0","Homeowners Insurance","Y","PROPERTY_CASUALTY_INS","2014/02/03 21:44:54.759","F187489368655A1CE0436204548C7D0C","FIN_IMPL","Homeowners","FAH_INSURANCE","Insurance",""
"FAH_INSURANCE","PROPERTY_CASUALTY_INS","Property and Casualty Insurance","MOTORCYCLE","MOTORCYCLE","Y","N","N","Y","Y","FIN_IMPL","2014/01/22 23:54:08.0","Motorcycle","Y","PROPERTY_CASUALTY_INS","2014/02/03 21:46:41.213","F187489368655A1CE0436204548C7D0C","FIN_IMPL","Motorcycle","FAH_INSURANCE","Insurance",""
"FAH_INSURANCE","PROPERTY_CASUALTY_INS","Property and Casualty Insurance","MOTORHOME","MOTORHOME","Y","N","N","Y","Y","FIN_IMPL","2014/01/22 23:56:55.0","Motorhome Insurance","Y","PROPERTY_CASUALTY_INS","2014/02/03 21:46:41.221","F187489368655A1CE0436204548C7D0C","FIN_IMPL","Motorhome","FAH_INSURANCE","Insurance",""
"FAH_INSURANCE","PROPERTY_CASUALTY_INS","Property and Casualty Insurance","PERSONAL_AUTO_INSURANCE","PERSONAL_AUTO_INSURANCE","Y","N","N","Y","Y","FIN_IMPL","2014/01/22 23:59:28.0","Personal Auto Insurance","Y","PROPERTY_CASUALTY_INS","2014/02/03 21:46:57.252","F187489368655A1CE0436204548C7D0C","FIN_IMPL","Personal Auto Insurance","FAH_INSURANCE","Insurance",""
"FAH_INSURANCE","PROPERTY_CASUALTY_INS","Property and Casualty Insurance","RENTERS","RENTERS","Y","N","N","Y","Y","FIN_IMPL","2014/01/22 23:44:39.0","Renters Insurance","Y","PROPERTY_CASUALTY_INS","2014/02/03 21:47:25.703","F187489368655A1CE0436204548C7D0C","FIN_IMPL","Renters","FAH_INSURANCE","Insurance",""
"FAH_INSURANCE","PROPERTY_CASUALTY_INS","Property and Casualty Insurance","SNOWMOBILE","SNOWMOBILE","Y","N","N","Y","Y","FIN_IMPL","2014/01/22 23:58:07.0","SnowMobile Insurance","Y","PROPERTY_CASUALTY_INS","2014/02/03 21:47:40.881","F187489368655A1CE0436204548C7D0C","FIN_IMPL","SnowMobile","FAH_INSURANCE","Insurance",""
"FAH_INSURANCE","PROPERTY_CASUALTY_INS","Property and Casualty Insurance","UMBRELLA","UMBRELLA","Y","N","N","Y","Y","FIN_IMPL","2014/01/22 23:52:44.0","Umbrella Insurance","Y","PROPERTY_CASUALTY_INS","2014/01/22 23:53:29.416","F0964FF4816F1FEBE0436204548CB956","FIN_IMPL","Umbrella","FAH_INSURANCE","Insurance",""
"FAH_INSURANCE","RETIREMENT_SAVINGS","Retirement and Savings","COLLEGE_SAVINGS","COLLEGE_SAVINGS","Y","N","N","Y","Y","FIN_IMPL","2014/01/23 00:07:02.94","College Savings","Y","RETIREMENT_SAVINGS","2014/02/03 21:42:37.527","F187489368655A1CE0436204548C7D0C","FIN_IMPL","College Savings","FAH_INSURANCE","Insurance",""
"FAH_INSURANCE","RETIREMENT_SAVINGS","Retirement and Savings","FIXED_ANNUITY","FIXED_ANNUITY","Y","N","N","Y","Y","FIN_IMPL","2014/01/23 00:05:33.0","Fixed Annuity","Y","RETIREMENT_SAVINGS","2014/02/03 21:43:57.311","F187489368655A1CE0436204548C7D0C","FIN_IMPL","Fixed Annuity","FAH_INSURANCE","Insurance",""
"FAH_INSURANCE","RETIREMENT_SAVINGS","Retirement and Savings","IRA","IRA","Y","N","N","Y","Y","FIN_IMPL","2014/01/23 00:04:23.0","IRA'S","Y","RETIREMENT_SAVINGS","2014/02/03 21:45:12.646","F187489368655A1CE0436204548C7D0C","FIN_IMPL","IRA'S","FAH_INSURANCE","Insurance",""
"FAH_INSURANCE","RETIREMENT_SAVINGS","Retirement and Savings","VARIABLE_ANNUITY","VARIABLE_ANNUITY","Y","N","N","Y","Y","FIN_IMPL","2014/01/23 00:02:44.0","Variable Annuity","Y","RETIREMENT_SAVINGS","2014/01/23 00:03:36.735","F097910E7D620CA0E0436204548CFC56","FIN_IMPL","Variable Annuity","FAH_INSURANCE","Insurance",""
"FAH_INSURANCE","THIRD_PARTY_MERGE","Third Party Merge","THIRD_PARTY_MERGE","THIRD_PARTY_MERGE","N","N","N","N","N","FIN_IMPL","2014/01/22 23:18:07.787","Special event class created for third party merge entry","Y","THIRD_PARTY_MERGE","2014/01/22 23:18:08.08","F0964FF4816B1FEBE0436204548CB956","FIN_IMPL","Third Party Merge","","Other",""
"AHC_LOAN","AHC_LOAN","AHC Loan","AHC_LOAN","AHC_LOAN","Y","N","N","Y","Y","FIN_IMPL","2017/10/31 18:11:21.951","AHC Loan","Y","AHC_LOAN","2017/10/31 18:11:26.156","5CDCAADD39354F8CE0538DADFD0A1CB9","FIN_IMPL","AHC Loan","ADXX_XLA_H_AHC_LOAN","AHC Loan",""
"AHC_LOAN","MANUAL","Manual","MANUAL","MANUAL","Y","N","Y","N","N","FIN_IMPL","2017/10/31 18:11:28.006","Special event class created for manual entry","Y","MANUAL","2017/10/31 18:11:28.122","5CDCAADD39354F8CE0538DADFD0A1CB9","FIN_IMPL","Adjustment Entry","","Other",""
"AHC_LOAN","THIRD_PARTY_MERGE","Third Party Merge","THIRD_PARTY_MERGE","THIRD_PARTY_MERGE","Y","N","N","N","N","FIN_IMPL","2017/10/31 18:11:28.053","Special event class created for third party merge entry","Y","THIRD_PARTY_MERGE","2017/10/31 18:11:28.226","5CDCAADD39354F8CE0538DADFD0A1CB9","FIN_IMPL","Third Party Merge","","Other",""
"AHC_BILLING","AHC_BILLING","AHC Billing","AHC_BILLING","AHC_BILLING","Y","N","N","Y","Y","FIN_IMPL","2017/12/28 06:54:08.139","AHC Billing","Y","AHC_BILLING","2017/12/28 06:54:13.816","615CA35573826868E0536AA0FD0A112A","FIN_IMPL","AHC Billing","ADXX_XLA_H_AHC_BILLING","AHC Billing",""
"AHC_BILLING","MANUAL","Manual","MANUAL","MANUAL","Y","N","Y","N","N","FIN_IMPL","2017/12/28 06:54:16.902","Special event class created for manual entry","Y","MANUAL","2017/12/28 06:54:17.062","615CA35573826868E0536AA0FD0A112A","FIN_IMPL","Adjustment Entry","","Other",""
"AHC_BILLING","THIRD_PARTY_MERGE","Third Party Merge","THIRD_PARTY_MERGE","THIRD_PARTY_MERGE","Y","N","N","N","N","FIN_IMPL","2017/12/28 06:54:17.01","Special event class created for third party merge entry","Y","THIRD_PARTY_MERGE","2017/12/28 06:54:17.166","615CA35573826868E0536AA0FD0A112A","FIN_IMPL","Third Party Merge","","Other",""
"AHC_ENDOWMENT","AHC_ENDOWMENT","AHC Endowment Donations","AHC_ENDOWMENT","AHC_ENDOWMENT","Y","N","N","Y","Y","FIN_IMPL","2018/10/11 10:07:06.106","AHC Endowment Donations","Y","AHC_ENDOWMENT","2018/10/11 10:07:41.117","77F20EFFD1CB67FFE0537990DF0ADB76","FIN_IMPL","AHC Endowment Donations","ADXX_XLA_H_AHC_ENDOWMENT","AHC Endowment Donations",""
"AHC_ENDOWMENT","MANUAL","Manual","MANUAL","MANUAL","Y","N","Y","N","N","FIN_IMPL","2018/10/11 10:07:49.243","Special event class created for manual entry","Y","MANUAL","2018/10/11 10:07:49.587","77F20EFFD1CB67FFE0537990DF0ADB76","FIN_IMPL","Adjustment Entry","","Other",""
"AHC_ENDOWMENT","THIRD_PARTY_MERGE","Third Party Merge","THIRD_PARTY_MERGE","THIRD_PARTY_MERGE","Y","N","N","N","N","FIN_IMPL","2018/10/11 10:07:49.464","Special event class created for third party merge entry","Y","THIRD_PARTY_MERGE","2018/10/11 10:07:49.847","77F20EFFD1CB67FFE0537990DF0ADB76","FIN_IMPL","Third Party Merge","","Other",""
"AHC_INSURANCE","AHC_INSURANCE","AHC Insurance","AHC_INSURANCE","AHC_INSURANCE","Y","N","N","Y","Y","FIN_IMPL","2018/03/06 05:30:17.549","AHC Insurance","Y","AHC_INSURANCE","2018/03/06 05:30:22.608","66B8A4FCD0219AA4E053E9A7FD0A5DFE","FIN_IMPL","AHC Insurance","ADXX_XLA_H_AHC_INSURANCE","AHC Insurance",""
"AHC_INSURANCE","MANUAL","Manual","MANUAL","MANUAL","Y","N","Y","N","N","FIN_IMPL","2018/03/06 05:30:25.048","Special event class created for manual entry","Y","MANUAL","2018/03/06 05:30:25.133","66B8A4FCD0219AA4E053E9A7FD0A5DFE","FIN_IMPL","Adjustment Entry","","Other",""
"AHC_INSURANCE","THIRD_PARTY_MERGE","Third Party Merge","THIRD_PARTY_MERGE","THIRD_PARTY_MERGE","Y","N","N","N","N","FIN_IMPL","2018/03/06 05:30:25.081","Special event class created for third party merge entry","Y","THIRD_PARTY_MERGE","2018/03/06 05:30:25.21","66B8A4FCD0219AA4E053E9A7FD0A5DFE","FIN_IMPL","Third Party Merge","","Other",""
"AHC_EXT_ERP","AHC_EXT_ERP","AHC External ERP","AHC_EXT_ERP","AHC_EXT_ERP","Y","N","N","Y","Y","FIN_IMPL","2021/05/25 15:52:18.46","AHC External ERP","Y","AHC_EXT_ERP","2021/05/25 15:52:22.368","C2E79BEB15F58012E0532D60FD0A028C","FIN_IMPL","AHC External ERP","ADXX_XLA_H_AHC_EXT_ERP","AHC External ERP",""
"AHC_EXT_ERP","MANUAL","Manual","MANUAL","MANUAL","Y","N","Y","N","N","FIN_IMPL","2021/05/25 15:52:23.983","Special event class created for manual entry","Y","MANUAL","2021/05/25 15:52:24.052","C2E79BEB15F58012E0532D60FD0A028C","FIN_IMPL","Adjustment Entry","","Other",""
"AHC_EXT_ERP","THIRD_PARTY_MERGE","Third Party Merge","THIRD_PARTY_MERGE","THIRD_PARTY_MERGE","Y","N","N","N","N","FIN_IMPL","2021/05/25 15:52:24.018","Special event class created for third party merge entry","Y","THIRD_PARTY_MERGE","2021/05/25 15:52:24.11","C2E79BEB15F58012E0532D60FD0A028C","FIN_IMPL","Third Party Merge","","Other",""
"AHC_EMR","AHC_EMR","AHC Elec Med Record Sys","AHC_EMR","AHC_EMR","Y","N","N","Y","Y","FIN_IMPL","2020/06/04 05:44:39.981","AHC Elec Med Record Sys","Y","AHC_EMR","2020/06/04 05:44:46.44","A73C69023C9A180CE0539E90DF0AD122","FIN_IMPL","AHC Elec Med Record Sys","ADXX_XLA_H_AHC_EMR","AHC Elec Med Record Sys",""
"AHC_EMR","MANUAL","Manual","MANUAL","MANUAL","Y","N","Y","N","N","FIN_IMPL","2020/06/04 05:44:48.016","Special event class created for manual entry","Y","MANUAL","2020/06/04 05:44:48.115","A73C69023C9A180CE0539E90DF0AD122","FIN_IMPL","Adjustment Entry","","Other",""
"AHC_EMR","THIRD_PARTY_MERGE","Third Party Merge","THIRD_PARTY_MERGE","THIRD_PARTY_MERGE","Y","N","N","N","N","FIN_IMPL","2020/06/04 05:44:48.052","Special event class created for third party merge entry","Y","THIRD_PARTY_MERGE","2020/06/04 05:44:48.221","A73C69023C9A180CE0539E90DF0AD122","FIN_IMPL","Third Party Merge","","Other",""
