"ORA_XLA_ACCT_FORMULA.ApplicationShortName","ORA_XLA_ACCT_FORMULA.FormulaOriginCode","ORA_XLA_ACCT_FORMULA.FormulaCode","SourceApplicationShortName","SourceTypeCode","SourceOriginCode","SourceCode","CreatedBy","CreationDate","LastUpdateDate","LastUpdateLogin","LastUpdatedBy","FlexfieldSegmentCode"
"AHC_INSURANCE","C","DAC_EXPENSE","AHC_INSURANCE","S","C","POLICY_TERM_MO","FIN_IMPL","2018/03/06 06:02:34.031","2018/03/06 06:02:34.031","66B8A4FCD0219AA4E053E9A7FD0A5DFE","FIN_IMPL",""
"AHC_INSURANCE","C","DAC_EXPENSE","AHC_INSURANCE","S","C","DEFAULT_AMOUNT","FIN_IMPL","2018/03/06 06:02:34.035","2018/03/06 06:02:34.035","66B8A4FCD0219AA4E053E9A7FD0A5DFE","FIN_IMPL",""
"AHC_EXT_ERP","C","PSFT_COST_CENTER","AHC_EXT_ERP","S","","SOURCE_GL_COA_STRING","FIN_IMPL","2021/05/25 16:10:33.645","2021/05/25 16:10:33.645","C2F9D3C0F7C281CFE0532D60FD0AE831","FIN_IMPL",""
"AHC_EXT_ERP","C","PSFT_COMPANY","AHC_EXT_ERP","S","","SOURCE_GL_COA_STRING","FIN_IMPL","2021/05/25 16:10:19.81","2021/05/25 16:10:19.81","C2F9D3C0F7C281CFE0532D60FD0AE831","FIN_IMPL",""
"AHC_EXT_ERP","C","PSFT_ACCOUNT","AHC_EXT_ERP","S","","SOURCE_GL_COA_STRING","FIN_IMPL","2021/05/25 16:10:11.683","2021/05/25 16:10:11.684","C2F9D3C0F7C281CFE0532D60FD0AE831","FIN_IMPL",""
"AHC_BILLING","C","REVENUE_EXCLUDING_TAX","AHC_BILLING","S","C","BASE_PRICE","FIN_IMPL","2018/03/09 05:28:09.636","2018/03/09 05:28:09.637","66F45454E6940BEBE053E9A7FD0A334D","FIN_IMPL",""
"AHC_BILLING","C","REVENUE_EXCLUDING_TAX","AHC_BILLING","S","C","SERVICE_FEE","FIN_IMPL","2018/03/09 05:28:09.639","2018/03/09 05:28:09.639","66F45454E6940BEBE053E9A7FD0A334D","FIN_IMPL",""
"AHC_BILLING","C","REVENUE_EXCLUDING_TAX","AHC_BILLING","S","C","DELIVERY_CHARGES","FIN_IMPL","2018/03/09 05:28:09.642","2018/03/09 05:28:09.642","66F45454E6940BEBE053E9A7FD0A334D","FIN_IMPL",""
"AHC_BILLING","C","REVENUE_EXCLUDING_TAX","AHC_BILLING","S","C","GRATUITY","FIN_IMPL","2018/03/09 05:28:09.644","2018/03/09 05:28:09.644","66F45454E6940BEBE053E9A7FD0A334D","FIN_IMPL",""
"AHC_BILLING","C","EARNED_REVENUE","AHC_BILLING","S","C","BASE_PRICE","FIN_IMPL","2018/03/09 05:28:09.582","2018/03/09 05:28:09.582","66F45454E6940BEBE053E9A7FD0A334D","FIN_IMPL",""
"AHC_BILLING","C","EARNED_REVENUE","AHC_BILLING","S","C","CONTRACT_END_DATE","FIN_IMPL","2018/03/09 05:28:09.586","2018/03/09 05:28:09.587","66F45454E6940BEBE053E9A7FD0A334D","FIN_IMPL",""
"AHC_BILLING","C","EARNED_REVENUE","XLA","Y","C","XLA_GL_PERIOD_LAST_DAY","FIN_IMPL","2018/03/09 05:28:09.588","2018/03/09 05:28:09.588","66F45454E6940BEBE053E9A7FD0A334D","FIN_IMPL",""
"AHC_BILLING","C","EARNED_REVENUE","AHC_BILLING","S","C","SERVICE_FEE","FIN_IMPL","2018/03/09 05:28:09.589","2018/03/09 05:28:09.589","66F45454E6940BEBE053E9A7FD0A334D","FIN_IMPL",""
"AHC_BILLING","C","EARNED_REVENUE","AHC_BILLING","S","C","DELIVERY_CHARGES","FIN_IMPL","2018/03/09 05:28:09.59","2018/03/09 05:28:09.59","66F45454E6940BEBE053E9A7FD0A334D","FIN_IMPL",""
"AHC_BILLING","C","EARNED_REVENUE","AHC_BILLING","S","C","CONTRACT_START_DATE","FIN_IMPL","2018/03/09 05:28:09.591","2018/03/09 05:28:09.591","66F45454E6940BEBE053E9A7FD0A334D","FIN_IMPL",""
"AHC_BILLING","C","EARNED_REVENUE","AHC_BILLING","S","C","GRATUITY","FIN_IMPL","2018/03/09 05:28:09.592","2018/03/09 05:28:09.592","66F45454E6940BEBE053E9A7FD0A334D","FIN_IMPL",""
"AHC_BILLING","C","CUSTOMER_RECEIVABLE","AHC_BILLING","S","C","TAXES","FIN_IMPL","2017/12/28 08:07:17.495","2017/12/28 08:07:17.495","615CA35573826868E0536AA0FD0A112A","FIN_IMPL",""
"AHC_BILLING","C","CUSTOMER_RECEIVABLE","AHC_BILLING","S","C","BASE_PRICE","FIN_IMPL","2017/12/28 08:07:17.502","2017/12/28 08:07:17.502","615CA35573826868E0536AA0FD0A112A","FIN_IMPL",""
"AHC_BILLING","C","CUSTOMER_RECEIVABLE","AHC_BILLING","S","C","SERVICE_FEE","FIN_IMPL","2017/12/28 08:07:17.504","2017/12/28 08:07:17.504","615CA35573826868E0536AA0FD0A112A","FIN_IMPL",""
"AHC_BILLING","C","CUSTOMER_RECEIVABLE","AHC_BILLING","S","C","DELIVERY_CHARGES","FIN_IMPL","2017/12/28 08:07:17.505","2017/12/28 08:07:17.505","615CA35573826868E0536AA0FD0A112A","FIN_IMPL",""
"AHC_BILLING","C","CUSTOMER_RECEIVABLE","AHC_BILLING","S","C","GRATUITY","FIN_IMPL","2017/12/28 08:07:17.506","2017/12/28 08:07:17.506","615CA35573826868E0536AA0FD0A112A","FIN_IMPL",""
"AHC_LOAN","C","LOAN_LINE_TYPE","AHC_LOAN","S","C","LINE_TYPE","FIN_IMPL","2017/10/31 19:37:24.391","2017/10/31 19:37:24.391","5CDD64D10D700A45E0538DADFD0AC4D8","FIN_IMPL",""
"AHC_LOAN","C","YEAR_IN_DESCRIPTION","AHC_LOAN","S","C","TERM","FIN_IMPL","2017/10/31 19:37:24.353","2017/10/31 19:37:24.353","5CDD64D10D700A45E0538DADFD0AC4D8","FIN_IMPL",""
"AHC_INSURANCE","C","EARNED_PREMIUM","XLA","Y","C","XLA_GL_PERIOD_LAST_DAY","FIN_IMPL","2019/06/11 08:59:27.108","2019/06/11 08:59:27.108","8B095AC46978694BE053C390DF0AF5EA","FIN_IMPL",""
"AHC_INSURANCE","C","EARNED_PREMIUM","AHC_INSURANCE","S","C","DEFAULT_AMOUNT","FIN_IMPL","2019/06/11 08:59:27.112","2019/06/11 08:59:27.112","8B095AC46978694BE053C390DF0AF5EA","FIN_IMPL",""
"AHC_INSURANCE","C","EARNED_PREMIUM","AHC_INSURANCE","S","C","POLICY_EFFECTIVE_DATE","FIN_IMPL","2019/06/11 08:59:27.113","2019/06/11 08:59:27.113","8B095AC46978694BE053C390DF0AF5EA","FIN_IMPL",""
"AHC_INSURANCE","C","EARNED_PREMIUM","AHC_INSURANCE","S","C","POLICY_EXPIRATION_DATE","FIN_IMPL","2019/06/11 08:59:27.113","2019/06/11 08:59:27.113","8B095AC46978694BE053C390DF0AF5EA","FIN_IMPL",""
"AHC_LOAN","C","LOAN_FEE_PRORATE_BY_DAYS","AHC_LOAN","S","C","DEFAULT_AMOUNT","FIN_IMPL","2017/10/31 19:31:16.779","2017/10/31 19:31:16.779","5CDD8909EA6D18B9E0538DADFD0A4CE8","FIN_IMPL",""
"AHC_LOAN","C","LOAN_FEE_PRORATE_BY_DAYS","XLA","Y","C","XLA_GL_PERIOD_LAST_DAY","FIN_IMPL","2017/10/31 19:31:16.787","2017/10/31 19:31:16.787","5CDD8909EA6D18B9E0538DADFD0A4CE8","FIN_IMPL",""
"AHC_LOAN","C","LOAN_FEE_PRORATE_BY_DAYS","AHC_LOAN","S","C","ORIGINATION_DATE","FIN_IMPL","2017/10/31 19:31:16.789","2017/10/31 19:31:16.789","5CDD8909EA6D18B9E0538DADFD0A4CE8","FIN_IMPL",""
"AHC_LOAN","C","LOAN_FEE_PRORATE_BY_DAYS","AHC_LOAN","S","C","PAYOFF_DATE","FIN_IMPL","2017/10/31 19:31:16.79","2017/10/31 19:31:16.791","5CDD8909EA6D18B9E0538DADFD0A4CE8","FIN_IMPL",""
"AHC_INSURANCE","C","REINSURANCE_AMOUNT","AHC_INSURANCE","S","C","DEFAULT_AMOUNT","FIN_IMPL","2018/03/06 06:02:34.088","2018/03/06 06:02:34.088","66B8A4FCD0219AA4E053E9A7FD0A5DFE","FIN_IMPL",""
"AHC_INSURANCE","C","REINSURANCE_AMOUNT","AHC_INSURANCE","S","C","REINSURANCE_SHARE_PCT","FIN_IMPL","2018/03/06 06:02:34.088","2018/03/06 06:02:34.088","66B8A4FCD0219AA4E053E9A7FD0A5DFE","FIN_IMPL",""
"AHC_LOAN","C","DAYS_SINCE_ORIGINATION","AHC_LOAN","S","","ORIGINATION_DATE","FIN_IMPL","2019/09/11 12:36:01.898","2019/09/11 12:36:01.898","9245203917CA8A69E053C390DF0A1380","FIN_IMPL",""
"AHC_LOAN","C","DAYS_SINCE_ORIGINATION","XLA","Y","","XLA_GL_PERIOD_LAST_DAY","FIN_IMPL","2019/09/11 12:36:01.911","2019/09/11 12:36:01.912","9245203917CA8A69E053C390DF0A1380","FIN_IMPL",""
"AHC_LOAN","C","LOAN_DURATION","AHC_LOAN","S","","PAYOFF_DATE","FIN_IMPL","2019/09/11 12:36:01.962","2019/09/11 12:36:01.962","9245203917CA8A69E053C390DF0A1380","FIN_IMPL",""
"AHC_LOAN","C","LOAN_DURATION","AHC_LOAN","S","","ORIGINATION_DATE","FIN_IMPL","2019/09/11 12:36:01.962","2019/09/11 12:36:01.962","9245203917CA8A69E053C390DF0A1380","FIN_IMPL",""
"AHC_LOAN","C","FEE_PRORATED_BY_DAYS","XLA","Y","","XLA_MPA_ORIG_UNRD_ENT_AMT","FIN_IMPL","2019/09/11 12:46:03.33","2019/09/11 12:46:03.331","9245203917CA8A69E053C390DF0A1380","FIN_IMPL",""
"AHC_LOAN","C","FEE_PRORATED_BY_DAYS","AHC_LOAN","F","C","LOAN_DURATION","FIN_IMPL","2019/09/11 12:46:03.332","2019/09/11 12:46:03.333","9245203917CA8A69E053C390DF0A1380","FIN_IMPL",""
"AHC_LOAN","C","FEE_PRORATED_BY_DAYS","AHC_LOAN","F","C","DAYS_SINCE_ORIGINATION","FIN_IMPL","2019/09/11 12:46:03.334","2019/09/11 12:46:03.334","9245203917CA8A69E053C390DF0A1380","FIN_IMPL",""
"AHC_LOAN","C","FEE_PRORATED_BY_DAYS","XLA","Y","","XLA_MPA_ORIG_UNRD_ENT_AMT","FIN_IMPL","2019/09/11 12:46:31.088","2019/09/11 12:46:31.088","9245203917CA8A69E053C390DF0A1380","FIN_IMPL",""
"AHC_LOAN","C","FEE_PRORATED_BY_DAYS","AHC_LOAN","F","C","LOAN_DURATION","FIN_IMPL","2019/09/11 12:46:31.09","2019/09/11 12:46:31.09","9245203917CA8A69E053C390DF0A1380","FIN_IMPL",""
"AHC_LOAN","C","FEE_PRORATED_BY_DAYS","AHC_LOAN","F","C","DAYS_SINCE_ORIGINATION","FIN_IMPL","2019/09/11 12:46:31.091","2019/09/11 12:46:31.091","9245203917CA8A69E053C390DF0A1380","FIN_IMPL",""
