"ORA_XLA_ACCT_FORMULA.ApplicationShortName","ORA_XLA_ACCT_FORMULA.FormulaOriginCode","ORA_XLA_ACCT_FORMULA.FormulaCode","Language","Name","Description","SourceLang","CreationDate","CreatedBy","LastUpdateDate","LastUpdatedBy","LastUpdateLogin"
"AHC_INSURANCE","C","DAC_EXPENSE","ZHT","DAC Expense","DAC Expense","US","2018/03/06 05:58:34.01","FIN_IMPL","2018/03/06 06:02:33.997","FIN_IMPL","66B8A4FCD0219AA4E053E9A7FD0A5DFE"
"AHC_INSURANCE","C","DAC_EXPENSE","ZHS","DAC Expense","DAC Expense","US","2018/03/06 05:58:34.01","FIN_IMPL","2018/03/06 06:02:34.016","FIN_IMPL","66B8A4FCD0219AA4E053E9A7FD0A5DFE"
"AHC_INSURANCE","C","DAC_EXPENSE","US","DAC Expense","DAC Expense","US","2018/03/06 05:58:34.01","FIN_IMPL","2018/03/06 06:02:34.016","FIN_IMPL","66B8A4FCD0219AA4E053E9A7FD0A5DFE"
"AHC_INSURANCE","C","DAC_EXPENSE","TR","DAC Expense","DAC Expense","US","2018/03/06 05:58:34.01","FIN_IMPL","2018/03/06 06:02:34.017","FIN_IMPL","66B8A4FCD0219AA4E053E9A7FD0A5DFE"
"AHC_INSURANCE","C","DAC_EXPENSE","TH","DAC Expense","DAC Expense","US","2018/03/06 05:58:34.009","FIN_IMPL","2018/03/06 06:02:34.017","FIN_IMPL","66B8A4FCD0219AA4E053E9A7FD0A5DFE"
"AHC_INSURANCE","C","DAC_EXPENSE","SF","DAC Expense","DAC Expense","US","2018/03/06 05:58:34.009","FIN_IMPL","2018/03/06 06:02:34.018","FIN_IMPL","66B8A4FCD0219AA4E053E9A7FD0A5DFE"
"AHC_INSURANCE","C","DAC_EXPENSE","S","DAC Expense","DAC Expense","US","2018/03/06 05:58:34.009","FIN_IMPL","2018/03/06 06:02:34.018","FIN_IMPL","66B8A4FCD0219AA4E053E9A7FD0A5DFE"
"AHC_INSURANCE","C","DAC_EXPENSE","RU","DAC Expense","DAC Expense","US","2018/03/06 05:58:34.008","FIN_IMPL","2018/03/06 06:02:34.019","FIN_IMPL","66B8A4FCD0219AA4E053E9A7FD0A5DFE"
"AHC_INSURANCE","C","DAC_EXPENSE","RO","DAC Expense","DAC Expense","US","2018/03/06 05:58:34.008","FIN_IMPL","2018/03/06 06:02:34.019","FIN_IMPL","66B8A4FCD0219AA4E053E9A7FD0A5DFE"
"AHC_INSURANCE","C","DAC_EXPENSE","PTB","DAC Expense","DAC Expense","US","2018/03/06 05:58:34.008","FIN_IMPL","2018/03/06 06:02:34.02","FIN_IMPL","66B8A4FCD0219AA4E053E9A7FD0A5DFE"
"AHC_INSURANCE","C","DAC_EXPENSE","PL","DAC Expense","DAC Expense","US","2018/03/06 05:58:34.008","FIN_IMPL","2018/03/06 06:02:34.021","FIN_IMPL","66B8A4FCD0219AA4E053E9A7FD0A5DFE"
"AHC_INSURANCE","C","DAC_EXPENSE","NL","DAC Expense","DAC Expense","US","2018/03/06 05:58:34.007","FIN_IMPL","2018/03/06 06:02:34.021","FIN_IMPL","66B8A4FCD0219AA4E053E9A7FD0A5DFE"
"AHC_INSURANCE","C","DAC_EXPENSE","N","DAC Expense","DAC Expense","US","2018/03/06 05:58:34.007","FIN_IMPL","2018/03/06 06:02:34.022","FIN_IMPL","66B8A4FCD0219AA4E053E9A7FD0A5DFE"
"AHC_INSURANCE","C","DAC_EXPENSE","KO","DAC Expense","DAC Expense","US","2018/03/06 05:58:34.007","FIN_IMPL","2018/03/06 06:02:34.022","FIN_IMPL","66B8A4FCD0219AA4E053E9A7FD0A5DFE"
"AHC_INSURANCE","C","DAC_EXPENSE","JA","DAC Expense","DAC Expense","US","2018/03/06 05:58:34.006","FIN_IMPL","2018/03/06 06:02:34.025","FIN_IMPL","66B8A4FCD0219AA4E053E9A7FD0A5DFE"
"AHC_INSURANCE","C","DAC_EXPENSE","IW","DAC Expense","DAC Expense","US","2018/03/06 05:58:34.006","FIN_IMPL","2018/03/06 06:02:34.025","FIN_IMPL","66B8A4FCD0219AA4E053E9A7FD0A5DFE"
"AHC_INSURANCE","C","DAC_EXPENSE","I","DAC Expense","DAC Expense","US","2018/03/06 05:58:34.006","FIN_IMPL","2018/03/06 06:02:34.026","FIN_IMPL","66B8A4FCD0219AA4E053E9A7FD0A5DFE"
"AHC_INSURANCE","C","DAC_EXPENSE","HU","DAC Expense","DAC Expense","US","2018/03/06 05:58:34.005","FIN_IMPL","2018/03/06 06:02:34.026","FIN_IMPL","66B8A4FCD0219AA4E053E9A7FD0A5DFE"
"AHC_INSURANCE","C","DAC_EXPENSE","FRC","DAC Expense","DAC Expense","US","2018/03/06 05:58:34.005","FIN_IMPL","2018/03/06 06:02:34.027","FIN_IMPL","66B8A4FCD0219AA4E053E9A7FD0A5DFE"
"AHC_INSURANCE","C","DAC_EXPENSE","F","DAC Expense","DAC Expense","US","2018/03/06 05:58:34.005","FIN_IMPL","2018/03/06 06:02:34.028","FIN_IMPL","66B8A4FCD0219AA4E053E9A7FD0A5DFE"
"AHC_INSURANCE","C","DAC_EXPENSE","E","DAC Expense","DAC Expense","US","2018/03/06 05:58:34.005","FIN_IMPL","2018/03/06 06:02:34.028","FIN_IMPL","66B8A4FCD0219AA4E053E9A7FD0A5DFE"
"AHC_INSURANCE","C","DAC_EXPENSE","DK","DAC Expense","DAC Expense","US","2018/03/06 05:58:34.004","FIN_IMPL","2018/03/06 06:02:34.029","FIN_IMPL","66B8A4FCD0219AA4E053E9A7FD0A5DFE"
"AHC_INSURANCE","C","DAC_EXPENSE","D","DAC Expense","DAC Expense","US","2018/03/06 05:58:34.004","FIN_IMPL","2018/03/06 06:02:34.029","FIN_IMPL","66B8A4FCD0219AA4E053E9A7FD0A5DFE"
"AHC_INSURANCE","C","DAC_EXPENSE","CS","DAC Expense","DAC Expense","US","2018/03/06 05:58:34.004","FIN_IMPL","2018/03/06 06:02:34.03","FIN_IMPL","66B8A4FCD0219AA4E053E9A7FD0A5DFE"
"AHC_INSURANCE","C","DAC_EXPENSE","AR","DAC Expense","DAC Expense","US","2018/03/06 05:58:34.003","FIN_IMPL","2018/03/06 06:02:34.03","FIN_IMPL","66B8A4FCD0219AA4E053E9A7FD0A5DFE"
"AHC_EXT_ERP","C","PSFT_COST_CENTER","ZHT","PSFT Cost Center","To derive cost center from Source GL COA string","US","2021/05/25 16:10:04.526","FIN_IMPL","2021/05/25 16:10:20.492","FIN_IMPL","C2F9D3C0F7C281CFE0532D60FD0AE831"
"AHC_EXT_ERP","C","PSFT_COST_CENTER","ZHS","PSFT Cost Center","To derive cost center from Source GL COA string","US","2021/05/25 16:10:04.526","FIN_IMPL","2021/05/25 16:10:20.918","FIN_IMPL","C2F9D3C0F7C281CFE0532D60FD0AE831"
"AHC_EXT_ERP","C","PSFT_COST_CENTER","TR","PSFT Cost Center","To derive cost center from Source GL COA string","US","2021/05/25 16:10:04.525","FIN_IMPL","2021/05/25 16:10:21.295","FIN_IMPL","C2F9D3C0F7C281CFE0532D60FD0AE831"
"AHC_EXT_ERP","C","PSFT_COST_CENTER","SF","PSFT Cost Center","To derive cost center from Source GL COA string","US","2021/05/25 16:10:04.525","FIN_IMPL","2021/05/25 16:10:21.677","FIN_IMPL","C2F9D3C0F7C281CFE0532D60FD0AE831"
"AHC_EXT_ERP","C","PSFT_COST_CENTER","S","PSFT Cost Center","To derive cost center from Source GL COA string","US","2021/05/25 16:10:04.524","FIN_IMPL","2021/05/25 16:10:22.066","FIN_IMPL","C2F9D3C0F7C281CFE0532D60FD0AE831"
"AHC_EXT_ERP","C","PSFT_COST_CENTER","RU","PSFT Cost Center","To derive cost center from Source GL COA string","US","2021/05/25 16:10:04.524","FIN_IMPL","2021/05/25 16:10:22.372","FIN_IMPL","C2F9D3C0F7C281CFE0532D60FD0AE831"
"AHC_EXT_ERP","C","PSFT_COST_CENTER","PTB","PSFT Cost Center","To derive cost center from Source GL COA string","US","2021/05/25 16:10:04.524","FIN_IMPL","2021/05/25 16:10:23.429","FIN_IMPL","C2F9D3C0F7C281CFE0532D60FD0AE831"
"AHC_EXT_ERP","C","PSFT_COST_CENTER","PL","PSFT Cost Center","To derive cost center from Source GL COA string","US","2021/05/25 16:10:04.523","FIN_IMPL","2021/05/25 16:10:23.818","FIN_IMPL","C2F9D3C0F7C281CFE0532D60FD0AE831"
"AHC_EXT_ERP","C","PSFT_COST_CENTER","NL","PSFT Cost Center","To derive cost center from Source GL COA string","US","2021/05/25 16:10:04.523","FIN_IMPL","2021/05/25 16:10:24.168","FIN_IMPL","C2F9D3C0F7C281CFE0532D60FD0AE831"
"AHC_EXT_ERP","C","PSFT_COST_CENTER","KO","PSFT Cost Center","To derive cost center from Source GL COA string","US","2021/05/25 16:10:04.522","FIN_IMPL","2021/05/25 16:10:24.566","FIN_IMPL","C2F9D3C0F7C281CFE0532D60FD0AE831"
"AHC_EXT_ERP","C","PSFT_COST_CENTER","JA","PSFT Cost Center","To derive cost center from Source GL COA string","US","2021/05/25 16:10:04.522","FIN_IMPL","2021/05/25 16:10:25.019","FIN_IMPL","C2F9D3C0F7C281CFE0532D60FD0AE831"
"AHC_EXT_ERP","C","PSFT_COST_CENTER","I","PSFT Cost Center","To derive cost center from Source GL COA string","US","2021/05/25 16:10:04.522","FIN_IMPL","2021/05/25 16:10:25.505","FIN_IMPL","C2F9D3C0F7C281CFE0532D60FD0AE831"
"AHC_EXT_ERP","C","PSFT_COST_CENTER","FRC","PSFT Cost Center","To derive cost center from Source GL COA string","US","2021/05/25 16:10:04.521","FIN_IMPL","2021/05/25 16:10:26.105","FIN_IMPL","C2F9D3C0F7C281CFE0532D60FD0AE831"
"AHC_EXT_ERP","C","PSFT_COST_CENTER","F","PSFT Cost Center","To derive cost center from Source GL COA string","US","2021/05/25 16:10:04.521","FIN_IMPL","2021/05/25 16:10:26.82","FIN_IMPL","C2F9D3C0F7C281CFE0532D60FD0AE831"
"AHC_EXT_ERP","C","PSFT_COST_CENTER","E","PSFT Cost Center","To derive cost center from Source GL COA string","US","2021/05/25 16:10:04.52","FIN_IMPL","2021/05/25 16:10:27.285","FIN_IMPL","C2F9D3C0F7C281CFE0532D60FD0AE831"
"AHC_EXT_ERP","C","PSFT_COST_CENTER","DK","PSFT Cost Center","To derive cost center from Source GL COA string","US","2021/05/25 16:10:04.52","FIN_IMPL","2021/05/25 16:10:27.608","FIN_IMPL","C2F9D3C0F7C281CFE0532D60FD0AE831"
"AHC_EXT_ERP","C","PSFT_COST_CENTER","D","PSFT Cost Center","To derive cost center from Source GL COA string","US","2021/05/25 16:10:04.519","FIN_IMPL","2021/05/25 16:10:27.939","FIN_IMPL","C2F9D3C0F7C281CFE0532D60FD0AE831"
"AHC_EXT_ERP","C","PSFT_COST_CENTER","AR","PSFT Cost Center","To derive cost center from Source GL COA string","US","2021/05/25 16:10:04.519","FIN_IMPL","2021/05/25 16:10:28.334","FIN_IMPL","C2F9D3C0F7C281CFE0532D60FD0AE831"
"AHC_EXT_ERP","C","PSFT_COST_CENTER","US","PSFT Cost Center","To derive cost center from Source GL COA string","US","2021/05/25 16:10:04.518","FIN_IMPL","2021/05/25 16:10:29.517","FIN_IMPL","C2F9D3C0F7C281CFE0532D60FD0AE831"
"AHC_EXT_ERP","C","PSFT_COST_CENTER","CS","PSFT Cost Center","To derive cost center from Source GL COA string","US","2021/05/25 16:10:04.518","FIN_IMPL","2021/05/25 16:10:29.517","FIN_IMPL","C2F9D3C0F7C281CFE0532D60FD0AE831"
"AHC_EXT_ERP","C","PSFT_COST_CENTER","HU","PSFT Cost Center","To derive cost center from Source GL COA string","US","2021/05/25 16:10:04.518","FIN_IMPL","2021/05/25 16:10:29.517","FIN_IMPL","C2F9D3C0F7C281CFE0532D60FD0AE831"
"AHC_EXT_ERP","C","PSFT_COST_CENTER","IW","PSFT Cost Center","To derive cost center from Source GL COA string","US","2021/05/25 16:10:04.518","FIN_IMPL","2021/05/25 16:10:29.517","FIN_IMPL","C2F9D3C0F7C281CFE0532D60FD0AE831"
"AHC_EXT_ERP","C","PSFT_COST_CENTER","N","PSFT Cost Center","To derive cost center from Source GL COA string","US","2021/05/25 16:10:04.518","FIN_IMPL","2021/05/25 16:10:29.517","FIN_IMPL","C2F9D3C0F7C281CFE0532D60FD0AE831"
"AHC_EXT_ERP","C","PSFT_COST_CENTER","RO","PSFT Cost Center","To derive cost center from Source GL COA string","US","2021/05/25 16:10:04.518","FIN_IMPL","2021/05/25 16:10:29.517","FIN_IMPL","C2F9D3C0F7C281CFE0532D60FD0AE831"
"AHC_EXT_ERP","C","PSFT_COST_CENTER","TH","PSFT Cost Center","To derive cost center from Source GL COA string","US","2021/05/25 16:10:04.518","FIN_IMPL","2021/05/25 16:10:29.517","FIN_IMPL","C2F9D3C0F7C281CFE0532D60FD0AE831"
"AHC_EXT_ERP","C","PSFT_COMPANY","ZHT","PSFT Company","To derive company from Source GL COA string","US","2021/05/25 16:10:04.459","FIN_IMPL","2021/05/25 16:10:12.336","FIN_IMPL","C2F9D3C0F7C281CFE0532D60FD0AE831"
"AHC_EXT_ERP","C","PSFT_COMPANY","ZHS","PSFT Company","To derive company from Source GL COA string","US","2021/05/25 16:10:04.459","FIN_IMPL","2021/05/25 16:10:12.662","FIN_IMPL","C2F9D3C0F7C281CFE0532D60FD0AE831"
"AHC_EXT_ERP","C","PSFT_COMPANY","TR","PSFT Company","To derive company from Source GL COA string","US","2021/05/25 16:10:04.458","FIN_IMPL","2021/05/25 16:10:12.974","FIN_IMPL","C2F9D3C0F7C281CFE0532D60FD0AE831"
"AHC_EXT_ERP","C","PSFT_COMPANY","SF","PSFT Company","To derive company from Source GL COA string","US","2021/05/25 16:10:04.458","FIN_IMPL","2021/05/25 16:10:13.293","FIN_IMPL","C2F9D3C0F7C281CFE0532D60FD0AE831"
"AHC_EXT_ERP","C","PSFT_COMPANY","S","PSFT Company","To derive company from Source GL COA string","US","2021/05/25 16:10:04.457","FIN_IMPL","2021/05/25 16:10:13.605","FIN_IMPL","C2F9D3C0F7C281CFE0532D60FD0AE831"
"AHC_EXT_ERP","C","PSFT_COMPANY","RU","PSFT Company","To derive company from Source GL COA string","US","2021/05/25 16:10:04.457","FIN_IMPL","2021/05/25 16:10:13.898","FIN_IMPL","C2F9D3C0F7C281CFE0532D60FD0AE831"
"AHC_EXT_ERP","C","PSFT_COMPANY","PTB","PSFT Company","To derive company from Source GL COA string","US","2021/05/25 16:10:04.456","FIN_IMPL","2021/05/25 16:10:14.203","FIN_IMPL","C2F9D3C0F7C281CFE0532D60FD0AE831"
"AHC_EXT_ERP","C","PSFT_COMPANY","PL","PSFT Company","To derive company from Source GL COA string","US","2021/05/25 16:10:04.456","FIN_IMPL","2021/05/25 16:10:14.502","FIN_IMPL","C2F9D3C0F7C281CFE0532D60FD0AE831"
"AHC_EXT_ERP","C","PSFT_COMPANY","NL","PSFT Company","To derive company from Source GL COA string","US","2021/05/25 16:10:04.456","FIN_IMPL","2021/05/25 16:10:14.81","FIN_IMPL","C2F9D3C0F7C281CFE0532D60FD0AE831"
"AHC_EXT_ERP","C","PSFT_COMPANY","KO","PSFT Company","To derive company from Source GL COA string","US","2021/05/25 16:10:04.455","FIN_IMPL","2021/05/25 16:10:15.102","FIN_IMPL","C2F9D3C0F7C281CFE0532D60FD0AE831"
"AHC_EXT_ERP","C","PSFT_COMPANY","JA","PSFT Company","To derive company from Source GL COA string","US","2021/05/25 16:10:04.455","FIN_IMPL","2021/05/25 16:10:15.41","FIN_IMPL","C2F9D3C0F7C281CFE0532D60FD0AE831"
"AHC_EXT_ERP","C","PSFT_COMPANY","I","PSFT Company","To derive company from Source GL COA string","US","2021/05/25 16:10:04.454","FIN_IMPL","2021/05/25 16:10:15.764","FIN_IMPL","C2F9D3C0F7C281CFE0532D60FD0AE831"
"AHC_EXT_ERP","C","PSFT_COMPANY","FRC","PSFT Company","To derive company from Source GL COA string","US","2021/05/25 16:10:04.454","FIN_IMPL","2021/05/25 16:10:16.06","FIN_IMPL","C2F9D3C0F7C281CFE0532D60FD0AE831"
"AHC_EXT_ERP","C","PSFT_COMPANY","F","PSFT Company","To derive company from Source GL COA string","US","2021/05/25 16:10:04.454","FIN_IMPL","2021/05/25 16:10:16.373","FIN_IMPL","C2F9D3C0F7C281CFE0532D60FD0AE831"
"AHC_EXT_ERP","C","PSFT_COMPANY","E","PSFT Company","To derive company from Source GL COA string","US","2021/05/25 16:10:04.453","FIN_IMPL","2021/05/25 16:10:16.696","FIN_IMPL","C2F9D3C0F7C281CFE0532D60FD0AE831"
"AHC_EXT_ERP","C","PSFT_COMPANY","DK","PSFT Company","To derive company from Source GL COA string","US","2021/05/25 16:10:04.453","FIN_IMPL","2021/05/25 16:10:17.751","FIN_IMPL","C2F9D3C0F7C281CFE0532D60FD0AE831"
"AHC_EXT_ERP","C","PSFT_COMPANY","D","PSFT Company","To derive company from Source GL COA string","US","2021/05/25 16:10:04.452","FIN_IMPL","2021/05/25 16:10:18.144","FIN_IMPL","C2F9D3C0F7C281CFE0532D60FD0AE831"
"AHC_EXT_ERP","C","PSFT_COMPANY","AR","PSFT Company","To derive company from Source GL COA string","US","2021/05/25 16:10:04.452","FIN_IMPL","2021/05/25 16:10:18.523","FIN_IMPL","C2F9D3C0F7C281CFE0532D60FD0AE831"
"AHC_EXT_ERP","C","PSFT_COMPANY","US","PSFT Company","To derive company from Source GL COA string","US","2021/05/25 16:10:04.451","FIN_IMPL","2021/05/25 16:10:18.971","FIN_IMPL","C2F9D3C0F7C281CFE0532D60FD0AE831"
"AHC_EXT_ERP","C","PSFT_COMPANY","CS","PSFT Company","To derive company from Source GL COA string","US","2021/05/25 16:10:04.451","FIN_IMPL","2021/05/25 16:10:18.971","FIN_IMPL","C2F9D3C0F7C281CFE0532D60FD0AE831"
"AHC_EXT_ERP","C","PSFT_COMPANY","HU","PSFT Company","To derive company from Source GL COA string","US","2021/05/25 16:10:04.451","FIN_IMPL","2021/05/25 16:10:18.971","FIN_IMPL","C2F9D3C0F7C281CFE0532D60FD0AE831"
"AHC_EXT_ERP","C","PSFT_COMPANY","IW","PSFT Company","To derive company from Source GL COA string","US","2021/05/25 16:10:04.451","FIN_IMPL","2021/05/25 16:10:18.971","FIN_IMPL","C2F9D3C0F7C281CFE0532D60FD0AE831"
"AHC_EXT_ERP","C","PSFT_COMPANY","N","PSFT Company","To derive company from Source GL COA string","US","2021/05/25 16:10:04.451","FIN_IMPL","2021/05/25 16:10:18.971","FIN_IMPL","C2F9D3C0F7C281CFE0532D60FD0AE831"
"AHC_EXT_ERP","C","PSFT_COMPANY","RO","PSFT Company","To derive company from Source GL COA string","US","2021/05/25 16:10:04.451","FIN_IMPL","2021/05/25 16:10:18.971","FIN_IMPL","C2F9D3C0F7C281CFE0532D60FD0AE831"
"AHC_EXT_ERP","C","PSFT_COMPANY","TH","PSFT Company","To derive company from Source GL COA string","US","2021/05/25 16:10:04.451","FIN_IMPL","2021/05/25 16:10:18.971","FIN_IMPL","C2F9D3C0F7C281CFE0532D60FD0AE831"
"AHC_EXT_ERP","C","PSFT_ACCOUNT","ZHT","PSFT Account","To derive Account from Source GL COA String","US","2021/05/25 16:10:02.637","FIN_IMPL","2021/05/25 16:10:05.251","FIN_IMPL","C2F9D3C0F7C281CFE0532D60FD0AE831"
"AHC_EXT_ERP","C","PSFT_ACCOUNT","ZHS","PSFT Account","To derive Account from Source GL COA String","US","2021/05/25 16:10:02.637","FIN_IMPL","2021/05/25 16:10:05.546","FIN_IMPL","C2F9D3C0F7C281CFE0532D60FD0AE831"
"AHC_EXT_ERP","C","PSFT_ACCOUNT","TR","PSFT Account","To derive Account from Source GL COA String","US","2021/05/25 16:10:02.637","FIN_IMPL","2021/05/25 16:10:06.009","FIN_IMPL","C2F9D3C0F7C281CFE0532D60FD0AE831"
"AHC_EXT_ERP","C","PSFT_ACCOUNT","SF","PSFT Account","To derive Account from Source GL COA String","US","2021/05/25 16:10:02.636","FIN_IMPL","2021/05/25 16:10:06.32","FIN_IMPL","C2F9D3C0F7C281CFE0532D60FD0AE831"
"AHC_EXT_ERP","C","PSFT_ACCOUNT","S","PSFT Account","To derive Account from Source GL COA String","US","2021/05/25 16:10:02.636","FIN_IMPL","2021/05/25 16:10:06.616","FIN_IMPL","C2F9D3C0F7C281CFE0532D60FD0AE831"
"AHC_EXT_ERP","C","PSFT_ACCOUNT","RU","PSFT Account","To derive Account from Source GL COA String","US","2021/05/25 16:10:02.636","FIN_IMPL","2021/05/25 16:10:06.934","FIN_IMPL","C2F9D3C0F7C281CFE0532D60FD0AE831"
"AHC_EXT_ERP","C","PSFT_ACCOUNT","PTB","PSFT Account","To derive Account from Source GL COA String","US","2021/05/25 16:10:02.635","FIN_IMPL","2021/05/25 16:10:07.237","FIN_IMPL","C2F9D3C0F7C281CFE0532D60FD0AE831"
"AHC_EXT_ERP","C","PSFT_ACCOUNT","PL","PSFT Account","To derive Account from Source GL COA String","US","2021/05/25 16:10:02.635","FIN_IMPL","2021/05/25 16:10:07.554","FIN_IMPL","C2F9D3C0F7C281CFE0532D60FD0AE831"
"AHC_EXT_ERP","C","PSFT_ACCOUNT","NL","PSFT Account","To derive Account from Source GL COA String","US","2021/05/25 16:10:02.635","FIN_IMPL","2021/05/25 16:10:07.896","FIN_IMPL","C2F9D3C0F7C281CFE0532D60FD0AE831"
"AHC_EXT_ERP","C","PSFT_ACCOUNT","KO","PSFT Account","To derive Account from Source GL COA String","US","2021/05/25 16:10:02.634","FIN_IMPL","2021/05/25 16:10:08.197","FIN_IMPL","C2F9D3C0F7C281CFE0532D60FD0AE831"
"AHC_EXT_ERP","C","PSFT_ACCOUNT","JA","PSFT Account","To derive Account from Source GL COA String","US","2021/05/25 16:10:02.634","FIN_IMPL","2021/05/25 16:10:08.488","FIN_IMPL","C2F9D3C0F7C281CFE0532D60FD0AE831"
"AHC_EXT_ERP","C","PSFT_ACCOUNT","I","PSFT Account","To derive Account from Source GL COA String","US","2021/05/25 16:10:02.634","FIN_IMPL","2021/05/25 16:10:08.786","FIN_IMPL","C2F9D3C0F7C281CFE0532D60FD0AE831"
"AHC_EXT_ERP","C","PSFT_ACCOUNT","FRC","PSFT Account","To derive Account from Source GL COA String","US","2021/05/25 16:10:02.633","FIN_IMPL","2021/05/25 16:10:09.082","FIN_IMPL","C2F9D3C0F7C281CFE0532D60FD0AE831"
"AHC_EXT_ERP","C","PSFT_ACCOUNT","F","PSFT Account","To derive Account from Source GL COA String","US","2021/05/25 16:10:02.633","FIN_IMPL","2021/05/25 16:10:09.379","FIN_IMPL","C2F9D3C0F7C281CFE0532D60FD0AE831"
"AHC_EXT_ERP","C","PSFT_ACCOUNT","E","PSFT Account","To derive Account from Source GL COA String","US","2021/05/25 16:10:02.632","FIN_IMPL","2021/05/25 16:10:09.681","FIN_IMPL","C2F9D3C0F7C281CFE0532D60FD0AE831"
"AHC_EXT_ERP","C","PSFT_ACCOUNT","DK","PSFT Account","To derive Account from Source GL COA String","US","2021/05/25 16:10:02.632","FIN_IMPL","2021/05/25 16:10:09.98","FIN_IMPL","C2F9D3C0F7C281CFE0532D60FD0AE831"
"AHC_EXT_ERP","C","PSFT_ACCOUNT","D","PSFT Account","To derive Account from Source GL COA String","US","2021/05/25 16:10:02.619","FIN_IMPL","2021/05/25 16:10:10.291","FIN_IMPL","C2F9D3C0F7C281CFE0532D60FD0AE831"
"AHC_EXT_ERP","C","PSFT_ACCOUNT","AR","PSFT Account","To derive Account from Source GL COA String","US","2021/05/25 16:10:02.619","FIN_IMPL","2021/05/25 16:10:10.596","FIN_IMPL","C2F9D3C0F7C281CFE0532D60FD0AE831"
"AHC_EXT_ERP","C","PSFT_ACCOUNT","US","PSFT Account","To derive Account from Source GL COA String","US","2021/05/25 16:10:02.617","FIN_IMPL","2021/05/25 16:10:10.928","FIN_IMPL","C2F9D3C0F7C281CFE0532D60FD0AE831"
"AHC_EXT_ERP","C","PSFT_ACCOUNT","CS","PSFT Account","To derive Account from Source GL COA String","US","2021/05/25 16:10:02.617","FIN_IMPL","2021/05/25 16:10:10.928","FIN_IMPL","C2F9D3C0F7C281CFE0532D60FD0AE831"
"AHC_EXT_ERP","C","PSFT_ACCOUNT","HU","PSFT Account","To derive Account from Source GL COA String","US","2021/05/25 16:10:02.617","FIN_IMPL","2021/05/25 16:10:10.928","FIN_IMPL","C2F9D3C0F7C281CFE0532D60FD0AE831"
"AHC_EXT_ERP","C","PSFT_ACCOUNT","IW","PSFT Account","To derive Account from Source GL COA String","US","2021/05/25 16:10:02.617","FIN_IMPL","2021/05/25 16:10:10.928","FIN_IMPL","C2F9D3C0F7C281CFE0532D60FD0AE831"
"AHC_EXT_ERP","C","PSFT_ACCOUNT","N","PSFT Account","To derive Account from Source GL COA String","US","2021/05/25 16:10:02.617","FIN_IMPL","2021/05/25 16:10:10.928","FIN_IMPL","C2F9D3C0F7C281CFE0532D60FD0AE831"
"AHC_EXT_ERP","C","PSFT_ACCOUNT","RO","PSFT Account","To derive Account from Source GL COA String","US","2021/05/25 16:10:02.617","FIN_IMPL","2021/05/25 16:10:10.928","FIN_IMPL","C2F9D3C0F7C281CFE0532D60FD0AE831"
"AHC_EXT_ERP","C","PSFT_ACCOUNT","TH","PSFT Account","To derive Account from Source GL COA String","US","2021/05/25 16:10:02.617","FIN_IMPL","2021/05/25 16:10:10.928","FIN_IMPL","C2F9D3C0F7C281CFE0532D60FD0AE831"
"AHC_BILLING","C","REVENUE_EXCLUDING_TAX","ZHT","Revenue Excluding Tax","Revenue Excluding Tax","US","2018/03/09 05:16:37.405","FIN_IMPL","2018/03/09 05:28:09.608","FIN_IMPL","66F45454E6940BEBE053E9A7FD0A334D"
"AHC_BILLING","C","REVENUE_EXCLUDING_TAX","ZHS","Revenue Excluding Tax","Revenue Excluding Tax","US","2018/03/09 05:16:37.404","FIN_IMPL","2018/03/09 05:28:09.612","FIN_IMPL","66F45454E6940BEBE053E9A7FD0A334D"
"AHC_BILLING","C","REVENUE_EXCLUDING_TAX","US","Revenue Excluding Tax","Revenue Excluding Tax","US","2018/03/09 05:16:37.404","FIN_IMPL","2018/03/09 05:28:09.613","FIN_IMPL","66F45454E6940BEBE053E9A7FD0A334D"
"AHC_BILLING","C","REVENUE_EXCLUDING_TAX","TR","Revenue Excluding Tax","Revenue Excluding Tax","US","2018/03/09 05:16:37.403","FIN_IMPL","2018/03/09 05:28:09.614","FIN_IMPL","66F45454E6940BEBE053E9A7FD0A334D"
"AHC_BILLING","C","REVENUE_EXCLUDING_TAX","TH","Revenue Excluding Tax","Revenue Excluding Tax","US","2018/03/09 05:16:37.402","FIN_IMPL","2018/03/09 05:28:09.614","FIN_IMPL","66F45454E6940BEBE053E9A7FD0A334D"
"AHC_BILLING","C","REVENUE_EXCLUDING_TAX","SF","Revenue Excluding Tax","Revenue Excluding Tax","US","2018/03/09 05:16:37.401","FIN_IMPL","2018/03/09 05:28:09.615","FIN_IMPL","66F45454E6940BEBE053E9A7FD0A334D"
"AHC_BILLING","C","REVENUE_EXCLUDING_TAX","S","Revenue Excluding Tax","Revenue Excluding Tax","US","2018/03/09 05:16:37.401","FIN_IMPL","2018/03/09 05:28:09.616","FIN_IMPL","66F45454E6940BEBE053E9A7FD0A334D"
"AHC_BILLING","C","REVENUE_EXCLUDING_TAX","RU","Revenue Excluding Tax","Revenue Excluding Tax","US","2018/03/09 05:16:37.4","FIN_IMPL","2018/03/09 05:28:09.617","FIN_IMPL","66F45454E6940BEBE053E9A7FD0A334D"
"AHC_BILLING","C","REVENUE_EXCLUDING_TAX","RO","Revenue Excluding Tax","Revenue Excluding Tax","US","2018/03/09 05:16:37.399","FIN_IMPL","2018/03/09 05:28:09.618","FIN_IMPL","66F45454E6940BEBE053E9A7FD0A334D"
"AHC_BILLING","C","REVENUE_EXCLUDING_TAX","PTB","Revenue Excluding Tax","Revenue Excluding Tax","US","2018/03/09 05:16:37.398","FIN_IMPL","2018/03/09 05:28:09.619","FIN_IMPL","66F45454E6940BEBE053E9A7FD0A334D"
"AHC_BILLING","C","REVENUE_EXCLUDING_TAX","PL","Revenue Excluding Tax","Revenue Excluding Tax","US","2018/03/09 05:16:37.398","FIN_IMPL","2018/03/09 05:28:09.62","FIN_IMPL","66F45454E6940BEBE053E9A7FD0A334D"
"AHC_BILLING","C","REVENUE_EXCLUDING_TAX","NL","Revenue Excluding Tax","Revenue Excluding Tax","US","2018/03/09 05:16:37.397","FIN_IMPL","2018/03/09 05:28:09.621","FIN_IMPL","66F45454E6940BEBE053E9A7FD0A334D"
"AHC_BILLING","C","REVENUE_EXCLUDING_TAX","N","Revenue Excluding Tax","Revenue Excluding Tax","US","2018/03/09 05:16:37.396","FIN_IMPL","2018/03/09 05:28:09.622","FIN_IMPL","66F45454E6940BEBE053E9A7FD0A334D"
"AHC_BILLING","C","REVENUE_EXCLUDING_TAX","KO","Revenue Excluding Tax","Revenue Excluding Tax","US","2018/03/09 05:16:37.396","FIN_IMPL","2018/03/09 05:28:09.623","FIN_IMPL","66F45454E6940BEBE053E9A7FD0A334D"
"AHC_BILLING","C","REVENUE_EXCLUDING_TAX","JA","Revenue Excluding Tax","Revenue Excluding Tax","US","2018/03/09 05:16:37.395","FIN_IMPL","2018/03/09 05:28:09.624","FIN_IMPL","66F45454E6940BEBE053E9A7FD0A334D"
"AHC_BILLING","C","REVENUE_EXCLUDING_TAX","IW","Revenue Excluding Tax","Revenue Excluding Tax","US","2018/03/09 05:16:37.394","FIN_IMPL","2018/03/09 05:28:09.625","FIN_IMPL","66F45454E6940BEBE053E9A7FD0A334D"
"AHC_BILLING","C","REVENUE_EXCLUDING_TAX","I","Revenue Excluding Tax","Revenue Excluding Tax","US","2018/03/09 05:16:37.393","FIN_IMPL","2018/03/09 05:28:09.626","FIN_IMPL","66F45454E6940BEBE053E9A7FD0A334D"
"AHC_BILLING","C","REVENUE_EXCLUDING_TAX","HU","Revenue Excluding Tax","Revenue Excluding Tax","US","2018/03/09 05:16:37.393","FIN_IMPL","2018/03/09 05:28:09.627","FIN_IMPL","66F45454E6940BEBE053E9A7FD0A334D"
"AHC_BILLING","C","REVENUE_EXCLUDING_TAX","FRC","Revenue Excluding Tax","Revenue Excluding Tax","US","2018/03/09 05:16:37.392","FIN_IMPL","2018/03/09 05:28:09.628","FIN_IMPL","66F45454E6940BEBE053E9A7FD0A334D"
"AHC_BILLING","C","REVENUE_EXCLUDING_TAX","F","Revenue Excluding Tax","Revenue Excluding Tax","US","2018/03/09 05:16:37.391","FIN_IMPL","2018/03/09 05:28:09.63","FIN_IMPL","66F45454E6940BEBE053E9A7FD0A334D"
"AHC_BILLING","C","REVENUE_EXCLUDING_TAX","E","Revenue Excluding Tax","Revenue Excluding Tax","US","2018/03/09 05:16:37.391","FIN_IMPL","2018/03/09 05:28:09.631","FIN_IMPL","66F45454E6940BEBE053E9A7FD0A334D"
"AHC_BILLING","C","REVENUE_EXCLUDING_TAX","DK","Revenue Excluding Tax","Revenue Excluding Tax","US","2018/03/09 05:16:37.39","FIN_IMPL","2018/03/09 05:28:09.632","FIN_IMPL","66F45454E6940BEBE053E9A7FD0A334D"
"AHC_BILLING","C","REVENUE_EXCLUDING_TAX","D","Revenue Excluding Tax","Revenue Excluding Tax","US","2018/03/09 05:16:37.389","FIN_IMPL","2018/03/09 05:28:09.633","FIN_IMPL","66F45454E6940BEBE053E9A7FD0A334D"
"AHC_BILLING","C","REVENUE_EXCLUDING_TAX","CS","Revenue Excluding Tax","Revenue Excluding Tax","US","2018/03/09 05:16:37.388","FIN_IMPL","2018/03/09 05:28:09.634","FIN_IMPL","66F45454E6940BEBE053E9A7FD0A334D"
"AHC_BILLING","C","REVENUE_EXCLUDING_TAX","AR","Revenue Excluding Tax","Revenue Excluding Tax","US","2018/03/09 05:16:37.38","FIN_IMPL","2018/03/09 05:28:09.635","FIN_IMPL","66F45454E6940BEBE053E9A7FD0A334D"
"AHC_BILLING","C","EARNED_REVENUE","ZHT","Earned Revenue","Earned Revenue","US","2017/12/28 08:06:45.4","FIN_IMPL","2017/12/28 08:07:17.525","FIN_IMPL","615CA35573826868E0536AA0FD0A112A"
"AHC_BILLING","C","EARNED_REVENUE","ZHS","Earned Revenue","Earned Revenue","US","2017/12/28 08:06:45.4","FIN_IMPL","2017/12/28 08:07:17.526","FIN_IMPL","615CA35573826868E0536AA0FD0A112A"
"AHC_BILLING","C","EARNED_REVENUE","US","Earned Revenue","Earned Revenue","US","2017/12/28 08:06:45.399","FIN_IMPL","2017/12/28 08:07:17.528","FIN_IMPL","615CA35573826868E0536AA0FD0A112A"
"AHC_BILLING","C","EARNED_REVENUE","TR","Earned Revenue","Earned Revenue","US","2017/12/28 08:06:45.399","FIN_IMPL","2017/12/28 08:07:17.529","FIN_IMPL","615CA35573826868E0536AA0FD0A112A"
"AHC_BILLING","C","EARNED_REVENUE","TH","Earned Revenue","Earned Revenue","US","2017/12/28 08:06:45.399","FIN_IMPL","2017/12/28 08:07:17.53","FIN_IMPL","615CA35573826868E0536AA0FD0A112A"
"AHC_BILLING","C","EARNED_REVENUE","SF","Earned Revenue","Earned Revenue","US","2017/12/28 08:06:45.398","FIN_IMPL","2017/12/28 08:07:17.531","FIN_IMPL","615CA35573826868E0536AA0FD0A112A"
"AHC_BILLING","C","EARNED_REVENUE","S","Earned Revenue","Earned Revenue","US","2017/12/28 08:06:45.398","FIN_IMPL","2017/12/28 08:07:17.531","FIN_IMPL","615CA35573826868E0536AA0FD0A112A"
"AHC_BILLING","C","EARNED_REVENUE","RU","Earned Revenue","Earned Revenue","US","2017/12/28 08:06:45.398","FIN_IMPL","2017/12/28 08:07:17.532","FIN_IMPL","615CA35573826868E0536AA0FD0A112A"
"AHC_BILLING","C","EARNED_REVENUE","PTB","Earned Revenue","Earned Revenue","US","2017/12/28 08:06:45.397","FIN_IMPL","2017/12/28 08:07:17.533","FIN_IMPL","615CA35573826868E0536AA0FD0A112A"
"AHC_BILLING","C","EARNED_REVENUE","NL","Earned Revenue","Earned Revenue","US","2017/12/28 08:06:45.397","FIN_IMPL","2017/12/28 08:07:17.534","FIN_IMPL","615CA35573826868E0536AA0FD0A112A"
"AHC_BILLING","C","EARNED_REVENUE","KO","Earned Revenue","Earned Revenue","US","2017/12/28 08:06:45.397","FIN_IMPL","2017/12/28 08:07:17.534","FIN_IMPL","615CA35573826868E0536AA0FD0A112A"
"AHC_BILLING","C","EARNED_REVENUE","JA","Earned Revenue","Earned Revenue","US","2017/12/28 08:06:45.396","FIN_IMPL","2017/12/28 08:07:17.535","FIN_IMPL","615CA35573826868E0536AA0FD0A112A"
"AHC_BILLING","C","EARNED_REVENUE","I","Earned Revenue","Earned Revenue","US","2017/12/28 08:06:45.396","FIN_IMPL","2017/12/28 08:07:17.536","FIN_IMPL","615CA35573826868E0536AA0FD0A112A"
"AHC_BILLING","C","EARNED_REVENUE","FRC","Earned Revenue","Earned Revenue","US","2017/12/28 08:06:45.395","FIN_IMPL","2017/12/28 08:07:17.537","FIN_IMPL","615CA35573826868E0536AA0FD0A112A"
"AHC_BILLING","C","EARNED_REVENUE","F","Earned Revenue","Earned Revenue","US","2017/12/28 08:06:45.395","FIN_IMPL","2017/12/28 08:07:17.538","FIN_IMPL","615CA35573826868E0536AA0FD0A112A"
"AHC_BILLING","C","EARNED_REVENUE","E","Earned Revenue","Earned Revenue","US","2017/12/28 08:06:45.395","FIN_IMPL","2017/12/28 08:07:17.539","FIN_IMPL","615CA35573826868E0536AA0FD0A112A"
"AHC_BILLING","C","EARNED_REVENUE","DK","Earned Revenue","Earned Revenue","US","2017/12/28 08:06:45.394","FIN_IMPL","2017/12/28 08:07:17.54","FIN_IMPL","615CA35573826868E0536AA0FD0A112A"
"AHC_BILLING","C","EARNED_REVENUE","D","Earned Revenue","Earned Revenue","US","2017/12/28 08:06:45.394","FIN_IMPL","2017/12/28 08:07:17.54","FIN_IMPL","615CA35573826868E0536AA0FD0A112A"
"AHC_BILLING","C","EARNED_REVENUE","AR","Earned Revenue","Earned Revenue","US","2017/12/28 08:06:45.392","FIN_IMPL","2017/12/28 08:07:17.541","FIN_IMPL","615CA35573826868E0536AA0FD0A112A"
"AHC_BILLING","C","EARNED_REVENUE","CS","Earned Revenue","Earned Revenue","US","2017/12/28 08:06:45.399","FIN_IMPL","2017/12/28 08:07:17.528","FIN_IMPL","615CA35573826868E0536AA0FD0A112A"
"AHC_BILLING","C","EARNED_REVENUE","HU","Earned Revenue","Earned Revenue","US","2017/12/28 08:06:45.399","FIN_IMPL","2017/12/28 08:07:17.528","FIN_IMPL","615CA35573826868E0536AA0FD0A112A"
"AHC_BILLING","C","EARNED_REVENUE","IW","Earned Revenue","Earned Revenue","US","2017/12/28 08:06:45.399","FIN_IMPL","2017/12/28 08:07:17.528","FIN_IMPL","615CA35573826868E0536AA0FD0A112A"
"AHC_BILLING","C","EARNED_REVENUE","N","Earned Revenue","Earned Revenue","US","2017/12/28 08:06:45.399","FIN_IMPL","2017/12/28 08:07:17.528","FIN_IMPL","615CA35573826868E0536AA0FD0A112A"
"AHC_BILLING","C","EARNED_REVENUE","PL","Earned Revenue","Earned Revenue","US","2017/12/28 08:06:45.399","FIN_IMPL","2017/12/28 08:07:17.528","FIN_IMPL","615CA35573826868E0536AA0FD0A112A"
"AHC_BILLING","C","EARNED_REVENUE","RO","Earned Revenue","Earned Revenue","US","2017/12/28 08:06:45.399","FIN_IMPL","2017/12/28 08:07:17.528","FIN_IMPL","615CA35573826868E0536AA0FD0A112A"
"AHC_BILLING","C","CUSTOMER_RECEIVABLE","ZHT","Customer Receivable","Customer Receivable","US","2017/12/28 08:06:08.305","FIN_IMPL","2017/12/28 08:07:17.469","FIN_IMPL","615CA35573826868E0536AA0FD0A112A"
"AHC_BILLING","C","CUSTOMER_RECEIVABLE","ZHS","Customer Receivable","Customer Receivable","US","2017/12/28 08:06:08.305","FIN_IMPL","2017/12/28 08:07:17.476","FIN_IMPL","615CA35573826868E0536AA0FD0A112A"
"AHC_BILLING","C","CUSTOMER_RECEIVABLE","US","Customer Receivable","Customer Receivable","US","2017/12/28 08:06:08.304","FIN_IMPL","2017/12/28 08:07:17.477","FIN_IMPL","615CA35573826868E0536AA0FD0A112A"
"AHC_BILLING","C","CUSTOMER_RECEIVABLE","TR","Customer Receivable","Customer Receivable","US","2017/12/28 08:06:08.304","FIN_IMPL","2017/12/28 08:07:17.479","FIN_IMPL","615CA35573826868E0536AA0FD0A112A"
"AHC_BILLING","C","CUSTOMER_RECEIVABLE","TH","Customer Receivable","Customer Receivable","US","2017/12/28 08:06:08.304","FIN_IMPL","2017/12/28 08:07:17.481","FIN_IMPL","615CA35573826868E0536AA0FD0A112A"
"AHC_BILLING","C","CUSTOMER_RECEIVABLE","SF","Customer Receivable","Customer Receivable","US","2017/12/28 08:06:08.303","FIN_IMPL","2017/12/28 08:07:17.482","FIN_IMPL","615CA35573826868E0536AA0FD0A112A"
"AHC_BILLING","C","CUSTOMER_RECEIVABLE","S","Customer Receivable","Customer Receivable","US","2017/12/28 08:06:08.303","FIN_IMPL","2017/12/28 08:07:17.483","FIN_IMPL","615CA35573826868E0536AA0FD0A112A"
"AHC_BILLING","C","CUSTOMER_RECEIVABLE","RU","Customer Receivable","Customer Receivable","US","2017/12/28 08:06:08.303","FIN_IMPL","2017/12/28 08:07:17.484","FIN_IMPL","615CA35573826868E0536AA0FD0A112A"
"AHC_BILLING","C","CUSTOMER_RECEIVABLE","PTB","Customer Receivable","Customer Receivable","US","2017/12/28 08:06:08.302","FIN_IMPL","2017/12/28 08:07:17.485","FIN_IMPL","615CA35573826868E0536AA0FD0A112A"
"AHC_BILLING","C","CUSTOMER_RECEIVABLE","NL","Customer Receivable","Customer Receivable","US","2017/12/28 08:06:08.302","FIN_IMPL","2017/12/28 08:07:17.486","FIN_IMPL","615CA35573826868E0536AA0FD0A112A"
"AHC_BILLING","C","CUSTOMER_RECEIVABLE","KO","Customer Receivable","Customer Receivable","US","2017/12/28 08:06:08.302","FIN_IMPL","2017/12/28 08:07:17.487","FIN_IMPL","615CA35573826868E0536AA0FD0A112A"
"AHC_BILLING","C","CUSTOMER_RECEIVABLE","JA","Customer Receivable","Customer Receivable","US","2017/12/28 08:06:08.301","FIN_IMPL","2017/12/28 08:07:17.488","FIN_IMPL","615CA35573826868E0536AA0FD0A112A"
"AHC_BILLING","C","CUSTOMER_RECEIVABLE","I","Customer Receivable","Customer Receivable","US","2017/12/28 08:06:08.301","FIN_IMPL","2017/12/28 08:07:17.489","FIN_IMPL","615CA35573826868E0536AA0FD0A112A"
"AHC_BILLING","C","CUSTOMER_RECEIVABLE","FRC","Customer Receivable","Customer Receivable","US","2017/12/28 08:06:08.301","FIN_IMPL","2017/12/28 08:07:17.49","FIN_IMPL","615CA35573826868E0536AA0FD0A112A"
"AHC_BILLING","C","CUSTOMER_RECEIVABLE","F","Customer Receivable","Customer Receivable","US","2017/12/28 08:06:08.3","FIN_IMPL","2017/12/28 08:07:17.491","FIN_IMPL","615CA35573826868E0536AA0FD0A112A"
"AHC_BILLING","C","CUSTOMER_RECEIVABLE","E","Customer Receivable","Customer Receivable","US","2017/12/28 08:06:08.3","FIN_IMPL","2017/12/28 08:07:17.492","FIN_IMPL","615CA35573826868E0536AA0FD0A112A"
"AHC_BILLING","C","CUSTOMER_RECEIVABLE","DK","Customer Receivable","Customer Receivable","US","2017/12/28 08:06:08.3","FIN_IMPL","2017/12/28 08:07:17.492","FIN_IMPL","615CA35573826868E0536AA0FD0A112A"
"AHC_BILLING","C","CUSTOMER_RECEIVABLE","D","Customer Receivable","Customer Receivable","US","2017/12/28 08:06:08.299","FIN_IMPL","2017/12/28 08:07:17.493","FIN_IMPL","615CA35573826868E0536AA0FD0A112A"
"AHC_BILLING","C","CUSTOMER_RECEIVABLE","AR","Customer Receivable","Customer Receivable","US","2017/12/28 08:06:08.298","FIN_IMPL","2017/12/28 08:07:17.494","FIN_IMPL","615CA35573826868E0536AA0FD0A112A"
"AHC_BILLING","C","CUSTOMER_RECEIVABLE","CS","Customer Receivable","Customer Receivable","US","2017/12/28 08:06:08.304","FIN_IMPL","2017/12/28 08:07:17.477","FIN_IMPL","615CA35573826868E0536AA0FD0A112A"
"AHC_BILLING","C","CUSTOMER_RECEIVABLE","HU","Customer Receivable","Customer Receivable","US","2017/12/28 08:06:08.304","FIN_IMPL","2017/12/28 08:07:17.477","FIN_IMPL","615CA35573826868E0536AA0FD0A112A"
"AHC_BILLING","C","CUSTOMER_RECEIVABLE","IW","Customer Receivable","Customer Receivable","US","2017/12/28 08:06:08.304","FIN_IMPL","2017/12/28 08:07:17.477","FIN_IMPL","615CA35573826868E0536AA0FD0A112A"
"AHC_BILLING","C","CUSTOMER_RECEIVABLE","N","Customer Receivable","Customer Receivable","US","2017/12/28 08:06:08.304","FIN_IMPL","2017/12/28 08:07:17.477","FIN_IMPL","615CA35573826868E0536AA0FD0A112A"
"AHC_BILLING","C","CUSTOMER_RECEIVABLE","PL","Customer Receivable","Customer Receivable","US","2017/12/28 08:06:08.304","FIN_IMPL","2017/12/28 08:07:17.477","FIN_IMPL","615CA35573826868E0536AA0FD0A112A"
"AHC_BILLING","C","CUSTOMER_RECEIVABLE","RO","Customer Receivable","Customer Receivable","US","2017/12/28 08:06:08.304","FIN_IMPL","2017/12/28 08:07:17.477","FIN_IMPL","615CA35573826868E0536AA0FD0A112A"
"AHC_LOAN","C","LOAN_LINE_TYPE","ZHT","Loan Line Type","","US","2017/10/31 19:35:26.829","FIN_IMPL","2017/10/31 19:37:24.371","FIN_IMPL","5CDD64D10D700A45E0538DADFD0AC4D8"
"AHC_LOAN","C","LOAN_LINE_TYPE","ZHS","Loan Line Type","","US","2017/10/31 19:35:26.829","FIN_IMPL","2017/10/31 19:37:24.372","FIN_IMPL","5CDD64D10D700A45E0538DADFD0AC4D8"
"AHC_LOAN","C","LOAN_LINE_TYPE","TR","Loan Line Type","","US","2017/10/31 19:35:26.828","FIN_IMPL","2017/10/31 19:37:24.373","FIN_IMPL","5CDD64D10D700A45E0538DADFD0AC4D8"
"AHC_LOAN","C","LOAN_LINE_TYPE","TH","Loan Line Type","","US","2017/10/31 19:35:26.827","FIN_IMPL","2017/10/31 19:37:24.375","FIN_IMPL","5CDD64D10D700A45E0538DADFD0AC4D8"
"AHC_LOAN","C","LOAN_LINE_TYPE","SF","Loan Line Type","","US","2017/10/31 19:35:26.827","FIN_IMPL","2017/10/31 19:37:24.376","FIN_IMPL","5CDD64D10D700A45E0538DADFD0AC4D8"
"AHC_LOAN","C","LOAN_LINE_TYPE","S","Loan Line Type","","US","2017/10/31 19:35:26.826","FIN_IMPL","2017/10/31 19:37:24.377","FIN_IMPL","5CDD64D10D700A45E0538DADFD0AC4D8"
"AHC_LOAN","C","LOAN_LINE_TYPE","RU","Loan Line Type","","US","2017/10/31 19:35:26.825","FIN_IMPL","2017/10/31 19:37:24.378","FIN_IMPL","5CDD64D10D700A45E0538DADFD0AC4D8"
"AHC_LOAN","C","LOAN_LINE_TYPE","PTB","Loan Line Type","","US","2017/10/31 19:35:26.824","FIN_IMPL","2017/10/31 19:37:24.379","FIN_IMPL","5CDD64D10D700A45E0538DADFD0AC4D8"
"AHC_LOAN","C","LOAN_LINE_TYPE","NL","Loan Line Type","","US","2017/10/31 19:35:26.824","FIN_IMPL","2017/10/31 19:37:24.38","FIN_IMPL","5CDD64D10D700A45E0538DADFD0AC4D8"
"AHC_LOAN","C","LOAN_LINE_TYPE","KO","Loan Line Type","","US","2017/10/31 19:35:26.823","FIN_IMPL","2017/10/31 19:37:24.381","FIN_IMPL","5CDD64D10D700A45E0538DADFD0AC4D8"
"AHC_LOAN","C","LOAN_LINE_TYPE","JA","Loan Line Type","","US","2017/10/31 19:35:26.822","FIN_IMPL","2017/10/31 19:37:24.382","FIN_IMPL","5CDD64D10D700A45E0538DADFD0AC4D8"
"AHC_LOAN","C","LOAN_LINE_TYPE","I","Loan Line Type","","US","2017/10/31 19:35:26.821","FIN_IMPL","2017/10/31 19:37:24.383","FIN_IMPL","5CDD64D10D700A45E0538DADFD0AC4D8"
"AHC_LOAN","C","LOAN_LINE_TYPE","FRC","Loan Line Type","","US","2017/10/31 19:35:26.821","FIN_IMPL","2017/10/31 19:37:24.384","FIN_IMPL","5CDD64D10D700A45E0538DADFD0AC4D8"
"AHC_LOAN","C","LOAN_LINE_TYPE","F","Loan Line Type","","US","2017/10/31 19:35:26.82","FIN_IMPL","2017/10/31 19:37:24.385","FIN_IMPL","5CDD64D10D700A45E0538DADFD0AC4D8"
"AHC_LOAN","C","LOAN_LINE_TYPE","E","Loan Line Type","","US","2017/10/31 19:35:26.819","FIN_IMPL","2017/10/31 19:37:24.386","FIN_IMPL","5CDD64D10D700A45E0538DADFD0AC4D8"
"AHC_LOAN","C","LOAN_LINE_TYPE","DK","Loan Line Type","","US","2017/10/31 19:35:26.818","FIN_IMPL","2017/10/31 19:37:24.387","FIN_IMPL","5CDD64D10D700A45E0538DADFD0AC4D8"
"AHC_LOAN","C","LOAN_LINE_TYPE","D","Loan Line Type","","US","2017/10/31 19:35:26.818","FIN_IMPL","2017/10/31 19:37:24.388","FIN_IMPL","5CDD64D10D700A45E0538DADFD0AC4D8"
"AHC_LOAN","C","LOAN_LINE_TYPE","AR","Loan Line Type","","US","2017/10/31 19:35:26.817","FIN_IMPL","2017/10/31 19:37:24.389","FIN_IMPL","5CDD64D10D700A45E0538DADFD0AC4D8"
"AHC_LOAN","C","LOAN_LINE_TYPE","US","Loan Line Type","","US","2017/10/31 19:35:26.816","FIN_IMPL","2017/10/31 19:37:24.39","FIN_IMPL","5CDD64D10D700A45E0538DADFD0AC4D8"
"AHC_LOAN","C","LOAN_LINE_TYPE","CS","Loan Line Type","","US","2017/10/31 19:35:26.816","FIN_IMPL","2017/10/31 19:37:24.39","FIN_IMPL","5CDD64D10D700A45E0538DADFD0AC4D8"
"AHC_LOAN","C","LOAN_LINE_TYPE","HU","Loan Line Type","","US","2017/10/31 19:35:26.816","FIN_IMPL","2017/10/31 19:37:24.39","FIN_IMPL","5CDD64D10D700A45E0538DADFD0AC4D8"
"AHC_LOAN","C","LOAN_LINE_TYPE","IW","Loan Line Type","","US","2017/10/31 19:35:26.816","FIN_IMPL","2017/10/31 19:37:24.39","FIN_IMPL","5CDD64D10D700A45E0538DADFD0AC4D8"
"AHC_LOAN","C","LOAN_LINE_TYPE","N","Loan Line Type","","US","2017/10/31 19:35:26.816","FIN_IMPL","2017/10/31 19:37:24.39","FIN_IMPL","5CDD64D10D700A45E0538DADFD0AC4D8"
"AHC_LOAN","C","LOAN_LINE_TYPE","PL","Loan Line Type","","US","2017/10/31 19:35:26.816","FIN_IMPL","2017/10/31 19:37:24.39","FIN_IMPL","5CDD64D10D700A45E0538DADFD0AC4D8"
"AHC_LOAN","C","LOAN_LINE_TYPE","RO","Loan Line Type","","US","2017/10/31 19:35:26.816","FIN_IMPL","2017/10/31 19:37:24.39","FIN_IMPL","5CDD64D10D700A45E0538DADFD0AC4D8"
"AHC_LOAN","C","YEAR_IN_DESCRIPTION","ZHT","Year in description","","US","2017/10/31 19:32:25.25","FIN_IMPL","2017/10/31 19:37:24.327","FIN_IMPL","5CDD64D10D700A45E0538DADFD0AC4D8"
"AHC_LOAN","C","YEAR_IN_DESCRIPTION","ZHS","Year in description","","US","2017/10/31 19:32:25.25","FIN_IMPL","2017/10/31 19:37:24.331","FIN_IMPL","5CDD64D10D700A45E0538DADFD0AC4D8"
"AHC_LOAN","C","YEAR_IN_DESCRIPTION","TR","Year in description","","US","2017/10/31 19:32:25.25","FIN_IMPL","2017/10/31 19:37:24.332","FIN_IMPL","5CDD64D10D700A45E0538DADFD0AC4D8"
"AHC_LOAN","C","YEAR_IN_DESCRIPTION","TH","Year in description","","US","2017/10/31 19:32:25.249","FIN_IMPL","2017/10/31 19:37:24.334","FIN_IMPL","5CDD64D10D700A45E0538DADFD0AC4D8"
"AHC_LOAN","C","YEAR_IN_DESCRIPTION","SF","Year in description","","US","2017/10/31 19:32:25.249","FIN_IMPL","2017/10/31 19:37:24.336","FIN_IMPL","5CDD64D10D700A45E0538DADFD0AC4D8"
"AHC_LOAN","C","YEAR_IN_DESCRIPTION","S","Year in description","","US","2017/10/31 19:32:25.249","FIN_IMPL","2017/10/31 19:37:24.337","FIN_IMPL","5CDD64D10D700A45E0538DADFD0AC4D8"
"AHC_LOAN","C","YEAR_IN_DESCRIPTION","RU","Year in description","","US","2017/10/31 19:32:25.249","FIN_IMPL","2017/10/31 19:37:24.339","FIN_IMPL","5CDD64D10D700A45E0538DADFD0AC4D8"
"AHC_LOAN","C","YEAR_IN_DESCRIPTION","PTB","Year in description","","US","2017/10/31 19:32:25.248","FIN_IMPL","2017/10/31 19:37:24.34","FIN_IMPL","5CDD64D10D700A45E0538DADFD0AC4D8"
"AHC_LOAN","C","YEAR_IN_DESCRIPTION","NL","Year in description","","US","2017/10/31 19:32:25.248","FIN_IMPL","2017/10/31 19:37:24.341","FIN_IMPL","5CDD64D10D700A45E0538DADFD0AC4D8"
"AHC_LOAN","C","YEAR_IN_DESCRIPTION","KO","Year in description","","US","2017/10/31 19:32:25.248","FIN_IMPL","2017/10/31 19:37:24.342","FIN_IMPL","5CDD64D10D700A45E0538DADFD0AC4D8"
"AHC_LOAN","C","YEAR_IN_DESCRIPTION","JA","Year in description","","US","2017/10/31 19:32:25.248","FIN_IMPL","2017/10/31 19:37:24.343","FIN_IMPL","5CDD64D10D700A45E0538DADFD0AC4D8"
"AHC_LOAN","C","YEAR_IN_DESCRIPTION","I","Year in description","","US","2017/10/31 19:32:25.247","FIN_IMPL","2017/10/31 19:37:24.344","FIN_IMPL","5CDD64D10D700A45E0538DADFD0AC4D8"
"AHC_LOAN","C","YEAR_IN_DESCRIPTION","FRC","Year in description","","US","2017/10/31 19:32:25.247","FIN_IMPL","2017/10/31 19:37:24.345","FIN_IMPL","5CDD64D10D700A45E0538DADFD0AC4D8"
"AHC_LOAN","C","YEAR_IN_DESCRIPTION","F","Year in description","","US","2017/10/31 19:32:25.247","FIN_IMPL","2017/10/31 19:37:24.346","FIN_IMPL","5CDD64D10D700A45E0538DADFD0AC4D8"
"AHC_LOAN","C","YEAR_IN_DESCRIPTION","E","Year in description","","US","2017/10/31 19:32:25.247","FIN_IMPL","2017/10/31 19:37:24.347","FIN_IMPL","5CDD64D10D700A45E0538DADFD0AC4D8"
"AHC_LOAN","C","YEAR_IN_DESCRIPTION","DK","Year in description","","US","2017/10/31 19:32:25.246","FIN_IMPL","2017/10/31 19:37:24.348","FIN_IMPL","5CDD64D10D700A45E0538DADFD0AC4D8"
"AHC_LOAN","C","YEAR_IN_DESCRIPTION","D","Year in description","","US","2017/10/31 19:32:25.246","FIN_IMPL","2017/10/31 19:37:24.349","FIN_IMPL","5CDD64D10D700A45E0538DADFD0AC4D8"
"AHC_LOAN","C","YEAR_IN_DESCRIPTION","AR","Year in description","","US","2017/10/31 19:32:25.246","FIN_IMPL","2017/10/31 19:37:24.35","FIN_IMPL","5CDD64D10D700A45E0538DADFD0AC4D8"
"AHC_LOAN","C","YEAR_IN_DESCRIPTION","US","Year in description","","US","2017/10/31 19:32:25.245","FIN_IMPL","2017/10/31 19:37:24.351","FIN_IMPL","5CDD64D10D700A45E0538DADFD0AC4D8"
"AHC_LOAN","C","YEAR_IN_DESCRIPTION","CS","Year in description","","US","2017/10/31 19:32:25.245","FIN_IMPL","2017/10/31 19:37:24.351","FIN_IMPL","5CDD64D10D700A45E0538DADFD0AC4D8"
"AHC_LOAN","C","YEAR_IN_DESCRIPTION","HU","Year in description","","US","2017/10/31 19:32:25.245","FIN_IMPL","2017/10/31 19:37:24.351","FIN_IMPL","5CDD64D10D700A45E0538DADFD0AC4D8"
"AHC_LOAN","C","YEAR_IN_DESCRIPTION","IW","Year in description","","US","2017/10/31 19:32:25.245","FIN_IMPL","2017/10/31 19:37:24.351","FIN_IMPL","5CDD64D10D700A45E0538DADFD0AC4D8"
"AHC_LOAN","C","YEAR_IN_DESCRIPTION","N","Year in description","","US","2017/10/31 19:32:25.245","FIN_IMPL","2017/10/31 19:37:24.351","FIN_IMPL","5CDD64D10D700A45E0538DADFD0AC4D8"
"AHC_LOAN","C","YEAR_IN_DESCRIPTION","PL","Year in description","","US","2017/10/31 19:32:25.245","FIN_IMPL","2017/10/31 19:37:24.351","FIN_IMPL","5CDD64D10D700A45E0538DADFD0AC4D8"
"AHC_LOAN","C","YEAR_IN_DESCRIPTION","RO","Year in description","","US","2017/10/31 19:32:25.245","FIN_IMPL","2017/10/31 19:37:24.351","FIN_IMPL","5CDD64D10D700A45E0538DADFD0AC4D8"
"AHC_INSURANCE","C","EARNED_PREMIUM","ZHT","Earned Premium","Earned Premium","US","2018/03/06 05:59:57.622","FIN_IMPL","2018/03/06 06:02:34.048","FIN_IMPL","66B8A4FCD0219AA4E053E9A7FD0A5DFE"
"AHC_INSURANCE","C","EARNED_PREMIUM","ZHS","Earned Premium","Earned Premium","US","2018/03/06 05:59:57.621","FIN_IMPL","2018/03/06 06:02:34.049","FIN_IMPL","66B8A4FCD0219AA4E053E9A7FD0A5DFE"
"AHC_INSURANCE","C","EARNED_PREMIUM","US","Earned Premium","Earned Premium","US","2018/03/06 05:59:57.621","FIN_IMPL","2018/03/06 06:02:34.05","FIN_IMPL","66B8A4FCD0219AA4E053E9A7FD0A5DFE"
"AHC_INSURANCE","C","EARNED_PREMIUM","TR","Earned Premium","Earned Premium","US","2018/03/06 05:59:57.621","FIN_IMPL","2018/03/06 06:02:34.05","FIN_IMPL","66B8A4FCD0219AA4E053E9A7FD0A5DFE"
"AHC_INSURANCE","C","EARNED_PREMIUM","TH","Earned Premium","Earned Premium","US","2018/03/06 05:59:57.62","FIN_IMPL","2018/03/06 06:02:34.051","FIN_IMPL","66B8A4FCD0219AA4E053E9A7FD0A5DFE"
"AHC_INSURANCE","C","EARNED_PREMIUM","SF","Earned Premium","Earned Premium","US","2018/03/06 05:59:57.62","FIN_IMPL","2018/03/06 06:02:34.051","FIN_IMPL","66B8A4FCD0219AA4E053E9A7FD0A5DFE"
"AHC_INSURANCE","C","EARNED_PREMIUM","S","Earned Premium","Earned Premium","US","2018/03/06 05:59:57.62","FIN_IMPL","2018/03/06 06:02:34.052","FIN_IMPL","66B8A4FCD0219AA4E053E9A7FD0A5DFE"
"AHC_INSURANCE","C","EARNED_PREMIUM","RU","Earned Premium","Earned Premium","US","2018/03/06 05:59:57.619","FIN_IMPL","2018/03/06 06:02:34.053","FIN_IMPL","66B8A4FCD0219AA4E053E9A7FD0A5DFE"
"AHC_INSURANCE","C","EARNED_PREMIUM","RO","Earned Premium","Earned Premium","US","2018/03/06 05:59:57.619","FIN_IMPL","2018/03/06 06:02:34.053","FIN_IMPL","66B8A4FCD0219AA4E053E9A7FD0A5DFE"
"AHC_INSURANCE","C","EARNED_PREMIUM","PTB","Earned Premium","Earned Premium","US","2018/03/06 05:59:57.619","FIN_IMPL","2018/03/06 06:02:34.054","FIN_IMPL","66B8A4FCD0219AA4E053E9A7FD0A5DFE"
"AHC_INSURANCE","C","EARNED_PREMIUM","PL","Earned Premium","Earned Premium","US","2018/03/06 05:59:57.618","FIN_IMPL","2018/03/06 06:02:34.054","FIN_IMPL","66B8A4FCD0219AA4E053E9A7FD0A5DFE"
"AHC_INSURANCE","C","EARNED_PREMIUM","NL","Earned Premium","Earned Premium","US","2018/03/06 05:59:57.618","FIN_IMPL","2018/03/06 06:02:34.055","FIN_IMPL","66B8A4FCD0219AA4E053E9A7FD0A5DFE"
"AHC_INSURANCE","C","EARNED_PREMIUM","N","Earned Premium","Earned Premium","US","2018/03/06 05:59:57.618","FIN_IMPL","2018/03/06 06:02:34.056","FIN_IMPL","66B8A4FCD0219AA4E053E9A7FD0A5DFE"
"AHC_INSURANCE","C","EARNED_PREMIUM","KO","Earned Premium","Earned Premium","US","2018/03/06 05:59:57.617","FIN_IMPL","2018/03/06 06:02:34.056","FIN_IMPL","66B8A4FCD0219AA4E053E9A7FD0A5DFE"
"AHC_INSURANCE","C","EARNED_PREMIUM","JA","Earned Premium","Earned Premium","US","2018/03/06 05:59:57.617","FIN_IMPL","2018/03/06 06:02:34.057","FIN_IMPL","66B8A4FCD0219AA4E053E9A7FD0A5DFE"
"AHC_INSURANCE","C","EARNED_PREMIUM","IW","Earned Premium","Earned Premium","US","2018/03/06 05:59:57.617","FIN_IMPL","2018/03/06 06:02:34.058","FIN_IMPL","66B8A4FCD0219AA4E053E9A7FD0A5DFE"
"AHC_INSURANCE","C","EARNED_PREMIUM","I","Earned Premium","Earned Premium","US","2018/03/06 05:59:57.617","FIN_IMPL","2018/03/06 06:02:34.058","FIN_IMPL","66B8A4FCD0219AA4E053E9A7FD0A5DFE"
"AHC_INSURANCE","C","EARNED_PREMIUM","HU","Earned Premium","Earned Premium","US","2018/03/06 05:59:57.616","FIN_IMPL","2018/03/06 06:02:34.059","FIN_IMPL","66B8A4FCD0219AA4E053E9A7FD0A5DFE"
"AHC_INSURANCE","C","EARNED_PREMIUM","FRC","Earned Premium","Earned Premium","US","2018/03/06 05:59:57.616","FIN_IMPL","2018/03/06 06:02:34.059","FIN_IMPL","66B8A4FCD0219AA4E053E9A7FD0A5DFE"
"AHC_INSURANCE","C","EARNED_PREMIUM","F","Earned Premium","Earned Premium","US","2018/03/06 05:59:57.616","FIN_IMPL","2018/03/06 06:02:34.06","FIN_IMPL","66B8A4FCD0219AA4E053E9A7FD0A5DFE"
"AHC_INSURANCE","C","EARNED_PREMIUM","E","Earned Premium","Earned Premium","US","2018/03/06 05:59:57.615","FIN_IMPL","2018/03/06 06:02:34.061","FIN_IMPL","66B8A4FCD0219AA4E053E9A7FD0A5DFE"
"AHC_INSURANCE","C","EARNED_PREMIUM","DK","Earned Premium","Earned Premium","US","2018/03/06 05:59:57.615","FIN_IMPL","2018/03/06 06:02:34.061","FIN_IMPL","66B8A4FCD0219AA4E053E9A7FD0A5DFE"
"AHC_INSURANCE","C","EARNED_PREMIUM","D","Earned Premium","Earned Premium","US","2018/03/06 05:59:57.615","FIN_IMPL","2018/03/06 06:02:34.062","FIN_IMPL","66B8A4FCD0219AA4E053E9A7FD0A5DFE"
"AHC_INSURANCE","C","EARNED_PREMIUM","CS","Earned Premium","Earned Premium","US","2018/03/06 05:59:57.614","FIN_IMPL","2018/03/06 06:02:34.062","FIN_IMPL","66B8A4FCD0219AA4E053E9A7FD0A5DFE"
"AHC_INSURANCE","C","EARNED_PREMIUM","AR","Earned Premium","Earned Premium","US","2018/03/06 05:59:57.614","FIN_IMPL","2018/03/06 06:02:34.063","FIN_IMPL","66B8A4FCD0219AA4E053E9A7FD0A5DFE"
"AHC_LOAN","C","LOAN_FEE_PRORATE_BY_DAYS","ZHT","Loan Fee Prorate by Days","","US","2017/10/31 19:21:38.186","FIN_IMPL","2017/10/31 19:31:16.752","FIN_IMPL","5CDD8909EA6D18B9E0538DADFD0A4CE8"
"AHC_LOAN","C","LOAN_FEE_PRORATE_BY_DAYS","ZHS","Loan Fee Prorate by Days","","US","2017/10/31 19:21:38.186","FIN_IMPL","2017/10/31 19:31:16.763","FIN_IMPL","5CDD8909EA6D18B9E0538DADFD0A4CE8"
"AHC_LOAN","C","LOAN_FEE_PRORATE_BY_DAYS","TR","Loan Fee Prorate by Days","","US","2017/10/31 19:21:38.185","FIN_IMPL","2017/10/31 19:31:16.764","FIN_IMPL","5CDD8909EA6D18B9E0538DADFD0A4CE8"
"AHC_LOAN","C","LOAN_FEE_PRORATE_BY_DAYS","TH","Loan Fee Prorate by Days","","US","2017/10/31 19:21:38.185","FIN_IMPL","2017/10/31 19:31:16.765","FIN_IMPL","5CDD8909EA6D18B9E0538DADFD0A4CE8"
"AHC_LOAN","C","LOAN_FEE_PRORATE_BY_DAYS","SF","Loan Fee Prorate by Days","","US","2017/10/31 19:21:38.184","FIN_IMPL","2017/10/31 19:31:16.766","FIN_IMPL","5CDD8909EA6D18B9E0538DADFD0A4CE8"
"AHC_LOAN","C","LOAN_FEE_PRORATE_BY_DAYS","S","Loan Fee Prorate by Days","","US","2017/10/31 19:21:38.183","FIN_IMPL","2017/10/31 19:31:16.766","FIN_IMPL","5CDD8909EA6D18B9E0538DADFD0A4CE8"
"AHC_LOAN","C","LOAN_FEE_PRORATE_BY_DAYS","RU","Loan Fee Prorate by Days","","US","2017/10/31 19:21:38.182","FIN_IMPL","2017/10/31 19:31:16.767","FIN_IMPL","5CDD8909EA6D18B9E0538DADFD0A4CE8"
"AHC_LOAN","C","LOAN_FEE_PRORATE_BY_DAYS","PTB","Loan Fee Prorate by Days","","US","2017/10/31 19:21:38.182","FIN_IMPL","2017/10/31 19:31:16.768","FIN_IMPL","5CDD8909EA6D18B9E0538DADFD0A4CE8"
"AHC_LOAN","C","LOAN_FEE_PRORATE_BY_DAYS","NL","Loan Fee Prorate by Days","","US","2017/10/31 19:21:38.181","FIN_IMPL","2017/10/31 19:31:16.769","FIN_IMPL","5CDD8909EA6D18B9E0538DADFD0A4CE8"
"AHC_LOAN","C","LOAN_FEE_PRORATE_BY_DAYS","KO","Loan Fee Prorate by Days","","US","2017/10/31 19:21:38.181","FIN_IMPL","2017/10/31 19:31:16.77","FIN_IMPL","5CDD8909EA6D18B9E0538DADFD0A4CE8"
"AHC_LOAN","C","LOAN_FEE_PRORATE_BY_DAYS","JA","Loan Fee Prorate by Days","","US","2017/10/31 19:21:38.18","FIN_IMPL","2017/10/31 19:31:16.771","FIN_IMPL","5CDD8909EA6D18B9E0538DADFD0A4CE8"
"AHC_LOAN","C","LOAN_FEE_PRORATE_BY_DAYS","I","Loan Fee Prorate by Days","","US","2017/10/31 19:21:38.179","FIN_IMPL","2017/10/31 19:31:16.772","FIN_IMPL","5CDD8909EA6D18B9E0538DADFD0A4CE8"
"AHC_LOAN","C","LOAN_FEE_PRORATE_BY_DAYS","FRC","Loan Fee Prorate by Days","","US","2017/10/31 19:21:38.179","FIN_IMPL","2017/10/31 19:31:16.773","FIN_IMPL","5CDD8909EA6D18B9E0538DADFD0A4CE8"
"AHC_LOAN","C","LOAN_FEE_PRORATE_BY_DAYS","F","Loan Fee Prorate by Days","","US","2017/10/31 19:21:38.178","FIN_IMPL","2017/10/31 19:31:16.774","FIN_IMPL","5CDD8909EA6D18B9E0538DADFD0A4CE8"
"AHC_LOAN","C","LOAN_FEE_PRORATE_BY_DAYS","E","Loan Fee Prorate by Days","","US","2017/10/31 19:21:38.177","FIN_IMPL","2017/10/31 19:31:16.774","FIN_IMPL","5CDD8909EA6D18B9E0538DADFD0A4CE8"
"AHC_LOAN","C","LOAN_FEE_PRORATE_BY_DAYS","DK","Loan Fee Prorate by Days","","US","2017/10/31 19:21:38.177","FIN_IMPL","2017/10/31 19:31:16.776","FIN_IMPL","5CDD8909EA6D18B9E0538DADFD0A4CE8"
"AHC_LOAN","C","LOAN_FEE_PRORATE_BY_DAYS","D","Loan Fee Prorate by Days","","US","2017/10/31 19:21:38.176","FIN_IMPL","2017/10/31 19:31:16.777","FIN_IMPL","5CDD8909EA6D18B9E0538DADFD0A4CE8"
"AHC_LOAN","C","LOAN_FEE_PRORATE_BY_DAYS","AR","Loan Fee Prorate by Days","","US","2017/10/31 19:21:38.174","FIN_IMPL","2017/10/31 19:31:16.778","FIN_IMPL","5CDD8909EA6D18B9E0538DADFD0A4CE8"
"AHC_LOAN","C","LOAN_FEE_PRORATE_BY_DAYS","US","Loan Fee Prorate by Days","","US","2017/10/31 19:21:38.173","FIN_IMPL","2017/10/31 19:31:16.778","FIN_IMPL","5CDD8909EA6D18B9E0538DADFD0A4CE8"
"AHC_LOAN","C","LOAN_FEE_PRORATE_BY_DAYS","CS","Loan Fee Prorate by Days","","US","2017/10/31 19:21:38.173","FIN_IMPL","2017/10/31 19:31:16.778","FIN_IMPL","5CDD8909EA6D18B9E0538DADFD0A4CE8"
"AHC_LOAN","C","LOAN_FEE_PRORATE_BY_DAYS","HU","Loan Fee Prorate by Days","","US","2017/10/31 19:21:38.173","FIN_IMPL","2017/10/31 19:31:16.778","FIN_IMPL","5CDD8909EA6D18B9E0538DADFD0A4CE8"
"AHC_LOAN","C","LOAN_FEE_PRORATE_BY_DAYS","IW","Loan Fee Prorate by Days","","US","2017/10/31 19:21:38.173","FIN_IMPL","2017/10/31 19:31:16.778","FIN_IMPL","5CDD8909EA6D18B9E0538DADFD0A4CE8"
"AHC_LOAN","C","LOAN_FEE_PRORATE_BY_DAYS","N","Loan Fee Prorate by Days","","US","2017/10/31 19:21:38.173","FIN_IMPL","2017/10/31 19:31:16.778","FIN_IMPL","5CDD8909EA6D18B9E0538DADFD0A4CE8"
"AHC_LOAN","C","LOAN_FEE_PRORATE_BY_DAYS","PL","Loan Fee Prorate by Days","","US","2017/10/31 19:21:38.173","FIN_IMPL","2017/10/31 19:31:16.778","FIN_IMPL","5CDD8909EA6D18B9E0538DADFD0A4CE8"
"AHC_LOAN","C","LOAN_FEE_PRORATE_BY_DAYS","RO","Loan Fee Prorate by Days","","US","2017/10/31 19:21:38.173","FIN_IMPL","2017/10/31 19:31:16.778","FIN_IMPL","5CDD8909EA6D18B9E0538DADFD0A4CE8"
"AHC_INSURANCE","C","REINSURANCE_AMOUNT","ZHT","Reinsurance Amount","Reinsurance Amount","US","2018/03/06 06:01:42.246","FIN_IMPL","2018/03/06 06:02:34.073","FIN_IMPL","66B8A4FCD0219AA4E053E9A7FD0A5DFE"
"AHC_INSURANCE","C","REINSURANCE_AMOUNT","ZHS","Reinsurance Amount","Reinsurance Amount","US","2018/03/06 06:01:42.246","FIN_IMPL","2018/03/06 06:02:34.074","FIN_IMPL","66B8A4FCD0219AA4E053E9A7FD0A5DFE"
"AHC_INSURANCE","C","REINSURANCE_AMOUNT","US","Reinsurance Amount","Reinsurance Amount","US","2018/03/06 06:01:42.245","FIN_IMPL","2018/03/06 06:02:34.075","FIN_IMPL","66B8A4FCD0219AA4E053E9A7FD0A5DFE"
"AHC_INSURANCE","C","REINSURANCE_AMOUNT","TR","Reinsurance Amount","Reinsurance Amount","US","2018/03/06 06:01:42.245","FIN_IMPL","2018/03/06 06:02:34.075","FIN_IMPL","66B8A4FCD0219AA4E053E9A7FD0A5DFE"
"AHC_INSURANCE","C","REINSURANCE_AMOUNT","TH","Reinsurance Amount","Reinsurance Amount","US","2018/03/06 06:01:42.245","FIN_IMPL","2018/03/06 06:02:34.076","FIN_IMPL","66B8A4FCD0219AA4E053E9A7FD0A5DFE"
"AHC_INSURANCE","C","REINSURANCE_AMOUNT","SF","Reinsurance Amount","Reinsurance Amount","US","2018/03/06 06:01:42.244","FIN_IMPL","2018/03/06 06:02:34.076","FIN_IMPL","66B8A4FCD0219AA4E053E9A7FD0A5DFE"
"AHC_INSURANCE","C","REINSURANCE_AMOUNT","S","Reinsurance Amount","Reinsurance Amount","US","2018/03/06 06:01:42.244","FIN_IMPL","2018/03/06 06:02:34.077","FIN_IMPL","66B8A4FCD0219AA4E053E9A7FD0A5DFE"
"AHC_INSURANCE","C","REINSURANCE_AMOUNT","RU","Reinsurance Amount","Reinsurance Amount","US","2018/03/06 06:01:42.244","FIN_IMPL","2018/03/06 06:02:34.077","FIN_IMPL","66B8A4FCD0219AA4E053E9A7FD0A5DFE"
"AHC_INSURANCE","C","REINSURANCE_AMOUNT","RO","Reinsurance Amount","Reinsurance Amount","US","2018/03/06 06:01:42.244","FIN_IMPL","2018/03/06 06:02:34.078","FIN_IMPL","66B8A4FCD0219AA4E053E9A7FD0A5DFE"
"AHC_INSURANCE","C","REINSURANCE_AMOUNT","PTB","Reinsurance Amount","Reinsurance Amount","US","2018/03/06 06:01:42.243","FIN_IMPL","2018/03/06 06:02:34.079","FIN_IMPL","66B8A4FCD0219AA4E053E9A7FD0A5DFE"
"AHC_INSURANCE","C","REINSURANCE_AMOUNT","PL","Reinsurance Amount","Reinsurance Amount","US","2018/03/06 06:01:42.243","FIN_IMPL","2018/03/06 06:02:34.079","FIN_IMPL","66B8A4FCD0219AA4E053E9A7FD0A5DFE"
"AHC_INSURANCE","C","REINSURANCE_AMOUNT","NL","Reinsurance Amount","Reinsurance Amount","US","2018/03/06 06:01:42.243","FIN_IMPL","2018/03/06 06:02:34.08","FIN_IMPL","66B8A4FCD0219AA4E053E9A7FD0A5DFE"
"AHC_INSURANCE","C","REINSURANCE_AMOUNT","N","Reinsurance Amount","Reinsurance Amount","US","2018/03/06 06:01:42.242","FIN_IMPL","2018/03/06 06:02:34.08","FIN_IMPL","66B8A4FCD0219AA4E053E9A7FD0A5DFE"
"AHC_INSURANCE","C","REINSURANCE_AMOUNT","KO","Reinsurance Amount","Reinsurance Amount","US","2018/03/06 06:01:42.242","FIN_IMPL","2018/03/06 06:02:34.081","FIN_IMPL","66B8A4FCD0219AA4E053E9A7FD0A5DFE"
"AHC_INSURANCE","C","REINSURANCE_AMOUNT","JA","Reinsurance Amount","Reinsurance Amount","US","2018/03/06 06:01:42.242","FIN_IMPL","2018/03/06 06:02:34.081","FIN_IMPL","66B8A4FCD0219AA4E053E9A7FD0A5DFE"
"AHC_INSURANCE","C","REINSURANCE_AMOUNT","IW","Reinsurance Amount","Reinsurance Amount","US","2018/03/06 06:01:42.242","FIN_IMPL","2018/03/06 06:02:34.082","FIN_IMPL","66B8A4FCD0219AA4E053E9A7FD0A5DFE"
"AHC_INSURANCE","C","REINSURANCE_AMOUNT","I","Reinsurance Amount","Reinsurance Amount","US","2018/03/06 06:01:42.241","FIN_IMPL","2018/03/06 06:02:34.083","FIN_IMPL","66B8A4FCD0219AA4E053E9A7FD0A5DFE"
"AHC_INSURANCE","C","REINSURANCE_AMOUNT","HU","Reinsurance Amount","Reinsurance Amount","US","2018/03/06 06:01:42.241","FIN_IMPL","2018/03/06 06:02:34.083","FIN_IMPL","66B8A4FCD0219AA4E053E9A7FD0A5DFE"
"AHC_INSURANCE","C","REINSURANCE_AMOUNT","FRC","Reinsurance Amount","Reinsurance Amount","US","2018/03/06 06:01:42.241","FIN_IMPL","2018/03/06 06:02:34.084","FIN_IMPL","66B8A4FCD0219AA4E053E9A7FD0A5DFE"
"AHC_INSURANCE","C","REINSURANCE_AMOUNT","F","Reinsurance Amount","Reinsurance Amount","US","2018/03/06 06:01:42.24","FIN_IMPL","2018/03/06 06:02:34.084","FIN_IMPL","66B8A4FCD0219AA4E053E9A7FD0A5DFE"
"AHC_INSURANCE","C","REINSURANCE_AMOUNT","E","Reinsurance Amount","Reinsurance Amount","US","2018/03/06 06:01:42.24","FIN_IMPL","2018/03/06 06:02:34.085","FIN_IMPL","66B8A4FCD0219AA4E053E9A7FD0A5DFE"
"AHC_INSURANCE","C","REINSURANCE_AMOUNT","DK","Reinsurance Amount","Reinsurance Amount","US","2018/03/06 06:01:42.24","FIN_IMPL","2018/03/06 06:02:34.086","FIN_IMPL","66B8A4FCD0219AA4E053E9A7FD0A5DFE"
"AHC_INSURANCE","C","REINSURANCE_AMOUNT","D","Reinsurance Amount","Reinsurance Amount","US","2018/03/06 06:01:42.239","FIN_IMPL","2018/03/06 06:02:34.086","FIN_IMPL","66B8A4FCD0219AA4E053E9A7FD0A5DFE"
"AHC_INSURANCE","C","REINSURANCE_AMOUNT","CS","Reinsurance Amount","Reinsurance Amount","US","2018/03/06 06:01:42.239","FIN_IMPL","2018/03/06 06:02:34.087","FIN_IMPL","66B8A4FCD0219AA4E053E9A7FD0A5DFE"
"AHC_INSURANCE","C","REINSURANCE_AMOUNT","AR","Reinsurance Amount","Reinsurance Amount","US","2018/03/06 06:01:42.239","FIN_IMPL","2018/03/06 06:02:34.087","FIN_IMPL","66B8A4FCD0219AA4E053E9A7FD0A5DFE"
"AHC_LOAN","C","DAYS_SINCE_ORIGINATION","ZHT","Days Since Origination","Number of days since loan origination date","US","2019/09/11 12:29:05.193","FIN_IMPL","2019/09/11 12:36:01.872","FIN_IMPL","9245203917CA8A69E053C390DF0A1380"
"AHC_LOAN","C","DAYS_SINCE_ORIGINATION","ZHS","Days Since Origination","Number of days since loan origination date","US","2019/09/11 12:29:05.192","FIN_IMPL","2019/09/11 12:36:01.881","FIN_IMPL","9245203917CA8A69E053C390DF0A1380"
"AHC_LOAN","C","DAYS_SINCE_ORIGINATION","US","Days Since Origination","Number of days since loan origination date","US","2019/09/11 12:29:05.192","FIN_IMPL","2019/09/11 12:36:01.882","FIN_IMPL","9245203917CA8A69E053C390DF0A1380"
"AHC_LOAN","C","DAYS_SINCE_ORIGINATION","TR","Days Since Origination","Number of days since loan origination date","US","2019/09/11 12:29:05.192","FIN_IMPL","2019/09/11 12:36:01.883","FIN_IMPL","9245203917CA8A69E053C390DF0A1380"
"AHC_LOAN","C","DAYS_SINCE_ORIGINATION","TH","Days Since Origination","Number of days since loan origination date","US","2019/09/11 12:29:05.192","FIN_IMPL","2019/09/11 12:36:01.884","FIN_IMPL","9245203917CA8A69E053C390DF0A1380"
"AHC_LOAN","C","DAYS_SINCE_ORIGINATION","SF","Days Since Origination","Number of days since loan origination date","US","2019/09/11 12:29:05.191","FIN_IMPL","2019/09/11 12:36:01.884","FIN_IMPL","9245203917CA8A69E053C390DF0A1380"
"AHC_LOAN","C","DAYS_SINCE_ORIGINATION","S","Days Since Origination","Number of days since loan origination date","US","2019/09/11 12:29:05.191","FIN_IMPL","2019/09/11 12:36:01.885","FIN_IMPL","9245203917CA8A69E053C390DF0A1380"
"AHC_LOAN","C","DAYS_SINCE_ORIGINATION","RU","Days Since Origination","Number of days since loan origination date","US","2019/09/11 12:29:05.191","FIN_IMPL","2019/09/11 12:36:01.886","FIN_IMPL","9245203917CA8A69E053C390DF0A1380"
"AHC_LOAN","C","DAYS_SINCE_ORIGINATION","RO","Days Since Origination","Number of days since loan origination date","US","2019/09/11 12:29:05.19","FIN_IMPL","2019/09/11 12:36:01.886","FIN_IMPL","9245203917CA8A69E053C390DF0A1380"
"AHC_LOAN","C","DAYS_SINCE_ORIGINATION","PTB","Days Since Origination","Number of days since loan origination date","US","2019/09/11 12:29:05.19","FIN_IMPL","2019/09/11 12:36:01.887","FIN_IMPL","9245203917CA8A69E053C390DF0A1380"
"AHC_LOAN","C","DAYS_SINCE_ORIGINATION","PL","Days Since Origination","Number of days since loan origination date","US","2019/09/11 12:29:05.19","FIN_IMPL","2019/09/11 12:36:01.888","FIN_IMPL","9245203917CA8A69E053C390DF0A1380"
"AHC_LOAN","C","DAYS_SINCE_ORIGINATION","NL","Days Since Origination","Number of days since loan origination date","US","2019/09/11 12:29:05.19","FIN_IMPL","2019/09/11 12:36:01.889","FIN_IMPL","9245203917CA8A69E053C390DF0A1380"
"AHC_LOAN","C","DAYS_SINCE_ORIGINATION","N","Days Since Origination","Number of days since loan origination date","US","2019/09/11 12:29:05.189","FIN_IMPL","2019/09/11 12:36:01.889","FIN_IMPL","9245203917CA8A69E053C390DF0A1380"
"AHC_LOAN","C","DAYS_SINCE_ORIGINATION","KO","Days Since Origination","Number of days since loan origination date","US","2019/09/11 12:29:05.189","FIN_IMPL","2019/09/11 12:36:01.89","FIN_IMPL","9245203917CA8A69E053C390DF0A1380"
"AHC_LOAN","C","DAYS_SINCE_ORIGINATION","JA","Days Since Origination","Number of days since loan origination date","US","2019/09/11 12:29:05.189","FIN_IMPL","2019/09/11 12:36:01.891","FIN_IMPL","9245203917CA8A69E053C390DF0A1380"
"AHC_LOAN","C","DAYS_SINCE_ORIGINATION","IW","Days Since Origination","Number of days since loan origination date","US","2019/09/11 12:29:05.188","FIN_IMPL","2019/09/11 12:36:01.891","FIN_IMPL","9245203917CA8A69E053C390DF0A1380"
"AHC_LOAN","C","DAYS_SINCE_ORIGINATION","I","Days Since Origination","Number of days since loan origination date","US","2019/09/11 12:29:05.188","FIN_IMPL","2019/09/11 12:36:01.892","FIN_IMPL","9245203917CA8A69E053C390DF0A1380"
"AHC_LOAN","C","DAYS_SINCE_ORIGINATION","HU","Days Since Origination","Number of days since loan origination date","US","2019/09/11 12:29:05.188","FIN_IMPL","2019/09/11 12:36:01.893","FIN_IMPL","9245203917CA8A69E053C390DF0A1380"
"AHC_LOAN","C","DAYS_SINCE_ORIGINATION","FRC","Days Since Origination","Number of days since loan origination date","US","2019/09/11 12:29:05.187","FIN_IMPL","2019/09/11 12:36:01.893","FIN_IMPL","9245203917CA8A69E053C390DF0A1380"
"AHC_LOAN","C","DAYS_SINCE_ORIGINATION","F","Days Since Origination","Number of days since loan origination date","US","2019/09/11 12:29:05.186","FIN_IMPL","2019/09/11 12:36:01.894","FIN_IMPL","9245203917CA8A69E053C390DF0A1380"
"AHC_LOAN","C","DAYS_SINCE_ORIGINATION","E","Days Since Origination","Number of days since loan origination date","US","2019/09/11 12:29:05.186","FIN_IMPL","2019/09/11 12:36:01.895","FIN_IMPL","9245203917CA8A69E053C390DF0A1380"
"AHC_LOAN","C","DAYS_SINCE_ORIGINATION","DK","Days Since Origination","Number of days since loan origination date","US","2019/09/11 12:29:05.186","FIN_IMPL","2019/09/11 12:36:01.896","FIN_IMPL","9245203917CA8A69E053C390DF0A1380"
"AHC_LOAN","C","DAYS_SINCE_ORIGINATION","D","Days Since Origination","Number of days since loan origination date","US","2019/09/11 12:29:05.185","FIN_IMPL","2019/09/11 12:36:01.896","FIN_IMPL","9245203917CA8A69E053C390DF0A1380"
"AHC_LOAN","C","DAYS_SINCE_ORIGINATION","CS","Days Since Origination","Number of days since loan origination date","US","2019/09/11 12:29:05.185","FIN_IMPL","2019/09/11 12:36:01.897","FIN_IMPL","9245203917CA8A69E053C390DF0A1380"
"AHC_LOAN","C","DAYS_SINCE_ORIGINATION","AR","Days Since Origination","Number of days since loan origination date","US","2019/09/11 12:29:05.184","FIN_IMPL","2019/09/11 12:36:01.897","FIN_IMPL","9245203917CA8A69E053C390DF0A1380"
"AHC_LOAN","C","LOAN_DURATION","ZHT","Loan duration","Number of days for loan duration","US","2019/09/11 12:30:42.047","FIN_IMPL","2019/09/11 12:36:01.943","FIN_IMPL","9245203917CA8A69E053C390DF0A1380"
"AHC_LOAN","C","LOAN_DURATION","ZHS","Loan duration","Number of days for loan duration","US","2019/09/11 12:30:42.047","FIN_IMPL","2019/09/11 12:36:01.943","FIN_IMPL","9245203917CA8A69E053C390DF0A1380"
"AHC_LOAN","C","LOAN_DURATION","US","Loan duration","Number of days for loan duration","US","2019/09/11 12:30:42.046","FIN_IMPL","2019/09/11 12:36:01.944","FIN_IMPL","9245203917CA8A69E053C390DF0A1380"
"AHC_LOAN","C","LOAN_DURATION","TR","Loan duration","Number of days for loan duration","US","2019/09/11 12:30:42.046","FIN_IMPL","2019/09/11 12:36:01.945","FIN_IMPL","9245203917CA8A69E053C390DF0A1380"
"AHC_LOAN","C","LOAN_DURATION","TH","Loan duration","Number of days for loan duration","US","2019/09/11 12:30:42.046","FIN_IMPL","2019/09/11 12:36:01.946","FIN_IMPL","9245203917CA8A69E053C390DF0A1380"
"AHC_LOAN","C","LOAN_DURATION","SF","Loan duration","Number of days for loan duration","US","2019/09/11 12:30:42.045","FIN_IMPL","2019/09/11 12:36:01.947","FIN_IMPL","9245203917CA8A69E053C390DF0A1380"
"AHC_LOAN","C","LOAN_DURATION","S","Loan duration","Number of days for loan duration","US","2019/09/11 12:30:42.045","FIN_IMPL","2019/09/11 12:36:01.947","FIN_IMPL","9245203917CA8A69E053C390DF0A1380"
"AHC_LOAN","C","LOAN_DURATION","RU","Loan duration","Number of days for loan duration","US","2019/09/11 12:30:42.045","FIN_IMPL","2019/09/11 12:36:01.948","FIN_IMPL","9245203917CA8A69E053C390DF0A1380"
"AHC_LOAN","C","LOAN_DURATION","RO","Loan duration","Number of days for loan duration","US","2019/09/11 12:30:42.045","FIN_IMPL","2019/09/11 12:36:01.949","FIN_IMPL","9245203917CA8A69E053C390DF0A1380"
"AHC_LOAN","C","LOAN_DURATION","PTB","Loan duration","Number of days for loan duration","US","2019/09/11 12:30:42.044","FIN_IMPL","2019/09/11 12:36:01.949","FIN_IMPL","9245203917CA8A69E053C390DF0A1380"
"AHC_LOAN","C","LOAN_DURATION","PL","Loan duration","Number of days for loan duration","US","2019/09/11 12:30:42.044","FIN_IMPL","2019/09/11 12:36:01.95","FIN_IMPL","9245203917CA8A69E053C390DF0A1380"
"AHC_LOAN","C","LOAN_DURATION","NL","Loan duration","Number of days for loan duration","US","2019/09/11 12:30:42.044","FIN_IMPL","2019/09/11 12:36:01.951","FIN_IMPL","9245203917CA8A69E053C390DF0A1380"
"AHC_LOAN","C","LOAN_DURATION","N","Loan duration","Number of days for loan duration","US","2019/09/11 12:30:42.043","FIN_IMPL","2019/09/11 12:36:01.951","FIN_IMPL","9245203917CA8A69E053C390DF0A1380"
"AHC_LOAN","C","LOAN_DURATION","KO","Loan duration","Number of days for loan duration","US","2019/09/11 12:30:42.043","FIN_IMPL","2019/09/11 12:36:01.952","FIN_IMPL","9245203917CA8A69E053C390DF0A1380"
"AHC_LOAN","C","LOAN_DURATION","JA","Loan duration","Number of days for loan duration","US","2019/09/11 12:30:42.043","FIN_IMPL","2019/09/11 12:36:01.953","FIN_IMPL","9245203917CA8A69E053C390DF0A1380"
"AHC_LOAN","C","LOAN_DURATION","IW","Loan duration","Number of days for loan duration","US","2019/09/11 12:30:42.043","FIN_IMPL","2019/09/11 12:36:01.954","FIN_IMPL","9245203917CA8A69E053C390DF0A1380"
"AHC_LOAN","C","LOAN_DURATION","I","Loan duration","Number of days for loan duration","US","2019/09/11 12:30:42.042","FIN_IMPL","2019/09/11 12:36:01.954","FIN_IMPL","9245203917CA8A69E053C390DF0A1380"
"AHC_LOAN","C","LOAN_DURATION","HU","Loan duration","Number of days for loan duration","US","2019/09/11 12:30:42.042","FIN_IMPL","2019/09/11 12:36:01.956","FIN_IMPL","9245203917CA8A69E053C390DF0A1380"
"AHC_LOAN","C","LOAN_DURATION","FRC","Loan duration","Number of days for loan duration","US","2019/09/11 12:30:42.042","FIN_IMPL","2019/09/11 12:36:01.957","FIN_IMPL","9245203917CA8A69E053C390DF0A1380"
"AHC_LOAN","C","LOAN_DURATION","F","Loan duration","Number of days for loan duration","US","2019/09/11 12:30:42.041","FIN_IMPL","2019/09/11 12:36:01.957","FIN_IMPL","9245203917CA8A69E053C390DF0A1380"
"AHC_LOAN","C","LOAN_DURATION","E","Loan duration","Number of days for loan duration","US","2019/09/11 12:30:42.041","FIN_IMPL","2019/09/11 12:36:01.958","FIN_IMPL","9245203917CA8A69E053C390DF0A1380"
"AHC_LOAN","C","LOAN_DURATION","DK","Loan duration","Number of days for loan duration","US","2019/09/11 12:30:42.041","FIN_IMPL","2019/09/11 12:36:01.959","FIN_IMPL","9245203917CA8A69E053C390DF0A1380"
"AHC_LOAN","C","LOAN_DURATION","D","Loan duration","Number of days for loan duration","US","2019/09/11 12:30:42.04","FIN_IMPL","2019/09/11 12:36:01.959","FIN_IMPL","9245203917CA8A69E053C390DF0A1380"
"AHC_LOAN","C","LOAN_DURATION","CS","Loan duration","Number of days for loan duration","US","2019/09/11 12:30:42.04","FIN_IMPL","2019/09/11 12:36:01.96","FIN_IMPL","9245203917CA8A69E053C390DF0A1380"
"AHC_LOAN","C","LOAN_DURATION","AR","Loan duration","Number of days for loan duration","US","2019/09/11 12:30:42.04","FIN_IMPL","2019/09/11 12:36:01.961","FIN_IMPL","9245203917CA8A69E053C390DF0A1380"
"AHC_LOAN","C","FEE_PRORATED_BY_DAYS","ZHT","Fee Prorated by Days","Fee prorated by days using Nested formula","US","2019/09/11 12:35:01.867","FIN_IMPL","2019/09/11 12:36:01.968","FIN_IMPL","9245203917CA8A69E053C390DF0A1380"
"AHC_LOAN","C","FEE_PRORATED_BY_DAYS","ZHS","Fee Prorated by Days","Fee prorated by days using Nested formula","US","2019/09/11 12:35:01.866","FIN_IMPL","2019/09/11 12:36:01.969","FIN_IMPL","9245203917CA8A69E053C390DF0A1380"
"AHC_LOAN","C","FEE_PRORATED_BY_DAYS","US","Fee Prorated by Days","Fee prorated by days using Nested formula","US","2019/09/11 12:35:01.866","FIN_IMPL","2019/09/11 12:36:01.97","FIN_IMPL","9245203917CA8A69E053C390DF0A1380"
"AHC_LOAN","C","FEE_PRORATED_BY_DAYS","TR","Fee Prorated by Days","Fee prorated by days using Nested formula","US","2019/09/11 12:35:01.865","FIN_IMPL","2019/09/11 12:36:01.97","FIN_IMPL","9245203917CA8A69E053C390DF0A1380"
"AHC_LOAN","C","FEE_PRORATED_BY_DAYS","TH","Fee Prorated by Days","Fee prorated by days using Nested formula","US","2019/09/11 12:35:01.865","FIN_IMPL","2019/09/11 12:36:01.971","FIN_IMPL","9245203917CA8A69E053C390DF0A1380"
"AHC_LOAN","C","FEE_PRORATED_BY_DAYS","SF","Fee Prorated by Days","Fee prorated by days using Nested formula","US","2019/09/11 12:35:01.865","FIN_IMPL","2019/09/11 12:36:01.972","FIN_IMPL","9245203917CA8A69E053C390DF0A1380"
"AHC_LOAN","C","FEE_PRORATED_BY_DAYS","S","Fee Prorated by Days","Fee prorated by days using Nested formula","US","2019/09/11 12:35:01.864","FIN_IMPL","2019/09/11 12:36:01.972","FIN_IMPL","9245203917CA8A69E053C390DF0A1380"
"AHC_LOAN","C","FEE_PRORATED_BY_DAYS","RU","Fee Prorated by Days","Fee prorated by days using Nested formula","US","2019/09/11 12:35:01.864","FIN_IMPL","2019/09/11 12:36:01.973","FIN_IMPL","9245203917CA8A69E053C390DF0A1380"
"AHC_LOAN","C","FEE_PRORATED_BY_DAYS","RO","Fee Prorated by Days","Fee prorated by days using Nested formula","US","2019/09/11 12:35:01.864","FIN_IMPL","2019/09/11 12:36:01.974","FIN_IMPL","9245203917CA8A69E053C390DF0A1380"
"AHC_LOAN","C","FEE_PRORATED_BY_DAYS","PTB","Fee Prorated by Days","Fee prorated by days using Nested formula","US","2019/09/11 12:35:01.863","FIN_IMPL","2019/09/11 12:36:01.975","FIN_IMPL","9245203917CA8A69E053C390DF0A1380"
"AHC_LOAN","C","FEE_PRORATED_BY_DAYS","PL","Fee Prorated by Days","Fee prorated by days using Nested formula","US","2019/09/11 12:35:01.863","FIN_IMPL","2019/09/11 12:36:01.975","FIN_IMPL","9245203917CA8A69E053C390DF0A1380"
"AHC_LOAN","C","FEE_PRORATED_BY_DAYS","NL","Fee Prorated by Days","Fee prorated by days using Nested formula","US","2019/09/11 12:35:01.863","FIN_IMPL","2019/09/11 12:36:01.976","FIN_IMPL","9245203917CA8A69E053C390DF0A1380"
"AHC_LOAN","C","FEE_PRORATED_BY_DAYS","N","Fee Prorated by Days","Fee prorated by days using Nested formula","US","2019/09/11 12:35:01.862","FIN_IMPL","2019/09/11 12:36:01.977","FIN_IMPL","9245203917CA8A69E053C390DF0A1380"
"AHC_LOAN","C","FEE_PRORATED_BY_DAYS","KO","Fee Prorated by Days","Fee prorated by days using Nested formula","US","2019/09/11 12:35:01.862","FIN_IMPL","2019/09/11 12:36:01.977","FIN_IMPL","9245203917CA8A69E053C390DF0A1380"
"AHC_LOAN","C","FEE_PRORATED_BY_DAYS","JA","Fee Prorated by Days","Fee prorated by days using Nested formula","US","2019/09/11 12:35:01.862","FIN_IMPL","2019/09/11 12:36:01.978","FIN_IMPL","9245203917CA8A69E053C390DF0A1380"
"AHC_LOAN","C","FEE_PRORATED_BY_DAYS","IW","Fee Prorated by Days","Fee prorated by days using Nested formula","US","2019/09/11 12:35:01.861","FIN_IMPL","2019/09/11 12:36:01.979","FIN_IMPL","9245203917CA8A69E053C390DF0A1380"
"AHC_LOAN","C","FEE_PRORATED_BY_DAYS","I","Fee Prorated by Days","Fee prorated by days using Nested formula","US","2019/09/11 12:35:01.861","FIN_IMPL","2019/09/11 12:36:01.98","FIN_IMPL","9245203917CA8A69E053C390DF0A1380"
"AHC_LOAN","C","FEE_PRORATED_BY_DAYS","HU","Fee Prorated by Days","Fee prorated by days using Nested formula","US","2019/09/11 12:35:01.86","FIN_IMPL","2019/09/11 12:36:01.98","FIN_IMPL","9245203917CA8A69E053C390DF0A1380"
"AHC_LOAN","C","FEE_PRORATED_BY_DAYS","FRC","Fee Prorated by Days","Fee prorated by days using Nested formula","US","2019/09/11 12:35:01.86","FIN_IMPL","2019/09/11 12:36:01.981","FIN_IMPL","9245203917CA8A69E053C390DF0A1380"
"AHC_LOAN","C","FEE_PRORATED_BY_DAYS","F","Fee Prorated by Days","Fee prorated by days using Nested formula","US","2019/09/11 12:35:01.86","FIN_IMPL","2019/09/11 12:36:01.982","FIN_IMPL","9245203917CA8A69E053C390DF0A1380"
"AHC_LOAN","C","FEE_PRORATED_BY_DAYS","E","Fee Prorated by Days","Fee prorated by days using Nested formula","US","2019/09/11 12:35:01.859","FIN_IMPL","2019/09/11 12:36:01.982","FIN_IMPL","9245203917CA8A69E053C390DF0A1380"
"AHC_LOAN","C","FEE_PRORATED_BY_DAYS","DK","Fee Prorated by Days","Fee prorated by days using Nested formula","US","2019/09/11 12:35:01.859","FIN_IMPL","2019/09/11 12:36:01.983","FIN_IMPL","9245203917CA8A69E053C390DF0A1380"
"AHC_LOAN","C","FEE_PRORATED_BY_DAYS","D","Fee Prorated by Days","Fee prorated by days using Nested formula","US","2019/09/11 12:35:01.859","FIN_IMPL","2019/09/11 12:36:01.984","FIN_IMPL","9245203917CA8A69E053C390DF0A1380"
"AHC_LOAN","C","FEE_PRORATED_BY_DAYS","CS","Fee Prorated by Days","Fee prorated by days using Nested formula","US","2019/09/11 12:35:01.859","FIN_IMPL","2019/09/11 12:36:01.984","FIN_IMPL","9245203917CA8A69E053C390DF0A1380"
"AHC_LOAN","C","FEE_PRORATED_BY_DAYS","AR","Fee Prorated by Days","Fee prorated by days using Nested formula","US","2019/09/11 12:35:01.858","FIN_IMPL","2019/09/11 12:36:01.985","FIN_IMPL","9245203917CA8A69E053C390DF0A1380"
