"ORA_XLA_SUBLEDGERS_EVENTMAPPING.ApplicationShortName","ApplicationName","CreatedBy","CreationDate","Description","Language","LastUpdateDate","LastUpdateLogin","LastUpdatedBy","SourceLang"
"AHC_LI_INS","AHC Life Insurance","FIN_IMPL","2019/02/25 08:59:23.106","AHC Life Insurance","ZHT","2019/02/25 08:59:30.797","82B253FC04DE7798E053C390DF0A5792","FIN_IMPL","US"
"AHC_LI_INS","AHC Life Insurance","FIN_IMPL","2019/02/25 08:59:23.105","AHC Life Insurance","ZHS","2019/02/25 08:59:30.801","82B253FC04DE7798E053C390DF0A5792","FIN_IMPL","US"
"AHC_LI_INS","AHC Life Insurance","FIN_IMPL","2019/02/25 08:59:23.105","AHC Life Insurance","US","2019/02/25 08:59:30.802","82B253FC04DE7798E053C390DF0A5792","FIN_IMPL","US"
"AHC_LI_INS","AHC Life Insurance","FIN_IMPL","2019/02/25 08:59:23.104","AHC Life Insurance","TR","2019/02/25 08:59:30.802","82B253FC04DE7798E053C390DF0A5792","FIN_IMPL","US"
"AHC_LI_INS","AHC Life Insurance","FIN_IMPL","2019/02/25 08:59:23.104","AHC Life Insurance","SF","2019/02/25 08:59:30.803","82B253FC04DE7798E053C390DF0A5792","FIN_IMPL","US"
"AHC_LI_INS","AHC Life Insurance","FIN_IMPL","2019/02/25 08:59:23.103","AHC Life Insurance","S","2019/02/25 08:59:30.804","82B253FC04DE7798E053C390DF0A5792","FIN_IMPL","US"
"AHC_LI_INS","AHC Life Insurance","FIN_IMPL","2019/02/25 08:59:23.103","AHC Life Insurance","RU","2019/02/25 08:59:30.805","82B253FC04DE7798E053C390DF0A5792","FIN_IMPL","US"
"AHC_LI_INS","AHC Life Insurance","FIN_IMPL","2019/02/25 08:59:23.102","AHC Life Insurance","PTB","2019/02/25 08:59:30.805","82B253FC04DE7798E053C390DF0A5792","FIN_IMPL","US"
"AHC_LI_INS","AHC Life Insurance","FIN_IMPL","2019/02/25 08:59:23.102","AHC Life Insurance","PL","2019/02/25 08:59:30.806","82B253FC04DE7798E053C390DF0A5792","FIN_IMPL","US"
"AHC_LI_INS","AHC Life Insurance","FIN_IMPL","2019/02/25 08:59:23.101","AHC Life Insurance","NL","2019/02/25 08:59:30.807","82B253FC04DE7798E053C390DF0A5792","FIN_IMPL","US"
"AHC_LI_INS","AHC Life Insurance","FIN_IMPL","2019/02/25 08:59:23.1","AHC Life Insurance","KO","2019/02/25 08:59:30.807","82B253FC04DE7798E053C390DF0A5792","FIN_IMPL","US"
"AHC_LI_INS","AHC Life Insurance","FIN_IMPL","2019/02/25 08:59:23.1","AHC Life Insurance","JA","2019/02/25 08:59:30.808","82B253FC04DE7798E053C390DF0A5792","FIN_IMPL","US"
"AHC_LI_INS","AHC Life Insurance","FIN_IMPL","2019/02/25 08:59:23.099","AHC Life Insurance","I","2019/02/25 08:59:30.809","82B253FC04DE7798E053C390DF0A5792","FIN_IMPL","US"
"AHC_LI_INS","AHC Life Insurance","FIN_IMPL","2019/02/25 08:59:23.099","AHC Life Insurance","FRC","2019/02/25 08:59:30.809","82B253FC04DE7798E053C390DF0A5792","FIN_IMPL","US"
"AHC_LI_INS","AHC Life Insurance","FIN_IMPL","2019/02/25 08:59:23.098","AHC Life Insurance","F","2019/02/25 08:59:30.81","82B253FC04DE7798E053C390DF0A5792","FIN_IMPL","US"
"AHC_LI_INS","AHC Life Insurance","FIN_IMPL","2019/02/25 08:59:23.098","AHC Life Insurance","E","2019/02/25 08:59:30.811","82B253FC04DE7798E053C390DF0A5792","FIN_IMPL","US"
"AHC_LI_INS","AHC Life Insurance","FIN_IMPL","2019/02/25 08:59:23.097","AHC Life Insurance","DK","2019/02/25 08:59:30.812","82B253FC04DE7798E053C390DF0A5792","FIN_IMPL","US"
"AHC_LI_INS","AHC Life Insurance","FIN_IMPL","2019/02/25 08:59:23.097","AHC Life Insurance","D","2019/02/25 08:59:30.812","82B253FC04DE7798E053C390DF0A5792","FIN_IMPL","US"
"AHC_LI_INS","AHC Life Insurance","FIN_IMPL","2019/02/25 08:59:23.095","AHC Life Insurance","AR","2019/02/25 08:59:30.813","82B253FC04DE7798E053C390DF0A5792","FIN_IMPL","US"
"AHC_LI_INS","AHC Life Insurance","FIN_IMPL","2019/02/25 08:59:23.105","AHC Life Insurance","CS","2019/02/25 08:59:30.802","82B253FC04DE7798E053C390DF0A5792","FIN_IMPL","US"
"AHC_LI_INS","AHC Life Insurance","FIN_IMPL","2019/02/25 08:59:23.105","AHC Life Insurance","HU","2019/02/25 08:59:30.802","82B253FC04DE7798E053C390DF0A5792","FIN_IMPL","US"
"AHC_LI_INS","AHC Life Insurance","FIN_IMPL","2019/02/25 08:59:23.105","AHC Life Insurance","IW","2019/02/25 08:59:30.802","82B253FC04DE7798E053C390DF0A5792","FIN_IMPL","US"
"AHC_LI_INS","AHC Life Insurance","FIN_IMPL","2019/02/25 08:59:23.105","AHC Life Insurance","N","2019/02/25 08:59:30.802","82B253FC04DE7798E053C390DF0A5792","FIN_IMPL","US"
"AHC_LI_INS","AHC Life Insurance","FIN_IMPL","2019/02/25 08:59:23.105","AHC Life Insurance","RO","2019/02/25 08:59:30.802","82B253FC04DE7798E053C390DF0A5792","FIN_IMPL","US"
"AHC_LI_INS","AHC Life Insurance","FIN_IMPL","2019/02/25 08:59:23.105","AHC Life Insurance","TH","2019/02/25 08:59:30.802","82B253FC04DE7798E053C390DF0A5792","FIN_IMPL","US"
"FAH_BILLING","Fusion Accounting Hub: Billing System","FIN_IMPL","2013/11/19 20:21:08.077","Fusion Accounting Hub: Billing System","US","2013/11/19 20:21:57.434","EB8B665D2AB0086AE0436204548C5C62","FIN_IMPL","US"
"FAH_BILLING","Fusion Accounting Hub: Billing System","FIN_IMPL","2013/11/19 20:21:08.077","Fusion Accounting Hub: Billing System","AR","2013/11/19 20:21:57.434","EB8B665D2AB0086AE0436204548C5C62","FIN_IMPL","US"
"FAH_BILLING","Fusion Accounting Hub: Billing System","FIN_IMPL","2013/11/19 20:21:08.077","Fusion Accounting Hub: Billing System","CS","2013/11/19 20:21:57.434","EB8B665D2AB0086AE0436204548C5C62","FIN_IMPL","US"
"FAH_BILLING","Fusion Accounting Hub: Billing System","FIN_IMPL","2013/11/19 20:21:08.077","Fusion Accounting Hub: Billing System","DK","2013/11/19 20:21:57.434","EB8B665D2AB0086AE0436204548C5C62","FIN_IMPL","US"
"FAH_BILLING","Fusion Accounting Hub: Billing System","FIN_IMPL","2013/11/19 20:21:08.077","Fusion Accounting Hub: Billing System","D","2013/11/19 20:21:57.434","EB8B665D2AB0086AE0436204548C5C62","FIN_IMPL","US"
"FAH_BILLING","Fusion Accounting Hub: Billing System","FIN_IMPL","2013/11/19 20:21:08.077","Fusion Accounting Hub: Billing System","E","2013/11/19 20:21:57.434","EB8B665D2AB0086AE0436204548C5C62","FIN_IMPL","US"
"FAH_BILLING","Fusion Accounting Hub: Billing System","FIN_IMPL","2013/11/19 20:21:08.077","Fusion Accounting Hub: Billing System","SF","2013/11/19 20:21:57.434","EB8B665D2AB0086AE0436204548C5C62","FIN_IMPL","US"
"FAH_BILLING","Fusion Accounting Hub: Billing System","FIN_IMPL","2013/11/19 20:21:08.077","Fusion Accounting Hub: Billing System","F","2013/11/19 20:21:57.434","EB8B665D2AB0086AE0436204548C5C62","FIN_IMPL","US"
"FAH_BILLING","Fusion Accounting Hub: Billing System","FIN_IMPL","2013/11/19 20:21:08.077","Fusion Accounting Hub: Billing System","FRC","2013/11/19 20:21:57.434","EB8B665D2AB0086AE0436204548C5C62","FIN_IMPL","US"
"FAH_BILLING","Fusion Accounting Hub: Billing System","FIN_IMPL","2013/11/19 20:21:08.077","Fusion Accounting Hub: Billing System","HU","2013/11/19 20:21:57.434","EB8B665D2AB0086AE0436204548C5C62","FIN_IMPL","US"
"FAH_BILLING","Fusion Accounting Hub: Billing System","FIN_IMPL","2013/11/19 20:21:08.077","Fusion Accounting Hub: Billing System","I","2013/11/19 20:21:57.434","EB8B665D2AB0086AE0436204548C5C62","FIN_IMPL","US"
"FAH_BILLING","Fusion Accounting Hub: Billing System","FIN_IMPL","2013/11/19 20:21:08.077","Fusion Accounting Hub: Billing System","IW","2013/11/19 20:21:57.434","EB8B665D2AB0086AE0436204548C5C62","FIN_IMPL","US"
"FAH_BILLING","Fusion Accounting Hub: Billing System","FIN_IMPL","2013/11/19 20:21:08.077","Fusion Accounting Hub: Billing System","JA","2013/11/19 20:21:57.434","EB8B665D2AB0086AE0436204548C5C62","FIN_IMPL","US"
"FAH_BILLING","Fusion Accounting Hub: Billing System","FIN_IMPL","2013/11/19 20:21:08.077","Fusion Accounting Hub: Billing System","KO","2013/11/19 20:21:57.434","EB8B665D2AB0086AE0436204548C5C62","FIN_IMPL","US"
"FAH_BILLING","Fusion Accounting Hub: Billing System","FIN_IMPL","2013/11/19 20:21:08.077","Fusion Accounting Hub: Billing System","NL","2013/11/19 20:21:57.434","EB8B665D2AB0086AE0436204548C5C62","FIN_IMPL","US"
"FAH_BILLING","Fusion Accounting Hub: Billing System","FIN_IMPL","2013/11/19 20:21:08.077","Fusion Accounting Hub: Billing System","N","2013/11/19 20:21:57.434","EB8B665D2AB0086AE0436204548C5C62","FIN_IMPL","US"
"FAH_BILLING","Fusion Accounting Hub: Billing System","FIN_IMPL","2013/11/19 20:21:08.077","Fusion Accounting Hub: Billing System","PL","2013/11/19 20:21:57.434","EB8B665D2AB0086AE0436204548C5C62","FIN_IMPL","US"
"FAH_BILLING","Fusion Accounting Hub: Billing System","FIN_IMPL","2013/11/19 20:21:08.077","Fusion Accounting Hub: Billing System","PTB","2013/11/19 20:21:57.434","EB8B665D2AB0086AE0436204548C5C62","FIN_IMPL","US"
"FAH_BILLING","Fusion Accounting Hub: Billing System","FIN_IMPL","2013/11/19 20:21:08.077","Fusion Accounting Hub: Billing System","RO","2013/11/19 20:21:57.434","EB8B665D2AB0086AE0436204548C5C62","FIN_IMPL","US"
"FAH_BILLING","Fusion Accounting Hub: Billing System","FIN_IMPL","2013/11/19 20:21:08.077","Fusion Accounting Hub: Billing System","RU","2013/11/19 20:21:57.434","EB8B665D2AB0086AE0436204548C5C62","FIN_IMPL","US"
"FAH_BILLING","Fusion Accounting Hub: Billing System","FIN_IMPL","2013/11/19 20:21:08.077","Fusion Accounting Hub: Billing System","S","2013/11/19 20:21:57.434","EB8B665D2AB0086AE0436204548C5C62","FIN_IMPL","US"
"FAH_BILLING","Fusion Accounting Hub: Billing System","FIN_IMPL","2013/11/19 20:21:08.077","Fusion Accounting Hub: Billing System","TR","2013/11/19 20:21:57.434","EB8B665D2AB0086AE0436204548C5C62","FIN_IMPL","US"
"FAH_BILLING","Fusion Accounting Hub: Billing System","FIN_IMPL","2013/11/19 20:21:08.077","Fusion Accounting Hub: Billing System","ZHS","2013/11/19 20:21:57.434","EB8B665D2AB0086AE0436204548C5C62","FIN_IMPL","US"
"FAH_BILLING","Fusion Accounting Hub: Billing System","FIN_IMPL","2013/11/19 20:21:08.077","Fusion Accounting Hub: Billing System","ZHT","2013/11/19 20:21:57.434","EB8B665D2AB0086AE0436204548C5C62","FIN_IMPL","US"
"FAH_BILLING","Fusion Accounting Hub: Billing System","FIN_IMPL","2013/11/19 20:21:08.077","Fusion Accounting Hub: Billing System","TH","2013/11/19 20:21:57.434","EB8B665D2AB0086AE0436204548C5C62","FIN_IMPL","US"
"FAH_BILLING","Fusion Accounting Hub: Billing System","FIN_IMPL","2013/11/19 20:21:08.077","Fusion Accounting Hub: Billing System","EL","2013/11/19 20:21:57.434","EB8B665D2AB0086AE0436204548C5C62","FIN_IMPL","US"
"FAH_BILLING","Fusion Accounting Hub: Billing System","FIN_IMPL","2013/11/19 20:21:08.077","Fusion Accounting Hub: Billing System","ESA","2013/11/19 20:21:57.434","EB8B665D2AB0086AE0436204548C5C62","FIN_IMPL","US"
"FAH_BILLING","Fusion Accounting Hub: Billing System","FIN_IMPL","2013/11/19 20:21:08.077","Fusion Accounting Hub: Billing System","HR","2013/11/19 20:21:57.434","EB8B665D2AB0086AE0436204548C5C62","FIN_IMPL","US"
"FAH_BILLING","Fusion Accounting Hub: Billing System","FIN_IMPL","2013/11/19 20:21:08.077","Fusion Accounting Hub: Billing System","IS","2013/11/19 20:21:57.434","EB8B665D2AB0086AE0436204548C5C62","FIN_IMPL","US"
"FAH_BILLING","Fusion Accounting Hub: Billing System","FIN_IMPL","2013/11/19 20:21:08.077","Fusion Accounting Hub: Billing System","LT","2013/11/19 20:21:57.434","EB8B665D2AB0086AE0436204548C5C62","FIN_IMPL","US"
"FAH_BILLING","Fusion Accounting Hub: Billing System","FIN_IMPL","2013/11/19 20:21:08.077","Fusion Accounting Hub: Billing System","PT","2013/11/19 20:21:57.434","EB8B665D2AB0086AE0436204548C5C62","FIN_IMPL","US"
"FAH_BILLING","Fusion Accounting Hub: Billing System","FIN_IMPL","2013/11/19 20:21:08.077","Fusion Accounting Hub: Billing System","SK","2013/11/19 20:21:57.434","EB8B665D2AB0086AE0436204548C5C62","FIN_IMPL","US"
"FAH_BILLING","Fusion Accounting Hub: Billing System","FIN_IMPL","2013/11/19 20:21:08.077","Fusion Accounting Hub: Billing System","SL","2013/11/19 20:21:57.434","EB8B665D2AB0086AE0436204548C5C62","FIN_IMPL","US"
"FAH_BILLING","Fusion Accounting Hub: Billing System","FIN_IMPL","2013/11/19 20:21:08.077","Fusion Accounting Hub: Billing System","ET","2013/11/19 20:21:57.434","EB8B665D2AB0086AE0436204548C5C62","FIN_IMPL","US"
"FAH_BILLING","Fusion Accounting Hub: Billing System","FIN_IMPL","2013/11/19 20:21:08.077","Fusion Accounting Hub: Billing System","LV","2013/11/19 20:21:57.434","EB8B665D2AB0086AE0436204548C5C62","FIN_IMPL","US"
"FAH_INSURANCE","Fusion Accounting Hub: Insurance","FIN_IMPL","2014/01/22 23:16:54.08","Fusion Accounting Hub: Insurance","US","2014/01/22 23:18:07.218","F0964FF4816B1FEBE0436204548CB956","FIN_IMPL","US"
"FAH_INSURANCE","محور المحاسبة: التأمينFusion","FIN_IMPL","2014/01/22 23:16:54.08","محور المحاسبة: التأمينFusion","AR","2014/01/22 23:18:07.218","F0964FF4816B1FEBE0436204548CB956","FIN_IMPL","AR"
"FAH_INSURANCE","Fusion Accounting Hub: Insurance","FIN_IMPL","2014/01/22 23:16:54.08","Fusion Accounting Hub: Insurance","CS","2014/01/22 23:18:07.218","F0964FF4816B1FEBE0436204548CB956","FIN_IMPL","US"
"FAH_INSURANCE","Fusion Accounting Hub: Insurance","FIN_IMPL","2014/01/22 23:16:54.08","Fusion Accounting Hub: Insurance","DK","2014/01/22 23:18:07.218","F0964FF4816B1FEBE0436204548CB956","FIN_IMPL","US"
"FAH_INSURANCE","Fusion Accounting Hub: Insurance","FIN_IMPL","2014/01/22 23:16:54.08","Fusion Accounting Hub: Insurance","D","2014/01/22 23:18:07.218","F0964FF4816B1FEBE0436204548CB956","FIN_IMPL","US"
"FAH_INSURANCE","Fusion Accounting Hub: Seguros","FIN_IMPL","2014/01/22 23:16:54.08","Fusion Accounting Hub: Seguros","E","2014/01/22 23:18:07.218","F0964FF4816B1FEBE0436204548CB956","FIN_IMPL","E"
"FAH_INSURANCE","Fusion Accounting Hub: Insurance","FIN_IMPL","2014/01/22 23:16:54.08","Fusion Accounting Hub: Insurance","SF","2014/01/22 23:18:07.218","F0964FF4816B1FEBE0436204548CB956","FIN_IMPL","US"
"FAH_INSURANCE","Fusion Accounting Hub: Assurance","FIN_IMPL","2014/01/22 23:16:54.08","Fusion Accounting Hub: Assurance","F","2014/01/22 23:18:07.218","F0964FF4816B1FEBE0436204548CB956","FIN_IMPL","F"
"FAH_INSURANCE","Fusion Accounting Hub: Assurance","FIN_IMPL","2014/01/22 23:16:54.08","Fusion Accounting Hub: Assurance","FRC","2014/01/22 23:18:07.218","F0964FF4816B1FEBE0436204548CB956","FIN_IMPL","FRC"
"FAH_INSURANCE","Fusion Accounting Hub: Insurance","FIN_IMPL","2014/01/22 23:16:54.08","Fusion Accounting Hub: Insurance","HU","2014/01/22 23:18:07.218","F0964FF4816B1FEBE0436204548CB956","FIN_IMPL","US"
"FAH_INSURANCE","Fusion Accounting Hub: Assicurazione","FIN_IMPL","2014/01/22 23:16:54.08","Fusion Accounting Hub: Assicurazione","I","2014/01/22 23:18:07.218","F0964FF4816B1FEBE0436204548CB956","FIN_IMPL","I"
"FAH_INSURANCE","Fusion Accounting Hub: Insurance","FIN_IMPL","2014/01/22 23:16:54.08","Fusion Accounting Hub: Insurance","IW","2014/01/22 23:18:07.218","F0964FF4816B1FEBE0436204548CB956","FIN_IMPL","US"
"FAH_INSURANCE","Fusion Accounting Hub: 保険","FIN_IMPL","2014/01/22 23:16:54.08","Fusion Accounting Hub: 保険","JA","2016/03/11 15:57:52.0","F0964FF4816B1FEBE0436204548CB956","FIN_IMPL","JA"
"FAH_INSURANCE","Fusion Accounting Hub: 보험","FIN_IMPL","2014/01/22 23:16:54.08","Fusion Accounting Hub: 보험","KO","2014/01/22 23:18:07.218","F0964FF4816B1FEBE0436204548CB956","FIN_IMPL","KO"
"FAH_INSURANCE","Fusion Accounting Hub: Verzekeren","FIN_IMPL","2014/01/22 23:16:54.08","Fusion Accounting Hub: Verzekeren","NL","2014/01/22 23:18:07.218","F0964FF4816B1FEBE0436204548CB956","FIN_IMPL","NL"
"FAH_INSURANCE","Fusion Accounting Hub: Insurance","FIN_IMPL","2014/01/22 23:16:54.08","Fusion Accounting Hub: Insurance","N","2014/01/22 23:18:07.218","F0964FF4816B1FEBE0436204548CB956","FIN_IMPL","US"
"FAH_INSURANCE","Fusion Accounting Hub: Insurance","FIN_IMPL","2014/01/22 23:16:54.08","Fusion Accounting Hub: Insurance","PL","2014/01/22 23:18:07.218","F0964FF4816B1FEBE0436204548CB956","FIN_IMPL","US"
"FAH_INSURANCE","Fusion Accounting Hub: Insurance","FIN_IMPL","2014/01/22 23:16:54.08","Fusion Accounting Hub: Insurance","PTB","2014/01/22 23:18:07.218","F0964FF4816B1FEBE0436204548CB956","FIN_IMPL","US"
"FAH_INSURANCE","Fusion Accounting Hub: Insurance","FIN_IMPL","2014/01/22 23:16:54.08","Fusion Accounting Hub: Insurance","RO","2014/01/22 23:18:07.218","F0964FF4816B1FEBE0436204548CB956","FIN_IMPL","US"
"FAH_INSURANCE","Fusion Accounting Hub: Insurance","FIN_IMPL","2014/01/22 23:16:54.08","Fusion Accounting Hub: Insurance","RU","2014/01/22 23:18:07.218","F0964FF4816B1FEBE0436204548CB956","FIN_IMPL","US"
"FAH_INSURANCE","Fusion Accounting Hub: Insurance","FIN_IMPL","2014/01/22 23:16:54.08","Fusion Accounting Hub: Insurance","S","2014/01/22 23:18:07.218","F0964FF4816B1FEBE0436204548CB956","FIN_IMPL","US"
"FAH_INSURANCE","Fusion Accounting Hub: Insurance","FIN_IMPL","2014/01/22 23:16:54.08","Fusion Accounting Hub: Insurance","TR","2014/01/22 23:18:07.218","F0964FF4816B1FEBE0436204548CB956","FIN_IMPL","US"
"FAH_INSURANCE","融合会计中心: 保险","FIN_IMPL","2014/01/22 23:16:54.08","融合会计中心: 保险","ZHS","2016/04/21 11:51:58.0","F0964FF4816B1FEBE0436204548CB956","FIN_IMPL","ZHS"
"FAH_INSURANCE","融合會計集成中心:保險","FIN_IMPL","2014/01/22 23:16:54.08","融合會計集成中心:保險","ZHT","2014/01/22 23:18:07.218","F0964FF4816B1FEBE0436204548CB956","FIN_IMPL","ZHT"
"FAH_INSURANCE","Fusion Accounting Hub: Insurance","FIN_IMPL","2014/01/22 23:16:54.08","Fusion Accounting Hub: Insurance","TH","2014/01/22 23:18:07.218","F0964FF4816B1FEBE0436204548CB956","FIN_IMPL","US"
"FAH_INSURANCE","Fusion Accounting Hub: Insurance","FIN_IMPL","2014/01/22 23:16:54.08","Fusion Accounting Hub: Insurance","EL","2014/01/22 23:18:07.218","F0964FF4816B1FEBE0436204548CB956","FIN_IMPL","US"
"FAH_INSURANCE","Fusion Accounting Hub: Insurance","FIN_IMPL","2014/01/22 23:16:54.08","Fusion Accounting Hub: Insurance","ESA","2014/01/22 23:18:07.218","F0964FF4816B1FEBE0436204548CB956","FIN_IMPL","US"
"FAH_INSURANCE","Fusion Accounting Hub: Insurance","FIN_IMPL","2014/01/22 23:16:54.08","Fusion Accounting Hub: Insurance","HR","2014/01/22 23:18:07.218","F0964FF4816B1FEBE0436204548CB956","FIN_IMPL","US"
"FAH_INSURANCE","Fusion Accounting Hub: Insurance","FIN_IMPL","2014/01/22 23:16:54.08","Fusion Accounting Hub: Insurance","IS","2014/01/22 23:18:07.218","F0964FF4816B1FEBE0436204548CB956","FIN_IMPL","US"
"FAH_INSURANCE","Fusion Accounting Hub: Insurance","FIN_IMPL","2014/01/22 23:16:54.08","Fusion Accounting Hub: Insurance","LT","2014/01/22 23:18:07.218","F0964FF4816B1FEBE0436204548CB956","FIN_IMPL","US"
"FAH_INSURANCE","Fusion Accounting Hub: Insurance","FIN_IMPL","2014/01/22 23:16:54.08","Fusion Accounting Hub: Insurance","PT","2014/01/22 23:18:07.218","F0964FF4816B1FEBE0436204548CB956","FIN_IMPL","US"
"FAH_INSURANCE","Fusion Accounting Hub: Insurance","FIN_IMPL","2014/01/22 23:16:54.08","Fusion Accounting Hub: Insurance","SK","2014/01/22 23:18:07.218","F0964FF4816B1FEBE0436204548CB956","FIN_IMPL","US"
"FAH_INSURANCE","Fusion Accounting Hub: Insurance","FIN_IMPL","2014/01/22 23:16:54.08","Fusion Accounting Hub: Insurance","SL","2014/01/22 23:18:07.218","F0964FF4816B1FEBE0436204548CB956","FIN_IMPL","US"
"FAH_INSURANCE","Fusion Accounting Hub: Insurance","FIN_IMPL","2014/01/22 23:16:54.08","Fusion Accounting Hub: Insurance","ET","2014/01/22 23:18:07.218","F0964FF4816B1FEBE0436204548CB956","FIN_IMPL","US"
"FAH_INSURANCE","Fusion Accounting Hub: Insurance","FIN_IMPL","2014/01/22 23:16:54.08","Fusion Accounting Hub: Insurance","LV","2014/01/22 23:18:07.218","F0964FF4816B1FEBE0436204548CB956","FIN_IMPL","US"
"AHC_LOAN","AHC Loan","FIN_IMPL","2017/10/31 18:11:20.977","AHC Loan","ZHT","2017/10/31 18:11:26.105","5CDCAADD39354F8CE0538DADFD0A1CB9","FIN_IMPL","US"
"AHC_LOAN","AHC Loan","FIN_IMPL","2017/10/31 18:11:20.976","AHC Loan","ZHS","2017/10/31 18:11:26.109","5CDCAADD39354F8CE0538DADFD0A1CB9","FIN_IMPL","US"
"AHC_LOAN","AHC Loan","FIN_IMPL","2017/10/31 18:11:20.975","AHC Loan","TR","2017/10/31 18:11:26.11","5CDCAADD39354F8CE0538DADFD0A1CB9","FIN_IMPL","US"
"AHC_LOAN","AHC Loan","FIN_IMPL","2017/10/31 18:11:20.974","AHC Loan","TH","2017/10/31 18:11:26.111","5CDCAADD39354F8CE0538DADFD0A1CB9","FIN_IMPL","US"
"AHC_LOAN","AHC Loan","FIN_IMPL","2017/10/31 18:11:20.973","AHC Loan","SF","2017/10/31 18:11:26.112","5CDCAADD39354F8CE0538DADFD0A1CB9","FIN_IMPL","US"
"AHC_LOAN","AHC Loan","FIN_IMPL","2017/10/31 18:11:20.971","AHC Loan","S","2017/10/31 18:11:26.113","5CDCAADD39354F8CE0538DADFD0A1CB9","FIN_IMPL","US"
"AHC_LOAN","AHC Loan","FIN_IMPL","2017/10/31 18:11:20.97","AHC Loan","RU","2017/10/31 18:11:26.113","5CDCAADD39354F8CE0538DADFD0A1CB9","FIN_IMPL","US"
"AHC_LOAN","AHC Loan","FIN_IMPL","2017/10/31 18:11:20.968","AHC Loan","PTB","2017/10/31 18:11:26.114","5CDCAADD39354F8CE0538DADFD0A1CB9","FIN_IMPL","US"
"AHC_LOAN","AHC Loan","FIN_IMPL","2017/10/31 18:11:20.967","AHC Loan","NL","2017/10/31 18:11:26.115","5CDCAADD39354F8CE0538DADFD0A1CB9","FIN_IMPL","US"
"AHC_LOAN","AHC Loan","FIN_IMPL","2017/10/31 18:11:20.966","AHC Loan","KO","2017/10/31 18:11:26.116","5CDCAADD39354F8CE0538DADFD0A1CB9","FIN_IMPL","US"
"AHC_LOAN","AHC Loan","FIN_IMPL","2017/10/31 18:11:20.965","AHC Loan","JA","2017/10/31 18:11:26.117","5CDCAADD39354F8CE0538DADFD0A1CB9","FIN_IMPL","US"
"AHC_LOAN","AHC Loan","FIN_IMPL","2017/10/31 18:11:20.963","AHC Loan","I","2017/10/31 18:11:26.118","5CDCAADD39354F8CE0538DADFD0A1CB9","FIN_IMPL","US"
"AHC_LOAN","AHC Loan","FIN_IMPL","2017/10/31 18:11:20.962","AHC Loan","FRC","2017/10/31 18:11:26.118","5CDCAADD39354F8CE0538DADFD0A1CB9","FIN_IMPL","US"
"AHC_LOAN","AHC Loan","FIN_IMPL","2017/10/31 18:11:20.961","AHC Loan","F","2017/10/31 18:11:26.119","5CDCAADD39354F8CE0538DADFD0A1CB9","FIN_IMPL","US"
"AHC_LOAN","AHC Loan","FIN_IMPL","2017/10/31 18:11:20.96","AHC Loan","E","2017/10/31 18:11:26.12","5CDCAADD39354F8CE0538DADFD0A1CB9","FIN_IMPL","US"
"AHC_LOAN","AHC Loan","FIN_IMPL","2017/10/31 18:11:20.959","AHC Loan","DK","2017/10/31 18:11:26.121","5CDCAADD39354F8CE0538DADFD0A1CB9","FIN_IMPL","US"
"AHC_LOAN","AHC Loan","FIN_IMPL","2017/10/31 18:11:20.958","AHC Loan","D","2017/10/31 18:11:26.122","5CDCAADD39354F8CE0538DADFD0A1CB9","FIN_IMPL","US"
"AHC_LOAN","AHC Loan","FIN_IMPL","2017/10/31 18:11:20.957","AHC Loan","AR","2017/10/31 18:11:26.123","5CDCAADD39354F8CE0538DADFD0A1CB9","FIN_IMPL","US"
"AHC_LOAN","AHC Loan","FIN_IMPL","2017/10/31 18:11:20.955","AHC Loan","US","2017/10/31 18:11:26.124","5CDCAADD39354F8CE0538DADFD0A1CB9","FIN_IMPL","US"
"AHC_LOAN","AHC Loan","FIN_IMPL","2017/10/31 18:11:20.955","AHC Loan","CS","2017/10/31 18:11:26.124","5CDCAADD39354F8CE0538DADFD0A1CB9","FIN_IMPL","US"
"AHC_LOAN","AHC Loan","FIN_IMPL","2017/10/31 18:11:20.955","AHC Loan","HU","2017/10/31 18:11:26.124","5CDCAADD39354F8CE0538DADFD0A1CB9","FIN_IMPL","US"
"AHC_LOAN","AHC Loan","FIN_IMPL","2017/10/31 18:11:20.955","AHC Loan","IW","2017/10/31 18:11:26.124","5CDCAADD39354F8CE0538DADFD0A1CB9","FIN_IMPL","US"
"AHC_LOAN","AHC Loan","FIN_IMPL","2017/10/31 18:11:20.955","AHC Loan","N","2017/10/31 18:11:26.124","5CDCAADD39354F8CE0538DADFD0A1CB9","FIN_IMPL","US"
"AHC_LOAN","AHC Loan","FIN_IMPL","2017/10/31 18:11:20.955","AHC Loan","PL","2017/10/31 18:11:26.124","5CDCAADD39354F8CE0538DADFD0A1CB9","FIN_IMPL","US"
"AHC_LOAN","AHC Loan","FIN_IMPL","2017/10/31 18:11:20.955","AHC Loan","RO","2017/10/31 18:11:26.124","5CDCAADD39354F8CE0538DADFD0A1CB9","FIN_IMPL","US"
"AHC_BILLING","AHC Billing","FIN_IMPL","2017/12/28 06:54:06.474","AHC Billing","ZHT","2017/12/28 06:54:13.672","615CA35573826868E0536AA0FD0A112A","FIN_IMPL","US"
"AHC_BILLING","AHC Billing","FIN_IMPL","2017/12/28 06:54:06.474","AHC Billing","ZHS","2017/12/28 06:54:13.678","615CA35573826868E0536AA0FD0A112A","FIN_IMPL","US"
"AHC_BILLING","AHC Billing","FIN_IMPL","2017/12/28 06:54:06.473","AHC Billing","US","2017/12/28 06:54:13.679","615CA35573826868E0536AA0FD0A112A","FIN_IMPL","US"
"AHC_BILLING","AHC Billing","FIN_IMPL","2017/12/28 06:54:06.473","AHC Billing","TR","2017/12/28 06:54:13.68","615CA35573826868E0536AA0FD0A112A","FIN_IMPL","US"
"AHC_BILLING","AHC Billing","FIN_IMPL","2017/12/28 06:54:06.472","AHC Billing","TH","2017/12/28 06:54:13.682","615CA35573826868E0536AA0FD0A112A","FIN_IMPL","US"
"AHC_BILLING","AHC Billing","FIN_IMPL","2017/12/28 06:54:06.472","AHC Billing","SF","2017/12/28 06:54:13.683","615CA35573826868E0536AA0FD0A112A","FIN_IMPL","US"
"AHC_BILLING","AHC Billing","FIN_IMPL","2017/12/28 06:54:06.471","AHC Billing","S","2017/12/28 06:54:13.697","615CA35573826868E0536AA0FD0A112A","FIN_IMPL","US"
"AHC_BILLING","AHC Billing","FIN_IMPL","2017/12/28 06:54:06.471","AHC Billing","RU","2017/12/28 06:54:13.699","615CA35573826868E0536AA0FD0A112A","FIN_IMPL","US"
"AHC_BILLING","AHC Billing","FIN_IMPL","2017/12/28 06:54:06.47","AHC Billing","PTB","2017/12/28 06:54:13.702","615CA35573826868E0536AA0FD0A112A","FIN_IMPL","US"
"AHC_BILLING","AHC Billing","FIN_IMPL","2017/12/28 06:54:06.47","AHC Billing","NL","2017/12/28 06:54:13.706","615CA35573826868E0536AA0FD0A112A","FIN_IMPL","US"
"AHC_BILLING","AHC Billing","FIN_IMPL","2017/12/28 06:54:06.469","AHC Billing","KO","2017/12/28 06:54:13.707","615CA35573826868E0536AA0FD0A112A","FIN_IMPL","US"
"AHC_BILLING","AHC Billing","FIN_IMPL","2017/12/28 06:54:06.469","AHC Billing","JA","2017/12/28 06:54:13.709","615CA35573826868E0536AA0FD0A112A","FIN_IMPL","US"
"AHC_BILLING","AHC Billing","FIN_IMPL","2017/12/28 06:54:06.468","AHC Billing","I","2017/12/28 06:54:13.711","615CA35573826868E0536AA0FD0A112A","FIN_IMPL","US"
"AHC_BILLING","AHC Billing","FIN_IMPL","2017/12/28 06:54:06.468","AHC Billing","FRC","2017/12/28 06:54:13.712","615CA35573826868E0536AA0FD0A112A","FIN_IMPL","US"
"AHC_BILLING","AHC Billing","FIN_IMPL","2017/12/28 06:54:06.467","AHC Billing","F","2017/12/28 06:54:13.713","615CA35573826868E0536AA0FD0A112A","FIN_IMPL","US"
"AHC_BILLING","AHC Billing","FIN_IMPL","2017/12/28 06:54:06.467","AHC Billing","E","2017/12/28 06:54:13.715","615CA35573826868E0536AA0FD0A112A","FIN_IMPL","US"
"AHC_BILLING","AHC Billing","FIN_IMPL","2017/12/28 06:54:06.466","AHC Billing","DK","2017/12/28 06:54:13.716","615CA35573826868E0536AA0FD0A112A","FIN_IMPL","US"
"AHC_BILLING","AHC Billing","FIN_IMPL","2017/12/28 06:54:06.465","AHC Billing","D","2017/12/28 06:54:13.717","615CA35573826868E0536AA0FD0A112A","FIN_IMPL","US"
"AHC_BILLING","AHC Billing","FIN_IMPL","2017/12/28 06:54:06.46","AHC Billing","AR","2017/12/28 06:54:13.718","615CA35573826868E0536AA0FD0A112A","FIN_IMPL","US"
"AHC_BILLING","AHC Billing","FIN_IMPL","2017/12/28 06:54:06.473","AHC Billing","CS","2017/12/28 06:54:13.679","615CA35573826868E0536AA0FD0A112A","FIN_IMPL","US"
"AHC_BILLING","AHC Billing","FIN_IMPL","2017/12/28 06:54:06.473","AHC Billing","HU","2017/12/28 06:54:13.679","615CA35573826868E0536AA0FD0A112A","FIN_IMPL","US"
"AHC_BILLING","AHC Billing","FIN_IMPL","2017/12/28 06:54:06.473","AHC Billing","IW","2017/12/28 06:54:13.679","615CA35573826868E0536AA0FD0A112A","FIN_IMPL","US"
"AHC_BILLING","AHC Billing","FIN_IMPL","2017/12/28 06:54:06.473","AHC Billing","N","2017/12/28 06:54:13.679","615CA35573826868E0536AA0FD0A112A","FIN_IMPL","US"
"AHC_BILLING","AHC Billing","FIN_IMPL","2017/12/28 06:54:06.473","AHC Billing","PL","2017/12/28 06:54:13.679","615CA35573826868E0536AA0FD0A112A","FIN_IMPL","US"
"AHC_BILLING","AHC Billing","FIN_IMPL","2017/12/28 06:54:06.473","AHC Billing","RO","2017/12/28 06:54:13.679","615CA35573826868E0536AA0FD0A112A","FIN_IMPL","US"
"AHC_ENDOWMENT","AHC Endowment Donations","FIN_IMPL","2018/10/11 10:06:59.722","AHC Endowment Donations","ZHT","2018/10/11 10:07:39.814","77F20EFFD1CB67FFE0537990DF0ADB76","FIN_IMPL","US"
"AHC_ENDOWMENT","AHC Endowment Donations","FIN_IMPL","2018/10/11 10:06:59.721","AHC Endowment Donations","ZHS","2018/10/11 10:07:39.892","77F20EFFD1CB67FFE0537990DF0ADB76","FIN_IMPL","US"
"AHC_ENDOWMENT","AHC Endowment Donations","FIN_IMPL","2018/10/11 10:06:59.72","AHC Endowment Donations","US","2018/10/11 10:07:39.893","77F20EFFD1CB67FFE0537990DF0ADB76","FIN_IMPL","US"
"AHC_ENDOWMENT","AHC Endowment Donations","FIN_IMPL","2018/10/11 10:06:59.719","AHC Endowment Donations","TR","2018/10/11 10:07:39.894","77F20EFFD1CB67FFE0537990DF0ADB76","FIN_IMPL","US"
"AHC_ENDOWMENT","AHC Endowment Donations","FIN_IMPL","2018/10/11 10:06:59.718","AHC Endowment Donations","TH","2018/10/11 10:07:39.895","77F20EFFD1CB67FFE0537990DF0ADB76","FIN_IMPL","US"
"AHC_ENDOWMENT","AHC Endowment Donations","FIN_IMPL","2018/10/11 10:06:59.717","AHC Endowment Donations","SF","2018/10/11 10:07:39.896","77F20EFFD1CB67FFE0537990DF0ADB76","FIN_IMPL","US"
"AHC_ENDOWMENT","AHC Endowment Donations","FIN_IMPL","2018/10/11 10:06:59.716","AHC Endowment Donations","S","2018/10/11 10:07:39.898","77F20EFFD1CB67FFE0537990DF0ADB76","FIN_IMPL","US"
"AHC_ENDOWMENT","AHC Endowment Donations","FIN_IMPL","2018/10/11 10:06:59.715","AHC Endowment Donations","RU","2018/10/11 10:07:39.905","77F20EFFD1CB67FFE0537990DF0ADB76","FIN_IMPL","US"
"AHC_ENDOWMENT","AHC Endowment Donations","FIN_IMPL","2018/10/11 10:06:59.714","AHC Endowment Donations","RO","2018/10/11 10:07:39.917","77F20EFFD1CB67FFE0537990DF0ADB76","FIN_IMPL","US"
"AHC_ENDOWMENT","AHC Endowment Donations","FIN_IMPL","2018/10/11 10:06:59.713","AHC Endowment Donations","PTB","2018/10/11 10:07:39.922","77F20EFFD1CB67FFE0537990DF0ADB76","FIN_IMPL","US"
"AHC_ENDOWMENT","AHC Endowment Donations","FIN_IMPL","2018/10/11 10:06:59.712","AHC Endowment Donations","PL","2018/10/11 10:07:39.936","77F20EFFD1CB67FFE0537990DF0ADB76","FIN_IMPL","US"
"AHC_ENDOWMENT","AHC Endowment Donations","FIN_IMPL","2018/10/11 10:06:59.711","AHC Endowment Donations","NL","2018/10/11 10:07:39.944","77F20EFFD1CB67FFE0537990DF0ADB76","FIN_IMPL","US"
"AHC_ENDOWMENT","AHC Endowment Donations","FIN_IMPL","2018/10/11 10:06:59.71","AHC Endowment Donations","N","2018/10/11 10:07:39.97","77F20EFFD1CB67FFE0537990DF0ADB76","FIN_IMPL","US"
"AHC_ENDOWMENT","AHC Endowment Donations","FIN_IMPL","2018/10/11 10:06:59.709","AHC Endowment Donations","KO","2018/10/11 10:07:39.974","77F20EFFD1CB67FFE0537990DF0ADB76","FIN_IMPL","US"
"AHC_ENDOWMENT","AHC Endowment Donations","FIN_IMPL","2018/10/11 10:06:59.708","AHC Endowment Donations","JA","2018/10/11 10:07:39.979","77F20EFFD1CB67FFE0537990DF0ADB76","FIN_IMPL","US"
"AHC_ENDOWMENT","AHC Endowment Donations","FIN_IMPL","2018/10/11 10:06:59.707","AHC Endowment Donations","IW","2018/10/11 10:07:39.981","77F20EFFD1CB67FFE0537990DF0ADB76","FIN_IMPL","US"
"AHC_ENDOWMENT","AHC Endowment Donations","FIN_IMPL","2018/10/11 10:06:59.706","AHC Endowment Donations","I","2018/10/11 10:07:40.42","77F20EFFD1CB67FFE0537990DF0ADB76","FIN_IMPL","US"
"AHC_ENDOWMENT","AHC Endowment Donations","FIN_IMPL","2018/10/11 10:06:59.704","AHC Endowment Donations","HU","2018/10/11 10:07:40.423","77F20EFFD1CB67FFE0537990DF0ADB76","FIN_IMPL","US"
"AHC_ENDOWMENT","AHC Endowment Donations","FIN_IMPL","2018/10/11 10:06:59.702","AHC Endowment Donations","FRC","2018/10/11 10:07:40.425","77F20EFFD1CB67FFE0537990DF0ADB76","FIN_IMPL","US"
"AHC_ENDOWMENT","AHC Endowment Donations","FIN_IMPL","2018/10/11 10:06:59.701","AHC Endowment Donations","F","2018/10/11 10:07:40.428","77F20EFFD1CB67FFE0537990DF0ADB76","FIN_IMPL","US"
"AHC_ENDOWMENT","AHC Endowment Donations","FIN_IMPL","2018/10/11 10:06:59.7","AHC Endowment Donations","E","2018/10/11 10:07:40.432","77F20EFFD1CB67FFE0537990DF0ADB76","FIN_IMPL","US"
"AHC_ENDOWMENT","AHC Endowment Donations","FIN_IMPL","2018/10/11 10:06:59.699","AHC Endowment Donations","DK","2018/10/11 10:07:40.445","77F20EFFD1CB67FFE0537990DF0ADB76","FIN_IMPL","US"
"AHC_ENDOWMENT","AHC Endowment Donations","FIN_IMPL","2018/10/11 10:06:59.698","AHC Endowment Donations","D","2018/10/11 10:07:40.448","77F20EFFD1CB67FFE0537990DF0ADB76","FIN_IMPL","US"
"AHC_ENDOWMENT","AHC Endowment Donations","FIN_IMPL","2018/10/11 10:06:59.697","AHC Endowment Donations","CS","2018/10/11 10:07:40.45","77F20EFFD1CB67FFE0537990DF0ADB76","FIN_IMPL","US"
"AHC_ENDOWMENT","AHC Endowment Donations","FIN_IMPL","2018/10/11 10:06:59.695","AHC Endowment Donations","AR","2018/10/11 10:07:40.453","77F20EFFD1CB67FFE0537990DF0ADB76","FIN_IMPL","US"
"AHC_INSURANCE","AHC Insurance","FIN_IMPL","2018/03/06 05:30:16.32","AHC Insurance","ZHT","2018/03/06 05:30:22.536","66B8A4FCD0219AA4E053E9A7FD0A5DFE","FIN_IMPL","US"
"AHC_INSURANCE","AHC Insurance","FIN_IMPL","2018/03/06 05:30:16.319","AHC Insurance","ZHS","2018/03/06 05:30:22.553","66B8A4FCD0219AA4E053E9A7FD0A5DFE","FIN_IMPL","US"
"AHC_INSURANCE","AHC Insurance","FIN_IMPL","2018/03/06 05:30:16.319","AHC Insurance","US","2018/03/06 05:30:22.554","66B8A4FCD0219AA4E053E9A7FD0A5DFE","FIN_IMPL","US"
"AHC_INSURANCE","AHC Insurance","FIN_IMPL","2018/03/06 05:30:16.318","AHC Insurance","TR","2018/03/06 05:30:22.554","66B8A4FCD0219AA4E053E9A7FD0A5DFE","FIN_IMPL","US"
"AHC_INSURANCE","AHC Insurance","FIN_IMPL","2018/03/06 05:30:16.317","AHC Insurance","TH","2018/03/06 05:30:22.555","66B8A4FCD0219AA4E053E9A7FD0A5DFE","FIN_IMPL","US"
"AHC_INSURANCE","AHC Insurance","FIN_IMPL","2018/03/06 05:30:16.316","AHC Insurance","SF","2018/03/06 05:30:22.555","66B8A4FCD0219AA4E053E9A7FD0A5DFE","FIN_IMPL","US"
"AHC_INSURANCE","AHC Insurance","FIN_IMPL","2018/03/06 05:30:16.315","AHC Insurance","S","2018/03/06 05:30:22.556","66B8A4FCD0219AA4E053E9A7FD0A5DFE","FIN_IMPL","US"
"AHC_INSURANCE","AHC Insurance","FIN_IMPL","2018/03/06 05:30:16.314","AHC Insurance","RU","2018/03/06 05:30:22.557","66B8A4FCD0219AA4E053E9A7FD0A5DFE","FIN_IMPL","US"
"AHC_INSURANCE","AHC Insurance","FIN_IMPL","2018/03/06 05:30:16.312","AHC Insurance","RO","2018/03/06 05:30:22.557","66B8A4FCD0219AA4E053E9A7FD0A5DFE","FIN_IMPL","US"
"AHC_INSURANCE","AHC Insurance","FIN_IMPL","2018/03/06 05:30:16.311","AHC Insurance","PTB","2018/03/06 05:30:22.558","66B8A4FCD0219AA4E053E9A7FD0A5DFE","FIN_IMPL","US"
"AHC_INSURANCE","AHC Insurance","FIN_IMPL","2018/03/06 05:30:16.31","AHC Insurance","PL","2018/03/06 05:30:22.558","66B8A4FCD0219AA4E053E9A7FD0A5DFE","FIN_IMPL","US"
"AHC_INSURANCE","AHC Insurance","FIN_IMPL","2018/03/06 05:30:16.309","AHC Insurance","NL","2018/03/06 05:30:22.559","66B8A4FCD0219AA4E053E9A7FD0A5DFE","FIN_IMPL","US"
"AHC_INSURANCE","AHC Insurance","FIN_IMPL","2018/03/06 05:30:16.308","AHC Insurance","N","2018/03/06 05:30:22.559","66B8A4FCD0219AA4E053E9A7FD0A5DFE","FIN_IMPL","US"
"AHC_INSURANCE","AHC Insurance","FIN_IMPL","2018/03/06 05:30:16.307","AHC Insurance","KO","2018/03/06 05:30:22.56","66B8A4FCD0219AA4E053E9A7FD0A5DFE","FIN_IMPL","US"
"AHC_INSURANCE","AHC Insurance","FIN_IMPL","2018/03/06 05:30:16.306","AHC Insurance","JA","2018/03/06 05:30:22.56","66B8A4FCD0219AA4E053E9A7FD0A5DFE","FIN_IMPL","US"
"AHC_INSURANCE","AHC Insurance","FIN_IMPL","2018/03/06 05:30:16.306","AHC Insurance","IW","2018/03/06 05:30:22.561","66B8A4FCD0219AA4E053E9A7FD0A5DFE","FIN_IMPL","US"
"AHC_INSURANCE","AHC Insurance","FIN_IMPL","2018/03/06 05:30:16.305","AHC Insurance","I","2018/03/06 05:30:22.561","66B8A4FCD0219AA4E053E9A7FD0A5DFE","FIN_IMPL","US"
"AHC_INSURANCE","AHC Insurance","FIN_IMPL","2018/03/06 05:30:16.304","AHC Insurance","HU","2018/03/06 05:30:22.562","66B8A4FCD0219AA4E053E9A7FD0A5DFE","FIN_IMPL","US"
"AHC_INSURANCE","AHC Insurance","FIN_IMPL","2018/03/06 05:30:16.303","AHC Insurance","FRC","2018/03/06 05:30:22.562","66B8A4FCD0219AA4E053E9A7FD0A5DFE","FIN_IMPL","US"
"AHC_INSURANCE","AHC Insurance","FIN_IMPL","2018/03/06 05:30:16.302","AHC Insurance","F","2018/03/06 05:30:22.563","66B8A4FCD0219AA4E053E9A7FD0A5DFE","FIN_IMPL","US"
"AHC_INSURANCE","AHC Insurance","FIN_IMPL","2018/03/06 05:30:16.301","AHC Insurance","E","2018/03/06 05:30:22.563","66B8A4FCD0219AA4E053E9A7FD0A5DFE","FIN_IMPL","US"
"AHC_INSURANCE","AHC Insurance","FIN_IMPL","2018/03/06 05:30:16.3","AHC Insurance","DK","2018/03/06 05:30:22.564","66B8A4FCD0219AA4E053E9A7FD0A5DFE","FIN_IMPL","US"
"AHC_INSURANCE","AHC Insurance","FIN_IMPL","2018/03/06 05:30:16.3","AHC Insurance","D","2018/03/06 05:30:22.564","66B8A4FCD0219AA4E053E9A7FD0A5DFE","FIN_IMPL","US"
"AHC_INSURANCE","AHC Insurance","FIN_IMPL","2018/03/06 05:30:16.299","AHC Insurance","CS","2018/03/06 05:30:22.565","66B8A4FCD0219AA4E053E9A7FD0A5DFE","FIN_IMPL","US"
"AHC_INSURANCE","AHC Insurance","FIN_IMPL","2018/03/06 05:30:16.297","AHC Insurance","AR","2018/03/06 05:30:22.565","66B8A4FCD0219AA4E053E9A7FD0A5DFE","FIN_IMPL","US"
"AHC_EXT_ERP","AHC External ERP","FIN_IMPL","2021/05/25 15:52:16.454","AHC External ERP","ZHT","2021/05/25 15:52:22.319","C2E79BEB15F58012E0532D60FD0A028C","FIN_IMPL","US"
"AHC_EXT_ERP","AHC External ERP","FIN_IMPL","2021/05/25 15:52:16.454","AHC External ERP","ZHS","2021/05/25 15:52:22.323","C2E79BEB15F58012E0532D60FD0A028C","FIN_IMPL","US"
"AHC_EXT_ERP","AHC External ERP","FIN_IMPL","2021/05/25 15:52:16.454","AHC External ERP","TR","2021/05/25 15:52:22.324","C2E79BEB15F58012E0532D60FD0A028C","FIN_IMPL","US"
"AHC_EXT_ERP","AHC External ERP","FIN_IMPL","2021/05/25 15:52:16.454","AHC External ERP","SF","2021/05/25 15:52:22.325","C2E79BEB15F58012E0532D60FD0A028C","FIN_IMPL","US"
"AHC_EXT_ERP","AHC External ERP","FIN_IMPL","2021/05/25 15:52:16.454","AHC External ERP","S","2021/05/25 15:52:22.326","C2E79BEB15F58012E0532D60FD0A028C","FIN_IMPL","US"
"AHC_EXT_ERP","AHC External ERP","FIN_IMPL","2021/05/25 15:52:16.454","AHC External ERP","RU","2021/05/25 15:52:22.327","C2E79BEB15F58012E0532D60FD0A028C","FIN_IMPL","US"
"AHC_EXT_ERP","AHC External ERP","FIN_IMPL","2021/05/25 15:52:16.454","AHC External ERP","PTB","2021/05/25 15:52:22.327","C2E79BEB15F58012E0532D60FD0A028C","FIN_IMPL","US"
"AHC_EXT_ERP","AHC External ERP","FIN_IMPL","2021/05/25 15:52:16.454","AHC External ERP","PL","2021/05/25 15:52:22.328","C2E79BEB15F58012E0532D60FD0A028C","FIN_IMPL","US"
"AHC_EXT_ERP","AHC External ERP","FIN_IMPL","2021/05/25 15:52:16.453","AHC External ERP","NL","2021/05/25 15:52:22.329","C2E79BEB15F58012E0532D60FD0A028C","FIN_IMPL","US"
"AHC_EXT_ERP","AHC External ERP","FIN_IMPL","2021/05/25 15:52:16.453","AHC External ERP","KO","2021/05/25 15:52:22.33","C2E79BEB15F58012E0532D60FD0A028C","FIN_IMPL","US"
"AHC_EXT_ERP","AHC External ERP","FIN_IMPL","2021/05/25 15:52:16.453","AHC External ERP","JA","2021/05/25 15:52:22.331","C2E79BEB15F58012E0532D60FD0A028C","FIN_IMPL","US"
"AHC_EXT_ERP","AHC External ERP","FIN_IMPL","2021/05/25 15:52:16.453","AHC External ERP","I","2021/05/25 15:52:22.332","C2E79BEB15F58012E0532D60FD0A028C","FIN_IMPL","US"
"AHC_EXT_ERP","AHC External ERP","FIN_IMPL","2021/05/25 15:52:16.453","AHC External ERP","FRC","2021/05/25 15:52:22.333","C2E79BEB15F58012E0532D60FD0A028C","FIN_IMPL","US"
"AHC_EXT_ERP","AHC External ERP","FIN_IMPL","2021/05/25 15:52:16.453","AHC External ERP","F","2021/05/25 15:52:22.334","C2E79BEB15F58012E0532D60FD0A028C","FIN_IMPL","US"
"AHC_EXT_ERP","AHC External ERP","FIN_IMPL","2021/05/25 15:52:16.452","AHC External ERP","E","2021/05/25 15:52:22.335","C2E79BEB15F58012E0532D60FD0A028C","FIN_IMPL","US"
"AHC_EXT_ERP","AHC External ERP","FIN_IMPL","2021/05/25 15:52:16.452","AHC External ERP","DK","2021/05/25 15:52:22.336","C2E79BEB15F58012E0532D60FD0A028C","FIN_IMPL","US"
"AHC_EXT_ERP","AHC External ERP","FIN_IMPL","2021/05/25 15:52:16.452","AHC External ERP","D","2021/05/25 15:52:22.337","C2E79BEB15F58012E0532D60FD0A028C","FIN_IMPL","US"
"AHC_EXT_ERP","AHC External ERP","FIN_IMPL","2021/05/25 15:52:16.452","AHC External ERP","AR","2021/05/25 15:52:22.338","C2E79BEB15F58012E0532D60FD0A028C","FIN_IMPL","US"
"AHC_EXT_ERP","AHC External ERP","FIN_IMPL","2021/05/25 15:52:16.451","AHC External ERP","US","2021/05/25 15:52:22.339","C2E79BEB15F58012E0532D60FD0A028C","FIN_IMPL","US"
"AHC_EXT_ERP","AHC External ERP","FIN_IMPL","2021/05/25 15:52:16.451","AHC External ERP","CS","2021/05/25 15:52:22.339","C2E79BEB15F58012E0532D60FD0A028C","FIN_IMPL","US"
"AHC_EXT_ERP","AHC External ERP","FIN_IMPL","2021/05/25 15:52:16.451","AHC External ERP","HU","2021/05/25 15:52:22.339","C2E79BEB15F58012E0532D60FD0A028C","FIN_IMPL","US"
"AHC_EXT_ERP","AHC External ERP","FIN_IMPL","2021/05/25 15:52:16.451","AHC External ERP","IW","2021/05/25 15:52:22.339","C2E79BEB15F58012E0532D60FD0A028C","FIN_IMPL","US"
"AHC_EXT_ERP","AHC External ERP","FIN_IMPL","2021/05/25 15:52:16.451","AHC External ERP","N","2021/05/25 15:52:22.339","C2E79BEB15F58012E0532D60FD0A028C","FIN_IMPL","US"
"AHC_EXT_ERP","AHC External ERP","FIN_IMPL","2021/05/25 15:52:16.451","AHC External ERP","RO","2021/05/25 15:52:22.339","C2E79BEB15F58012E0532D60FD0A028C","FIN_IMPL","US"
"AHC_EXT_ERP","AHC External ERP","FIN_IMPL","2021/05/25 15:52:16.451","AHC External ERP","TH","2021/05/25 15:52:22.339","C2E79BEB15F58012E0532D60FD0A028C","FIN_IMPL","US"
"AHC_EMR","AHC Elec Med Record Sys","FIN_IMPL","2020/06/04 05:44:38.613","AHC Elec Med Record Sys","ZHT","2020/06/04 05:44:46.272","A73C69023C9A180CE0539E90DF0AD122","FIN_IMPL","US"
"AHC_EMR","AHC Elec Med Record Sys","FIN_IMPL","2020/06/04 05:44:38.612","AHC Elec Med Record Sys","ZHS","2020/06/04 05:44:46.291","A73C69023C9A180CE0539E90DF0AD122","FIN_IMPL","US"
"AHC_EMR","AHC Elec Med Record Sys","FIN_IMPL","2020/06/04 05:44:38.612","AHC Elec Med Record Sys","TR","2020/06/04 05:44:46.292","A73C69023C9A180CE0539E90DF0AD122","FIN_IMPL","US"
"AHC_EMR","AHC Elec Med Record Sys","FIN_IMPL","2020/06/04 05:44:38.611","AHC Elec Med Record Sys","SF","2020/06/04 05:44:46.293","A73C69023C9A180CE0539E90DF0AD122","FIN_IMPL","US"
"AHC_EMR","AHC Elec Med Record Sys","FIN_IMPL","2020/06/04 05:44:38.611","AHC Elec Med Record Sys","S","2020/06/04 05:44:46.294","A73C69023C9A180CE0539E90DF0AD122","FIN_IMPL","US"
"AHC_EMR","AHC Elec Med Record Sys","FIN_IMPL","2020/06/04 05:44:38.61","AHC Elec Med Record Sys","RU","2020/06/04 05:44:46.295","A73C69023C9A180CE0539E90DF0AD122","FIN_IMPL","US"
"AHC_EMR","AHC Elec Med Record Sys","FIN_IMPL","2020/06/04 05:44:38.609","AHC Elec Med Record Sys","PTB","2020/06/04 05:44:46.296","A73C69023C9A180CE0539E90DF0AD122","FIN_IMPL","US"
"AHC_EMR","AHC Elec Med Record Sys","FIN_IMPL","2020/06/04 05:44:38.609","AHC Elec Med Record Sys","PL","2020/06/04 05:44:46.297","A73C69023C9A180CE0539E90DF0AD122","FIN_IMPL","US"
"AHC_EMR","AHC Elec Med Record Sys","FIN_IMPL","2020/06/04 05:44:38.608","AHC Elec Med Record Sys","NL","2020/06/04 05:44:46.298","A73C69023C9A180CE0539E90DF0AD122","FIN_IMPL","US"
"AHC_EMR","AHC Elec Med Record Sys","FIN_IMPL","2020/06/04 05:44:38.608","AHC Elec Med Record Sys","KO","2020/06/04 05:44:46.299","A73C69023C9A180CE0539E90DF0AD122","FIN_IMPL","US"
"AHC_EMR","AHC Elec Med Record Sys","FIN_IMPL","2020/06/04 05:44:38.607","AHC Elec Med Record Sys","JA","2020/06/04 05:44:46.3","A73C69023C9A180CE0539E90DF0AD122","FIN_IMPL","US"
"AHC_EMR","AHC Elec Med Record Sys","FIN_IMPL","2020/06/04 05:44:38.607","AHC Elec Med Record Sys","I","2020/06/04 05:44:46.301","A73C69023C9A180CE0539E90DF0AD122","FIN_IMPL","US"
"AHC_EMR","AHC Elec Med Record Sys","FIN_IMPL","2020/06/04 05:44:38.606","AHC Elec Med Record Sys","FRC","2020/06/04 05:44:46.301","A73C69023C9A180CE0539E90DF0AD122","FIN_IMPL","US"
"AHC_EMR","AHC Elec Med Record Sys","FIN_IMPL","2020/06/04 05:44:38.606","AHC Elec Med Record Sys","F","2020/06/04 05:44:46.302","A73C69023C9A180CE0539E90DF0AD122","FIN_IMPL","US"
"AHC_EMR","AHC Elec Med Record Sys","FIN_IMPL","2020/06/04 05:44:38.605","AHC Elec Med Record Sys","E","2020/06/04 05:44:46.304","A73C69023C9A180CE0539E90DF0AD122","FIN_IMPL","US"
"AHC_EMR","AHC Elec Med Record Sys","FIN_IMPL","2020/06/04 05:44:38.604","AHC Elec Med Record Sys","DK","2020/06/04 05:44:46.304","A73C69023C9A180CE0539E90DF0AD122","FIN_IMPL","US"
"AHC_EMR","AHC Elec Med Record Sys","FIN_IMPL","2020/06/04 05:44:38.604","AHC Elec Med Record Sys","D","2020/06/04 05:44:46.306","A73C69023C9A180CE0539E90DF0AD122","FIN_IMPL","US"
"AHC_EMR","AHC Elec Med Record Sys","FIN_IMPL","2020/06/04 05:44:38.603","AHC Elec Med Record Sys","AR","2020/06/04 05:44:46.307","A73C69023C9A180CE0539E90DF0AD122","FIN_IMPL","US"
"AHC_EMR","AHC Elec Med Record Sys","FIN_IMPL","2020/06/04 05:44:38.601","AHC Elec Med Record Sys","US","2020/06/04 05:44:46.308","A73C69023C9A180CE0539E90DF0AD122","FIN_IMPL","US"
"AHC_EMR","AHC Elec Med Record Sys","FIN_IMPL","2020/06/04 05:44:38.601","AHC Elec Med Record Sys","CS","2020/06/04 05:44:46.308","A73C69023C9A180CE0539E90DF0AD122","FIN_IMPL","US"
"AHC_EMR","AHC Elec Med Record Sys","FIN_IMPL","2020/06/04 05:44:38.601","AHC Elec Med Record Sys","HU","2020/06/04 05:44:46.308","A73C69023C9A180CE0539E90DF0AD122","FIN_IMPL","US"
"AHC_EMR","AHC Elec Med Record Sys","FIN_IMPL","2020/06/04 05:44:38.601","AHC Elec Med Record Sys","IW","2020/06/04 05:44:46.308","A73C69023C9A180CE0539E90DF0AD122","FIN_IMPL","US"
"AHC_EMR","AHC Elec Med Record Sys","FIN_IMPL","2020/06/04 05:44:38.601","AHC Elec Med Record Sys","N","2020/06/04 05:44:46.308","A73C69023C9A180CE0539E90DF0AD122","FIN_IMPL","US"
"AHC_EMR","AHC Elec Med Record Sys","FIN_IMPL","2020/06/04 05:44:38.601","AHC Elec Med Record Sys","RO","2020/06/04 05:44:46.308","A73C69023C9A180CE0539E90DF0AD122","FIN_IMPL","US"
"AHC_EMR","AHC Elec Med Record Sys","FIN_IMPL","2020/06/04 05:44:38.601","AHC Elec Med Record Sys","TH","2020/06/04 05:44:46.308","A73C69023C9A180CE0539E90DF0AD122","FIN_IMPL","US"
