"ORA_XLA_SUBLEDGERS_EVENTMAPPING.ApplicationShortName","XLA_PROCESS_CATEGORY.EventClassGroupCode","XLA_PROCESS_CATEGORY.Name","ORA_XLA_EVENT_CLASS_ATTRS.EntityCode","ORA_XLA_EVENT_CLASS_ATTRS.EventClassCode","EntityCode","EventClassCode","ColumnName","ColumnTitle","CreatedBy","CreationDate","LastUpdateDate","LastUpdateLogin","LastUpdatedBy","UserSequence"
"AHC_LI_INS","AHC_LI_INS","AHC Life Insurance","AHC_LI_INS","AHC_LI_INS","AHC_LI_INS","AHC_LI_INS","TRANSACTION_NUMBER","Transaction Number","FIN_IMPL","2019/02/25 08:59:25.807","2019/02/25 08:59:31.257","82B253FC04DE7798E053C390DF0A5792","FIN_IMPL","300000180537983"
"AHC_LI_INS","AHC_LI_INS","AHC Life Insurance","AHC_LI_INS","AHC_LI_INS","AHC_LI_INS","AHC_LI_INS","POLICY_NUMBER","Policy Number","FIN_IMPL","2019/02/25 08:59:26.062","2019/02/25 08:59:31.446","82B253FC04DE7798E053C390DF0A5792","FIN_IMPL","300000180537985"
"AHC_LI_INS","AHC_LI_INS","AHC Life Insurance","AHC_LI_INS","AHC_LI_INS","AHC_LI_INS","AHC_LI_INS","CHANNEL","Channel","FIN_IMPL","2019/02/25 08:59:26.082","2019/02/25 08:59:31.462","82B253FC04DE7798E053C390DF0A5792","FIN_IMPL","300000180537987"
"AHC_LI_INS","AHC_LI_INS","AHC Life Insurance","AHC_LI_INS","AHC_LI_INS","AHC_LI_INS","AHC_LI_INS","PRODUCT_CODE","Product Code","FIN_IMPL","2019/02/25 08:59:26.101","2019/02/25 08:59:31.474","82B253FC04DE7798E053C390DF0A5792","FIN_IMPL","300000180537989"
"AHC_LI_INS","AHC_LI_INS","AHC Life Insurance","AHC_LI_INS","AHC_LI_INS","AHC_LI_INS","AHC_LI_INS","CATEGORY","Category ","FIN_IMPL","2019/02/25 08:59:26.119","2019/02/25 08:59:31.488","82B253FC04DE7798E053C390DF0A5792","FIN_IMPL","300000180537991"
"AHC_LI_INS","AHC_LI_INS","AHC Life Insurance","AHC_LI_INS","AHC_LI_INS","AHC_LI_INS","AHC_LI_INS","AGE","Age","FIN_IMPL","2019/02/25 08:59:26.137","2019/02/25 08:59:31.501","82B253FC04DE7798E053C390DF0A5792","FIN_IMPL","300000180537993"
"AHC_LOAN","AHC_LOAN","AHC Loan","AHC_LOAN","AHC_LOAN","AHC_LOAN","AHC_LOAN","ACCOUNT_NUMBER","Account Number","FIN_IMPL","2017/10/31 18:11:23.223","2017/10/31 18:11:26.385","5CDCAADD39354F8CE0538DADFD0A1CB9","FIN_IMPL","300000156833697"
"AHC_LOAN","AHC_LOAN","AHC Loan","AHC_LOAN","AHC_LOAN","AHC_LOAN","AHC_LOAN","ORIGINAL_BALANCE","Original Balance","FIN_IMPL","2017/10/31 18:11:23.416","2017/10/31 18:11:26.41","5CDCAADD39354F8CE0538DADFD0A1CB9","FIN_IMPL","300000156833699"
"AHC_LOAN","AHC_LOAN","AHC Loan","AHC_LOAN","AHC_LOAN","AHC_LOAN","AHC_LOAN","ORIGINATION_DATE","Origination Date","FIN_IMPL","2017/10/31 18:11:23.436","2017/10/31 18:11:26.433","5CDCAADD39354F8CE0538DADFD0A1CB9","FIN_IMPL","300000156833701"
"AHC_BILLING","AHC_BILLING","AHC Billing","AHC_BILLING","AHC_BILLING","AHC_BILLING","AHC_BILLING","TRANSACTION_NUMBER","Transaction Number","FIN_IMPL","2017/12/28 06:54:09.903","2017/12/28 06:54:14.024","615CA35573826868E0536AA0FD0A112A","FIN_IMPL","300000160654698"
"AHC_BILLING","AHC_BILLING","AHC Billing","AHC_BILLING","AHC_BILLING","AHC_BILLING","AHC_BILLING","ORDER_NUMBER","Order Number","FIN_IMPL","2017/12/28 06:54:10.093","2017/12/28 06:54:14.176","615CA35573826868E0536AA0FD0A112A","FIN_IMPL","300000160654700"
"AHC_BILLING","AHC_BILLING","AHC Billing","AHC_BILLING","AHC_BILLING","AHC_BILLING","AHC_BILLING","ORDER_DATE","Order Date","FIN_IMPL","2017/12/28 06:54:10.119","2017/12/28 06:54:14.206","615CA35573826868E0536AA0FD0A112A","FIN_IMPL","300000160654702"
"AHC_BILLING","AHC_BILLING","AHC Billing","AHC_BILLING","AHC_BILLING","AHC_BILLING","AHC_BILLING","CUSTOMER_NAME","Customer Name","FIN_IMPL","2017/12/28 06:54:10.141","2017/12/28 06:54:14.229","615CA35573826868E0536AA0FD0A112A","FIN_IMPL","300000160654704"
"AHC_BILLING","AHC_BILLING","AHC Billing","AHC_BILLING","AHC_BILLING","AHC_BILLING","AHC_BILLING","SERVICING_ENTITY","Servicing Entity","FIN_IMPL","2017/12/28 06:54:10.167","2017/12/28 06:54:14.257","615CA35573826868E0536AA0FD0A112A","FIN_IMPL","300000160654706"
"AHC_BILLING","AHC_BILLING","AHC Billing","AHC_BILLING","AHC_BILLING","AHC_BILLING","AHC_BILLING","SERVICE_DELIVERY_DATE","Service Delivery Date","FIN_IMPL","2017/12/28 06:54:10.197","2017/12/28 06:54:14.284","615CA35573826868E0536AA0FD0A112A","FIN_IMPL","300000160654708"
"AHC_BILLING","AHC_BILLING","AHC Billing","AHC_BILLING","AHC_BILLING","AHC_BILLING","AHC_BILLING","TRANSACTION_ENTITY","Transaction Entity","FIN_IMPL","2017/12/28 06:54:10.213","2017/12/28 06:54:14.316","615CA35573826868E0536AA0FD0A112A","FIN_IMPL","300000160654710"
"AHC_BILLING","AHC_BILLING","AHC Billing","AHC_BILLING","AHC_BILLING","AHC_BILLING","AHC_BILLING","CONTRACT_START_DATE","Contract Start Date","FIN_IMPL","2017/12/28 06:54:10.23","2017/12/28 06:54:14.348","615CA35573826868E0536AA0FD0A112A","FIN_IMPL","300000160654712"
"AHC_BILLING","AHC_BILLING","AHC Billing","AHC_BILLING","AHC_BILLING","AHC_BILLING","AHC_BILLING","CONTRACT_END_DATE","Contract End Date","FIN_IMPL","2017/12/28 06:54:10.25","2017/12/28 06:54:14.37","615CA35573826868E0536AA0FD0A112A","FIN_IMPL","300000160654714"
"AHC_BILLING","AHC_BILLING","AHC Billing","AHC_BILLING","AHC_BILLING","AHC_BILLING","AHC_BILLING","CONTRACT_NUMBER","Contract Number","FIN_IMPL","2017/12/28 06:54:10.271","2017/12/28 06:54:14.413","615CA35573826868E0536AA0FD0A112A","FIN_IMPL","300000160654716"
"AHC_ENDOWMENT","AHC_ENDOWMENT","AHC Endowment Donations","AHC_ENDOWMENT","AHC_ENDOWMENT","AHC_ENDOWMENT","AHC_ENDOWMENT","AGENCY_CODE","Agency Code","FIN_IMPL","2018/10/11 10:07:09.13","2018/10/11 10:07:42.162","77F20EFFD1CB67FFE0537990DF0ADB76","FIN_IMPL","300000175568194"
"AHC_ENDOWMENT","AHC_ENDOWMENT","AHC Endowment Donations","AHC_ENDOWMENT","AHC_ENDOWMENT","AHC_ENDOWMENT","AHC_ENDOWMENT","DONATION_TYPE","Donation Type","FIN_IMPL","2018/10/11 10:07:10.05","2018/10/11 10:07:43.07","77F20EFFD1CB67FFE0537990DF0ADB76","FIN_IMPL","300000175568196"
"AHC_ENDOWMENT","AHC_ENDOWMENT","AHC Endowment Donations","AHC_ENDOWMENT","AHC_ENDOWMENT","AHC_ENDOWMENT","AHC_ENDOWMENT","CONSTITUENT_NAME","Constituent Name","FIN_IMPL","2018/10/11 10:07:10.104","2018/10/11 10:07:43.128","77F20EFFD1CB67FFE0537990DF0ADB76","FIN_IMPL","300000175568198"
"AHC_ENDOWMENT","AHC_ENDOWMENT","AHC Endowment Donations","AHC_ENDOWMENT","AHC_ENDOWMENT","AHC_ENDOWMENT","AHC_ENDOWMENT","PLEDGE_ID","Pledge ID","FIN_IMPL","2018/10/11 10:07:10.156","2018/10/11 10:07:43.344","77F20EFFD1CB67FFE0537990DF0ADB76","FIN_IMPL","300000175568200"
"AHC_ENDOWMENT","AHC_ENDOWMENT","AHC Endowment Donations","AHC_ENDOWMENT","AHC_ENDOWMENT","AHC_ENDOWMENT","AHC_ENDOWMENT","GIFT_SOURCE_CODE","Gift Source Code","FIN_IMPL","2018/10/11 10:07:10.207","2018/10/11 10:07:43.542","77F20EFFD1CB67FFE0537990DF0ADB76","FIN_IMPL","300000175568202"
"AHC_ENDOWMENT","AHC_ENDOWMENT","AHC Endowment Donations","AHC_ENDOWMENT","AHC_ENDOWMENT","AHC_ENDOWMENT","AHC_ENDOWMENT","PAYMENT_TYPE","Payment Type","FIN_IMPL","2018/10/11 10:07:10.251","2018/10/11 10:07:43.614","77F20EFFD1CB67FFE0537990DF0ADB76","FIN_IMPL","300000175568204"
"AHC_ENDOWMENT","AHC_ENDOWMENT","AHC Endowment Donations","AHC_ENDOWMENT","AHC_ENDOWMENT","AHC_ENDOWMENT","AHC_ENDOWMENT","DEPOSIT_DATE","Deposit Date","FIN_IMPL","2018/10/11 10:07:10.302","2018/10/11 10:07:43.665","77F20EFFD1CB67FFE0537990DF0ADB76","FIN_IMPL","300000175568206"
"AHC_ENDOWMENT","AHC_ENDOWMENT","AHC Endowment Donations","AHC_ENDOWMENT","AHC_ENDOWMENT","AHC_ENDOWMENT","AHC_ENDOWMENT","REFERENCE_ID","Reference ID","FIN_IMPL","2018/10/11 10:07:10.347","2018/10/11 10:07:44.359","77F20EFFD1CB67FFE0537990DF0ADB76","FIN_IMPL","300000175568208"
"AHC_INSURANCE","AHC_INSURANCE","AHC Insurance","AHC_INSURANCE","AHC_INSURANCE","AHC_INSURANCE","AHC_INSURANCE","ACCOUNT_NUMBER","Account Number","FIN_IMPL","2018/03/06 05:30:19.088","2018/03/06 05:30:22.8","66B8A4FCD0219AA4E053E9A7FD0A5DFE","FIN_IMPL","300000163985711"
"AHC_INSURANCE","AHC_INSURANCE","AHC Insurance","AHC_INSURANCE","AHC_INSURANCE","AHC_INSURANCE","AHC_INSURANCE","POLICY_NUMBER","Policy Number","FIN_IMPL","2018/03/06 05:30:19.325","2018/03/06 05:30:22.939","66B8A4FCD0219AA4E053E9A7FD0A5DFE","FIN_IMPL","300000163985713"
"AHC_INSURANCE","AHC_INSURANCE","AHC Insurance","AHC_INSURANCE","AHC_INSURANCE","AHC_INSURANCE","AHC_INSURANCE","SOURCE_SYSTEM_ID","Source System ID","FIN_IMPL","2018/03/06 05:30:19.349","2018/03/06 05:30:22.954","66B8A4FCD0219AA4E053E9A7FD0A5DFE","FIN_IMPL","300000163985715"
"AHC_INSURANCE","AHC_INSURANCE","AHC Insurance","AHC_INSURANCE","AHC_INSURANCE","AHC_INSURANCE","AHC_INSURANCE","SOURCE_SYSTEM_REFERENCE","Source System Reference","FIN_IMPL","2018/03/06 05:30:19.375","2018/03/06 05:30:22.97","66B8A4FCD0219AA4E053E9A7FD0A5DFE","FIN_IMPL","300000163985717"
"AHC_EMR","AHC_EMR","AHC Elec Med Record Sys","AHC_EMR","AHC_EMR","AHC_EMR","AHC_EMR","FC","Financial Class","FIN_IMPL","2020/06/04 05:44:41.203","2020/06/04 05:44:46.754","A73C69023C9A180CE0539E90DF0AD122","FIN_IMPL","300000202882761"
"AHC_EMR","AHC_EMR","AHC Elec Med Record Sys","AHC_EMR","AHC_EMR","AHC_EMR","AHC_EMR","DOS","Date of Service","FIN_IMPL","2020/06/04 05:44:41.751","2020/06/04 05:44:46.908","A73C69023C9A180CE0539E90DF0AD122","FIN_IMPL","300000202882763"
"AHC_EMR","AHC_EMR","AHC Elec Med Record Sys","AHC_EMR","AHC_EMR","AHC_EMR","AHC_EMR","TRANS","Transaction Code","FIN_IMPL","2020/06/04 05:44:41.781","2020/06/04 05:44:46.932","A73C69023C9A180CE0539E90DF0AD122","FIN_IMPL","300000202882765"
"AHC_EMR","AHC_EMR","AHC Elec Med Record Sys","AHC_EMR","AHC_EMR","AHC_EMR","AHC_EMR","DEPARTMENT","Department","FIN_IMPL","2020/06/04 05:44:41.812","2020/06/04 05:44:46.953","A73C69023C9A180CE0539E90DF0AD122","FIN_IMPL","300000202882767"
"AHC_EMR","AHC_EMR","AHC Elec Med Record Sys","AHC_EMR","AHC_EMR","AHC_EMR","AHC_EMR","LOC","Location","FIN_IMPL","2020/06/04 05:44:41.84","2020/06/04 05:44:46.976","A73C69023C9A180CE0539E90DF0AD122","FIN_IMPL","300000202882769"
"AHC_EMR","AHC_EMR","AHC Elec Med Record Sys","AHC_EMR","AHC_EMR","AHC_EMR","AHC_EMR","CATEGORY","Category","FIN_IMPL","2020/06/04 05:44:41.864","2020/06/04 05:44:46.998","A73C69023C9A180CE0539E90DF0AD122","FIN_IMPL","300000202882771"
"AHC_EMR","AHC_EMR","AHC Elec Med Record Sys","AHC_EMR","AHC_EMR","AHC_EMR","AHC_EMR","MRN","Medical Record Number","FIN_IMPL","2020/06/04 05:44:41.885","2020/06/04 05:44:47.022","A73C69023C9A180CE0539E90DF0AD122","FIN_IMPL","300000202882773"
"AHC_EMR","AHC_EMR","AHC Elec Med Record Sys","AHC_EMR","AHC_EMR","AHC_EMR","AHC_EMR","TRN","Trans ID","FIN_IMPL","2020/06/04 05:44:41.903","2020/06/04 05:44:47.043","A73C69023C9A180CE0539E90DF0AD122","FIN_IMPL","300000202882775"
