"ORA_XLA_ACCT_FORMULA.ApplicationShortName","ORA_XLA_ACCT_FORMULA.FormulaOriginCode","ORA_XLA_ACCT_FORMULA.FormulaCode","UserSequence","ExprType","PostfixExpr","CreationDate","CreatedBy","LastUpdateDate","LastUpdatedBy","LastUpdateLogin","InfixExpr","TypeName"
"AHC_INSURANCE","C","DAC_EXPENSE","10","R","SRC DEFAULT_AMOUNT AHC_INSURANCE N
SRC POLICY_TERM_MO AHC_INSURANCE N
OPR DIV N
","2018/03/06 06:02:33.978","FIN_IMPL","2019/06/11 08:59:27.072","FIN_IMPL","8B095AC46978694BE053C390DF0AF5EA","(""Default Amount""(AHC_INSURANCE,S,S) / ""Policy Term in Months"")","THEN"
"AHC_EXT_ERP","C","PSFT_COST_CENTER","10","R","SRC SOURCE_GL_COA_STRING AHC_EXT_ERP C
NUM 1 4 I
NUM 1 2 I
MAC 12 3 C
","2021/05/25 16:10:04.549","FIN_IMPL","2021/05/25 16:10:30.866","FIN_IMPL","C2F9D3C0F7C281CFE0532D60FD0AE831","Substring(""Source GL COA String"",4,2)","THEN"
"AHC_EXT_ERP","C","PSFT_COMPANY","10","R","SRC SOURCE_GL_COA_STRING AHC_EXT_ERP C
NUM 1 1 I
NUM 1 2 I
MAC 12 3 C
","2021/05/25 16:10:04.482","FIN_IMPL","2021/05/25 16:10:19.407","FIN_IMPL","C2F9D3C0F7C281CFE0532D60FD0AE831","Substring(""Source GL COA String"",1,2)","THEN"
"AHC_EXT_ERP","C","PSFT_ACCOUNT","10","R","SRC SOURCE_GL_COA_STRING AHC_EXT_ERP C
NUM 1 7 I
NUM 1 7 I
MAC 12 3 C
","2021/05/25 16:10:03.668","FIN_IMPL","2021/05/25 16:10:11.362","FIN_IMPL","C2F9D3C0F7C281CFE0532D60FD0AE831","Substring(""Source GL COA String"",7,7)","THEN"
"AHC_BILLING","C","REVENUE_EXCLUDING_TAX","10","R","SRC BASE_PRICE AHC_BILLING N
SRC GRATUITY AHC_BILLING N
OPR PLS N
SRC DELIVERY_CHARGES AHC_BILLING N
OPR PLS N
SRC SERVICE_FEE AHC_BILLING N
OPR PLS N
","2018/03/09 05:28:09.384","FIN_IMPL","2018/03/09 05:28:09.645","FIN_IMPL","66F45454E6940BEBE053E9A7FD0A334D","(((""Base Price"" + ""Gratuity"") + ""Delivery Charges"") + ""Service Fee"")","THEN"
"AHC_BILLING","C","EARNED_REVENUE","10","R","SRC BASE_PRICE AHC_BILLING N
SRC GRATUITY AHC_BILLING N
OPR PLS N
SRC DELIVERY_CHARGES AHC_BILLING N
OPR PLS N
SRC SERVICE_FEE AHC_BILLING N
OPR PLS N
SRC CONTRACT_START_DATE AHC_BILLING D
SRC XLA_GL_PERIOD_LAST_DAY XLA D
MAC 13 2 N
OPR MUL N
SRC CONTRACT_START_DATE AHC_BILLING D
SRC CONTRACT_END_DATE AHC_BILLING D
MAC 13 2 N
OPR DIV N
","2018/03/09 05:28:09.533","FIN_IMPL","2018/03/09 05:28:09.593","FIN_IMPL","66F45454E6940BEBE053E9A7FD0A334D","(((((""Base Price"" + ""Gratuity"") + ""Delivery Charges"") + ""Service Fee"") * NumberOfGLPeriod(""Contract Start Date"",""Last Day of Current Accounting Period"")) / NumberOfGLPeriod(""Contract Start Date"",""Contract End Date""))","THEN"
"AHC_BILLING","C","CUSTOMER_RECEIVABLE","10","R","SRC BASE_PRICE AHC_BILLING N
SRC GRATUITY AHC_BILLING N
OPR PLS N
SRC DELIVERY_CHARGES AHC_BILLING N
OPR PLS N
SRC SERVICE_FEE AHC_BILLING N
OPR PLS N
SRC TAXES AHC_BILLING N
OPR PLS N
","2017/12/28 08:07:17.443","FIN_IMPL","2018/03/09 05:28:09.551","FIN_IMPL","66F45454E6940BEBE053E9A7FD0A334D","((((""Base Price"" + ""Gratuity"") + ""Delivery Charges"") + ""Service Fee"") + ""Taxes"")","THEN"
"AHC_LOAN","C","LOAN_LINE_TYPE","10","R","VAR 11 Line Type: 
SRC LINE_TYPE AHC_LOAN C
MAC 11 2 C
","2017/10/31 19:37:24.289","FIN_IMPL","2017/10/31 19:37:24.392","FIN_IMPL","5CDD64D10D700A45E0538DADFD0AC4D8","Concatenate('Line Type: ',""Line Type""(AHC_LOAN,S,S))","THEN"
"AHC_LOAN","C","YEAR_IN_DESCRIPTION","10","I","SRC TERM AHC_LOAN N
NUM 1 1 N
OPR EQ B
","2017/10/31 19:37:24.316","FIN_IMPL","2017/10/31 19:37:24.355","FIN_IMPL","5CDD64D10D700A45E0538DADFD0AC4D8","(""Term"" = 1)","IF"
"AHC_LOAN","C","YEAR_IN_DESCRIPTION","20","R","VAR 4 Year
","2017/10/31 19:37:24.318","FIN_IMPL","2017/10/31 19:37:24.363","FIN_IMPL","5CDD64D10D700A45E0538DADFD0AC4D8","'Year'","THEN"
"AHC_LOAN","C","YEAR_IN_DESCRIPTION","30","E","VAR 5 Years
","2017/10/31 19:37:24.319","FIN_IMPL","2017/10/31 19:37:24.366","FIN_IMPL","5CDD64D10D700A45E0538DADFD0AC4D8","'Years'","ELSE"
"AHC_INSURANCE","C","EARNED_PREMIUM","10","R","SRC DEFAULT_AMOUNT AHC_INSURANCE N
SRC POLICY_EFFECTIVE_DATE AHC_INSURANCE D
SRC XLA_GL_PERIOD_LAST_DAY XLA D
MAC 13 2 N
OPR MUL N
SRC POLICY_EFFECTIVE_DATE AHC_INSURANCE D
SRC POLICY_EXPIRATION_DATE AHC_INSURANCE D
MAC 13 2 N
OPR DIV N
","2019/06/11 08:59:27.055","FIN_IMPL","2019/06/11 08:59:27.114","FIN_IMPL","8B095AC46978694BE053C390DF0AF5EA","((""Default Amount""(AHC_INSURANCE,S,S) * NumberOfGLPeriod(""Policy Effective Date"",""Last Day of Current Accounting Period"")) / NumberOfGLPeriod(""Policy Effective Date"",""Policy Expiration Date""))","THEN"
"AHC_LOAN","C","LOAN_FEE_PRORATE_BY_DAYS","10","R","SRC DEFAULT_AMOUNT AHC_LOAN N
SRC PAYOFF_DATE AHC_LOAN D
SRC ORIGINATION_DATE AHC_LOAN D
OPR SUB I
NUM 1 1 I
OPR PLS N
OPR DIV N
SRC XLA_GL_PERIOD_LAST_DAY XLA D
SRC ORIGINATION_DATE AHC_LOAN D
OPR SUB I
NUM 1 1 I
OPR PLS N
OPR MUL N
","2017/10/31 19:31:16.731","FIN_IMPL","2019/09/11 12:36:01.843","FIN_IMPL","9245203917CA8A69E053C390DF0A1380","((""Default Amount""(AHC_LOAN,S,S) / ((""Payoff Date"" - ""Origination Date"") + 1)) * ((""Last Day of Current Accounting Period"" - ""Origination Date"") + 1))","THEN"
"AHC_INSURANCE","C","REINSURANCE_AMOUNT","10","R","SRC DEFAULT_AMOUNT AHC_INSURANCE N
SRC REINSURANCE_SHARE_PCT AHC_INSURANCE N
OPR MUL N
","2018/03/06 06:02:33.891","FIN_IMPL","2018/03/06 06:02:34.089","FIN_IMPL","66B8A4FCD0219AA4E053E9A7FD0A5DFE","(""Default Amount""(AHC_INSURANCE,S,S) * ""Reinsurance Share PCT"")","THEN"
"AHC_LOAN","C","DAYS_SINCE_ORIGINATION","10","R","SRC XLA_GL_PERIOD_LAST_DAY XLA D
SRC ORIGINATION_DATE AHC_LOAN D
OPR SUB I
NUM 1 1 I
OPR PLS I
","2019/09/11 12:36:01.802","FIN_IMPL","2019/09/11 12:46:31.04","FIN_IMPL","9245203917CA8A69E053C390DF0A1380","((""Last Day of Current Accounting Period"" - ""Origination Date"") + 1)","THEN"
"AHC_LOAN","C","LOAN_DURATION","10","R","SRC PAYOFF_DATE AHC_LOAN D
SRC ORIGINATION_DATE AHC_LOAN D
OPR SUB I
NUM 1 1 I
OPR PLS I
","2019/09/11 12:36:01.705","FIN_IMPL","2019/09/11 12:36:01.963","FIN_IMPL","9245203917CA8A69E053C390DF0A1380","((""Payoff Date"" - ""Origination Date"") + 1)","THEN"
"AHC_LOAN","C","FEE_PRORATED_BY_DAYS","10","R","SRC XLA_MPA_ORIG_UNRD_ENT_AMT XLA N
FRM LOAN_DURATION AHC_LOAN C N
OPR DIV N
FRM DAYS_SINCE_ORIGINATION AHC_LOAN C N
OPR MUL N
","2019/09/11 12:46:31.033","FIN_IMPL","2019/09/11 12:46:31.092","FIN_IMPL","9245203917CA8A69E053C390DF0A1380","((""Multiperiod Original Entered Amount"" / ""Loan duration"") * ""Days Since Origination"")","THEN"
