"XLA_SUBLEDGER.ApplicationShortName","ORA_XLA_PROCESS_CATEGORY.EventClassGroupCode","ORA_XLA_PROCESS_CATEGORY.Name","ORA_EVENT_CLASS_ATTRS.EntityCode","ORA_EVENT_CLASS_ATTRS.EventClassCode","ApplicationShortName","EntityCode","EventClassCode","ObjectName","AlwaysPopulatedFlag","CreatedBy","CreationDate","LastUpdateDate","LastUpdateLogin","LastUpdatedBy","ObjectTypeCode","ViewDefinition","IncompatibleView","OverrideColumnMapping"
"AHC_LI_INS","AHC_LI_INS","AHC Life Insurance","AHC_LI_INS","AHC_LI_INS","AHC_LI_INS","AHC_LI_INS","AHC_LI_INS","ADXX_XLA_H_AHC_LI_INS","Y","FIN_IMPL","2019/02/25 08:59:26.617","2019/02/25 08:59:31.632","82B253FC04DE7798E053C390DF0A5792","FIN_IMPL","HEADER","EVENT_ID,
APPLICATION_ID,
TRANSACTION_DATE,
TRANSACTION_NUMBER,
CHAR1 AS POLICY_NUMBER,
CHAR2 AS POLICY_HOLDER,
DATE1 AS INCEPTION_DATE,
CHAR3 AS CHANNEL,
CHAR4 AS PRODUCT_CODE,
CHAR5 AS HOLDER_LOCATION,
NUMBER1 AS LI_AMOUNT,
CHAR6 AS CATEGORY,
CHAR7 AS GENDER,
CHAR8 AS HEALTH,
NUMBER2 AS AGE
FROM FUSION.XLA_TRANSACTION_HEADERS","",""
"AHC_LI_INS","AHC_LI_INS","AHC Life Insurance","AHC_LI_INS","AHC_LI_INS","AHC_LI_INS","AHC_LI_INS","AHC_LI_INS","ADXX_XLA_L_AHC_LI_INS","Y","FIN_IMPL","2019/02/25 08:59:27.29","2019/02/25 08:59:31.683","82B253FC04DE7798E053C390DF0A5792","FIN_IMPL","LINE","EVENT_ID,
LINE_NUMBER,
APPLICATION_ID,
NUMBER1 AS DEFAULT_AMOUNT,
CHAR1 AS DEFAULT_CURRENCY,
CHAR2 AS TRANSACTION_CODE,
CHAR3 AS CLAIM_REASON,
CHAR4 AS INCIDENT_LOC,
DATE1 AS CONVERSION_DATE,
NUMBER2 AS CONVERSION_RATE,
CHAR5 AS CONVERSION_TYPE
FROM FUSION.XLA_TRANSACTION_LINES","",""
"FAH_BILLING","BILLING","Billing Feeds","BILLING_SYSTEM","BILLING_SYSTEM","FAH_BILLING","BILLING_SYSTEM","BILLING_SYSTEM","FAH_TRANSACTIONS","Y","FIN_IMPL","2013/11/19 20:33:47.0","2014/02/17 19:24:16.673","F29DFF1DD33372D1E0436204548C72A0","FIN_IMPL","HEADER","EVENT_ID,
APPLICATION_ID,
TRANSACTION_DATE,
TRANSACTION_NUMBER
FROM FUSION.XLA_TRANSACTION_HEADERS","",""
"FAH_BILLING","OU_BILLING","OU Billing Feeds","OU_BILLING","OU_BILLING","FAH_BILLING","OU_BILLING","OU_BILLING","FAH_TRANSACTIONS","Y","FIN_IMPL","2015/03/31 01:38:28.0","2015/03/31 01:40:04.316","128C930E4FD358A2E0536204548C5184","FIN_IMPL","HEADER","EVENT_ID,
APPLICATION_ID,
TRANSACTION_DATE,
TRANSACTION_NUMBER
FROM FUSION.XLA_TRANSACTION_HEADERS","",""
"FAH_INSURANCE","COMMERCIAL_INS","Commercial Insurance","COMM_P_AND_C","COMM_P_AND_C","FAH_INSURANCE","COMM_P_AND_C","COMM_P_AND_C","FAH_INSURANCE","Y","FIN_IMPL","2014/02/03 21:42:44.356","2014/02/03 21:42:57.689","F187489368655A1CE0436204548C7D0C","FIN_IMPL","HEADER","EVENT_ID,
APPLICATION_ID,
TRANSACTION_DATE,
TRANSACTION_NUMBER
FROM FUSION.XLA_TRANSACTION_HEADERS","",""
"FAH_INSURANCE","COMMERCIAL_INS","Commercial Insurance","FLEET_INS","FLEET_INS","FAH_INSURANCE","FLEET_INS","FLEET_INS","FAH_INSURANCE","Y","FIN_IMPL","2014/02/03 21:44:04.615","2014/02/03 21:44:16.103","F187489368655A1CE0436204548C7D0C","FIN_IMPL","HEADER","EVENT_ID,
APPLICATION_ID,
TRANSACTION_DATE,
TRANSACTION_NUMBER
FROM FUSION.XLA_TRANSACTION_HEADERS","",""
"FAH_INSURANCE","HEALTH_INS","Health Insurance","DENTAL","DENTAL","FAH_INSURANCE","DENTAL","DENTAL","FAH_INSURANCE","Y","FIN_IMPL","2014/02/03 21:43:06.887","2014/02/03 21:43:17.878","F187489368655A1CE0436204548C7D0C","FIN_IMPL","HEADER","EVENT_ID,
APPLICATION_ID,
TRANSACTION_DATE,
TRANSACTION_NUMBER
FROM FUSION.XLA_TRANSACTION_HEADERS","",""
"FAH_INSURANCE","HEALTH_INS","Health Insurance","GROUP_HEALTH_INS","GROUP_HEALTH_INS","FAH_INSURANCE","GROUP_HEALTH_INS","GROUP_HEALTH_INS","FAH_INSURANCE","Y","FIN_IMPL","2014/02/03 21:44:23.483","2014/02/03 21:44:33.495","F187489368655A1CE0436204548C7D0C","FIN_IMPL","HEADER","EVENT_ID,
APPLICATION_ID,
TRANSACTION_DATE,
TRANSACTION_NUMBER
FROM FUSION.XLA_TRANSACTION_HEADERS","",""
"FAH_INSURANCE","HEALTH_INS","Health Insurance","INDIVIDUAL_HEALTH_INS","INDIVIDUAL_HEALTH_INS","FAH_INSURANCE","INDIVIDUAL_HEALTH_INS","INDIVIDUAL_HEALTH_INS","FAH_INSURANCE","Y","FIN_IMPL","2014/02/03 21:45:20.259","2014/02/03 21:45:31.109","F187489368655A1CE0436204548C7D0C","FIN_IMPL","HEADER","EVENT_ID,
APPLICATION_ID,
TRANSACTION_DATE,
TRANSACTION_NUMBER
FROM FUSION.XLA_TRANSACTION_HEADERS","",""
"FAH_INSURANCE","HEALTH_INS","Health Insurance","LONG_TERM_CARE","LONG_TERM_CARE","FAH_INSURANCE","LONG_TERM_CARE","LONG_TERM_CARE","FAH_INSURANCE","Y","FIN_IMPL","2014/02/03 21:45:38.418","2014/02/03 21:45:51.588","F187489368655A1CE0436204548C7D0C","FIN_IMPL","HEADER","EVENT_ID,
APPLICATION_ID,
TRANSACTION_DATE,
TRANSACTION_NUMBER
FROM FUSION.XLA_TRANSACTION_HEADERS","",""
"FAH_INSURANCE","HEALTH_INS","Health Insurance","PHARMACY","PHARMACY","FAH_INSURANCE","PHARMACY","PHARMACY","FAH_INSURANCE","Y","FIN_IMPL","2014/02/03 21:47:04.113","2014/02/03 21:47:11.214","F187489368655A1CE0436204548C7D0C","FIN_IMPL","HEADER","EVENT_ID,
APPLICATION_ID,
TRANSACTION_DATE,
TRANSACTION_NUMBER
FROM FUSION.XLA_TRANSACTION_HEADERS","",""
"FAH_INSURANCE","LIFE_INS","Life Insurance","DISABILITY","DISABILITY","FAH_INSURANCE","DISABILITY","DISABILITY","FAH_INSURANCE","Y","FIN_IMPL","2014/02/03 21:43:25.303","2014/02/03 21:43:37.422","F187489368655A1CE0436204548C7D0C","FIN_IMPL","HEADER","EVENT_ID,
APPLICATION_ID,
TRANSACTION_DATE,
TRANSACTION_NUMBER
FROM FUSION.XLA_TRANSACTION_HEADERS","",""
"FAH_INSURANCE","LIFE_INS","Life Insurance","TERM_LIFE","TERM_LIFE","FAH_INSURANCE","TERM_LIFE","TERM_LIFE","FAH_INSURANCE","Y","FIN_IMPL","2014/02/03 21:47:48.129","2014/02/03 21:48:08.092","F187489368655A1CE0436204548C7D0C","FIN_IMPL","HEADER","EVENT_ID,
APPLICATION_ID,
TRANSACTION_DATE,
TRANSACTION_NUMBER
FROM FUSION.XLA_TRANSACTION_HEADERS","",""
"FAH_INSURANCE","PROPERTY_CASUALTY_INS","Property and Casualty Insurance","ATV","ATV","FAH_INSURANCE","ATV","ATV","FAH_INSURANCE","Y","FIN_IMPL","2014/02/03 21:41:35.0","2014/02/03 21:41:52.961","F187489368655A1CE0436204548C7D0C","FIN_IMPL","HEADER","EVENT_ID,
APPLICATION_ID,
TRANSACTION_DATE,
TRANSACTION_NUMBER
FROM FUSION.XLA_TRANSACTION_HEADERS","",""
"FAH_INSURANCE","PROPERTY_CASUALTY_INS","Property and Casualty Insurance","BOAT","BOAT","FAH_INSURANCE","BOAT","BOAT","FAH_INSURANCE","Y","FIN_IMPL","2014/02/03 21:42:06.963","2014/02/03 21:42:18.606","F187489368655A1CE0436204548C7D0C","FIN_IMPL","HEADER","EVENT_ID,
APPLICATION_ID,
TRANSACTION_DATE,
TRANSACTION_NUMBER
FROM FUSION.XLA_TRANSACTION_HEADERS","",""
"FAH_INSURANCE","PROPERTY_CASUALTY_INS","Property and Casualty Insurance","HOMEOWNERS","HOMEOWNERS","FAH_INSURANCE","HOMEOWNERS","HOMEOWNERS","FAH_INSURANCE","Y","FIN_IMPL","2014/02/03 21:44:42.784","2014/02/03 21:44:54.762","F187489368655A1CE0436204548C7D0C","FIN_IMPL","HEADER","EVENT_ID,
APPLICATION_ID,
TRANSACTION_DATE,
TRANSACTION_NUMBER
FROM FUSION.XLA_TRANSACTION_HEADERS","",""
"FAH_INSURANCE","PROPERTY_CASUALTY_INS","Property and Casualty Insurance","MOTORCYCLE","MOTORCYCLE","FAH_INSURANCE","MOTORCYCLE","MOTORCYCLE","FAH_INSURANCE","Y","FIN_IMPL","2014/02/03 21:46:00.098","2014/02/03 21:46:41.218","F187489368655A1CE0436204548C7D0C","FIN_IMPL","HEADER","EVENT_ID,
APPLICATION_ID,
TRANSACTION_DATE,
TRANSACTION_NUMBER
FROM FUSION.XLA_TRANSACTION_HEADERS","",""
"FAH_INSURANCE","PROPERTY_CASUALTY_INS","Property and Casualty Insurance","MOTORHOME","MOTORHOME","FAH_INSURANCE","MOTORHOME","MOTORHOME","FAH_INSURANCE","Y","FIN_IMPL","2014/02/03 21:46:32.863","2014/02/03 21:46:41.224","F187489368655A1CE0436204548C7D0C","FIN_IMPL","HEADER","EVENT_ID,
APPLICATION_ID,
TRANSACTION_DATE,
TRANSACTION_NUMBER
FROM FUSION.XLA_TRANSACTION_HEADERS","",""
"FAH_INSURANCE","PROPERTY_CASUALTY_INS","Property and Casualty Insurance","PERSONAL_AUTO_INSURANCE","PERSONAL_AUTO_INSURANCE","FAH_INSURANCE","PERSONAL_AUTO_INSURANCE","PERSONAL_AUTO_INSURANCE","FAH_INSURANCE","Y","FIN_IMPL","2014/02/03 21:46:47.918","2014/02/03 21:46:57.257","F187489368655A1CE0436204548C7D0C","FIN_IMPL","HEADER","EVENT_ID,
APPLICATION_ID,
TRANSACTION_DATE,
TRANSACTION_NUMBER
FROM FUSION.XLA_TRANSACTION_HEADERS","",""
"FAH_INSURANCE","PROPERTY_CASUALTY_INS","Property and Casualty Insurance","RENTERS","RENTERS","FAH_INSURANCE","RENTERS","RENTERS","FAH_INSURANCE","Y","FIN_IMPL","2014/02/03 21:47:18.466","2014/02/03 21:47:25.706","F187489368655A1CE0436204548C7D0C","FIN_IMPL","HEADER","EVENT_ID,
APPLICATION_ID,
TRANSACTION_DATE,
TRANSACTION_NUMBER
FROM FUSION.XLA_TRANSACTION_HEADERS","",""
"FAH_INSURANCE","PROPERTY_CASUALTY_INS","Property and Casualty Insurance","SNOWMOBILE","SNOWMOBILE","FAH_INSURANCE","SNOWMOBILE","SNOWMOBILE","FAH_INSURANCE","Y","FIN_IMPL","2014/02/03 21:47:33.237","2014/02/03 21:47:40.884","F187489368655A1CE0436204548C7D0C","FIN_IMPL","HEADER","EVENT_ID,
APPLICATION_ID,
TRANSACTION_DATE,
TRANSACTION_NUMBER
FROM FUSION.XLA_TRANSACTION_HEADERS","",""
"FAH_INSURANCE","RETIREMENT_SAVINGS","Retirement and Savings","COLLEGE_SAVINGS","COLLEGE_SAVINGS","FAH_INSURANCE","COLLEGE_SAVINGS","COLLEGE_SAVINGS","FAH_INSURANCE","Y","FIN_IMPL","2014/02/03 21:42:26.457","2014/02/03 21:42:37.536","F187489368655A1CE0436204548C7D0C","FIN_IMPL","HEADER","EVENT_ID,
APPLICATION_ID,
TRANSACTION_DATE,
TRANSACTION_NUMBER
FROM FUSION.XLA_TRANSACTION_HEADERS","",""
"FAH_INSURANCE","RETIREMENT_SAVINGS","Retirement and Savings","FIXED_ANNUITY","FIXED_ANNUITY","FAH_INSURANCE","FIXED_ANNUITY","FIXED_ANNUITY","FAH_INSURANCE","Y","FIN_IMPL","2014/02/03 21:43:44.732","2014/02/03 21:43:57.314","F187489368655A1CE0436204548C7D0C","FIN_IMPL","HEADER","EVENT_ID,
APPLICATION_ID,
TRANSACTION_DATE,
TRANSACTION_NUMBER
FROM FUSION.XLA_TRANSACTION_HEADERS","",""
"FAH_INSURANCE","RETIREMENT_SAVINGS","Retirement and Savings","IRA","IRA","FAH_INSURANCE","IRA","IRA","FAH_INSURANCE","Y","FIN_IMPL","2014/02/03 21:45:01.829","2014/02/03 21:45:12.651","F187489368655A1CE0436204548C7D0C","FIN_IMPL","HEADER","EVENT_ID,
APPLICATION_ID,
TRANSACTION_DATE,
TRANSACTION_NUMBER
FROM FUSION.XLA_TRANSACTION_HEADERS","",""
"AHC_LOAN","AHC_LOAN","AHC Loan","AHC_LOAN","AHC_LOAN","AHC_LOAN","AHC_LOAN","AHC_LOAN","ADXX_XLA_H_AHC_LOAN","Y","FIN_IMPL","2017/10/31 18:11:24.017","2017/10/31 18:11:26.64","5CDCAADD39354F8CE0538DADFD0A1CB9","FIN_IMPL","HEADER","EVENT_ID,
APPLICATION_ID,
TRANSACTION_DATE,
TRANSACTION_NUMBER,
CHAR1 AS BANK,
CHAR2 AS ACCOUNT_NUMBER,
CHAR3 AS ACCOUNT_CURRENCY,
NUMBER1 AS ORIGINAL_BALANCE,
DATE1 AS ORIGINATION_DATE,
DATE2 AS MATURITY_DATE,
DATE3 AS PAYOFF_DATE,
NUMBER2 AS TERM,
NUMBER3 AS INTEREST_RATE,
CHAR4 AS LOAN_TYPE,
CHAR5 AS CUSTOMER,
CHAR6 AS CUSTOMER_CATEGORY,
CHAR7 AS LOAN_OFFICER,
CHAR8 AS LOCATION
FROM FUSION.XLA_TRANSACTION_HEADERS","",""
"AHC_LOAN","AHC_LOAN","AHC Loan","AHC_LOAN","AHC_LOAN","AHC_LOAN","AHC_LOAN","AHC_LOAN","ADXX_XLA_L_AHC_LOAN","Y","FIN_IMPL","2017/10/31 18:11:24.584","2017/10/31 18:11:26.683","5CDCAADD39354F8CE0538DADFD0A1CB9","FIN_IMPL","LINE","EVENT_ID,
LINE_NUMBER,
APPLICATION_ID,
NUMBER1 AS DEFAULT_AMOUNT,
CHAR1 AS DEFAULT_CURRENCY,
CHAR2 AS LINE_TYPE,
DATE1 AS CONVERSION_DATE,
CHAR3 AS CONVERSION_TYPE,
NUMBER2 AS CONVERSION_RATE,
CHAR4 AS LINE_DESCRIPTION,
CHAR5 AS REFERENCE,
CHAR6 AS INTERCOMPANY_INDICATOR
FROM FUSION.XLA_TRANSACTION_LINES","",""
"AHC_BILLING","AHC_BILLING","AHC Billing","AHC_BILLING","AHC_BILLING","AHC_BILLING","AHC_BILLING","AHC_BILLING","ADXX_XLA_H_AHC_BILLING","Y","FIN_IMPL","2017/12/28 06:54:10.79","2017/12/28 06:54:14.648","615CA35573826868E0536AA0FD0A112A","FIN_IMPL","HEADER","EVENT_ID,
APPLICATION_ID,
TRANSACTION_DATE,
TRANSACTION_NUMBER,
CHAR1 AS ORDER_NUMBER,
DATE1 AS ORDER_DATE,
CHAR2 AS CUSTOMER_NAME,
CHAR3 AS SERVICING_ENTITY,
NUMBER1 AS CUSTOMER_ID,
NUMBER2 AS SERVICING_ENTITY_ID,
DATE2 AS SERVICE_DELIVERY_DATE,
CHAR4 AS TRANSACTION_ENTITY,
CHAR5 AS ORDER_TYPE,
DATE3 AS CONTRACT_START_DATE,
DATE4 AS CONTRACT_END_DATE,
CHAR6 AS CONTRACT_NUMBER,
CHAR7 AS CUSTOMER_CATEGORY,
CHAR8 AS SALES_CHANNEL,
CHAR9 AS SALES_REP,
CHAR10 AS SOURCE_SYSTEM,
CHAR11 AS INDUSTRY
FROM FUSION.XLA_TRANSACTION_HEADERS","",""
"AHC_BILLING","AHC_BILLING","AHC Billing","AHC_BILLING","AHC_BILLING","AHC_BILLING","AHC_BILLING","AHC_BILLING","ADXX_XLA_L_AHC_BILLING","Y","FIN_IMPL","2017/12/28 06:54:11.442","2017/12/28 06:54:14.693","615CA35573826868E0536AA0FD0A112A","FIN_IMPL","LINE","EVENT_ID,
LINE_NUMBER,
APPLICATION_ID,
NUMBER1 AS DEFAULT_AMOUNT,
CHAR1 AS DEFAULT_CURRENCY,
CHAR2 AS SERVICING_ENTITY_COUNTRY,
CHAR3 AS CUSTOMER_COUNTRY,
CHAR4 AS PAYIN_PAYMENT_METHOD,
NUMBER2 AS BASE_PRICE,
NUMBER3 AS SERVICE_FEE,
NUMBER4 AS DELIVERY_CHARGES,
NUMBER5 AS TAXES,
DATE1 AS CONVERSION_DATE,
CHAR5 AS CONVERSION_RATE_TYPE,
NUMBER6 AS CONVERSION_RATE,
NUMBER7 AS GRATUITY,
CHAR6 AS ORDER_LINE_ID,
CHAR7 AS PAYIN_PAYMENT_PROVIDER,
CHAR8 AS SERVICING_CITY,
CHAR9 AS DELIVERY_ENTITY,
CHAR10 AS PAYMENT_TRANSACTION_ID,
CHAR11 AS PARENT_PAYMENT_TRANSACTION_ID,
CHAR12 AS PRODUCT_OFFERING_ID,
CHAR13 AS PRODUCT_OFFERING_DESC,
CHAR14 AS PRODUCT_CATEGORY,
CHAR15 AS LEGACY_GL_ACCT1,
CHAR16 AS LEGACY_GL_ACCT2,
NUMBER8 AS FEE_BASIS
FROM FUSION.XLA_TRANSACTION_LINES","",""
"AHC_ENDOWMENT","AHC_ENDOWMENT","AHC Endowment Donations","AHC_ENDOWMENT","AHC_ENDOWMENT","AHC_ENDOWMENT","AHC_ENDOWMENT","AHC_ENDOWMENT","ADXX_XLA_H_AHC_ENDOWMENT","Y","FIN_IMPL","2018/10/11 10:07:12.464","2018/10/11 10:07:44.755","77F20EFFD1CB67FFE0537990DF0ADB76","FIN_IMPL","HEADER","EVENT_ID,
APPLICATION_ID,
TRANSACTION_DATE,
TRANSACTION_NUMBER,
CHAR1 AS AGENCY_CODE,
CHAR2 AS DONATION_TYPE,
NUMBER1 AS AMOUNT,
NUMBER2 AS CONSTITUENT_ID,
CHAR3 AS CONSTITUENT_NAME,
CHAR4 AS PLEDGE_ID,
CHAR5 AS GIFT_SOURCE_CODE,
CHAR6 AS PAYMENT_TYPE,
DATE1 AS DEPOSIT_DATE,
NUMBER3 AS REFERENCE_ID,
CHAR7 AS CARD_ID,
CHAR8 AS DESIGNATION_ID,
CHAR9 AS REV_ID
FROM FUSION.XLA_TRANSACTION_HEADERS","",""
"AHC_ENDOWMENT","AHC_ENDOWMENT","AHC Endowment Donations","AHC_ENDOWMENT","AHC_ENDOWMENT","AHC_ENDOWMENT","AHC_ENDOWMENT","AHC_ENDOWMENT","ADXX_XLA_L_AHC_ENDOWMENT","Y","FIN_IMPL","2018/10/11 10:07:16.72","2018/10/11 10:07:45.062","77F20EFFD1CB67FFE0537990DF0ADB76","FIN_IMPL","LINE","EVENT_ID,
LINE_NUMBER,
APPLICATION_ID,
NUMBER1 AS DEFAULT_AMOUNT,
CHAR1 AS DEFAULT_CURRENCY
FROM FUSION.XLA_TRANSACTION_LINES","",""
"AHC_INSURANCE","AHC_INSURANCE","AHC Insurance","AHC_INSURANCE","AHC_INSURANCE","AHC_INSURANCE","AHC_INSURANCE","AHC_INSURANCE","ADXX_XLA_H_AHC_INSURANCE","Y","FIN_IMPL","2018/03/06 05:30:20.159","2018/03/06 05:30:23.271","66B8A4FCD0219AA4E053E9A7FD0A5DFE","FIN_IMPL","HEADER","EVENT_ID,
APPLICATION_ID,
TRANSACTION_DATE,
TRANSACTION_NUMBER,
CHAR1 AS ACCOUNT_NUMBER,
CHAR2 AS AGENT,
CHAR3 AS CLAIM_NUM,
NUMBER1 AS COMMISSION_PERCENT,
CHAR4 AS COST_CENTER,
CHAR5 AS EVENT_TYPE,
CHAR6 AS INSURED_NAME,
DATE1 AS ISSUE_YEAR,
CHAR7 AS PAYEE_NAME,
CHAR8 AS PAYMENT_NUM,
CHAR9 AS PAYMENT_TYPE,
NUMBER2 AS POLICY_COVERAGE_AMOUNT,
DATE2 AS POLICY_EFFECTIVE_DATE,
DATE3 AS POLICY_EXPIRATION_DATE,
CHAR10 AS POLICY_NUMBER,
NUMBER3 AS POLICY_TERM_MO,
CHAR11 AS PRODUCT_CODE,
CHAR12 AS REINSURANCE_CODE,
NUMBER4 AS REINSURANCE_SHARE_PCT,
CHAR13 AS REINSURANCE_TYPE,
CHAR14 AS SOURCE_SYSTEM_ID,
CHAR15 AS SOURCE_SYSTEM_REFERENCE,
CHAR16 AS STATE_PROVINCE,
CHAR17 AS UNDERWRITING_COUNTRY,
DATE4 AS ADDITIONAL_DATE_1,
DATE5 AS ADDITIONAL_DATE_2,
DATE6 AS ADDITIONAL_DATE_3,
DATE7 AS ADDITIONAL_DATE_4,
DATE8 AS ADDITIONAL_DATE_5,
LONG_CHAR1 AS ADDITIONAL_LONG_TEXT,
NUMBER5 AS ADDITIONAL_NUMBER_1,
NUMBER6 AS ADDITIONAL_NUMBER_2,
NUMBER7 AS ADDITIONAL_NUMBER_3,
NUMBER8 AS ADDITIONAL_NUMBER_4,
NUMBER9 AS ADDITIONAL_NUMBER_5,
CHAR18 AS ADDITIONAL_TEXT_1,
CHAR19 AS ADDITIONAL_TEXT_2,
CHAR20 AS ADDITIONAL_TEXT_3,
CHAR21 AS ADDITIONAL_TEXT_4,
CHAR22 AS ADDITIONAL_TEXT_5
FROM FUSION.XLA_TRANSACTION_HEADERS","",""
"AHC_INSURANCE","AHC_INSURANCE","AHC Insurance","AHC_INSURANCE","AHC_INSURANCE","AHC_INSURANCE","AHC_INSURANCE","AHC_INSURANCE","ADXX_XLA_L_AHC_INSURANCE","Y","FIN_IMPL","2018/03/06 05:30:20.829","2018/03/06 05:30:23.313","66B8A4FCD0219AA4E053E9A7FD0A5DFE","FIN_IMPL","LINE","EVENT_ID,
LINE_NUMBER,
APPLICATION_ID,
NUMBER1 AS DEFAULT_AMOUNT,
CHAR1 AS DEFAULT_CURRENCY,
DATE1 AS CONVERSION_DATE,
NUMBER2 AS CONVERSION_RATE,
CHAR2 AS CONVERSION_TYPE,
CHAR3 AS LINE_TYPE,
DATE2 AS ADD_LINE_DATE_1,
DATE3 AS ADD_LINE_DATE_2,
CHAR4 AS ADD_LINE_TEXT_1,
CHAR5 AS ADD_LINE_TEXT_2,
NUMBER3 AS ADD_LINE_NUMBER_1,
NUMBER4 AS ADD_LINE_NUMBER_2
FROM FUSION.XLA_TRANSACTION_LINES","",""
"AHC_EXT_ERP","AHC_EXT_ERP","AHC External ERP","AHC_EXT_ERP","AHC_EXT_ERP","AHC_EXT_ERP","AHC_EXT_ERP","AHC_EXT_ERP","ADXX_XLA_H_AHC_EXT_ERP","Y","FIN_IMPL","2021/05/25 15:52:20.285","2021/05/25 15:52:23.133","C2E79BEB15F58012E0532D60FD0A028C","FIN_IMPL","HEADER","EVENT_ID,
APPLICATION_ID,
TRANSACTION_DATE,
TRANSACTION_NUMBER,
CHAR1 AS SOURCE_SYSTEM,
CHAR2 AS SOURCE_TRAN_TYPE,
DATE1 AS SOURCE_BATCH_DATE,
CHAR3 AS SOURCE_BATCH_ID,
NUMBER1 AS BATCH_TOTAL,
CHAR4 AS BATCH_USER,
CHAR5 AS ER_EMP_FULL_NAME,
CHAR6 AS EXP_REPORT_NAME,
LONG_CHAR1 AS SOURCE_JE_ID,
LONG_CHAR2 AS SOURCE_DESCRIPTION,
DATE2 AS SOURCE_GL_POST_DATE,
LONG_CHAR3 AS SOURCE_APPROVER,
CHAR7 AS SOURCE_DOC_TYPE,
LONG_CHAR4 AS SOURCE_DOC_NUMBER
FROM FUSION.XLA_TRANSACTION_HEADERS","",""
"AHC_EXT_ERP","AHC_EXT_ERP","AHC External ERP","AHC_EXT_ERP","AHC_EXT_ERP","AHC_EXT_ERP","AHC_EXT_ERP","AHC_EXT_ERP","ADXX_XLA_L_AHC_EXT_ERP","Y","FIN_IMPL","2021/05/25 15:52:21.004","2021/05/25 15:52:23.152","C2E79BEB15F58012E0532D60FD0A028C","FIN_IMPL","LINE","EVENT_ID,
LINE_NUMBER,
APPLICATION_ID,
NUMBER1 AS DEFAULT_AMOUNT,
CHAR1 AS DEFAULT_CURRENCY,
LONG_CHAR1 AS JOURNAL_ID,
CHAR2 AS LINE_TYPE,
LONG_CHAR2 AS SOURCE_GL_COA_STRING,
CHAR3 AS SOURCE_LINE_DESCRIPTION,
NUMBER2 AS SOURCE_DR,
NUMBER3 AS SOURCE_CR,
CHAR4 AS CONVERSION_TYPE,
DATE1 AS CONVERSION_DATE,
NUMBER4 AS CONVERSION_RATE,
LONG_CHAR3 AS EXTERNAL_DOC_NUMBER,
LONG_CHAR4 AS SOURCE_COMPANY,
CHAR5 AS SOURCE_COST_CENTER,
LONG_CHAR5 AS SOURCE_LOB,
NUMBER5 AS SOURCE_GL_ACCOUNT,
CHAR6 AS CUSTOMER,
NUMBER6 AS ER_EMPLOYEE_ID,
CHAR7 AS ER_EMP_FIRST_NAME,
CHAR8 AS ER_EMP_LAST_NAME,
CHAR9 AS HOME_COUNTRY,
DATE2 AS SUBMIT_DATE,
NUMBER7 AS REPORT_TOTAL,
CHAR10 AS SUPPLIER_MERCHANT,
CHAR11 AS PRODUCT_CODE,
DATE3 AS EXPENSE_DATE,
CHAR12 AS PAYMENT_TYPE,
CHAR13 AS EXP_CITY,
CHAR14 AS EXP_COUNTRY,
CHAR15 AS EXP_STATE
FROM FUSION.XLA_TRANSACTION_LINES","",""
"AHC_EMR","AHC_EMR","AHC Elec Med Record Sys","AHC_EMR","AHC_EMR","AHC_EMR","AHC_EMR","AHC_EMR","ADXX_XLA_H_AHC_EMR","Y","FIN_IMPL","2020/06/04 05:44:42.587","2020/06/04 05:44:47.267","A73C69023C9A180CE0539E90DF0AD122","FIN_IMPL","HEADER","EVENT_ID,
APPLICATION_ID,
TRANSACTION_DATE,
TRANSACTION_NUMBER,
CHAR1 AS FC,
DATE1 AS DOS,
CHAR2 AS TRANS,
NUMBER1 AS AMT,
CHAR3 AS DEPARTMENT,
CHAR4 AS LOC,
CHAR5 AS CATEGORY,
CHAR6 AS MRN,
CHAR7 AS TRN
FROM FUSION.XLA_TRANSACTION_HEADERS","",""
"AHC_EMR","AHC_EMR","AHC Elec Med Record Sys","AHC_EMR","AHC_EMR","AHC_EMR","AHC_EMR","AHC_EMR","ADXX_XLA_L_AHC_EMR","Y","FIN_IMPL","2020/06/04 05:44:43.138","2020/06/04 05:44:47.319","A73C69023C9A180CE0539E90DF0AD122","FIN_IMPL","LINE","EVENT_ID,
LINE_NUMBER,
APPLICATION_ID,
NUMBER1 AS DEFAULT_AMOUNT,
CHAR1 AS DEFAULT_CURRENCY
FROM FUSION.XLA_TRANSACTION_LINES","",""
