"XLA_SUBLEDGER.ApplicationShortName","ORA_XLA_PROCESS_CATEGORY.EventClassGroupCode","ORA_XLA_PROCESS_CATEGORY.Name","ORA_EVENT_CLASS_ATTRS.EntityCode","ORA_EVENT_CLASS_ATTRS.EventClassCode","XLA_EVENT_CLASS.EntityCode","XLA_EVENT_CLASS.EventClassCode","ApplicationShortName","EventClassCode","SourceApplicationShortName","SourceTypeCode","AccountingAttributeCode","SourceCode","AssignmentLevelCodeTrans","AssignmentOwnerCode","CreatedBy","CreationDate","DefaultFlag","LastUpdateDate","LastUpdateLogin","LastUpdatedBy","SourceCodeChoiceTrans","SourceOriginCode","userTrans"
"AHC_LI_INS","AHC_LI_INS","AHC Life Insurance","AHC_LI_INS","AHC_LI_INS","AHC_LI_INS","AHC_LI_INS","AHC_LI_INS","AHC_LI_INS","AHC_LI_INS","S","DISTRIBUTION_IDENTIFIER_1","LINE_NUMBER","","C","FIN_IMPL","2019/02/25 08:59:56.227","Y","2019/02/25 09:00:12.684","82B253FC04DE7798E053C390DF0A5792","FIN_IMPL","","","C"
"AHC_LI_INS","AHC_LI_INS","AHC Life Insurance","AHC_LI_INS","AHC_LI_INS","AHC_LI_INS","AHC_LI_INS","AHC_LI_INS","AHC_LI_INS","XLA","Y","DISTRIBUTION_TYPE","XLA_EVENT_TYPE_CODE","","C","FIN_IMPL","2019/02/25 08:59:56.23","Y","2019/02/25 09:00:12.685","82B253FC04DE7798E053C390DF0A5792","FIN_IMPL","","","C"
"AHC_LI_INS","AHC_LI_INS","AHC Life Insurance","AHC_LI_INS","AHC_LI_INS","AHC_LI_INS","AHC_LI_INS","AHC_LI_INS","AHC_LI_INS","AHC_LI_INS","S","ENTERED_CURRENCY_AMOUNT","DEFAULT_AMOUNT","","C","FIN_IMPL","2019/02/25 08:59:55.848","Y","2019/02/25 09:00:12.339","82B253FC04DE7798E053C390DF0A5792","FIN_IMPL","","","C"
"AHC_LI_INS","AHC_LI_INS","AHC Life Insurance","AHC_LI_INS","AHC_LI_INS","AHC_LI_INS","AHC_LI_INS","AHC_LI_INS","AHC_LI_INS","AHC_LI_INS","S","ENTERED_CURRENCY_AMOUNT","LI_AMOUNT","","C","FIN_IMPL","2019/02/25 09:02:10.0","N","2019/02/25 09:03:18.96","82B372CEA5CF140BE053C390DF0AB1A0","FIN_IMPL","","","C"
"AHC_LI_INS","AHC_LI_INS","AHC Life Insurance","AHC_LI_INS","AHC_LI_INS","AHC_LI_INS","AHC_LI_INS","AHC_LI_INS","AHC_LI_INS","AHC_LI_INS","S","ENTERED_CURRENCY_CODE","DEFAULT_CURRENCY","","C","FIN_IMPL","2019/02/25 08:59:56.22","Y","2019/02/25 09:00:12.604","82B253FC04DE7798E053C390DF0A5792","FIN_IMPL","","","C"
"AHC_LI_INS","AHC_LI_INS","AHC Life Insurance","AHC_LI_INS","AHC_LI_INS","AHC_LI_INS","AHC_LI_INS","AHC_LI_INS","AHC_LI_INS","AHC_LI_INS","S","EXCHANGE_DATE","CONVERSION_DATE","","C","FIN_IMPL","2019/02/25 09:02:47.094","Y","2019/02/25 09:03:18.968","82B372CEA5CF140BE053C390DF0AB1A0","FIN_IMPL","","","C"
"AHC_LI_INS","AHC_LI_INS","AHC Life Insurance","AHC_LI_INS","AHC_LI_INS","AHC_LI_INS","AHC_LI_INS","AHC_LI_INS","AHC_LI_INS","AHC_LI_INS","S","EXCHANGE_RATE","CONVERSION_RATE","","C","FIN_IMPL","2019/02/25 09:02:56.069","Y","2019/02/25 09:03:18.978","82B372CEA5CF140BE053C390DF0AB1A0","FIN_IMPL","","","C"
"AHC_LI_INS","AHC_LI_INS","AHC Life Insurance","AHC_LI_INS","AHC_LI_INS","AHC_LI_INS","AHC_LI_INS","AHC_LI_INS","AHC_LI_INS","AHC_LI_INS","S","EXCHANGE_RATE_TYPE","CONVERSION_TYPE","","C","FIN_IMPL","2019/02/25 09:03:04.375","Y","2019/02/25 09:03:18.982","82B372CEA5CF140BE053C390DF0AB1A0","FIN_IMPL","","","C"
"AHC_LI_INS","AHC_LI_INS","AHC Life Insurance","AHC_LI_INS","AHC_LI_INS","AHC_LI_INS","AHC_LI_INS","AHC_LI_INS","AHC_LI_INS","AHC_LI_INS","S","GL_DATE","TRANSACTION_DATE","","C","FIN_IMPL","2019/02/25 08:59:56.223","Y","2019/02/25 09:00:12.608","82B253FC04DE7798E053C390DF0A5792","FIN_IMPL","","","C"
"FAH_BILLING","BILLING","Billing Feeds","BILLING_SYSTEM","BILLING_SYSTEM","BILLING_SYSTEM","BILLING_SYSTEM","FAH_BILLING","BILLING_SYSTEM","FAH_BILLING","S","DISTRIBUTION_IDENTIFIER_1","DISTRIBUTION_LINE_NUMBER","","C","FIN_IMPL","2013/11/19 20:34:53.0","Y","2013/11/19 20:36:45.256","EB8D3B917002406DE0436204548C2BAF","FIN_IMPL","","","C"
"FAH_BILLING","BILLING","Billing Feeds","BILLING_SYSTEM","BILLING_SYSTEM","BILLING_SYSTEM","BILLING_SYSTEM","FAH_BILLING","BILLING_SYSTEM","FAH_BILLING","S","DISTRIBUTION_TYPE","DISTRIBUTION_TYPE","","C","FIN_IMPL","2013/11/19 20:36:47.562","Y","2013/11/19 20:37:21.961","EB8D3B917002406DE0436204548C2BAF","FIN_IMPL","","","C"
"FAH_BILLING","BILLING","Billing Feeds","BILLING_SYSTEM","BILLING_SYSTEM","BILLING_SYSTEM","BILLING_SYSTEM","FAH_BILLING","BILLING_SYSTEM","FAH_BILLING","S","ENTERED_CURRENCY_AMOUNT","ADDITIONAL_AMOUNT_1","","C","FIN_IMPL","2013/11/19 20:38:07.792","N","2013/11/19 20:49:04.283","EB8D3B917002406DE0436204548C2BAF","FIN_IMPL","","","C"
"FAH_BILLING","BILLING","Billing Feeds","BILLING_SYSTEM","BILLING_SYSTEM","BILLING_SYSTEM","BILLING_SYSTEM","FAH_BILLING","BILLING_SYSTEM","FAH_BILLING","S","ENTERED_CURRENCY_AMOUNT","ADDITIONAL_AMOUNT_2","","C","FIN_IMPL","2013/11/19 20:38:36.169","N","2013/11/19 20:49:04.281","EB8D3B917002406DE0436204548C2BAF","FIN_IMPL","","","C"
"FAH_BILLING","BILLING","Billing Feeds","BILLING_SYSTEM","BILLING_SYSTEM","BILLING_SYSTEM","BILLING_SYSTEM","FAH_BILLING","BILLING_SYSTEM","FAH_BILLING","S","ENTERED_CURRENCY_AMOUNT","ADDITIONAL_AMOUNT_3","","C","FIN_IMPL","2013/11/19 20:39:52.675","N","2013/11/19 20:49:04.28","EB8D3B917002406DE0436204548C2BAF","FIN_IMPL","","","C"
"FAH_BILLING","BILLING","Billing Feeds","BILLING_SYSTEM","BILLING_SYSTEM","BILLING_SYSTEM","BILLING_SYSTEM","FAH_BILLING","BILLING_SYSTEM","FAH_BILLING","S","ENTERED_CURRENCY_AMOUNT","ADDITIONAL_AMOUNT_4","","C","FIN_IMPL","2013/11/19 20:40:17.843","N","2013/11/19 20:49:04.279","EB8D3B917002406DE0436204548C2BAF","FIN_IMPL","","","C"
"FAH_BILLING","BILLING","Billing Feeds","BILLING_SYSTEM","BILLING_SYSTEM","BILLING_SYSTEM","BILLING_SYSTEM","FAH_BILLING","BILLING_SYSTEM","FAH_BILLING","S","ENTERED_CURRENCY_AMOUNT","ADDITIONAL_AMOUNT_5","","C","FIN_IMPL","2013/11/19 20:40:49.052","N","2013/11/19 20:49:04.278","EB8D3B917002406DE0436204548C2BAF","FIN_IMPL","","","C"
"FAH_BILLING","BILLING","Billing Feeds","BILLING_SYSTEM","BILLING_SYSTEM","BILLING_SYSTEM","BILLING_SYSTEM","FAH_BILLING","BILLING_SYSTEM","FAH_BILLING","S","ENTERED_CURRENCY_AMOUNT","AMOUNT","","C","FIN_IMPL","2013/11/19 20:37:42.048","Y","2013/11/19 20:49:04.284","EB8D3B917002406DE0436204548C2BAF","FIN_IMPL","","","C"
"FAH_BILLING","BILLING","Billing Feeds","BILLING_SYSTEM","BILLING_SYSTEM","BILLING_SYSTEM","BILLING_SYSTEM","FAH_BILLING","BILLING_SYSTEM","FAH_BILLING","S","ENTERED_CURRENCY_CODE","CURRENCY","","C","FIN_IMPL","2013/11/19 20:48:06.775","Y","2013/11/19 20:49:04.262","EB8D3B917002406DE0436204548C2BAF","FIN_IMPL","","","C"
"FAH_BILLING","BILLING","Billing Feeds","BILLING_SYSTEM","BILLING_SYSTEM","BILLING_SYSTEM","BILLING_SYSTEM","FAH_BILLING","BILLING_SYSTEM","FAH_BILLING","S","EXCHANGE_DATE","CONVERSION_DATE","","C","FIN_IMPL","2013/11/19 20:43:45.565","Y","2013/11/19 20:49:04.27","EB8D3B917002406DE0436204548C2BAF","FIN_IMPL","","","C"
"FAH_BILLING","BILLING","Billing Feeds","BILLING_SYSTEM","BILLING_SYSTEM","BILLING_SYSTEM","BILLING_SYSTEM","FAH_BILLING","BILLING_SYSTEM","FAH_BILLING","S","EXCHANGE_RATE","CONVERSION_RATE","","C","FIN_IMPL","2013/11/19 20:44:18.709","Y","2013/11/19 20:49:04.269","EB8D3B917002406DE0436204548C2BAF","FIN_IMPL","","","C"
"FAH_BILLING","BILLING","Billing Feeds","BILLING_SYSTEM","BILLING_SYSTEM","BILLING_SYSTEM","BILLING_SYSTEM","FAH_BILLING","BILLING_SYSTEM","FAH_BILLING","S","EXCHANGE_RATE_TYPE","CONVERSION_TYPE","","C","FIN_IMPL","2013/11/19 20:44:49.748","Y","2013/11/19 20:49:04.267","EB8D3B917002406DE0436204548C2BAF","FIN_IMPL","","","C"
"FAH_BILLING","BILLING","Billing Feeds","BILLING_SYSTEM","BILLING_SYSTEM","BILLING_SYSTEM","BILLING_SYSTEM","FAH_BILLING","BILLING_SYSTEM","XLA","Y","GL_DATE","XLA_CREATION_DATE","","C","FIN_IMPL","2013/11/19 20:46:55.955","N","2013/11/19 20:49:04.264","EB8D3B917002406DE0436204548C2BAF","FIN_IMPL","","","C"
"FAH_BILLING","BILLING","Billing Feeds","BILLING_SYSTEM","BILLING_SYSTEM","BILLING_SYSTEM","BILLING_SYSTEM","FAH_BILLING","BILLING_SYSTEM","XLA","Y","GL_DATE","XLA_EVENT_DATE","","C","FIN_IMPL","2013/11/19 20:45:44.21","Y","2013/11/19 20:49:04.266","EB8D3B917002406DE0436204548C2BAF","FIN_IMPL","","","C"
"FAH_BILLING","BILLING","Billing Feeds","BILLING_SYSTEM","BILLING_SYSTEM","BILLING_SYSTEM","BILLING_SYSTEM","FAH_BILLING","BILLING_SYSTEM","FAH_BILLING","S","GL_DATE","TRANSACTION_DATE","","C","FIN_IMPL","2013/11/19 20:46:13.116","N","2013/11/19 20:49:04.265","EB8D3B917002406DE0436204548C2BAF","FIN_IMPL","","","C"
"FAH_BILLING","BILLING","Billing Feeds","BILLING_SYSTEM","BILLING_SYSTEM","BILLING_SYSTEM","BILLING_SYSTEM","FAH_BILLING","BILLING_SYSTEM","FAH_BILLING","S","LEDGER_AMOUNT","ADDITIONAL_AMOUNT_1","","C","FIN_IMPL","2013/11/19 20:41:40.584","N","2013/11/19 20:49:04.275","EB8D3B917002406DE0436204548C2BAF","FIN_IMPL","","","C"
"FAH_BILLING","BILLING","Billing Feeds","BILLING_SYSTEM","BILLING_SYSTEM","BILLING_SYSTEM","BILLING_SYSTEM","FAH_BILLING","BILLING_SYSTEM","FAH_BILLING","S","LEDGER_AMOUNT","ADDITIONAL_AMOUNT_2","","C","FIN_IMPL","2013/11/19 20:42:00.228","N","2013/11/19 20:49:04.274","EB8D3B917002406DE0436204548C2BAF","FIN_IMPL","","","C"
"FAH_BILLING","BILLING","Billing Feeds","BILLING_SYSTEM","BILLING_SYSTEM","BILLING_SYSTEM","BILLING_SYSTEM","FAH_BILLING","BILLING_SYSTEM","FAH_BILLING","S","LEDGER_AMOUNT","ADDITIONAL_AMOUNT_3","","C","FIN_IMPL","2013/11/19 20:42:23.374","N","2013/11/19 20:49:04.273","EB8D3B917002406DE0436204548C2BAF","FIN_IMPL","","","C"
"FAH_BILLING","BILLING","Billing Feeds","BILLING_SYSTEM","BILLING_SYSTEM","BILLING_SYSTEM","BILLING_SYSTEM","FAH_BILLING","BILLING_SYSTEM","FAH_BILLING","S","LEDGER_AMOUNT","ADDITIONAL_AMOUNT_4","","C","FIN_IMPL","2013/11/19 20:42:44.314","N","2013/11/19 20:49:04.272","EB8D3B917002406DE0436204548C2BAF","FIN_IMPL","","","C"
"FAH_BILLING","BILLING","Billing Feeds","BILLING_SYSTEM","BILLING_SYSTEM","BILLING_SYSTEM","BILLING_SYSTEM","FAH_BILLING","BILLING_SYSTEM","FAH_BILLING","S","LEDGER_AMOUNT","ADDITIONAL_AMOUNT_5","","C","FIN_IMPL","2013/11/19 20:43:07.923","N","2013/11/19 20:49:04.271","EB8D3B917002406DE0436204548C2BAF","FIN_IMPL","","","C"
"FAH_BILLING","BILLING","Billing Feeds","BILLING_SYSTEM","BILLING_SYSTEM","BILLING_SYSTEM","BILLING_SYSTEM","FAH_BILLING","BILLING_SYSTEM","FAH_BILLING","S","LEDGER_AMOUNT","AMOUNT","","C","FIN_IMPL","2013/11/19 20:41:18.022","Y","2013/11/19 20:49:04.276","EB8D3B917002406DE0436204548C2BAF","FIN_IMPL","","","C"
"FAH_BILLING","OU_BILLING","OU Billing Feeds","OU_BILLING","OU_BILLING","OU_BILLING","OU_BILLING","FAH_BILLING","OU_BILLING","FAH_BILLING","S","DISTRIBUTION_IDENTIFIER_1","DISTRIBUTION_LINE_NUMBER","","C","FIN_IMPL","2015/03/31 01:49:49.572","Y","2015/03/31 01:50:53.634","128C930E4FD358A2E0536204548C5184","FIN_IMPL","","","C"
"FAH_BILLING","OU_BILLING","OU Billing Feeds","OU_BILLING","OU_BILLING","OU_BILLING","OU_BILLING","FAH_BILLING","OU_BILLING","FAH_BILLING","S","DISTRIBUTION_TYPE","DISTRIBUTION_TYPE","","C","FIN_IMPL","2015/03/31 01:53:26.006","Y","2015/03/31 01:53:56.535","128C930E4FD358A2E0536204548C5184","FIN_IMPL","","","C"
"FAH_BILLING","OU_BILLING","OU Billing Feeds","OU_BILLING","OU_BILLING","OU_BILLING","OU_BILLING","FAH_BILLING","OU_BILLING","FAH_BILLING","S","ENTERED_CURRENCY_AMOUNT","ADDITIONAL_AMOUNT_1","","C","FIN_IMPL","2015/03/31 01:44:00.846","N","2015/03/31 01:44:42.925","128C930E4FD358A2E0536204548C5184","FIN_IMPL","","","C"
"FAH_BILLING","OU_BILLING","OU Billing Feeds","OU_BILLING","OU_BILLING","OU_BILLING","OU_BILLING","FAH_BILLING","OU_BILLING","FAH_BILLING","S","ENTERED_CURRENCY_AMOUNT","ADDITIONAL_AMOUNT_2","","C","FIN_IMPL","2015/03/31 01:45:04.719","N","2015/03/31 01:45:41.343","128C930E4FD358A2E0536204548C5184","FIN_IMPL","","","C"
"FAH_BILLING","OU_BILLING","OU Billing Feeds","OU_BILLING","OU_BILLING","OU_BILLING","OU_BILLING","FAH_BILLING","OU_BILLING","FAH_BILLING","S","ENTERED_CURRENCY_AMOUNT","ADDITIONAL_AMOUNT_3","","C","FIN_IMPL","2015/03/31 01:45:44.711","N","2015/03/31 01:46:44.198","128C930E4FD358A2E0536204548C5184","FIN_IMPL","","","C"
"FAH_BILLING","OU_BILLING","OU Billing Feeds","OU_BILLING","OU_BILLING","OU_BILLING","OU_BILLING","FAH_BILLING","OU_BILLING","FAH_BILLING","S","ENTERED_CURRENCY_AMOUNT","ADDITIONAL_AMOUNT_4","","C","FIN_IMPL","2015/03/31 01:46:23.077","N","2015/03/31 01:46:49.237","128C930E4FD358A2E0536204548C5184","FIN_IMPL","","","C"
"FAH_BILLING","OU_BILLING","OU Billing Feeds","OU_BILLING","OU_BILLING","OU_BILLING","OU_BILLING","FAH_BILLING","OU_BILLING","FAH_BILLING","S","ENTERED_CURRENCY_AMOUNT","ADDITIONAL_AMOUNT_5","","C","FIN_IMPL","2015/03/31 01:47:09.032","N","2015/03/31 01:47:35.769","128C930E4FD358A2E0536204548C5184","FIN_IMPL","","","C"
"FAH_BILLING","OU_BILLING","OU Billing Feeds","OU_BILLING","OU_BILLING","OU_BILLING","OU_BILLING","FAH_BILLING","OU_BILLING","FAH_BILLING","S","ENTERED_CURRENCY_AMOUNT","AMOUNT","","C","FIN_IMPL","2015/03/31 01:48:07.685","Y","2015/03/31 01:48:42.605","128C930E4FD358A2E0536204548C5184","FIN_IMPL","","","C"
"FAH_BILLING","OU_BILLING","OU Billing Feeds","OU_BILLING","OU_BILLING","OU_BILLING","OU_BILLING","FAH_BILLING","OU_BILLING","FAH_BILLING","S","ENTERED_CURRENCY_CODE","CURRENCY","","C","FIN_IMPL","2015/03/31 01:52:57.373","Y","2015/03/31 01:53:56.53","128C930E4FD358A2E0536204548C5184","FIN_IMPL","","","C"
"FAH_BILLING","OU_BILLING","OU Billing Feeds","OU_BILLING","OU_BILLING","OU_BILLING","OU_BILLING","FAH_BILLING","OU_BILLING","FAH_BILLING","S","EXCHANGE_RATE","CONVERSION_RATE","","C","FIN_IMPL","2015/03/31 01:48:46.464","Y","2015/03/31 01:50:53.625","128C930E4FD358A2E0536204548C5184","FIN_IMPL","","","C"
"FAH_BILLING","OU_BILLING","OU Billing Feeds","OU_BILLING","OU_BILLING","OU_BILLING","OU_BILLING","FAH_BILLING","OU_BILLING","FAH_BILLING","S","EXCHANGE_RATE_TYPE","CONVERSION_TYPE","","C","FIN_IMPL","2015/03/31 01:52:08.0","Y","2015/03/31 01:53:56.515","128C930E4FD358A2E0536204548C5184","FIN_IMPL","","","C"
"FAH_BILLING","OU_BILLING","OU Billing Feeds","OU_BILLING","OU_BILLING","OU_BILLING","OU_BILLING","FAH_BILLING","OU_BILLING","XLA","Y","GL_DATE","XLA_EVENT_DATE","","C","FIN_IMPL","2015/03/31 01:43:17.0","Y","2015/03/31 01:44:35.138","128C930E4FD358A2E0536204548C5184","FIN_IMPL","","","C"
"FAH_BILLING","OU_BILLING","OU Billing Feeds","OU_BILLING","OU_BILLING","OU_BILLING","OU_BILLING","FAH_BILLING","OU_BILLING","XLA","Y","GL_DATE","XLA_TRANSACTION_DATE","","C","FIN_IMPL","2015/03/31 01:55:10.0","N","2015/03/31 01:55:53.87","128C930E4FD358A2E0536204548C5184","FIN_IMPL","","","C"
"FAH_BILLING","OU_BILLING","OU Billing Feeds","OU_BILLING","OU_BILLING","OU_BILLING","OU_BILLING","FAH_BILLING","OU_BILLING","FAH_BILLING","S","LEDGER_AMOUNT","ADDITIONAL_AMOUNT_1","","C","FIN_IMPL","2015/03/31 01:43:44.944","N","2015/03/31 01:44:47.787","128C930E4FD358A2E0536204548C5184","FIN_IMPL","","","C"
"FAH_BILLING","OU_BILLING","OU Billing Feeds","OU_BILLING","OU_BILLING","OU_BILLING","OU_BILLING","FAH_BILLING","OU_BILLING","FAH_BILLING","S","LEDGER_AMOUNT","ADDITIONAL_AMOUNT_2","","C","FIN_IMPL","2015/03/31 01:44:53.113","N","2015/03/31 01:45:41.335","128C930E4FD358A2E0536204548C5184","FIN_IMPL","","","C"
"FAH_BILLING","OU_BILLING","OU Billing Feeds","OU_BILLING","OU_BILLING","OU_BILLING","OU_BILLING","FAH_BILLING","OU_BILLING","FAH_BILLING","S","LEDGER_AMOUNT","ADDITIONAL_AMOUNT_3","","C","FIN_IMPL","2015/03/31 01:45:27.365","N","2015/03/31 01:45:41.345","128C930E4FD358A2E0536204548C5184","FIN_IMPL","","","C"
"FAH_BILLING","OU_BILLING","OU Billing Feeds","OU_BILLING","OU_BILLING","OU_BILLING","OU_BILLING","FAH_BILLING","OU_BILLING","FAH_BILLING","S","LEDGER_AMOUNT","ADDITIONAL_AMOUNT_4","","C","FIN_IMPL","2015/03/31 01:46:06.981","N","2015/03/31 01:46:44.205","128C930E4FD358A2E0536204548C5184","FIN_IMPL","","","C"
"FAH_BILLING","OU_BILLING","OU Billing Feeds","OU_BILLING","OU_BILLING","OU_BILLING","OU_BILLING","FAH_BILLING","OU_BILLING","FAH_BILLING","S","LEDGER_AMOUNT","ADDITIONAL_AMOUNT_5","","C","FIN_IMPL","2015/03/31 01:46:52.75","N","2015/03/31 01:47:35.762","128C930E4FD358A2E0536204548C5184","FIN_IMPL","","","C"
"FAH_BILLING","OU_BILLING","OU Billing Feeds","OU_BILLING","OU_BILLING","OU_BILLING","OU_BILLING","FAH_BILLING","OU_BILLING","FAH_BILLING","S","LEDGER_AMOUNT","AMOUNT","","C","FIN_IMPL","2015/03/31 01:47:52.895","Y","2015/03/31 01:48:42.597","128C930E4FD358A2E0536204548C5184","FIN_IMPL","","","C"
"FAH_INSURANCE","COMMERCIAL_INS","Commercial Insurance","COMM_P_AND_C","COMM_P_AND_C","COMM_P_AND_C","COMM_P_AND_C","FAH_INSURANCE","COMM_P_AND_C","FAH_INSURANCE","S","DISTRIBUTION_IDENTIFIER_1","DISTRIBUTION_LINE_NUMBER","","C","FIN_IMPL","2014/02/04 19:38:48.675","Y","2014/02/04 19:39:29.172","F1951E89E7FF126EE0436204548C65CF","FIN_IMPL","","","C"
"FAH_INSURANCE","COMMERCIAL_INS","Commercial Insurance","COMM_P_AND_C","COMM_P_AND_C","COMM_P_AND_C","COMM_P_AND_C","FAH_INSURANCE","COMM_P_AND_C","FAH_INSURANCE","S","DISTRIBUTION_TYPE","DISTRIBUTION_TYPE","","C","FIN_IMPL","2014/02/04 19:39:38.845","Y","2014/02/04 19:39:58.084","F1951E89E7FF126EE0436204548C65CF","FIN_IMPL","","","C"
"FAH_INSURANCE","COMMERCIAL_INS","Commercial Insurance","COMM_P_AND_C","COMM_P_AND_C","COMM_P_AND_C","COMM_P_AND_C","FAH_INSURANCE","COMM_P_AND_C","FAH_INSURANCE","S","ENTERED_CURRENCY_AMOUNT","AMOUNT","","C","FIN_IMPL","2014/02/04 19:40:09.327","Y","2014/02/04 20:24:15.91","F1951E89E7FF126EE0436204548C65CF","FIN_IMPL","","","C"
"FAH_INSURANCE","COMMERCIAL_INS","Commercial Insurance","COMM_P_AND_C","COMM_P_AND_C","COMM_P_AND_C","COMM_P_AND_C","FAH_INSURANCE","COMM_P_AND_C","FAH_INSURANCE","S","ENTERED_CURRENCY_AMOUNT","CURRENT_MONTH_EARNED_PREMIUM","","C","FIN_IMPL","2014/02/04 19:40:34.649","N","2014/02/04 20:24:15.913","F1951E89E7FF126EE0436204548C65CF","FIN_IMPL","","","C"
"FAH_INSURANCE","COMMERCIAL_INS","Commercial Insurance","COMM_P_AND_C","COMM_P_AND_C","COMM_P_AND_C","COMM_P_AND_C","FAH_INSURANCE","COMM_P_AND_C","FAH_INSURANCE","S","ENTERED_CURRENCY_AMOUNT","CURRENT_MONTH_UPR","","C","FIN_IMPL","2014/02/04 19:41:10.176","N","2014/02/04 20:24:15.914","F1951E89E7FF126EE0436204548C65CF","FIN_IMPL","","","C"
"FAH_INSURANCE","COMMERCIAL_INS","Commercial Insurance","COMM_P_AND_C","COMM_P_AND_C","COMM_P_AND_C","COMM_P_AND_C","FAH_INSURANCE","COMM_P_AND_C","FAH_INSURANCE","S","ENTERED_CURRENCY_AMOUNT","DEFERRED_COMMISSION","","C","FIN_IMPL","2014/02/04 19:42:09.487","N","2014/02/04 20:24:15.915","F1951E89E7FF126EE0436204548C65CF","FIN_IMPL","","","C"
"FAH_INSURANCE","COMMERCIAL_INS","Commercial Insurance","COMM_P_AND_C","COMM_P_AND_C","COMM_P_AND_C","COMM_P_AND_C","FAH_INSURANCE","COMM_P_AND_C","FAH_INSURANCE","S","ENTERED_CURRENCY_AMOUNT","EARNED_COMMISSION","","C","FIN_IMPL","2014/02/04 19:43:08.139","N","2014/02/04 20:24:15.917","F1951E89E7FF126EE0436204548C65CF","FIN_IMPL","","","C"
"FAH_INSURANCE","COMMERCIAL_INS","Commercial Insurance","COMM_P_AND_C","COMM_P_AND_C","COMM_P_AND_C","COMM_P_AND_C","FAH_INSURANCE","COMM_P_AND_C","FAH_INSURANCE","S","ENTERED_CURRENCY_AMOUNT","PARTICIPANT_SHARE_AMOUNT","","C","FIN_IMPL","2014/02/04 19:44:05.141","N","2014/02/04 20:24:15.919","F1951E89E7FF126EE0436204548C65CF","FIN_IMPL","","","C"
"FAH_INSURANCE","COMMERCIAL_INS","Commercial Insurance","COMM_P_AND_C","COMM_P_AND_C","COMM_P_AND_C","COMM_P_AND_C","FAH_INSURANCE","COMM_P_AND_C","FAH_INSURANCE","S","ENTERED_CURRENCY_CODE","CURRENCY","","C","FIN_IMPL","2014/02/04 19:44:55.007","Y","2014/02/04 20:24:15.92","F1951E89E7FF126EE0436204548C65CF","FIN_IMPL","","","C"
"FAH_INSURANCE","COMMERCIAL_INS","Commercial Insurance","COMM_P_AND_C","COMM_P_AND_C","COMM_P_AND_C","COMM_P_AND_C","FAH_INSURANCE","COMM_P_AND_C","FAH_INSURANCE","S","EXCHANGE_DATE","CONVERSION_DATE","","C","FIN_IMPL","2014/02/04 19:45:42.169","Y","2014/02/04 20:24:15.922","F1951E89E7FF126EE0436204548C65CF","FIN_IMPL","","","C"
"FAH_INSURANCE","COMMERCIAL_INS","Commercial Insurance","COMM_P_AND_C","COMM_P_AND_C","COMM_P_AND_C","COMM_P_AND_C","FAH_INSURANCE","COMM_P_AND_C","FAH_INSURANCE","S","EXCHANGE_RATE","CONVERSION_RATE","","C","FIN_IMPL","2014/02/04 19:46:17.68","Y","2014/02/04 20:24:15.923","F1951E89E7FF126EE0436204548C65CF","FIN_IMPL","","","C"
"FAH_INSURANCE","COMMERCIAL_INS","Commercial Insurance","COMM_P_AND_C","COMM_P_AND_C","COMM_P_AND_C","COMM_P_AND_C","FAH_INSURANCE","COMM_P_AND_C","FAH_INSURANCE","S","EXCHANGE_RATE_TYPE","CONVERSION_TYPE","","C","FIN_IMPL","2014/02/04 19:46:52.536","Y","2014/02/04 20:24:15.925","F1951E89E7FF126EE0436204548C65CF","FIN_IMPL","","","C"
"FAH_INSURANCE","COMMERCIAL_INS","Commercial Insurance","COMM_P_AND_C","COMM_P_AND_C","COMM_P_AND_C","COMM_P_AND_C","FAH_INSURANCE","COMM_P_AND_C","FAH_INSURANCE","S","GL_DATE","TRANSACTION_DATE","","C","FIN_IMPL","2014/02/04 19:47:28.59","Y","2014/02/04 20:24:15.926","F1951E89E7FF126EE0436204548C65CF","FIN_IMPL","","","C"
"FAH_INSURANCE","COMMERCIAL_INS","Commercial Insurance","COMM_P_AND_C","COMM_P_AND_C","COMM_P_AND_C","COMM_P_AND_C","FAH_INSURANCE","COMM_P_AND_C","FAH_INSURANCE","S","LEDGER_AMOUNT","AMOUNT","","C","FIN_IMPL","2014/02/04 19:49:44.442","Y","2014/02/04 20:24:15.928","F1951E89E7FF126EE0436204548C65CF","FIN_IMPL","","","C"
"FAH_INSURANCE","COMMERCIAL_INS","Commercial Insurance","COMM_P_AND_C","COMM_P_AND_C","COMM_P_AND_C","COMM_P_AND_C","FAH_INSURANCE","COMM_P_AND_C","FAH_INSURANCE","S","LEDGER_AMOUNT","CURRENT_MONTH_EARNED_PREMIUM","","C","FIN_IMPL","2014/02/04 19:53:39.873","N","2014/02/04 20:24:15.93","F1951E89E7FF126EE0436204548C65CF","FIN_IMPL","","","C"
"FAH_INSURANCE","COMMERCIAL_INS","Commercial Insurance","COMM_P_AND_C","COMM_P_AND_C","COMM_P_AND_C","COMM_P_AND_C","FAH_INSURANCE","COMM_P_AND_C","FAH_INSURANCE","S","LEDGER_AMOUNT","CURRENT_MONTH_UPR","","C","FIN_IMPL","2014/02/04 19:55:48.982","N","2014/02/04 20:24:15.931","F1951E89E7FF126EE0436204548C65CF","FIN_IMPL","","","C"
"FAH_INSURANCE","COMMERCIAL_INS","Commercial Insurance","COMM_P_AND_C","COMM_P_AND_C","COMM_P_AND_C","COMM_P_AND_C","FAH_INSURANCE","COMM_P_AND_C","FAH_INSURANCE","S","LEDGER_AMOUNT","DEFERRED_COMMISSION","","C","FIN_IMPL","2014/02/04 19:58:35.716","N","2014/02/04 20:24:15.932","F1951E89E7FF126EE0436204548C65CF","FIN_IMPL","","","C"
"FAH_INSURANCE","COMMERCIAL_INS","Commercial Insurance","COMM_P_AND_C","COMM_P_AND_C","COMM_P_AND_C","COMM_P_AND_C","FAH_INSURANCE","COMM_P_AND_C","FAH_INSURANCE","S","LEDGER_AMOUNT","EARNED_COMMISSION","","C","FIN_IMPL","2014/02/04 20:00:06.608","N","2014/02/04 20:24:15.934","F1951E89E7FF126EE0436204548C65CF","FIN_IMPL","","","C"
"FAH_INSURANCE","COMMERCIAL_INS","Commercial Insurance","COMM_P_AND_C","COMM_P_AND_C","COMM_P_AND_C","COMM_P_AND_C","FAH_INSURANCE","COMM_P_AND_C","FAH_INSURANCE","S","LEDGER_AMOUNT","PARTICIPANT_SHARE_AMOUNT","","C","FIN_IMPL","2014/02/04 20:23:10.0","N","2014/02/04 20:24:15.907","F1951E89E7FF126EE0436204548C65CF","FIN_IMPL","","","C"
"FAH_INSURANCE","PROPERTY_CASUALTY_INS","Property and Casualty Insurance","PERSONAL_AUTO_INSURANCE","PERSONAL_AUTO_INSURANCE","PERSONAL_AUTO_INSURANCE","PERSONAL_AUTO_INSURANCE","FAH_INSURANCE","PERSONAL_AUTO_INSURANCE","FAH_INSURANCE","S","DISTRIBUTION_IDENTIFIER_1","DISTRIBUTION_LINE_NUMBER","","C","FIN_IMPL","2014/02/03 21:50:41.0","Y","2014/02/03 21:52:11.838","F187489368655A1CE0436204548C7D0C","FIN_IMPL","","","C"
"FAH_INSURANCE","PROPERTY_CASUALTY_INS","Property and Casualty Insurance","PERSONAL_AUTO_INSURANCE","PERSONAL_AUTO_INSURANCE","PERSONAL_AUTO_INSURANCE","PERSONAL_AUTO_INSURANCE","FAH_INSURANCE","PERSONAL_AUTO_INSURANCE","FAH_INSURANCE","S","DISTRIBUTION_TYPE","DISTRIBUTION_TYPE","","C","FIN_IMPL","2014/02/03 21:57:03.823","Y","2014/02/03 21:58:11.151","F187489368655A1CE0436204548C7D0C","FIN_IMPL","","","C"
"FAH_INSURANCE","PROPERTY_CASUALTY_INS","Property and Casualty Insurance","PERSONAL_AUTO_INSURANCE","PERSONAL_AUTO_INSURANCE","PERSONAL_AUTO_INSURANCE","PERSONAL_AUTO_INSURANCE","FAH_INSURANCE","PERSONAL_AUTO_INSURANCE","FAH_INSURANCE","S","ENTERED_CURRENCY_AMOUNT","AMOUNT","","C","FIN_IMPL","2014/02/03 21:58:14.074","Y","2014/02/04 19:39:29.153","F1951E89E7FF126EE0436204548C65CF","FIN_IMPL","","","C"
"FAH_INSURANCE","PROPERTY_CASUALTY_INS","Property and Casualty Insurance","PERSONAL_AUTO_INSURANCE","PERSONAL_AUTO_INSURANCE","PERSONAL_AUTO_INSURANCE","PERSONAL_AUTO_INSURANCE","FAH_INSURANCE","PERSONAL_AUTO_INSURANCE","FAH_INSURANCE","S","ENTERED_CURRENCY_AMOUNT","CURRENT_MONTH_EARNED_PREMIUM","","C","FIN_IMPL","2014/02/03 21:58:38.862","N","2014/02/04 19:39:29.154","F1951E89E7FF126EE0436204548C65CF","FIN_IMPL","","","C"
"FAH_INSURANCE","PROPERTY_CASUALTY_INS","Property and Casualty Insurance","PERSONAL_AUTO_INSURANCE","PERSONAL_AUTO_INSURANCE","PERSONAL_AUTO_INSURANCE","PERSONAL_AUTO_INSURANCE","FAH_INSURANCE","PERSONAL_AUTO_INSURANCE","FAH_INSURANCE","S","ENTERED_CURRENCY_AMOUNT","CURRENT_MONTH_UPR","","C","FIN_IMPL","2014/02/03 21:59:39.979","N","2014/02/04 19:39:29.156","F1951E89E7FF126EE0436204548C65CF","FIN_IMPL","","","C"
"FAH_INSURANCE","PROPERTY_CASUALTY_INS","Property and Casualty Insurance","PERSONAL_AUTO_INSURANCE","PERSONAL_AUTO_INSURANCE","PERSONAL_AUTO_INSURANCE","PERSONAL_AUTO_INSURANCE","FAH_INSURANCE","PERSONAL_AUTO_INSURANCE","FAH_INSURANCE","S","ENTERED_CURRENCY_AMOUNT","DEFERRED_COMMISSION","","C","FIN_IMPL","2014/02/03 22:00:32.206","N","2014/02/04 19:39:29.157","F1951E89E7FF126EE0436204548C65CF","FIN_IMPL","","","C"
"FAH_INSURANCE","PROPERTY_CASUALTY_INS","Property and Casualty Insurance","PERSONAL_AUTO_INSURANCE","PERSONAL_AUTO_INSURANCE","PERSONAL_AUTO_INSURANCE","PERSONAL_AUTO_INSURANCE","FAH_INSURANCE","PERSONAL_AUTO_INSURANCE","FAH_INSURANCE","S","ENTERED_CURRENCY_AMOUNT","EARNED_COMMISSION","","C","FIN_IMPL","2014/02/03 22:01:27.944","N","2014/02/04 19:39:29.158","F1951E89E7FF126EE0436204548C65CF","FIN_IMPL","","","C"
"FAH_INSURANCE","PROPERTY_CASUALTY_INS","Property and Casualty Insurance","PERSONAL_AUTO_INSURANCE","PERSONAL_AUTO_INSURANCE","PERSONAL_AUTO_INSURANCE","PERSONAL_AUTO_INSURANCE","FAH_INSURANCE","PERSONAL_AUTO_INSURANCE","FAH_INSURANCE","S","ENTERED_CURRENCY_AMOUNT","PARTICIPANT_SHARE_AMOUNT","","C","FIN_IMPL","2014/02/03 21:59:04.724","N","2014/02/04 19:39:29.16","F1951E89E7FF126EE0436204548C65CF","FIN_IMPL","","","C"
"FAH_INSURANCE","PROPERTY_CASUALTY_INS","Property and Casualty Insurance","PERSONAL_AUTO_INSURANCE","PERSONAL_AUTO_INSURANCE","PERSONAL_AUTO_INSURANCE","PERSONAL_AUTO_INSURANCE","FAH_INSURANCE","PERSONAL_AUTO_INSURANCE","FAH_INSURANCE","S","ENTERED_CURRENCY_CODE","CURRENCY","","C","FIN_IMPL","2014/02/03 22:08:17.567","Y","2014/02/04 19:39:29.162","F1951E89E7FF126EE0436204548C65CF","FIN_IMPL","","","C"
"FAH_INSURANCE","PROPERTY_CASUALTY_INS","Property and Casualty Insurance","PERSONAL_AUTO_INSURANCE","PERSONAL_AUTO_INSURANCE","PERSONAL_AUTO_INSURANCE","PERSONAL_AUTO_INSURANCE","FAH_INSURANCE","PERSONAL_AUTO_INSURANCE","FAH_INSURANCE","S","EXCHANGE_DATE","CONVERSION_DATE","","C","FIN_IMPL","2014/02/03 22:09:18.948","Y","2014/02/04 19:39:29.164","F1951E89E7FF126EE0436204548C65CF","FIN_IMPL","","","C"
"FAH_INSURANCE","PROPERTY_CASUALTY_INS","Property and Casualty Insurance","PERSONAL_AUTO_INSURANCE","PERSONAL_AUTO_INSURANCE","PERSONAL_AUTO_INSURANCE","PERSONAL_AUTO_INSURANCE","FAH_INSURANCE","PERSONAL_AUTO_INSURANCE","FAH_INSURANCE","S","EXCHANGE_RATE","CONVERSION_RATE","","C","FIN_IMPL","2014/02/03 22:09:56.223","Y","2014/02/04 19:39:29.166","F1951E89E7FF126EE0436204548C65CF","FIN_IMPL","","","C"
"FAH_INSURANCE","PROPERTY_CASUALTY_INS","Property and Casualty Insurance","PERSONAL_AUTO_INSURANCE","PERSONAL_AUTO_INSURANCE","PERSONAL_AUTO_INSURANCE","PERSONAL_AUTO_INSURANCE","FAH_INSURANCE","PERSONAL_AUTO_INSURANCE","FAH_INSURANCE","S","EXCHANGE_RATE_TYPE","CONVERSION_TYPE","","C","FIN_IMPL","2014/02/03 22:06:17.68","Y","2014/02/04 19:39:29.168","F1951E89E7FF126EE0436204548C65CF","FIN_IMPL","","","C"
"FAH_INSURANCE","PROPERTY_CASUALTY_INS","Property and Casualty Insurance","PERSONAL_AUTO_INSURANCE","PERSONAL_AUTO_INSURANCE","PERSONAL_AUTO_INSURANCE","PERSONAL_AUTO_INSURANCE","FAH_INSURANCE","PERSONAL_AUTO_INSURANCE","FAH_INSURANCE","S","GL_DATE","TRANSACTION_DATE","","C","FIN_IMPL","2014/02/04 19:37:33.0","Y","2014/02/04 19:39:29.148","F1951E89E7FF126EE0436204548C65CF","FIN_IMPL","","","C"
"FAH_INSURANCE","PROPERTY_CASUALTY_INS","Property and Casualty Insurance","PERSONAL_AUTO_INSURANCE","PERSONAL_AUTO_INSURANCE","PERSONAL_AUTO_INSURANCE","PERSONAL_AUTO_INSURANCE","FAH_INSURANCE","PERSONAL_AUTO_INSURANCE","FAH_INSURANCE","S","LEDGER_AMOUNT","AMOUNT","","C","FIN_IMPL","2014/02/03 22:10:40.233","Y","2014/02/04 19:39:29.17","F1951E89E7FF126EE0436204548C65CF","FIN_IMPL","","","C"
"FAH_INSURANCE","PROPERTY_CASUALTY_INS","Property and Casualty Insurance","PERSONAL_AUTO_INSURANCE","PERSONAL_AUTO_INSURANCE","PERSONAL_AUTO_INSURANCE","PERSONAL_AUTO_INSURANCE","FAH_INSURANCE","PERSONAL_AUTO_INSURANCE","FAH_INSURANCE","S","LEDGER_AMOUNT","CURRENT_MONTH_EARNED_PREMIUM","","C","FIN_IMPL","2014/02/03 22:11:33.323","N","2014/02/04 19:39:29.172","F1951E89E7FF126EE0436204548C65CF","FIN_IMPL","","","C"
"AHC_LOAN","AHC_LOAN","AHC Loan","AHC_LOAN","AHC_LOAN","AHC_LOAN","AHC_LOAN","AHC_LOAN","AHC_LOAN","XLA","Y","ACCRUAL_REVERSAL_GL_DATE","XLA_FIRST_DAY_NEXT_GL_PERIOD","","C","FIN_IMPL","2017/10/31 19:49:24.938","N","2017/10/31 19:56:22.752","5CDD5658CA12066FE0538DADFD0A38C1","FIN_IMPL","","","C"
"AHC_LOAN","AHC_LOAN","AHC Loan","AHC_LOAN","AHC_LOAN","AHC_LOAN","AHC_LOAN","AHC_LOAN","AHC_LOAN","AHC_LOAN","S","DISTRIBUTION_IDENTIFIER_1","LINE_NUMBER","","C","FIN_IMPL","2017/10/31 18:11:45.51","Y","2017/10/31 18:12:00.48","5CDCAADD39354F8CE0538DADFD0A1CB9","FIN_IMPL","","","C"
"AHC_LOAN","AHC_LOAN","AHC Loan","AHC_LOAN","AHC_LOAN","AHC_LOAN","AHC_LOAN","AHC_LOAN","AHC_LOAN","XLA","Y","DISTRIBUTION_TYPE","XLA_EVENT_TYPE_CODE","","C","FIN_IMPL","2017/10/31 18:11:45.514","Y","2017/10/31 18:12:00.482","5CDCAADD39354F8CE0538DADFD0A1CB9","FIN_IMPL","","","C"
"AHC_LOAN","AHC_LOAN","AHC Loan","AHC_LOAN","AHC_LOAN","AHC_LOAN","AHC_LOAN","AHC_LOAN","AHC_LOAN","AHC_LOAN","F","ENTERED_CURRENCY_AMOUNT","FEE_PRORATED_BY_DAYS","","C","FIN_IMPL","2019/09/11 12:50:58.0","N","2019/09/11 12:51:42.315","92443C2D6C6BE6AEE053C390DF0A8350","FIN_IMPL","","C","C"
"AHC_LOAN","AHC_LOAN","AHC Loan","AHC_LOAN","AHC_LOAN","AHC_LOAN","AHC_LOAN","AHC_LOAN","AHC_LOAN","AHC_LOAN","F","ENTERED_CURRENCY_AMOUNT","LOAN_FEE_PRORATE_BY_DAYS","","C","FIN_IMPL","2017/10/31 19:52:35.417","N","2017/10/31 19:56:22.776","5CDD5658CA12066FE0538DADFD0A38C1","FIN_IMPL","","C","C"
"AHC_LOAN","AHC_LOAN","AHC Loan","AHC_LOAN","AHC_LOAN","AHC_LOAN","AHC_LOAN","AHC_LOAN","AHC_LOAN","AHC_LOAN","S","ENTERED_CURRENCY_AMOUNT","DEFAULT_AMOUNT","","C","FIN_IMPL","2017/10/31 18:11:45.244","Y","2017/10/31 18:12:00.194","5CDCAADD39354F8CE0538DADFD0A1CB9","FIN_IMPL","","","C"
"AHC_LOAN","AHC_LOAN","AHC Loan","AHC_LOAN","AHC_LOAN","AHC_LOAN","AHC_LOAN","AHC_LOAN","AHC_LOAN","AHC_LOAN","S","ENTERED_CURRENCY_CODE","DEFAULT_CURRENCY","","C","FIN_IMPL","2017/10/31 18:11:45.502","Y","2017/10/31 18:12:00.413","5CDCAADD39354F8CE0538DADFD0A1CB9","FIN_IMPL","","","C"
"AHC_LOAN","AHC_LOAN","AHC Loan","AHC_LOAN","AHC_LOAN","AHC_LOAN","AHC_LOAN","AHC_LOAN","AHC_LOAN","AHC_LOAN","S","EXCHANGE_DATE","CONVERSION_DATE","","C","FIN_IMPL","2017/12/27 11:21:06.0","Y","2017/12/27 11:22:20.26","614D2E14E9EE533BE0536AA0FD0AECB5","FIN_IMPL","","","C"
"AHC_LOAN","AHC_LOAN","AHC Loan","AHC_LOAN","AHC_LOAN","AHC_LOAN","AHC_LOAN","AHC_LOAN","AHC_LOAN","AHC_LOAN","S","EXCHANGE_RATE","CONVERSION_RATE","","C","FIN_IMPL","2017/12/27 11:21:34.848","Y","2017/12/27 11:22:20.777","614D2E14E9EE533BE0536AA0FD0AECB5","FIN_IMPL","","","C"
"AHC_LOAN","AHC_LOAN","AHC Loan","AHC_LOAN","AHC_LOAN","AHC_LOAN","AHC_LOAN","AHC_LOAN","AHC_LOAN","AHC_LOAN","S","EXCHANGE_RATE_TYPE","CONVERSION_TYPE","","C","FIN_IMPL","2017/12/27 11:21:50.295","Y","2017/12/27 11:22:20.8","614D2E14E9EE533BE0536AA0FD0AECB5","FIN_IMPL","","","C"
"AHC_LOAN","AHC_LOAN","AHC Loan","AHC_LOAN","AHC_LOAN","AHC_LOAN","AHC_LOAN","AHC_LOAN","AHC_LOAN","AHC_LOAN","S","GL_DATE","TRANSACTION_DATE","","C","FIN_IMPL","2017/10/31 18:11:45.506","Y","2017/10/31 18:12:00.419","5CDCAADD39354F8CE0538DADFD0A1CB9","FIN_IMPL","","","C"
"AHC_LOAN","AHC_LOAN","AHC Loan","AHC_LOAN","AHC_LOAN","AHC_LOAN","AHC_LOAN","AHC_LOAN","AHC_LOAN","AHC_LOAN","S","INTERCOMPANY_ANCHOR_LINE_FLAG","INTERCOMPANY_INDICATOR","","C","FIN_IMPL","2017/10/31 19:50:23.65","Y","2017/10/31 19:56:22.766","5CDD5658CA12066FE0538DADFD0A38C1","FIN_IMPL","","","C"
"AHC_LOAN","AHC_LOAN","AHC Loan","AHC_LOAN","AHC_LOAN","AHC_LOAN","AHC_LOAN","AHC_LOAN","AHC_LOAN","AHC_LOAN","S","INTERCOMPANY_ANCHOR_LINE_FLAG","REFERENCE","","C","FIN_IMPL","2017/10/31 19:51:55.848","N","2017/10/31 19:56:22.771","5CDD5658CA12066FE0538DADFD0A38C1","FIN_IMPL","","","C"
"AHC_LOAN","AHC_LOAN","AHC Loan","AHC_LOAN","AHC_LOAN","AHC_LOAN","AHC_LOAN","AHC_LOAN","AHC_LOAN","AHC_LOAN","S","MULTIPERIOD_END_DATE","PAYOFF_DATE","","C","FIN_IMPL","2017/10/31 19:46:59.0","Y","2017/10/31 19:56:22.73","5CDD5658CA12066FE0538DADFD0A38C1","FIN_IMPL","","","C"
"AHC_LOAN","AHC_LOAN","AHC Loan","AHC_LOAN","AHC_LOAN","AHC_LOAN","AHC_LOAN","AHC_LOAN","AHC_LOAN","AHC_LOAN","S","MULTIPERIOD_START_DATE","ORIGINATION_DATE","","C","FIN_IMPL","2017/10/31 19:48:36.822","Y","2017/10/31 19:56:22.746","5CDD5658CA12066FE0538DADFD0A38C1","FIN_IMPL","","","C"
"AHC_BILLING","AHC_BILLING","AHC Billing","AHC_BILLING","AHC_BILLING","AHC_BILLING","AHC_BILLING","AHC_BILLING","AHC_BILLING","AHC_BILLING","S","DISTRIBUTION_IDENTIFIER_1","LINE_NUMBER","","C","FIN_IMPL","2017/12/28 06:54:33.047","Y","2017/12/28 06:54:48.686","615CA35573826868E0536AA0FD0A112A","FIN_IMPL","","","C"
"AHC_BILLING","AHC_BILLING","AHC Billing","AHC_BILLING","AHC_BILLING","AHC_BILLING","AHC_BILLING","AHC_BILLING","AHC_BILLING","XLA","Y","DISTRIBUTION_TYPE","XLA_EVENT_TYPE_CODE","","C","FIN_IMPL","2017/12/28 06:54:33.056","Y","2017/12/28 06:54:48.689","615CA35573826868E0536AA0FD0A112A","FIN_IMPL","","","C"
"AHC_BILLING","AHC_BILLING","AHC Billing","AHC_BILLING","AHC_BILLING","AHC_BILLING","AHC_BILLING","AHC_BILLING","AHC_BILLING","AHC_BILLING","F","ENTERED_CURRENCY_AMOUNT","CUSTOMER_RECEIVABLE","","C","FIN_IMPL","2017/12/28 08:07:40.0","N","2017/12/28 08:08:20.312","615CA35573826868E0536AA0FD0A112A","FIN_IMPL","","C","C"
"AHC_BILLING","AHC_BILLING","AHC Billing","AHC_BILLING","AHC_BILLING","AHC_BILLING","AHC_BILLING","AHC_BILLING","AHC_BILLING","AHC_BILLING","F","ENTERED_CURRENCY_AMOUNT","EARNED_REVENUE","","C","FIN_IMPL","2017/12/28 08:07:56.364","N","2017/12/28 08:08:20.328","615CA35573826868E0536AA0FD0A112A","FIN_IMPL","","C","C"
"AHC_BILLING","AHC_BILLING","AHC Billing","AHC_BILLING","AHC_BILLING","AHC_BILLING","AHC_BILLING","AHC_BILLING","AHC_BILLING","AHC_BILLING","F","ENTERED_CURRENCY_AMOUNT","REVENUE_EXCLUDING_TAX","","C","FIN_IMPL","2018/03/09 06:14:24.0","N","2018/03/09 06:15:21.019","66F45454E6940BEBE053E9A7FD0A334D","FIN_IMPL","","C","C"
"AHC_BILLING","AHC_BILLING","AHC Billing","AHC_BILLING","AHC_BILLING","AHC_BILLING","AHC_BILLING","AHC_BILLING","AHC_BILLING","AHC_BILLING","S","ENTERED_CURRENCY_AMOUNT","DEFAULT_AMOUNT","","C","FIN_IMPL","2017/12/28 06:54:32.761","Y","2017/12/28 06:54:48.4","615CA35573826868E0536AA0FD0A112A","FIN_IMPL","","","C"
"AHC_BILLING","AHC_BILLING","AHC Billing","AHC_BILLING","AHC_BILLING","AHC_BILLING","AHC_BILLING","AHC_BILLING","AHC_BILLING","AHC_BILLING","S","ENTERED_CURRENCY_AMOUNT","TAXES","","C","FIN_IMPL","2018/03/09 10:32:14.0","N","2018/03/09 10:32:32.207","66F93A5846880140E053E9A7FD0A1E16","FIN_IMPL","","","C"
"AHC_BILLING","AHC_BILLING","AHC Billing","AHC_BILLING","AHC_BILLING","AHC_BILLING","AHC_BILLING","AHC_BILLING","AHC_BILLING","AHC_BILLING","S","ENTERED_CURRENCY_CODE","DEFAULT_CURRENCY","","C","FIN_IMPL","2017/12/28 06:54:33.034","Y","2017/12/28 06:54:48.606","615CA35573826868E0536AA0FD0A112A","FIN_IMPL","","","C"
"AHC_BILLING","AHC_BILLING","AHC Billing","AHC_BILLING","AHC_BILLING","AHC_BILLING","AHC_BILLING","AHC_BILLING","AHC_BILLING","AHC_BILLING","S","EXCHANGE_DATE","CONVERSION_DATE","","C","FIN_IMPL","2017/12/28 07:47:02.0","Y","2017/12/28 07:49:47.136","615CA35573826868E0536AA0FD0A112A","FIN_IMPL","","","C"
"AHC_BILLING","AHC_BILLING","AHC Billing","AHC_BILLING","AHC_BILLING","AHC_BILLING","AHC_BILLING","AHC_BILLING","AHC_BILLING","AHC_BILLING","S","EXCHANGE_RATE","CONVERSION_RATE","","C","FIN_IMPL","2017/12/28 07:47:37.676","Y","2017/12/28 07:49:47.155","615CA35573826868E0536AA0FD0A112A","FIN_IMPL","","","C"
"AHC_BILLING","AHC_BILLING","AHC Billing","AHC_BILLING","AHC_BILLING","AHC_BILLING","AHC_BILLING","AHC_BILLING","AHC_BILLING","AHC_BILLING","S","EXCHANGE_RATE_TYPE","CONVERSION_RATE_TYPE","","C","FIN_IMPL","2017/12/28 07:47:50.656","Y","2017/12/28 07:49:47.163","615CA35573826868E0536AA0FD0A112A","FIN_IMPL","","","C"
"AHC_BILLING","AHC_BILLING","AHC Billing","AHC_BILLING","AHC_BILLING","AHC_BILLING","AHC_BILLING","AHC_BILLING","AHC_BILLING","AHC_BILLING","S","GL_DATE","TRANSACTION_DATE","","C","FIN_IMPL","2017/12/28 06:54:33.039","Y","2017/12/28 06:54:48.613","615CA35573826868E0536AA0FD0A112A","FIN_IMPL","","","C"
"AHC_BILLING","AHC_BILLING","AHC Billing","AHC_BILLING","AHC_BILLING","AHC_BILLING","AHC_BILLING","AHC_BILLING","AHC_BILLING","AHC_BILLING","S","MULTIPERIOD_END_DATE","CONTRACT_END_DATE","","C","FIN_IMPL","2017/12/28 07:48:27.036","Y","2017/12/28 07:49:47.173","615CA35573826868E0536AA0FD0A112A","FIN_IMPL","","","C"
"AHC_BILLING","AHC_BILLING","AHC Billing","AHC_BILLING","AHC_BILLING","AHC_BILLING","AHC_BILLING","AHC_BILLING","AHC_BILLING","AHC_BILLING","S","MULTIPERIOD_START_DATE","CONTRACT_START_DATE","","C","FIN_IMPL","2017/12/28 07:48:10.57","Y","2017/12/28 07:49:47.168","615CA35573826868E0536AA0FD0A112A","FIN_IMPL","","","C"
"AHC_ENDOWMENT","AHC_ENDOWMENT","AHC Endowment Donations","AHC_ENDOWMENT","AHC_ENDOWMENT","AHC_ENDOWMENT","AHC_ENDOWMENT","AHC_ENDOWMENT","AHC_ENDOWMENT","AHC_ENDOWMENT","S","DISTRIBUTION_IDENTIFIER_1","LINE_NUMBER","","C","FIN_IMPL","2018/10/11 10:09:30.144","Y","2018/10/11 10:10:02.937","77F20EFFD1CB67FFE0537990DF0ADB76","FIN_IMPL","","","C"
"AHC_ENDOWMENT","AHC_ENDOWMENT","AHC Endowment Donations","AHC_ENDOWMENT","AHC_ENDOWMENT","AHC_ENDOWMENT","AHC_ENDOWMENT","AHC_ENDOWMENT","AHC_ENDOWMENT","XLA","Y","DISTRIBUTION_TYPE","XLA_EVENT_TYPE_CODE","","C","FIN_IMPL","2018/10/11 10:09:30.193","Y","2018/10/11 10:10:02.941","77F20EFFD1CB67FFE0537990DF0ADB76","FIN_IMPL","","","C"
"AHC_ENDOWMENT","AHC_ENDOWMENT","AHC Endowment Donations","AHC_ENDOWMENT","AHC_ENDOWMENT","AHC_ENDOWMENT","AHC_ENDOWMENT","AHC_ENDOWMENT","AHC_ENDOWMENT","AHC_ENDOWMENT","S","ENTERED_CURRENCY_AMOUNT","AMOUNT","","C","FIN_IMPL","2018/10/11 10:12:55.0","N","2018/10/11 10:14:41.052","77F20EFFD1CB67FFE0537990DF0ADB76","FIN_IMPL","","","C"
"AHC_ENDOWMENT","AHC_ENDOWMENT","AHC Endowment Donations","AHC_ENDOWMENT","AHC_ENDOWMENT","AHC_ENDOWMENT","AHC_ENDOWMENT","AHC_ENDOWMENT","AHC_ENDOWMENT","AHC_ENDOWMENT","S","ENTERED_CURRENCY_AMOUNT","DEFAULT_AMOUNT","","C","FIN_IMPL","2018/10/11 10:09:28.55","Y","2018/10/11 10:10:00.125","77F20EFFD1CB67FFE0537990DF0ADB76","FIN_IMPL","","","C"
"AHC_ENDOWMENT","AHC_ENDOWMENT","AHC Endowment Donations","AHC_ENDOWMENT","AHC_ENDOWMENT","AHC_ENDOWMENT","AHC_ENDOWMENT","AHC_ENDOWMENT","AHC_ENDOWMENT","AHC_ENDOWMENT","S","ENTERED_CURRENCY_CODE","DEFAULT_CURRENCY","","C","FIN_IMPL","2018/10/11 10:09:30.072","Y","2018/10/11 10:10:02.377","77F20EFFD1CB67FFE0537990DF0ADB76","FIN_IMPL","","","C"
"AHC_ENDOWMENT","AHC_ENDOWMENT","AHC Endowment Donations","AHC_ENDOWMENT","AHC_ENDOWMENT","AHC_ENDOWMENT","AHC_ENDOWMENT","AHC_ENDOWMENT","AHC_ENDOWMENT","AHC_ENDOWMENT","S","GL_DATE","TRANSACTION_DATE","","C","FIN_IMPL","2018/10/11 10:09:30.088","Y","2018/10/11 10:10:02.386","77F20EFFD1CB67FFE0537990DF0ADB76","FIN_IMPL","","","C"
"AHC_INSURANCE","AHC_INSURANCE","AHC Insurance","AHC_INSURANCE","AHC_INSURANCE","AHC_INSURANCE","AHC_INSURANCE","AHC_INSURANCE","AHC_INSURANCE","AHC_INSURANCE","S","DISTRIBUTION_IDENTIFIER_1","LINE_NUMBER","","C","FIN_IMPL","2018/03/06 05:30:43.494","Y","2018/03/06 05:30:50.005","66B8A4FCD0219AA4E053E9A7FD0A5DFE","FIN_IMPL","","","C"
"AHC_INSURANCE","AHC_INSURANCE","AHC Insurance","AHC_INSURANCE","AHC_INSURANCE","AHC_INSURANCE","AHC_INSURANCE","AHC_INSURANCE","AHC_INSURANCE","XLA","Y","DISTRIBUTION_TYPE","XLA_EVENT_TYPE_CODE","","C","FIN_IMPL","2018/03/06 05:30:43.497","Y","2018/03/06 05:30:50.008","66B8A4FCD0219AA4E053E9A7FD0A5DFE","FIN_IMPL","","","C"
"AHC_INSURANCE","AHC_INSURANCE","AHC Insurance","AHC_INSURANCE","AHC_INSURANCE","AHC_INSURANCE","AHC_INSURANCE","AHC_INSURANCE","AHC_INSURANCE","AHC_INSURANCE","F","ENTERED_CURRENCY_AMOUNT","DAC_EXPENSE","","C","FIN_IMPL","2018/03/06 06:26:28.564","N","2018/03/06 06:27:59.681","66B8A4FCD0219AA4E053E9A7FD0A5DFE","FIN_IMPL","","C","C"
"AHC_INSURANCE","AHC_INSURANCE","AHC Insurance","AHC_INSURANCE","AHC_INSURANCE","AHC_INSURANCE","AHC_INSURANCE","AHC_INSURANCE","AHC_INSURANCE","AHC_INSURANCE","F","ENTERED_CURRENCY_AMOUNT","EARNED_PREMIUM","","C","FIN_IMPL","2018/03/06 06:26:08.0","N","2018/03/06 06:27:59.676","66B8A4FCD0219AA4E053E9A7FD0A5DFE","FIN_IMPL","","C","C"
"AHC_INSURANCE","AHC_INSURANCE","AHC Insurance","AHC_INSURANCE","AHC_INSURANCE","AHC_INSURANCE","AHC_INSURANCE","AHC_INSURANCE","AHC_INSURANCE","AHC_INSURANCE","F","ENTERED_CURRENCY_AMOUNT","REINSURANCE_AMOUNT","","C","FIN_IMPL","2018/03/06 06:26:46.609","N","2018/03/06 06:27:59.682","66B8A4FCD0219AA4E053E9A7FD0A5DFE","FIN_IMPL","","C","C"
"AHC_INSURANCE","AHC_INSURANCE","AHC Insurance","AHC_INSURANCE","AHC_INSURANCE","AHC_INSURANCE","AHC_INSURANCE","AHC_INSURANCE","AHC_INSURANCE","AHC_INSURANCE","S","ENTERED_CURRENCY_AMOUNT","DEFAULT_AMOUNT","","C","FIN_IMPL","2018/03/06 05:30:43.223","Y","2018/03/06 05:30:49.733","66B8A4FCD0219AA4E053E9A7FD0A5DFE","FIN_IMPL","","","C"
"AHC_INSURANCE","AHC_INSURANCE","AHC Insurance","AHC_INSURANCE","AHC_INSURANCE","AHC_INSURANCE","AHC_INSURANCE","AHC_INSURANCE","AHC_INSURANCE","AHC_INSURANCE","S","ENTERED_CURRENCY_CODE","DEFAULT_CURRENCY","","C","FIN_IMPL","2018/03/06 05:30:43.486","Y","2018/03/06 05:30:49.915","66B8A4FCD0219AA4E053E9A7FD0A5DFE","FIN_IMPL","","","C"
"AHC_INSURANCE","AHC_INSURANCE","AHC Insurance","AHC_INSURANCE","AHC_INSURANCE","AHC_INSURANCE","AHC_INSURANCE","AHC_INSURANCE","AHC_INSURANCE","AHC_INSURANCE","S","EXCHANGE_DATE","CONVERSION_DATE","","C","FIN_IMPL","2018/03/06 05:52:55.0","Y","2018/03/06 05:53:52.296","66B8A4FCD0219AA4E053E9A7FD0A5DFE","FIN_IMPL","","","C"
"AHC_INSURANCE","AHC_INSURANCE","AHC Insurance","AHC_INSURANCE","AHC_INSURANCE","AHC_INSURANCE","AHC_INSURANCE","AHC_INSURANCE","AHC_INSURANCE","AHC_INSURANCE","S","EXCHANGE_RATE","CONVERSION_RATE","","C","FIN_IMPL","2018/03/06 05:53:16.611","Y","2018/03/06 05:53:52.31","66B8A4FCD0219AA4E053E9A7FD0A5DFE","FIN_IMPL","","","C"
"AHC_INSURANCE","AHC_INSURANCE","AHC Insurance","AHC_INSURANCE","AHC_INSURANCE","AHC_INSURANCE","AHC_INSURANCE","AHC_INSURANCE","AHC_INSURANCE","AHC_INSURANCE","S","EXCHANGE_RATE_TYPE","CONVERSION_TYPE","","C","FIN_IMPL","2018/03/06 05:53:33.154","Y","2018/03/06 05:53:52.314","66B8A4FCD0219AA4E053E9A7FD0A5DFE","FIN_IMPL","","","C"
"AHC_INSURANCE","AHC_INSURANCE","AHC Insurance","AHC_INSURANCE","AHC_INSURANCE","AHC_INSURANCE","AHC_INSURANCE","AHC_INSURANCE","AHC_INSURANCE","AHC_INSURANCE","S","GL_DATE","TRANSACTION_DATE","","C","FIN_IMPL","2018/03/06 05:30:43.49","Y","2018/03/06 05:30:49.92","66B8A4FCD0219AA4E053E9A7FD0A5DFE","FIN_IMPL","","","C"
"AHC_INSURANCE","AHC_INSURANCE","AHC Insurance","AHC_INSURANCE","AHC_INSURANCE","AHC_INSURANCE","AHC_INSURANCE","AHC_INSURANCE","AHC_INSURANCE","AHC_INSURANCE","S","MULTIPERIOD_END_DATE","POLICY_EXPIRATION_DATE","","C","FIN_IMPL","2018/03/06 06:27:41.704","Y","2018/03/06 06:27:59.688","66B8A4FCD0219AA4E053E9A7FD0A5DFE","FIN_IMPL","","","C"
"AHC_INSURANCE","AHC_INSURANCE","AHC Insurance","AHC_INSURANCE","AHC_INSURANCE","AHC_INSURANCE","AHC_INSURANCE","AHC_INSURANCE","AHC_INSURANCE","AHC_INSURANCE","S","MULTIPERIOD_START_DATE","POLICY_EFFECTIVE_DATE","","C","FIN_IMPL","2018/03/06 06:27:13.112","Y","2018/03/06 06:27:59.684","66B8A4FCD0219AA4E053E9A7FD0A5DFE","FIN_IMPL","","","C"
"AHC_EXT_ERP","AHC_EXT_ERP","AHC External ERP","AHC_EXT_ERP","AHC_EXT_ERP","AHC_EXT_ERP","AHC_EXT_ERP","AHC_EXT_ERP","AHC_EXT_ERP","AHC_EXT_ERP","S","DISTRIBUTION_IDENTIFIER_1","LINE_NUMBER","","C","FIN_IMPL","2021/05/25 15:52:42.956","Y","2021/05/25 15:52:47.639","C2E79BEB15F58012E0532D60FD0A028C","FIN_IMPL","","","C"
"AHC_EXT_ERP","AHC_EXT_ERP","AHC External ERP","AHC_EXT_ERP","AHC_EXT_ERP","AHC_EXT_ERP","AHC_EXT_ERP","AHC_EXT_ERP","AHC_EXT_ERP","XLA","Y","DISTRIBUTION_TYPE","XLA_EVENT_TYPE_CODE","","C","FIN_IMPL","2021/05/25 15:52:42.96","Y","2021/05/25 15:52:47.641","C2E79BEB15F58012E0532D60FD0A028C","FIN_IMPL","","","C"
"AHC_EXT_ERP","AHC_EXT_ERP","AHC External ERP","AHC_EXT_ERP","AHC_EXT_ERP","AHC_EXT_ERP","AHC_EXT_ERP","AHC_EXT_ERP","AHC_EXT_ERP","AHC_EXT_ERP","S","ENTERED_CURRENCY_AMOUNT","DEFAULT_AMOUNT","","C","FIN_IMPL","2021/05/25 15:52:42.477","Y","2021/05/25 15:52:47.322","C2E79BEB15F58012E0532D60FD0A028C","FIN_IMPL","","","C"
"AHC_EXT_ERP","AHC_EXT_ERP","AHC External ERP","AHC_EXT_ERP","AHC_EXT_ERP","AHC_EXT_ERP","AHC_EXT_ERP","AHC_EXT_ERP","AHC_EXT_ERP","AHC_EXT_ERP","S","ENTERED_CURRENCY_AMOUNT","SOURCE_CR","","C","FIN_IMPL","2021/05/25 15:59:00.0","N","2021/05/25 16:06:10.138","C2E79BEB15F58012E0532D60FD0A028C","FIN_IMPL","","","C"
"AHC_EXT_ERP","AHC_EXT_ERP","AHC External ERP","AHC_EXT_ERP","AHC_EXT_ERP","AHC_EXT_ERP","AHC_EXT_ERP","AHC_EXT_ERP","AHC_EXT_ERP","AHC_EXT_ERP","S","ENTERED_CURRENCY_AMOUNT","SOURCE_DR","","C","FIN_IMPL","2021/05/25 16:00:20.007","N","2021/05/25 16:06:10.186","C2E79BEB15F58012E0532D60FD0A028C","FIN_IMPL","","","C"
"AHC_EXT_ERP","AHC_EXT_ERP","AHC External ERP","AHC_EXT_ERP","AHC_EXT_ERP","AHC_EXT_ERP","AHC_EXT_ERP","AHC_EXT_ERP","AHC_EXT_ERP","AHC_EXT_ERP","S","ENTERED_CURRENCY_CODE","DEFAULT_CURRENCY","","C","FIN_IMPL","2021/05/25 15:52:42.949","Y","2021/05/25 15:52:47.585","C2E79BEB15F58012E0532D60FD0A028C","FIN_IMPL","","","C"
"AHC_EXT_ERP","AHC_EXT_ERP","AHC External ERP","AHC_EXT_ERP","AHC_EXT_ERP","AHC_EXT_ERP","AHC_EXT_ERP","AHC_EXT_ERP","AHC_EXT_ERP","AHC_EXT_ERP","S","GL_DATE","TRANSACTION_DATE","","C","FIN_IMPL","2021/05/25 15:52:42.953","Y","2021/05/25 15:52:47.591","C2E79BEB15F58012E0532D60FD0A028C","FIN_IMPL","","","C"
"AHC_EMR","AHC_EMR","AHC Elec Med Record Sys","AHC_EMR","AHC_EMR","AHC_EMR","AHC_EMR","AHC_EMR","AHC_EMR","AHC_EMR","S","DISTRIBUTION_IDENTIFIER_1","LINE_NUMBER","","C","FIN_IMPL","2020/06/04 05:45:13.821","Y","2020/06/04 05:45:17.187","A73C69023C9A180CE0539E90DF0AD122","FIN_IMPL","","","C"
"AHC_EMR","AHC_EMR","AHC Elec Med Record Sys","AHC_EMR","AHC_EMR","AHC_EMR","AHC_EMR","AHC_EMR","AHC_EMR","XLA","Y","DISTRIBUTION_TYPE","XLA_EVENT_TYPE_CODE","","C","FIN_IMPL","2020/06/04 05:45:13.825","Y","2020/06/04 05:45:17.19","A73C69023C9A180CE0539E90DF0AD122","FIN_IMPL","","","C"
"AHC_EMR","AHC_EMR","AHC Elec Med Record Sys","AHC_EMR","AHC_EMR","AHC_EMR","AHC_EMR","AHC_EMR","AHC_EMR","AHC_EMR","S","ENTERED_CURRENCY_AMOUNT","AMT","","C","FIN_IMPL","2020/06/04 05:46:43.0","N","2020/06/04 05:47:06.53","A73C69023C9A180CE0539E90DF0AD122","FIN_IMPL","","","C"
"AHC_EMR","AHC_EMR","AHC Elec Med Record Sys","AHC_EMR","AHC_EMR","AHC_EMR","AHC_EMR","AHC_EMR","AHC_EMR","AHC_EMR","S","ENTERED_CURRENCY_AMOUNT","DEFAULT_AMOUNT","","C","FIN_IMPL","2020/06/04 05:45:13.377","Y","2020/06/04 05:45:16.731","A73C69023C9A180CE0539E90DF0AD122","FIN_IMPL","","","C"
"AHC_EMR","AHC_EMR","AHC Elec Med Record Sys","AHC_EMR","AHC_EMR","AHC_EMR","AHC_EMR","AHC_EMR","AHC_EMR","AHC_EMR","S","ENTERED_CURRENCY_CODE","DEFAULT_CURRENCY","","C","FIN_IMPL","2020/06/04 05:45:13.813","Y","2020/06/04 05:45:17.101","A73C69023C9A180CE0539E90DF0AD122","FIN_IMPL","","","C"
"AHC_EMR","AHC_EMR","AHC Elec Med Record Sys","AHC_EMR","AHC_EMR","AHC_EMR","AHC_EMR","AHC_EMR","AHC_EMR","AHC_EMR","S","GL_DATE","TRANSACTION_DATE","","C","FIN_IMPL","2020/06/04 05:45:13.818","Y","2020/06/04 05:45:17.107","A73C69023C9A180CE0539E90DF0AD122","FIN_IMPL","","","C"
