"XLA_SUBLEDGER.ApplicationShortName","ORA_XLA_PROCESS_CATEGORY.EventClassGroupCode","ORA_XLA_PROCESS_CATEGORY.Name","ORA_EVENT_CLASS_ATTRS.EntityCode","ORA_EVENT_CLASS_ATTRS.EventClassCode","EntityCode","EventClassCode","CreatedBy","CreationDate","Description","EnabledFlag","LastUpdateDate","LastUpdateLogin","LastUpdatedBy","Name"
"AHC_LI_INS","AHC_LI_INS","AHC Life Insurance","AHC_LI_INS","AHC_LI_INS","AHC_LI_INS","AHC_LI_INS","FIN_IMPL","2019/02/25 08:59:30.865","AHC Life Insurance","Y","2019/02/25 08:59:33.05","82B253FC04DE7798E053C390DF0A5792","FIN_IMPL","AHC Life Insurance"
"AHC_LI_INS","MANUAL","Manual","MANUAL","MANUAL","MANUAL","MANUAL","FIN_IMPL","2019/02/25 08:59:33.319","Special event class created for manual entry","Y","2019/02/25 08:59:33.529","82B253FC04DE7798E053C390DF0A5792","FIN_IMPL","Adjustment Entry"
"AHC_LI_INS","THIRD_PARTY_MERGE","Third Party Merge","THIRD_PARTY_MERGE","THIRD_PARTY_MERGE","THIRD_PARTY_MERGE","THIRD_PARTY_MERGE","FIN_IMPL","2019/02/25 08:59:33.389","Special event class created for third party merge entry","Y","2019/02/25 08:59:33.619","82B253FC04DE7798E053C390DF0A5792","FIN_IMPL","Third Party Merge"
"FAH_BILLING","BILLING","Billing Feeds","BILLING_SYSTEM","BILLING_SYSTEM","BILLING_SYSTEM","BILLING_SYSTEM","FIN_IMPL","2013/11/19 20:28:11.28","Billing System","Y","2014/03/20 17:01:25.406","F50B922565230EACE0436204548C51F2","FIN_IMPL","Billing System"
"FAH_BILLING","BILLING_2","Operational Feeds","BILLING_SYSTEM_2","BILLING_SYSTEM_2","BILLING_SYSTEM_2","BILLING_SYSTEM_2","FIN_IMPL","2014/03/18 20:13:23.5","Operations System","Y","2014/03/20 17:02:35.927","F50B922565230EACE0436204548C51F2","FIN_IMPL","Operations System"
"FAH_BILLING","EXPENSE_TRANSACTIONS","Travel Expense Feeds","EXPENSE_TRANSACTIONS","EXPENSE_TRANSACTIONS","EXPENSE_TRANSACTIONS","EXPENSE_TRANSACTIONS","FIN_IMPL","2014/03/20 17:07:46.014","Travel Expense System","Y","2014/03/20 17:07:46.08","F50B922565230EACE0436204548C51F2","FIN_IMPL","Travel Expense System"
"FAH_BILLING","MANUAL","Manual","MANUAL","MANUAL","MANUAL","MANUAL","FIN_IMPL","2013/11/19 20:21:57.888","Special event class created for manual entry","Y","2013/11/19 20:21:58.118","EB8B665D2AB0086AE0436204548C5C62","FIN_IMPL","Adjustment Entry"
"FAH_BILLING","OU_BILLING","OU Billing Feeds","OU_BILLING","OU_BILLING","OU_BILLING","OU_BILLING","FIN_IMPL","2014/08/01 19:03:52.091","","Y","2014/08/01 19:03:52.227","FF960EFE6D9F77EDE0436204548C896A","FIN_IMPL","OU Billing System"
"FAH_BILLING","THIRD_PARTY_MERGE","Third Party Merge","THIRD_PARTY_MERGE","THIRD_PARTY_MERGE","THIRD_PARTY_MERGE","THIRD_PARTY_MERGE","FIN_IMPL","2013/11/19 20:21:58.051","Special event class created for third party merge entry","Y","2013/11/19 20:21:58.137","EB8B665D2AB0086AE0436204548C5C62","FIN_IMPL","Third Party Merge"
"FAH_INSURANCE","COMMERCIAL_INS","Commercial Insurance","COMM_P_AND_C","COMM_P_AND_C","COMM_P_AND_C","COMM_P_AND_C","FIN_IMPL","2014/01/22 23:24:39.125","Commercial P&C","Y","2014/01/22 23:24:39.154","F0985B60B92621CBE0436204548CAFCD","FIN_IMPL","Commercial P&C"
"FAH_INSURANCE","COMMERCIAL_INS","Commercial Insurance","FLEET_INS","FLEET_INS","FLEET_INS","FLEET_INS","FIN_IMPL","2014/01/22 23:23:22.282","Fleet Insurance","Y","2014/01/22 23:23:22.325","F097910E7D5B0CA0E0436204548CFC56","FIN_IMPL","Fleet Insurance"
"FAH_INSURANCE","HEALTH_INS","Health Insurance","DENTAL","DENTAL","DENTAL","DENTAL","FIN_IMPL","2014/01/22 23:39:26.173","Dental Insurance","Y","2014/01/22 23:39:26.206","F097910E7D5E0CA0E0436204548CFC56","FIN_IMPL","Dental"
"FAH_INSURANCE","HEALTH_INS","Health Insurance","GROUP_HEALTH_INS","GROUP_HEALTH_INS","GROUP_HEALTH_INS","GROUP_HEALTH_INS","FIN_IMPL","2014/01/22 23:28:05.639","Group Health","Y","2014/01/22 23:28:05.67","F097910E7D5C0CA0E0436204548CFC56","FIN_IMPL","Group Health"
"FAH_INSURANCE","HEALTH_INS","Health Insurance","INDIVIDUAL_HEALTH_INS","INDIVIDUAL_HEALTH_INS","INDIVIDUAL_HEALTH_INS","INDIVIDUAL_HEALTH_INS","FIN_IMPL","2014/01/22 23:31:54.451","Individual Health","Y","2014/01/22 23:31:54.483","F0979A5838210B2AE0436204548C06BF","FIN_IMPL","Individual Health"
"FAH_INSURANCE","HEALTH_INS","Health Insurance","LONG_TERM_CARE","LONG_TERM_CARE","LONG_TERM_CARE","LONG_TERM_CARE","FIN_IMPL","2014/01/22 23:37:10.821","Long Term Care","Y","2014/01/22 23:37:10.86","F097910E7D5D0CA0E0436204548CFC56","FIN_IMPL","Long Term Care"
"FAH_INSURANCE","HEALTH_INS","Health Insurance","PHARMACY","PHARMACY","PHARMACY","PHARMACY","FIN_IMPL","2014/01/22 23:35:20.695","Pharmacy","Y","2014/01/22 23:35:20.729","F0979A5838220B2AE0436204548C06BF","FIN_IMPL","Pharmacy"
"FAH_INSURANCE","HEALTH_INS","Health Insurance","VISION_INS","VISION_INS","VISION_INS","VISION_INS","FIN_IMPL","2014/01/22 23:33:50.794","Vision","Y","2014/01/22 23:33:50.826","F0985B60B92721CBE0436204548CAFCD","FIN_IMPL","Vision"
"FAH_INSURANCE","LIFE_INS","Life Insurance","DISABILITY","DISABILITY","DISABILITY","DISABILITY","FIN_IMPL","2014/01/22 23:40:45.837","Disability Insurance","Y","2014/01/22 23:40:45.867","F098A4399B3122FDE0436204548C4C4F","FIN_IMPL","Disability"
"FAH_INSURANCE","LIFE_INS","Life Insurance","TERM_LIFE","TERM_LIFE","TERM_LIFE","TERM_LIFE","FIN_IMPL","2014/01/22 23:42:14.941","Term Life Insurance","Y","2014/01/22 23:42:14.977","F0964FF4816D1FEBE0436204548CB956","FIN_IMPL","Term Life"
"FAH_INSURANCE","LIFE_INS","Life Insurance","WHOLE_LIFE","WHOLE_LIFE","WHOLE_LIFE","WHOLE_LIFE","FIN_IMPL","2014/01/22 23:44:01.347","Whole Life","Y","2014/01/22 23:44:01.382","F097910E7D5F0CA0E0436204548CFC56","FIN_IMPL","Whole Life"
"FAH_INSURANCE","MANUAL","Manual","MANUAL","MANUAL","MANUAL","MANUAL","FIN_IMPL","2014/01/22 23:18:07.822","Special event class created for manual entry","Y","2014/01/22 23:18:08.155","F0964FF4816B1FEBE0436204548CB956","FIN_IMPL","Adjustment Entry"
"FAH_INSURANCE","PROPERTY_CASUALTY_INS","Property and Casualty Insurance","ATV","ATV","ATV","ATV","FIN_IMPL","2014/01/22 23:50:19.487","ATV Insurance","Y","2014/01/22 23:50:19.604","F0964FF4816E1FEBE0436204548CB956","FIN_IMPL","ATV"
"FAH_INSURANCE","PROPERTY_CASUALTY_INS","Property and Casualty Insurance","BOAT","BOAT","BOAT","BOAT","FIN_IMPL","2014/01/22 23:56:08.197","Boat","Y","2014/01/22 23:56:08.329","F0964FF481701FEBE0436204548CB956","FIN_IMPL","Boat"
"FAH_INSURANCE","PROPERTY_CASUALTY_INS","Property and Casualty Insurance","HOMEOWNERS","HOMEOWNERS","HOMEOWNERS","HOMEOWNERS","FIN_IMPL","2014/01/22 23:47:36.121","Homeowners Insurance","Y","2014/01/22 23:47:36.158","F09878ABBE2D76A1E0436204548C2BB4","FIN_IMPL","Homeowners"
"FAH_INSURANCE","PROPERTY_CASUALTY_INS","Property and Casualty Insurance","MOTORCYCLE","MOTORCYCLE","MOTORCYCLE","MOTORCYCLE","FIN_IMPL","2014/01/22 23:54:50.576","Motorcycle","Y","2014/01/22 23:54:50.613","F097910E7D600CA0E0436204548CFC56","FIN_IMPL","Motorcycle"
"FAH_INSURANCE","PROPERTY_CASUALTY_INS","Property and Casualty Insurance","MOTORHOME","MOTORHOME","MOTORHOME","MOTORHOME","FIN_IMPL","2014/01/22 23:57:34.288","Motorhome Insurance","Y","2014/01/22 23:57:34.328","F098A4399B3222FDE0436204548C4C4F","FIN_IMPL","Motorhome"
"FAH_INSURANCE","PROPERTY_CASUALTY_INS","Property and Casualty Insurance","PERSONAL_AUTO_INSURANCE","PERSONAL_AUTO_INSURANCE","PERSONAL_AUTO_INSURANCE","PERSONAL_AUTO_INSURANCE","FIN_IMPL","2014/01/23 00:00:08.081","Personal Auto Insurance","Y","2014/01/23 00:00:08.126","F0964FF481711FEBE0436204548CB956","FIN_IMPL","Personal Auto Insurance"
"FAH_INSURANCE","PROPERTY_CASUALTY_INS","Property and Casualty Insurance","RENTERS","RENTERS","RENTERS","RENTERS","FIN_IMPL","2014/01/22 23:45:44.189","Renters Insurance","Y","2014/01/22 23:45:44.226","F0979A5838240B2AE0436204548C06BF","FIN_IMPL","Renters"
"FAH_INSURANCE","PROPERTY_CASUALTY_INS","Property and Casualty Insurance","SNOWMOBILE","SNOWMOBILE","SNOWMOBILE","SNOWMOBILE","FIN_IMPL","2014/01/22 23:58:54.524","SnowMobile Insurance","Y","2014/01/22 23:58:54.571","F097910E7D610CA0E0436204548CFC56","FIN_IMPL","SnowMobile"
"FAH_INSURANCE","PROPERTY_CASUALTY_INS","Property and Casualty Insurance","UMBRELLA","UMBRELLA","UMBRELLA","UMBRELLA","FIN_IMPL","2014/01/22 23:53:29.416","Umbrella Insurance","Y","2014/01/22 23:53:29.456","F0964FF4816F1FEBE0436204548CB956","FIN_IMPL","Umbrella"
"FAH_INSURANCE","RETIREMENT_SAVINGS","Retirement and Savings","COLLEGE_SAVINGS","COLLEGE_SAVINGS","COLLEGE_SAVINGS","COLLEGE_SAVINGS","FIN_IMPL","2014/01/23 00:07:59.092","College Savings","Y","2014/01/23 00:07:59.136","F0964FF481721FEBE0436204548CB956","FIN_IMPL","College Savings"
"FAH_INSURANCE","RETIREMENT_SAVINGS","Retirement and Savings","FIXED_ANNUITY","FIXED_ANNUITY","FIXED_ANNUITY","FIXED_ANNUITY","FIN_IMPL","2014/01/23 00:06:24.724","Fixed Annuity","Y","2014/01/23 00:06:24.767","F097910E7D630CA0E0436204548CFC56","FIN_IMPL","Fixed Annuity"
"FAH_INSURANCE","RETIREMENT_SAVINGS","Retirement and Savings","IRA","IRA","IRA","IRA","FIN_IMPL","2014/01/23 00:04:59.585","IRA'S","Y","2014/01/23 00:04:59.627","F098A4399B3322FDE0436204548C4C4F","FIN_IMPL","IRA'S"
"FAH_INSURANCE","RETIREMENT_SAVINGS","Retirement and Savings","VARIABLE_ANNUITY","VARIABLE_ANNUITY","VARIABLE_ANNUITY","VARIABLE_ANNUITY","FIN_IMPL","2014/01/23 00:03:36.736","Variable Annuity","Y","2014/01/23 00:03:36.783","F097910E7D620CA0E0436204548CFC56","FIN_IMPL","Variable Annuity"
"FAH_INSURANCE","THIRD_PARTY_MERGE","Third Party Merge","THIRD_PARTY_MERGE","THIRD_PARTY_MERGE","THIRD_PARTY_MERGE","THIRD_PARTY_MERGE","FIN_IMPL","2014/01/22 23:18:08.08","Special event class created for third party merge entry","Y","2014/01/22 23:18:08.186","F0964FF4816B1FEBE0436204548CB956","FIN_IMPL","Third Party Merge"
"AHC_LOAN","AHC_LOAN","AHC Loan","AHC_LOAN","AHC_LOAN","AHC_LOAN","AHC_LOAN","FIN_IMPL","2017/10/31 18:11:26.156","AHC Loan","Y","2017/10/31 18:11:27.961","5CDCAADD39354F8CE0538DADFD0A1CB9","FIN_IMPL","AHC Loan"
"AHC_LOAN","MANUAL","Manual","MANUAL","MANUAL","MANUAL","MANUAL","FIN_IMPL","2017/10/31 18:11:28.123","Special event class created for manual entry","Y","2017/10/31 18:11:28.429","5CDCAADD39354F8CE0538DADFD0A1CB9","FIN_IMPL","Adjustment Entry"
"AHC_LOAN","THIRD_PARTY_MERGE","Third Party Merge","THIRD_PARTY_MERGE","THIRD_PARTY_MERGE","THIRD_PARTY_MERGE","THIRD_PARTY_MERGE","FIN_IMPL","2017/10/31 18:11:28.227","Special event class created for third party merge entry","Y","2017/10/31 18:11:28.485","5CDCAADD39354F8CE0538DADFD0A1CB9","FIN_IMPL","Third Party Merge"
"AHC_BILLING","AHC_BILLING","AHC Billing","AHC_BILLING","AHC_BILLING","AHC_BILLING","AHC_BILLING","FIN_IMPL","2017/12/28 06:54:13.817","AHC Billing","Y","2017/12/28 06:54:16.826","615CA35573826868E0536AA0FD0A112A","FIN_IMPL","AHC Billing"
"AHC_BILLING","MANUAL","Manual","MANUAL","MANUAL","MANUAL","MANUAL","FIN_IMPL","2017/12/28 06:54:17.062","Special event class created for manual entry","Y","2017/12/28 06:54:17.355","615CA35573826868E0536AA0FD0A112A","FIN_IMPL","Adjustment Entry"
"AHC_BILLING","THIRD_PARTY_MERGE","Third Party Merge","THIRD_PARTY_MERGE","THIRD_PARTY_MERGE","THIRD_PARTY_MERGE","THIRD_PARTY_MERGE","FIN_IMPL","2017/12/28 06:54:17.167","Special event class created for third party merge entry","Y","2017/12/28 06:54:17.411","615CA35573826868E0536AA0FD0A112A","FIN_IMPL","Third Party Merge"
"AHC_ENDOWMENT","AHC_ENDOWMENT","AHC Endowment Donations","AHC_ENDOWMENT","AHC_ENDOWMENT","AHC_ENDOWMENT","AHC_ENDOWMENT","FIN_IMPL","2018/10/11 10:07:41.118","AHC Endowment Donations","Y","2018/10/11 10:07:47.402","77F20EFFD1CB67FFE0537990DF0ADB76","FIN_IMPL","AHC Endowment Donations"
"AHC_ENDOWMENT","MANUAL","Manual","MANUAL","MANUAL","MANUAL","MANUAL","FIN_IMPL","2018/10/11 10:07:49.588","Special event class created for manual entry","Y","2018/10/11 10:07:51.82","77F20EFFD1CB67FFE0537990DF0ADB76","FIN_IMPL","Adjustment Entry"
"AHC_ENDOWMENT","THIRD_PARTY_MERGE","Third Party Merge","THIRD_PARTY_MERGE","THIRD_PARTY_MERGE","THIRD_PARTY_MERGE","THIRD_PARTY_MERGE","FIN_IMPL","2018/10/11 10:07:49.848","Special event class created for third party merge entry","Y","2018/10/11 10:07:52.074","77F20EFFD1CB67FFE0537990DF0ADB76","FIN_IMPL","Third Party Merge"
"AHC_INSURANCE","AHC_INSURANCE","AHC Insurance","AHC_INSURANCE","AHC_INSURANCE","AHC_INSURANCE","AHC_INSURANCE","FIN_IMPL","2018/03/06 05:30:22.61","AHC Insurance","Y","2018/03/06 05:30:24.98","66B8A4FCD0219AA4E053E9A7FD0A5DFE","FIN_IMPL","AHC Insurance"
"AHC_INSURANCE","MANUAL","Manual","MANUAL","MANUAL","MANUAL","MANUAL","FIN_IMPL","2018/03/06 05:30:25.134","Special event class created for manual entry","Y","2018/03/06 05:30:25.37","66B8A4FCD0219AA4E053E9A7FD0A5DFE","FIN_IMPL","Adjustment Entry"
"AHC_INSURANCE","THIRD_PARTY_MERGE","Third Party Merge","THIRD_PARTY_MERGE","THIRD_PARTY_MERGE","THIRD_PARTY_MERGE","THIRD_PARTY_MERGE","FIN_IMPL","2018/03/06 05:30:25.21","Special event class created for third party merge entry","Y","2018/03/06 05:30:25.416","66B8A4FCD0219AA4E053E9A7FD0A5DFE","FIN_IMPL","Third Party Merge"
"AHC_EXT_ERP","AHC_EXT_ERP","AHC External ERP","AHC_EXT_ERP","AHC_EXT_ERP","AHC_EXT_ERP","AHC_EXT_ERP","FIN_IMPL","2021/05/25 15:52:22.369","AHC External ERP","Y","2021/05/25 15:52:23.866","C2E79BEB15F58012E0532D60FD0A028C","FIN_IMPL","AHC External ERP"
"AHC_EXT_ERP","MANUAL","Manual","MANUAL","MANUAL","MANUAL","MANUAL","FIN_IMPL","2021/05/25 15:52:24.053","Special event class created for manual entry","Y","2021/05/25 15:52:24.246","C2E79BEB15F58012E0532D60FD0A028C","FIN_IMPL","Adjustment Entry"
"AHC_EXT_ERP","THIRD_PARTY_MERGE","Third Party Merge","THIRD_PARTY_MERGE","THIRD_PARTY_MERGE","THIRD_PARTY_MERGE","THIRD_PARTY_MERGE","FIN_IMPL","2021/05/25 15:52:24.11","Special event class created for third party merge entry","Y","2021/05/25 15:52:24.291","C2E79BEB15F58012E0532D60FD0A028C","FIN_IMPL","Third Party Merge"
"AHC_EMR","AHC_EMR","AHC Elec Med Record Sys","AHC_EMR","AHC_EMR","AHC_EMR","AHC_EMR","FIN_IMPL","2020/06/04 05:44:46.441","AHC Elec Med Record Sys","Y","2020/06/04 05:44:47.954","A73C69023C9A180CE0539E90DF0AD122","FIN_IMPL","AHC Elec Med Record Sys"
"AHC_EMR","MANUAL","Manual","MANUAL","MANUAL","MANUAL","MANUAL","FIN_IMPL","2020/06/04 05:44:48.116","Special event class created for manual entry","Y","2020/06/04 05:44:49.102","A73C69023C9A180CE0539E90DF0AD122","FIN_IMPL","Adjustment Entry"
"AHC_EMR","THIRD_PARTY_MERGE","Third Party Merge","THIRD_PARTY_MERGE","THIRD_PARTY_MERGE","THIRD_PARTY_MERGE","THIRD_PARTY_MERGE","FIN_IMPL","2020/06/04 05:44:48.222","Special event class created for third party merge entry","Y","2020/06/04 05:44:49.154","A73C69023C9A180CE0539E90DF0AD122","FIN_IMPL","Third Party Merge"
