"ORA_XLA_SUBLEDGERS_EVENTMAPPING.ApplicationShortName","XLA_PROCESS_CATEGORY.EventClassGroupCode","XLA_PROCESS_CATEGORY.Name","ORA_XLA_EVENT_CLASS_ATTRS.EntityCode","ORA_XLA_EVENT_CLASS_ATTRS.EventClassCode","EntityCode","CreatedBy","CreationDate","EnableGaplessEventsFlag","EnabledFlag","LastUpdateDate","LastUpdateLogin","LastUpdatedBy"
"AHC_LI_INS","AHC_LI_INS","AHC Life Insurance","AHC_LI_INS","AHC_LI_INS","AHC_LI_INS","FIN_IMPL","2019/02/25 08:59:31.189","N","Y","2019/02/25 08:59:33.121","82B253FC04DE7798E053C390DF0A5792","FIN_IMPL"
"AHC_LI_INS","MANUAL","Manual","MANUAL","MANUAL","MANUAL","FIN_IMPL","2019/02/25 08:59:33.337","N","Y","2019/02/25 08:59:33.531","82B253FC04DE7798E053C390DF0A5792","FIN_IMPL"
"AHC_LI_INS","THIRD_PARTY_MERGE","Third Party Merge","THIRD_PARTY_MERGE","THIRD_PARTY_MERGE","THIRD_PARTY_MERGE","FIN_IMPL","2019/02/25 08:59:33.402","N","Y","2019/02/25 08:59:33.62","82B253FC04DE7798E053C390DF0A5792","FIN_IMPL"
"FAH_BILLING","BILLING","Billing Feeds","BILLING_SYSTEM","BILLING_SYSTEM","BILLING_SYSTEM","FIN_IMPL","2013/11/19 20:28:11.286","N","Y","2013/11/19 20:28:11.312","EB8D3B917000406DE0436204548C2BAF","FIN_IMPL"
"FAH_BILLING","BILLING_2","Operational Feeds","BILLING_SYSTEM_2","BILLING_SYSTEM_2","BILLING_SYSTEM_2","FIN_IMPL","2014/03/18 20:13:23.511","N","Y","2014/03/18 20:13:23.675","F4E40002E04D3936E0436204548C518B","FIN_IMPL"
"FAH_BILLING","EXPENSE_TRANSACTIONS","Travel Expense Feeds","EXPENSE_TRANSACTIONS","EXPENSE_TRANSACTIONS","EXPENSE_TRANSACTIONS","FIN_IMPL","2014/03/20 17:07:46.024","N","Y","2014/03/20 17:07:46.099","F50B922565230EACE0436204548C51F2","FIN_IMPL"
"FAH_BILLING","MANUAL","Manual","MANUAL","MANUAL","MANUAL","FIN_IMPL","2013/11/19 20:21:57.959","N","Y","2013/11/19 20:21:58.121","EB8B665D2AB0086AE0436204548C5C62","FIN_IMPL"
"FAH_BILLING","OU_BILLING","OU Billing Feeds","OU_BILLING","OU_BILLING","OU_BILLING","FIN_IMPL","2014/08/01 19:03:52.147","N","Y","2014/08/01 19:03:52.23","FF960EFE6D9F77EDE0436204548C896A","FIN_IMPL"
"FAH_BILLING","THIRD_PARTY_MERGE","Third Party Merge","THIRD_PARTY_MERGE","THIRD_PARTY_MERGE","THIRD_PARTY_MERGE","FIN_IMPL","2013/11/19 20:21:58.059","N","Y","2013/11/19 20:21:58.138","EB8B665D2AB0086AE0436204548C5C62","FIN_IMPL"
"FAH_INSURANCE","COMMERCIAL_INS","Commercial Insurance","COMM_P_AND_C","COMM_P_AND_C","COMM_P_AND_C","FIN_IMPL","2014/01/22 23:24:39.133","N","Y","2014/01/22 23:24:39.155","F0985B60B92621CBE0436204548CAFCD","FIN_IMPL"
"FAH_INSURANCE","COMMERCIAL_INS","Commercial Insurance","FLEET_INS","FLEET_INS","FLEET_INS","FIN_IMPL","2014/01/22 23:23:22.289","N","Y","2014/01/22 23:23:22.326","F097910E7D5B0CA0E0436204548CFC56","FIN_IMPL"
"FAH_INSURANCE","HEALTH_INS","Health Insurance","DENTAL","DENTAL","DENTAL","FIN_IMPL","2014/01/22 23:39:26.179","N","Y","2014/01/22 23:39:26.207","F097910E7D5E0CA0E0436204548CFC56","FIN_IMPL"
"FAH_INSURANCE","HEALTH_INS","Health Insurance","GROUP_HEALTH_INS","GROUP_HEALTH_INS","GROUP_HEALTH_INS","FIN_IMPL","2014/01/22 23:28:05.646","N","Y","2014/01/22 23:28:05.671","F097910E7D5C0CA0E0436204548CFC56","FIN_IMPL"
"FAH_INSURANCE","HEALTH_INS","Health Insurance","INDIVIDUAL_HEALTH_INS","INDIVIDUAL_HEALTH_INS","INDIVIDUAL_HEALTH_INS","FIN_IMPL","2014/01/22 23:31:54.457","N","Y","2014/01/22 23:31:54.484","F0979A5838210B2AE0436204548C06BF","FIN_IMPL"
"FAH_INSURANCE","HEALTH_INS","Health Insurance","LONG_TERM_CARE","LONG_TERM_CARE","LONG_TERM_CARE","FIN_IMPL","2014/01/22 23:37:10.828","N","Y","2014/01/22 23:37:10.861","F097910E7D5D0CA0E0436204548CFC56","FIN_IMPL"
"FAH_INSURANCE","HEALTH_INS","Health Insurance","PHARMACY","PHARMACY","PHARMACY","FIN_IMPL","2014/01/22 23:35:20.701","N","Y","2014/01/22 23:35:20.73","F0979A5838220B2AE0436204548C06BF","FIN_IMPL"
"FAH_INSURANCE","HEALTH_INS","Health Insurance","VISION_INS","VISION_INS","VISION_INS","FIN_IMPL","2014/01/22 23:33:50.801","N","Y","2014/01/22 23:33:50.827","F0985B60B92721CBE0436204548CAFCD","FIN_IMPL"
"FAH_INSURANCE","LIFE_INS","Life Insurance","DISABILITY","DISABILITY","DISABILITY","FIN_IMPL","2014/01/22 23:40:45.843","N","Y","2014/01/22 23:40:45.868","F098A4399B3122FDE0436204548C4C4F","FIN_IMPL"
"FAH_INSURANCE","LIFE_INS","Life Insurance","TERM_LIFE","TERM_LIFE","TERM_LIFE","FIN_IMPL","2014/01/22 23:42:14.947","N","Y","2014/01/22 23:42:14.978","F0964FF4816D1FEBE0436204548CB956","FIN_IMPL"
"FAH_INSURANCE","LIFE_INS","Life Insurance","WHOLE_LIFE","WHOLE_LIFE","WHOLE_LIFE","FIN_IMPL","2014/01/22 23:44:01.354","N","Y","2014/01/22 23:44:01.383","F097910E7D5F0CA0E0436204548CFC56","FIN_IMPL"
"FAH_INSURANCE","MANUAL","Manual","MANUAL","MANUAL","MANUAL","FIN_IMPL","2014/01/22 23:18:07.896","N","Y","2014/01/22 23:18:08.161","F0964FF4816B1FEBE0436204548CB956","FIN_IMPL"
"FAH_INSURANCE","PROPERTY_CASUALTY_INS","Property and Casualty Insurance","ATV","ATV","ATV","FIN_IMPL","2014/01/22 23:50:19.527","N","Y","2014/01/22 23:50:19.606","F0964FF4816E1FEBE0436204548CB956","FIN_IMPL"
"FAH_INSURANCE","PROPERTY_CASUALTY_INS","Property and Casualty Insurance","BOAT","BOAT","BOAT","FIN_IMPL","2014/01/22 23:56:08.203","N","Y","2014/01/22 23:56:08.33","F0964FF481701FEBE0436204548CB956","FIN_IMPL"
"FAH_INSURANCE","PROPERTY_CASUALTY_INS","Property and Casualty Insurance","HOMEOWNERS","HOMEOWNERS","HOMEOWNERS","FIN_IMPL","2014/01/22 23:47:36.129","N","Y","2014/01/22 23:47:36.159","F09878ABBE2D76A1E0436204548C2BB4","FIN_IMPL"
"FAH_INSURANCE","PROPERTY_CASUALTY_INS","Property and Casualty Insurance","MOTORCYCLE","MOTORCYCLE","MOTORCYCLE","FIN_IMPL","2014/01/22 23:54:50.582","N","Y","2014/01/22 23:54:50.614","F097910E7D600CA0E0436204548CFC56","FIN_IMPL"
"FAH_INSURANCE","PROPERTY_CASUALTY_INS","Property and Casualty Insurance","MOTORHOME","MOTORHOME","MOTORHOME","FIN_IMPL","2014/01/22 23:57:34.294","N","Y","2014/01/22 23:57:34.329","F098A4399B3222FDE0436204548C4C4F","FIN_IMPL"
"FAH_INSURANCE","PROPERTY_CASUALTY_INS","Property and Casualty Insurance","PERSONAL_AUTO_INSURANCE","PERSONAL_AUTO_INSURANCE","PERSONAL_AUTO_INSURANCE","FIN_IMPL","2014/01/23 00:00:08.087","N","Y","2014/01/23 00:00:08.127","F0964FF481711FEBE0436204548CB956","FIN_IMPL"
"FAH_INSURANCE","PROPERTY_CASUALTY_INS","Property and Casualty Insurance","RENTERS","RENTERS","RENTERS","FIN_IMPL","2014/01/22 23:45:44.196","N","Y","2014/01/22 23:45:44.226","F0979A5838240B2AE0436204548C06BF","FIN_IMPL"
"FAH_INSURANCE","PROPERTY_CASUALTY_INS","Property and Casualty Insurance","SNOWMOBILE","SNOWMOBILE","SNOWMOBILE","FIN_IMPL","2014/01/22 23:58:54.532","N","Y","2014/01/22 23:58:54.571","F097910E7D610CA0E0436204548CFC56","FIN_IMPL"
"FAH_INSURANCE","PROPERTY_CASUALTY_INS","Property and Casualty Insurance","UMBRELLA","UMBRELLA","UMBRELLA","FIN_IMPL","2014/01/22 23:53:29.422","N","Y","2014/01/22 23:53:29.456","F0964FF4816F1FEBE0436204548CB956","FIN_IMPL"
"FAH_INSURANCE","RETIREMENT_SAVINGS","Retirement and Savings","COLLEGE_SAVINGS","COLLEGE_SAVINGS","COLLEGE_SAVINGS","FIN_IMPL","2014/01/23 00:07:59.099","N","Y","2014/01/23 00:07:59.137","F0964FF481721FEBE0436204548CB956","FIN_IMPL"
"FAH_INSURANCE","RETIREMENT_SAVINGS","Retirement and Savings","FIXED_ANNUITY","FIXED_ANNUITY","FIXED_ANNUITY","FIN_IMPL","2014/01/23 00:06:24.731","N","Y","2014/01/23 00:06:24.768","F097910E7D630CA0E0436204548CFC56","FIN_IMPL"
"FAH_INSURANCE","RETIREMENT_SAVINGS","Retirement and Savings","IRA","IRA","IRA","FIN_IMPL","2014/01/23 00:04:59.592","N","Y","2014/01/23 00:04:59.628","F098A4399B3322FDE0436204548C4C4F","FIN_IMPL"
"FAH_INSURANCE","RETIREMENT_SAVINGS","Retirement and Savings","VARIABLE_ANNUITY","VARIABLE_ANNUITY","VARIABLE_ANNUITY","FIN_IMPL","2014/01/23 00:03:36.742","N","Y","2014/01/23 00:03:36.784","F097910E7D620CA0E0436204548CFC56","FIN_IMPL"
"FAH_INSURANCE","THIRD_PARTY_MERGE","Third Party Merge","THIRD_PARTY_MERGE","THIRD_PARTY_MERGE","THIRD_PARTY_MERGE","FIN_IMPL","2014/01/22 23:18:08.089","N","Y","2014/01/22 23:18:08.187","F0964FF4816B1FEBE0436204548CB956","FIN_IMPL"
"AHC_LOAN","AHC_LOAN","AHC Loan","AHC_LOAN","AHC_LOAN","AHC_LOAN","FIN_IMPL","2017/10/31 18:11:26.336","N","Y","2017/10/31 18:11:27.97","5CDCAADD39354F8CE0538DADFD0A1CB9","FIN_IMPL"
"AHC_LOAN","MANUAL","Manual","MANUAL","MANUAL","MANUAL","FIN_IMPL","2017/10/31 18:11:28.153","N","Y","2017/10/31 18:11:28.431","5CDCAADD39354F8CE0538DADFD0A1CB9","FIN_IMPL"
"AHC_LOAN","THIRD_PARTY_MERGE","Third Party Merge","THIRD_PARTY_MERGE","THIRD_PARTY_MERGE","THIRD_PARTY_MERGE","FIN_IMPL","2017/10/31 18:11:28.249","N","Y","2017/10/31 18:11:28.489","5CDCAADD39354F8CE0538DADFD0A1CB9","FIN_IMPL"
"AHC_BILLING","AHC_BILLING","AHC Billing","AHC_BILLING","AHC_BILLING","AHC_BILLING","FIN_IMPL","2017/12/28 06:54:13.938","N","Y","2017/12/28 06:54:16.849","615CA35573826868E0536AA0FD0A112A","FIN_IMPL"
"AHC_BILLING","MANUAL","Manual","MANUAL","MANUAL","MANUAL","FIN_IMPL","2017/12/28 06:54:17.088","N","Y","2017/12/28 06:54:17.358","615CA35573826868E0536AA0FD0A112A","FIN_IMPL"
"AHC_BILLING","THIRD_PARTY_MERGE","Third Party Merge","THIRD_PARTY_MERGE","THIRD_PARTY_MERGE","THIRD_PARTY_MERGE","FIN_IMPL","2017/12/28 06:54:17.18","N","Y","2017/12/28 06:54:17.413","615CA35573826868E0536AA0FD0A112A","FIN_IMPL"
"AHC_ENDOWMENT","AHC_ENDOWMENT","AHC Endowment Donations","AHC_ENDOWMENT","AHC_ENDOWMENT","AHC_ENDOWMENT","FIN_IMPL","2018/10/11 10:07:41.742","N","Y","2018/10/11 10:07:47.593","77F20EFFD1CB67FFE0537990DF0ADB76","FIN_IMPL"
"AHC_ENDOWMENT","MANUAL","Manual","MANUAL","MANUAL","MANUAL","FIN_IMPL","2018/10/11 10:07:49.632","N","Y","2018/10/11 10:07:51.823","77F20EFFD1CB67FFE0537990DF0ADB76","FIN_IMPL"
"AHC_ENDOWMENT","THIRD_PARTY_MERGE","Third Party Merge","THIRD_PARTY_MERGE","THIRD_PARTY_MERGE","THIRD_PARTY_MERGE","FIN_IMPL","2018/10/11 10:07:49.914","N","Y","2018/10/11 10:07:52.076","77F20EFFD1CB67FFE0537990DF0ADB76","FIN_IMPL"
"AHC_INSURANCE","AHC_INSURANCE","AHC Insurance","AHC_INSURANCE","AHC_INSURANCE","AHC_INSURANCE","FIN_IMPL","2018/03/06 05:30:22.736","N","Y","2018/03/06 05:30:25.004","66B8A4FCD0219AA4E053E9A7FD0A5DFE","FIN_IMPL"
"AHC_INSURANCE","MANUAL","Manual","MANUAL","MANUAL","MANUAL","FIN_IMPL","2018/03/06 05:30:25.15","N","Y","2018/03/06 05:30:25.372","66B8A4FCD0219AA4E053E9A7FD0A5DFE","FIN_IMPL"
"AHC_INSURANCE","THIRD_PARTY_MERGE","Third Party Merge","THIRD_PARTY_MERGE","THIRD_PARTY_MERGE","THIRD_PARTY_MERGE","FIN_IMPL","2018/03/06 05:30:25.229","N","Y","2018/03/06 05:30:25.416","66B8A4FCD0219AA4E053E9A7FD0A5DFE","FIN_IMPL"
"AHC_EXT_ERP","AHC_EXT_ERP","AHC External ERP","AHC_EXT_ERP","AHC_EXT_ERP","AHC_EXT_ERP","FIN_IMPL","2021/05/25 15:52:22.604","N","Y","2021/05/25 15:52:23.871","C2E79BEB15F58012E0532D60FD0A028C","FIN_IMPL"
"AHC_EXT_ERP","MANUAL","Manual","MANUAL","MANUAL","MANUAL","FIN_IMPL","2021/05/25 15:52:24.062","N","Y","2021/05/25 15:52:24.247","C2E79BEB15F58012E0532D60FD0A028C","FIN_IMPL"
"AHC_EXT_ERP","THIRD_PARTY_MERGE","Third Party Merge","THIRD_PARTY_MERGE","THIRD_PARTY_MERGE","THIRD_PARTY_MERGE","FIN_IMPL","2021/05/25 15:52:24.118","N","Y","2021/05/25 15:52:24.292","C2E79BEB15F58012E0532D60FD0A028C","FIN_IMPL"
"AHC_EMR","AHC_EMR","AHC Elec Med Record Sys","AHC_EMR","AHC_EMR","AHC_EMR","FIN_IMPL","2020/06/04 05:44:46.638","N","Y","2020/06/04 05:44:47.982","A73C69023C9A180CE0539E90DF0AD122","FIN_IMPL"
"AHC_EMR","MANUAL","Manual","MANUAL","MANUAL","MANUAL","FIN_IMPL","2020/06/04 05:44:48.137","N","Y","2020/06/04 05:44:49.103","A73C69023C9A180CE0539E90DF0AD122","FIN_IMPL"
"AHC_EMR","THIRD_PARTY_MERGE","Third Party Merge","THIRD_PARTY_MERGE","THIRD_PARTY_MERGE","THIRD_PARTY_MERGE","FIN_IMPL","2020/06/04 05:44:48.252","N","Y","2020/06/04 05:44:49.158","A73C69023C9A180CE0539E90DF0AD122","FIN_IMPL"
