"ApplicationShortName","AccountingEnabled","AlcEnabledFlag","ApplicationName","ApplicationTypeCode","ControlAccountTypeCode","CreatedBy","CreationDate","Description","DrilldownProcedureName","LastUpdateDate","LastUpdateLogin","LastUpdatedBy","RemoteUrl","RowLockingFlag","SecurityFunctionName","ValuationMethodFlag","JeSourceKey","ImplementationModeCode","AllowReversalsFlag","AutoDeleteFlag","PsftGlFlag"
"AHC_LI_INS","Y","Y","AHC Life Insurance","C","N","FIN_IMPL","2019/02/25 08:59:22.603","AHC Life Insurance","","2019/02/25 08:59:30.759","82B253FC04DE7798E053C390DF0A5792","FIN_IMPL","","N","","N","AHC Life Insurance","SIMPLIFIED","","","N"
"FAH_BILLING","Y","Y","Fusion Accounting Hub: Billing System","C","N","FIN_IMPL","2013/11/19 20:21:08.0","Fusion Accounting Hub: Billing System","","2015/03/31 01:40:04.306","128C930E4FD358A2E0536204548C5184","FIN_IMPL","","N","","N","External Billing","ORIGINAL","","",""
"FAH_INSURANCE","Y","Y","Fusion Accounting Hub: Insurance","C","N","FIN_IMPL","2014/01/22 23:16:54.0","Fusion Accounting Hub: Insurance","","2014/02/05 18:38:33.127","F1AC295D2BE049D6E0436204548CABAA","FIN_IMPL","","N","","N","Insurance","ORIGINAL","","",""
"AHC_LOAN","Y","Y","AHC Loan","C","N","FIN_IMPL","2017/10/31 18:11:19.814","AHC Loan","","2017/10/31 18:11:26.02","5CDCAADD39354F8CE0538DADFD0A1CB9","FIN_IMPL","","N","","N","AHC Loan","SIMPLIFIED","","","N"
"AHC_BILLING","Y","Y","AHC Billing","C","N","FIN_IMPL","2017/12/28 06:54:05.989","AHC Billing","","2017/12/28 06:54:13.623","615CA35573826868E0536AA0FD0A112A","FIN_IMPL","","N","","N","AHC Billing","SIMPLIFIED","","","N"
"AHC_ENDOWMENT","Y","Y","AHC Endowment Donations","C","N","FIN_IMPL","2018/10/11 10:06:57.489","AHC Endowment Donations","","2018/10/11 10:07:39.484","77F20EFFD1CB67FFE0537990DF0ADB76","FIN_IMPL","","N","","N","AHC Endowment Donations","SIMPLIFIED","","","N"
"AHC_INSURANCE","Y","Y","AHC Insurance","C","N","FIN_IMPL","2018/03/06 05:30:15.573","AHC Insurance","","2018/03/06 05:30:22.496","66B8A4FCD0219AA4E053E9A7FD0A5DFE","FIN_IMPL","","N","","N","AHC Insurance","SIMPLIFIED","","","N"
"AHC_EXT_ERP","Y","Y","AHC External ERP","C","N","FIN_IMPL","2021/05/25 15:52:15.932","AHC External ERP","","2021/05/25 15:52:21.987","C2E79BEB15F58012E0532D60FD0A028C","FIN_IMPL","","N","","N","AHC External ERP","SIMPLIFIED","N","N","N"
"AHC_EMR","Y","Y","AHC Elec Med Record Sys","C","N","FIN_IMPL","2020/06/04 05:44:38.339","AHC Elec Med Record Sys","","2020/06/04 05:44:46.066","A73C69023C9A180CE0539E90DF0AD122","FIN_IMPL","","N","","N","AHC Elec Med Record Sys","SIMPLIFIED","N","N","N"
