"XLA_SUBLEDGER.ApplicationShortName","ORA_XLA_PROCESS_CATEGORY.EventClassGroupCode","ORA_XLA_PROCESS_CATEGORY.Name","ORA_EVENT_CLASS_ATTRS.EntityCode","ORA_EVENT_CLASS_ATTRS.EventClassCode","EventTypeCode","EventClassCode","EntityCode","AccountingFlag","CreatedBy","CreationDate","Description","EnabledFlag","LastUpdateDate","LastUpdateLogin","LastUpdatedBy","Name","TaxFlag","TransactionReversalFlag"
"AHC_LI_INS","AHC_LI_INS","AHC Life Insurance","AHC_LI_INS","AHC_LI_INS","AHC_LI_INS_ALL","AHC_LI_INS","AHC_LI_INS","Y","FIN_IMPL","2019/02/25 08:59:31.213","","Y","2019/02/25 08:59:33.137","82B253FC04DE7798E053C390DF0A5792","FIN_IMPL","All","Y","N"
"AHC_LI_INS","AHC_LI_INS","AHC Life Insurance","AHC_LI_INS","AHC_LI_INS","LI_POLICY_CLAIM","AHC_LI_INS","AHC_LI_INS","Y","FIN_IMPL","2019/02/25 08:59:26.492","Policy Claim","Y","2019/02/25 08:59:31.593","82B253FC04DE7798E053C390DF0A5792","FIN_IMPL","Policy Claim","N","N"
"AHC_LI_INS","AHC_LI_INS","AHC Life Insurance","AHC_LI_INS","AHC_LI_INS","LI_POLICY_WRITTEN","AHC_LI_INS","AHC_LI_INS","Y","FIN_IMPL","2019/02/25 08:59:26.524","Policy Written","Y","2019/02/25 08:59:31.605","82B253FC04DE7798E053C390DF0A5792","FIN_IMPL","Policy Written","N","N"
"AHC_LI_INS","AHC_LI_INS","AHC Life Insurance","AHC_LI_INS","AHC_LI_INS","LI_PREMIUM_DUE_CHARGE","AHC_LI_INS","AHC_LI_INS","Y","FIN_IMPL","2019/02/25 08:59:26.161","Premium Due Charge","Y","2019/02/25 08:59:31.515","82B253FC04DE7798E053C390DF0A5792","FIN_IMPL","Premium Due Charge","N","N"
"AHC_LI_INS","MANUAL","Manual","MANUAL","MANUAL","MANUAL_ALL","MANUAL","MANUAL","Y","FIN_IMPL","2019/02/25 08:59:33.339","","Y","2019/02/25 08:59:33.532","82B253FC04DE7798E053C390DF0A5792","FIN_IMPL","All","Y","N"
"AHC_LI_INS","MANUAL","Manual","MANUAL","MANUAL","MANUAL","MANUAL","MANUAL","Y","FIN_IMPL","2019/02/25 08:59:33.364","Special event type created for manual entry","Y","2019/02/25 08:59:33.561","82B253FC04DE7798E053C390DF0A5792","FIN_IMPL","Manual","Y","N"
"AHC_LI_INS","THIRD_PARTY_MERGE","Third Party Merge","THIRD_PARTY_MERGE","THIRD_PARTY_MERGE","THIRD_PARTY_MERGE_ALL","THIRD_PARTY_MERGE","THIRD_PARTY_MERGE","Y","FIN_IMPL","2019/02/25 08:59:33.404","","Y","2019/02/25 08:59:33.621","82B253FC04DE7798E053C390DF0A5792","FIN_IMPL","All","Y","N"
"AHC_LI_INS","THIRD_PARTY_MERGE","Third Party Merge","THIRD_PARTY_MERGE","THIRD_PARTY_MERGE","FULLL_MERGE","THIRD_PARTY_MERGE","THIRD_PARTY_MERGE","Y","FIN_IMPL","2019/02/25 08:59:33.451","Special event type created for third party entry","Y","2019/02/25 08:59:33.651","82B253FC04DE7798E053C390DF0A5792","FIN_IMPL","Full Merge","Y","N"
"AHC_LI_INS","THIRD_PARTY_MERGE","Third Party Merge","THIRD_PARTY_MERGE","THIRD_PARTY_MERGE","PARTIAL_MERGE","THIRD_PARTY_MERGE","THIRD_PARTY_MERGE","Y","FIN_IMPL","2019/02/25 08:59:33.428","Special event type created for third party entry","Y","2019/02/25 08:59:33.635","82B253FC04DE7798E053C390DF0A5792","FIN_IMPL","Partial Merge","Y","N"
"FAH_BILLING","BILLING","Billing Feeds","BILLING_SYSTEM","BILLING_SYSTEM","BILLING_SYSTEM_ALL","BILLING_SYSTEM","BILLING_SYSTEM","Y","FIN_IMPL","2013/11/19 20:28:11.287","","Y","2013/11/19 20:28:11.313","EB8D3B917000406DE0436204548C2BAF","FIN_IMPL","All","Y","N"
"FAH_BILLING","BILLING","Billing Feeds","BILLING_SYSTEM","BILLING_SYSTEM","BILLING_ADJUSTED","BILLING_SYSTEM","BILLING_SYSTEM","Y","FIN_IMPL","2013/11/19 20:29:05.089","Billing Adjusted","Y","2013/11/19 20:29:31.193","EB8D3B917001406DE0436204548C2BAF","FIN_IMPL","Billing Adjusted","Y","N"
"FAH_BILLING","BILLING","Billing Feeds","BILLING_SYSTEM","BILLING_SYSTEM","BILLING_CANCELLED","BILLING_SYSTEM","BILLING_SYSTEM","Y","FIN_IMPL","2013/11/19 20:29:39.145","Billing Cancelled","Y","2013/11/19 20:30:00.927","EB8D3B917001406DE0436204548C2BAF","FIN_IMPL","Billing Cancelled","Y","N"
"FAH_BILLING","BILLING","Billing Feeds","BILLING_SYSTEM","BILLING_SYSTEM","BILLING_CREATED","BILLING_SYSTEM","BILLING_SYSTEM","Y","FIN_IMPL","2013/11/19 20:28:15.443","Billing Created","Y","2013/11/19 20:28:57.523","EB8D3B917001406DE0436204548C2BAF","FIN_IMPL","Billing Created","Y","N"
"FAH_BILLING","BILLING","Billing Feeds","BILLING_SYSTEM","BILLING_SYSTEM","BILLING_PAID","BILLING_SYSTEM","BILLING_SYSTEM","Y","FIN_IMPL","2013/11/19 20:30:07.456","Billing Paid","Y","2013/11/19 20:30:38.176","EB8D3B917001406DE0436204548C2BAF","FIN_IMPL","Billing Paid","Y","N"
"FAH_BILLING","BILLING_2","Operational Feeds","BILLING_SYSTEM_2","BILLING_SYSTEM_2","BILLING_SYSTEM_2_ALL","BILLING_SYSTEM_2","BILLING_SYSTEM_2","Y","FIN_IMPL","2014/03/18 20:13:23.523","","Y","2014/03/18 20:13:23.68","F4E40002E04D3936E0436204548C518B","FIN_IMPL","All","Y","N"
"FAH_BILLING","BILLING_2","Operational Feeds","BILLING_SYSTEM_2","BILLING_SYSTEM_2","BILLING_ADJUSTED_2","BILLING_SYSTEM_2","BILLING_SYSTEM_2","Y","FIN_IMPL","2014/03/18 20:13:55.102","Operations Billing Adjusted","Y","2014/03/20 17:04:11.883","F50B922565230EACE0436204548C51F2","FIN_IMPL","Operations Billing Adjusted","Y","N"
"FAH_BILLING","BILLING_2","Operational Feeds","BILLING_SYSTEM_2","BILLING_SYSTEM_2","BILLING_CANCELLED_2","BILLING_SYSTEM_2","BILLING_SYSTEM_2","Y","FIN_IMPL","2014/03/18 20:14:31.408","Operations Billing Cancelled","Y","2014/03/20 17:04:33.399","F50B922565230EACE0436204548C51F2","FIN_IMPL","Operations Billing Cancelled","Y","N"
"FAH_BILLING","BILLING_2","Operational Feeds","BILLING_SYSTEM_2","BILLING_SYSTEM_2","BILLING_CREATED_2","BILLING_SYSTEM_2","BILLING_SYSTEM_2","Y","FIN_IMPL","2014/03/18 20:15:06.982","Operations Billing Created","Y","2014/03/20 17:04:53.277","F50B922565230EACE0436204548C51F2","FIN_IMPL","Operations Billing Created","Y","N"
"FAH_BILLING","BILLING_2","Operational Feeds","BILLING_SYSTEM_2","BILLING_SYSTEM_2","BILLING_PAID_2","BILLING_SYSTEM_2","BILLING_SYSTEM_2","Y","FIN_IMPL","2014/03/18 20:15:40.93","Operations Billing Paid","Y","2014/03/20 17:05:17.191","F50B922565230EACE0436204548C51F2","FIN_IMPL","Operations Billing Paid","Y","N"
"FAH_BILLING","EXPENSE_TRANSACTIONS","Travel Expense Feeds","EXPENSE_TRANSACTIONS","EXPENSE_TRANSACTIONS","AIRLINE_TRANSACTIONS","EXPENSE_TRANSACTIONS","EXPENSE_TRANSACTIONS","Y","FIN_IMPL","2014/03/20 17:08:54.049","Airfare Transactions","Y","2014/03/20 17:09:39.924","F50B922565230EACE0436204548C51F2","FIN_IMPL","Airfare Transactions","Y","N"
"FAH_BILLING","EXPENSE_TRANSACTIONS","Travel Expense Feeds","EXPENSE_TRANSACTIONS","EXPENSE_TRANSACTIONS","AIRLINE_CANCELLATION","EXPENSE_TRANSACTIONS","EXPENSE_TRANSACTIONS","Y","FIN_IMPL","2014/03/20 17:07:53.88","Refund from Airfare Cancellation","Y","2014/03/20 17:08:44.586","F50B922565230EACE0436204548C51F2","FIN_IMPL","Airline Cancellation","Y","N"
"FAH_BILLING","EXPENSE_TRANSACTIONS","Travel Expense Feeds","EXPENSE_TRANSACTIONS","EXPENSE_TRANSACTIONS","EXPENSE_TRANSACTIONS_ALL","EXPENSE_TRANSACTIONS","EXPENSE_TRANSACTIONS","Y","FIN_IMPL","2014/03/20 17:07:46.036","","Y","2014/03/20 17:07:46.103","F50B922565230EACE0436204548C51F2","FIN_IMPL","All","Y","N"
"FAH_BILLING","EXPENSE_TRANSACTIONS","Travel Expense Feeds","EXPENSE_TRANSACTIONS","EXPENSE_TRANSACTIONS","CAR_RENTAL_TXNS","EXPENSE_TRANSACTIONS","EXPENSE_TRANSACTIONS","Y","FIN_IMPL","2014/03/20 17:09:51.416","Car Rental Transactions","Y","2014/03/20 17:10:23.001","F50B922565230EACE0436204548C51F2","FIN_IMPL","Car Rental Transactions","Y","N"
"FAH_BILLING","EXPENSE_TRANSACTIONS","Travel Expense Feeds","EXPENSE_TRANSACTIONS","EXPENSE_TRANSACTIONS","LODGING","EXPENSE_TRANSACTIONS","EXPENSE_TRANSACTIONS","Y","FIN_IMPL","2014/03/20 17:10:35.553","Lodging/Hotel Transactions","Y","2014/03/20 17:10:52.767","F50B922565230EACE0436204548C51F2","FIN_IMPL","Lodging Transactions","Y","N"
"FAH_BILLING","MANUAL","Manual","MANUAL","MANUAL","MANUAL_ALL","MANUAL","MANUAL","Y","FIN_IMPL","2013/11/19 20:21:57.971","","Y","2013/11/19 20:21:58.127","EB8B665D2AB0086AE0436204548C5C62","FIN_IMPL","All","Y","N"
"FAH_BILLING","MANUAL","Manual","MANUAL","MANUAL","MANUAL","MANUAL","MANUAL","Y","FIN_IMPL","2013/11/19 20:21:58.027","Special event type created for manual entry","Y","2013/11/19 20:21:58.132","EB8B665D2AB0086AE0436204548C5C62","FIN_IMPL","Manual","Y","N"
"FAH_BILLING","OU_BILLING","OU Billing Feeds","OU_BILLING","OU_BILLING","00EVENT_TYPE","OU_BILLING","OU_BILLING","Y","FIN_IMPL","2014/08/03 02:20:36.0","00Event Type","Y","2014/08/03 02:21:30.426","FFB10C34A7C64FA2E0436204548CC6D6","FIN_IMPL","00Event Type","Y","N"
"FAH_BILLING","OU_BILLING","OU Billing Feeds","OU_BILLING","OU_BILLING","01EVENT_TYPE","OU_BILLING","OU_BILLING","Y","FIN_IMPL","2014/08/03 02:21:36.321","01Event Type","Y","2014/08/03 02:22:04.846","FFB10C34A7C64FA2E0436204548CC6D6","FIN_IMPL","01Event Type","Y","N"
"FAH_BILLING","OU_BILLING","OU Billing Feeds","OU_BILLING","OU_BILLING","02EVENT_TYPE","OU_BILLING","OU_BILLING","Y","FIN_IMPL","2014/08/03 02:22:11.975","02Event Type","Y","2014/08/03 02:22:29.406","FFB10C34A7C64FA2E0436204548CC6D6","FIN_IMPL","02Event Type","Y","N"
"FAH_BILLING","OU_BILLING","OU Billing Feeds","OU_BILLING","OU_BILLING","03EVENT_TYPE","OU_BILLING","OU_BILLING","Y","FIN_IMPL","2014/08/03 02:22:34.593","03Event Type","Y","2014/08/03 02:22:57.279","FFB10C34A7C64FA2E0436204548CC6D6","FIN_IMPL","03Event Type","Y","N"
"FAH_BILLING","OU_BILLING","OU Billing Feeds","OU_BILLING","OU_BILLING","04EVENT_TYPE","OU_BILLING","OU_BILLING","Y","FIN_IMPL","2014/08/03 02:23:05.421","04Event Type","Y","2014/08/03 02:23:31.917","FFB10C34A7C64FA2E0436204548CC6D6","FIN_IMPL","04Event Type","Y","N"
"FAH_BILLING","OU_BILLING","OU Billing Feeds","OU_BILLING","OU_BILLING","05EVENT_TYPE","OU_BILLING","OU_BILLING","Y","FIN_IMPL","2014/08/03 02:23:37.87","05Event Type","Y","2014/08/03 02:24:01.227","FFB10C34A7C64FA2E0436204548CC6D6","FIN_IMPL","05Event Type","Y","N"
"FAH_BILLING","OU_BILLING","OU Billing Feeds","OU_BILLING","OU_BILLING","06EVENT_TYPE","OU_BILLING","OU_BILLING","Y","FIN_IMPL","2014/08/03 02:24:07.624","06Event Type","Y","2014/08/03 02:24:24.978","FFB10C34A7C64FA2E0436204548CC6D6","FIN_IMPL","06Event Type","Y","N"
"FAH_BILLING","OU_BILLING","OU Billing Feeds","OU_BILLING","OU_BILLING","07EVENT_TYPE","OU_BILLING","OU_BILLING","Y","FIN_IMPL","2014/08/03 02:24:31.226","07Event Type","Y","2014/08/03 02:24:57.725","FFB10C34A7C64FA2E0436204548CC6D6","FIN_IMPL","07Event Type","Y","N"
"FAH_BILLING","OU_BILLING","OU Billing Feeds","OU_BILLING","OU_BILLING","08EVENT_TYPE","OU_BILLING","OU_BILLING","Y","FIN_IMPL","2014/08/03 02:25:03.519","08Event Type","Y","2014/08/03 02:25:29.046","FFB10C34A7C64FA2E0436204548CC6D6","FIN_IMPL","08Event Type","Y","N"
"FAH_BILLING","OU_BILLING","OU Billing Feeds","OU_BILLING","OU_BILLING","09EVENT_TYPE","OU_BILLING","OU_BILLING","Y","FIN_IMPL","2014/08/03 02:25:35.334","09Event Type","Y","2014/08/03 02:26:00.663","FFB10C34A7C64FA2E0436204548CC6D6","FIN_IMPL","09Event Type","Y","N"
"FAH_BILLING","OU_BILLING","OU Billing Feeds","OU_BILLING","OU_BILLING","10EVENT_TYPE","OU_BILLING","OU_BILLING","Y","FIN_IMPL","2014/08/03 02:26:08.51","10Event Type","Y","2014/08/03 02:26:26.273","FFB10C34A7C64FA2E0436204548CC6D6","FIN_IMPL","10Event Type","Y","N"
"FAH_BILLING","OU_BILLING","OU Billing Feeds","OU_BILLING","OU_BILLING","11EVENT_TYPE","OU_BILLING","OU_BILLING","Y","FIN_IMPL","2014/08/03 02:26:32.652","11Event Type","Y","2014/08/03 02:26:50.145","FFB10C34A7C64FA2E0436204548CC6D6","FIN_IMPL","11Event Type","Y","N"
"FAH_BILLING","OU_BILLING","OU Billing Feeds","OU_BILLING","OU_BILLING","12EVENT_TYPE","OU_BILLING","OU_BILLING","Y","FIN_IMPL","2014/08/03 02:26:54.733","12Event Type","Y","2014/08/03 02:27:13.149","FFB10C34A7C64FA2E0436204548CC6D6","FIN_IMPL","12Event Type","Y","N"
"FAH_BILLING","OU_BILLING","OU Billing Feeds","OU_BILLING","OU_BILLING","13EVENT_TYPE","OU_BILLING","OU_BILLING","Y","FIN_IMPL","2014/08/03 02:27:18.198","13Event Type","Y","2014/08/03 02:27:35.813","FFB10C34A7C64FA2E0436204548CC6D6","FIN_IMPL","13Event Type","Y","N"
"FAH_BILLING","OU_BILLING","OU Billing Feeds","OU_BILLING","OU_BILLING","14EVENT_TYPE","OU_BILLING","OU_BILLING","Y","FIN_IMPL","2014/08/03 02:27:42.474","14Event Type","Y","2014/08/03 02:28:00.359","FFB10C34A7C64FA2E0436204548CC6D6","FIN_IMPL","14Event Type","Y","N"
"FAH_BILLING","OU_BILLING","OU Billing Feeds","OU_BILLING","OU_BILLING","15EVENT_TYPE","OU_BILLING","OU_BILLING","Y","FIN_IMPL","2014/08/03 02:28:07.885","15Event Type","Y","2014/08/03 02:28:24.453","FFB10C34A7C64FA2E0436204548CC6D6","FIN_IMPL","15Event Type","Y","N"
"FAH_BILLING","OU_BILLING","OU Billing Feeds","OU_BILLING","OU_BILLING","16EVENT_TYPE","OU_BILLING","OU_BILLING","Y","FIN_IMPL","2014/08/03 02:28:29.946","16Event Type","Y","2014/08/03 02:28:51.86","FFB10C34A7C64FA2E0436204548CC6D6","FIN_IMPL","16Event Type","Y","N"
"FAH_BILLING","OU_BILLING","OU Billing Feeds","OU_BILLING","OU_BILLING","17EVENT_TYPE","OU_BILLING","OU_BILLING","Y","FIN_IMPL","2014/08/03 02:28:56.857","17Event Type","Y","2014/08/03 02:29:12.79","FFB10C34A7C64FA2E0436204548CC6D6","FIN_IMPL","17Event Type","Y","N"
"FAH_BILLING","OU_BILLING","OU Billing Feeds","OU_BILLING","OU_BILLING","18EVENT_TYPE","OU_BILLING","OU_BILLING","Y","FIN_IMPL","2014/08/03 02:29:19.8","18Event Type","Y","2014/08/03 02:29:35.674","FFB10C34A7C64FA2E0436204548CC6D6","FIN_IMPL","18Event Type","Y","N"
"FAH_BILLING","OU_BILLING","OU Billing Feeds","OU_BILLING","OU_BILLING","19EVENT_TYPE","OU_BILLING","OU_BILLING","Y","FIN_IMPL","2014/08/03 02:29:42.893","19Event Type","Y","2014/08/03 02:29:59.722","FFB10C34A7C64FA2E0436204548CC6D6","FIN_IMPL","19Event Type","Y","N"
"FAH_BILLING","OU_BILLING","OU Billing Feeds","OU_BILLING","OU_BILLING","20EVENT_TYPE","OU_BILLING","OU_BILLING","Y","FIN_IMPL","2014/08/03 02:30:06.753","20Event Type","Y","2014/08/03 02:30:31.941","FFB10C34A7C64FA2E0436204548CC6D6","FIN_IMPL","20Event Type","Y","N"
"FAH_BILLING","OU_BILLING","OU Billing Feeds","OU_BILLING","OU_BILLING","21EVENT_TYPE","OU_BILLING","OU_BILLING","Y","FIN_IMPL","2014/08/03 02:30:38.493","21Event Type","Y","2014/08/03 02:31:00.638","FFB10C34A7C64FA2E0436204548CC6D6","FIN_IMPL","21Event Type","Y","N"
"FAH_BILLING","OU_BILLING","OU Billing Feeds","OU_BILLING","OU_BILLING","22EVENT_TYPE","OU_BILLING","OU_BILLING","Y","FIN_IMPL","2014/08/03 02:31:05.838","22Event Type","Y","2014/08/03 02:31:21.19","FFB10C34A7C64FA2E0436204548CC6D6","FIN_IMPL","22Event Type","Y","N"
"FAH_BILLING","OU_BILLING","OU Billing Feeds","OU_BILLING","OU_BILLING","23EVENT_TYPE","OU_BILLING","OU_BILLING","Y","FIN_IMPL","2014/08/03 02:31:30.085","23Event Type","Y","2014/08/03 02:31:51.606","FFB10C34A7C64FA2E0436204548CC6D6","FIN_IMPL","23Event Type","Y","N"
"FAH_BILLING","OU_BILLING","OU Billing Feeds","OU_BILLING","OU_BILLING","24EVENT_TYPE","OU_BILLING","OU_BILLING","Y","FIN_IMPL","2014/08/03 02:31:59.525","24Event Type","Y","2014/08/03 02:32:14.979","FFB10C34A7C64FA2E0436204548CC6D6","FIN_IMPL","24Event Type","Y","N"
"FAH_BILLING","OU_BILLING","OU Billing Feeds","OU_BILLING","OU_BILLING","25EVENT_TYPE","OU_BILLING","OU_BILLING","Y","FIN_IMPL","2014/08/03 02:32:20.702","25Event Type","Y","2014/08/03 02:32:41.007","FFB10C34A7C64FA2E0436204548CC6D6","FIN_IMPL","25Event Type","Y","N"
"FAH_BILLING","OU_BILLING","OU Billing Feeds","OU_BILLING","OU_BILLING","26EVENT_TYPE","OU_BILLING","OU_BILLING","Y","FIN_IMPL","2014/08/03 02:32:46.898","26Event Type","Y","2014/08/03 02:33:04.332","FFB10C34A7C64FA2E0436204548CC6D6","FIN_IMPL","26Event Type","Y","N"
"FAH_BILLING","OU_BILLING","OU Billing Feeds","OU_BILLING","OU_BILLING","27EVENT_TYPE","OU_BILLING","OU_BILLING","Y","FIN_IMPL","2014/08/03 02:33:11.368","27Event Type","Y","2014/08/03 02:33:33.175","FFB10C34A7C64FA2E0436204548CC6D6","FIN_IMPL","27Event Type","Y","N"
"FAH_BILLING","OU_BILLING","OU Billing Feeds","OU_BILLING","OU_BILLING","28EVENT_TYPE","OU_BILLING","OU_BILLING","Y","FIN_IMPL","2014/08/03 02:33:40.025","28Event Type","Y","2014/08/03 02:34:02.174","FFB10C34A7C64FA2E0436204548CC6D6","FIN_IMPL","28Event Type","Y","N"
"FAH_BILLING","OU_BILLING","OU Billing Feeds","OU_BILLING","OU_BILLING","29EVENT_TYPE","OU_BILLING","OU_BILLING","Y","FIN_IMPL","2014/08/03 02:34:09.921","29Event Type","Y","2014/08/03 02:34:37.292","FFB10C34A7C64FA2E0436204548CC6D6","FIN_IMPL","29Event Type","Y","N"
"FAH_BILLING","OU_BILLING","OU Billing Feeds","OU_BILLING","OU_BILLING","30EVENT_TYPE","OU_BILLING","OU_BILLING","Y","FIN_IMPL","2014/08/03 02:34:45.072","30Event Type","Y","2014/08/03 02:35:06.449","FFB10C34A7C64FA2E0436204548CC6D6","FIN_IMPL","30Event Type","Y","N"
"FAH_BILLING","OU_BILLING","OU Billing Feeds","OU_BILLING","OU_BILLING","99EVENT_TYPE","OU_BILLING","OU_BILLING","Y","FIN_IMPL","2014/08/03 02:35:11.742","99Event Type","Y","2014/08/03 02:35:27.459","FFB10C34A7C64FA2E0436204548CC6D6","FIN_IMPL","99Event Type","Y","N"
"FAH_BILLING","OU_BILLING","OU Billing Feeds","OU_BILLING","OU_BILLING","OU_BILLING_ALL","OU_BILLING","OU_BILLING","Y","FIN_IMPL","2014/08/01 19:03:52.158","","Y","2014/08/01 19:03:52.244","FF960EFE6D9F77EDE0436204548C896A","FIN_IMPL","All","Y","N"
"FAH_BILLING","THIRD_PARTY_MERGE","Third Party Merge","THIRD_PARTY_MERGE","THIRD_PARTY_MERGE","THIRD_PARTY_MERGE_ALL","THIRD_PARTY_MERGE","THIRD_PARTY_MERGE","Y","FIN_IMPL","2013/11/19 20:21:58.062","","Y","2013/11/19 20:21:58.139","EB8B665D2AB0086AE0436204548C5C62","FIN_IMPL","All","Y","N"
"FAH_BILLING","THIRD_PARTY_MERGE","Third Party Merge","THIRD_PARTY_MERGE","THIRD_PARTY_MERGE","FULLL_MERGE","THIRD_PARTY_MERGE","THIRD_PARTY_MERGE","Y","FIN_IMPL","2013/11/19 20:21:58.093","Special event type created for third party entry","Y","2013/11/19 20:21:58.148","EB8B665D2AB0086AE0436204548C5C62","FIN_IMPL","Full Merge","Y","N"
"FAH_BILLING","THIRD_PARTY_MERGE","Third Party Merge","THIRD_PARTY_MERGE","THIRD_PARTY_MERGE","PARTIAL_MERGE","THIRD_PARTY_MERGE","THIRD_PARTY_MERGE","Y","FIN_IMPL","2013/11/19 20:21:58.076","Special event type created for third party entry","Y","2013/11/19 20:21:58.141","EB8B665D2AB0086AE0436204548C5C62","FIN_IMPL","Partial Merge","Y","N"
"FAH_INSURANCE","COMMERCIAL_INS","Commercial Insurance","COMM_P_AND_C","COMM_P_AND_C","COMM_P_AND_C_ALL","COMM_P_AND_C","COMM_P_AND_C","Y","FIN_IMPL","2014/01/22 23:24:39.134","","Y","2014/01/22 23:24:39.156","F0985B60B92621CBE0436204548CAFCD","FIN_IMPL","All","Y","N"
"FAH_INSURANCE","COMMERCIAL_INS","Commercial Insurance","COMM_P_AND_C","COMM_P_AND_C","COMM_COMM","COMM_P_AND_C","COMM_P_AND_C","Y","FIN_IMPL","2014/02/05 18:36:24.35","Commercial Property and Casualty Commission","Y","2014/02/05 18:36:45.906","F1AC295D2BE049D6E0436204548CABAA","FIN_IMPL","Commercial Commission","Y","N"
"FAH_INSURANCE","COMMERCIAL_INS","Commercial Insurance","COMM_P_AND_C","COMM_P_AND_C","COMM_PAID_LOSS","COMM_P_AND_C","COMM_P_AND_C","Y","FIN_IMPL","2014/02/05 18:37:28.574","Commercial Property and Casualty Paid Loss","Y","2014/02/05 18:37:42.577","F1AC295D2BE049D6E0436204548CABAA","FIN_IMPL","Commercial Paid Loss","Y","N"
"FAH_INSURANCE","COMMERCIAL_INS","Commercial Insurance","COMM_P_AND_C","COMM_P_AND_C","COMM_PREMIUM","COMM_P_AND_C","COMM_P_AND_C","Y","FIN_IMPL","2014/02/05 18:38:15.674","Commercial Property and Casualty Premium","Y","2014/02/05 18:38:33.136","F1AC295D2BE049D6E0436204548CABAA","FIN_IMPL","Commercial Premium","Y","N"
"FAH_INSURANCE","COMMERCIAL_INS","Commercial Insurance","COMM_P_AND_C","COMM_P_AND_C","COMM_PAYMENT","COMM_P_AND_C","COMM_P_AND_C","Y","FIN_IMPL","2014/02/05 18:37:52.616","Commercial Property and Casualty Premium Payment","Y","2014/02/05 18:38:06.162","F1AC295D2BE049D6E0436204548CABAA","FIN_IMPL","Commercial Premium Payment","Y","N"
"FAH_INSURANCE","COMMERCIAL_INS","Commercial Insurance","COMM_P_AND_C","COMM_P_AND_C","COMM_LOSS","COMM_P_AND_C","COMM_P_AND_C","Y","FIN_IMPL","2014/02/05 18:36:55.197","Commercial Property and Casualty Unpaid Loss","Y","2014/02/05 18:37:14.963","F1AC295D2BE049D6E0436204548CABAA","FIN_IMPL","Commercial Unpaid Loss","Y","N"
"FAH_INSURANCE","COMMERCIAL_INS","Commercial Insurance","FLEET_INS","FLEET_INS","FLEET_INS_ALL","FLEET_INS","FLEET_INS","Y","FIN_IMPL","2014/01/22 23:23:22.29","","Y","2014/01/22 23:23:22.327","F097910E7D5B0CA0E0436204548CFC56","FIN_IMPL","All","Y","N"
"FAH_INSURANCE","HEALTH_INS","Health Insurance","DENTAL","DENTAL","DENTAL_ALL","DENTAL","DENTAL","Y","FIN_IMPL","2014/01/22 23:39:26.18","","Y","2014/01/22 23:39:26.207","F097910E7D5E0CA0E0436204548CFC56","FIN_IMPL","All","Y","N"
"FAH_INSURANCE","HEALTH_INS","Health Insurance","GROUP_HEALTH_INS","GROUP_HEALTH_INS","GROUP_HEALTH_INS_ALL","GROUP_HEALTH_INS","GROUP_HEALTH_INS","Y","FIN_IMPL","2014/01/22 23:28:05.647","","Y","2014/01/22 23:28:05.672","F097910E7D5C0CA0E0436204548CFC56","FIN_IMPL","All","Y","N"
"FAH_INSURANCE","HEALTH_INS","Health Insurance","INDIVIDUAL_HEALTH_INS","INDIVIDUAL_HEALTH_INS","INDIVIDUAL_HEALTH_INS_ALL","INDIVIDUAL_HEALTH_INS","INDIVIDUAL_HEALTH_INS","Y","FIN_IMPL","2014/01/22 23:31:54.459","","Y","2014/01/22 23:31:54.484","F0979A5838210B2AE0436204548C06BF","FIN_IMPL","All","Y","N"
"FAH_INSURANCE","HEALTH_INS","Health Insurance","LONG_TERM_CARE","LONG_TERM_CARE","LONG_TERM_CARE_ALL","LONG_TERM_CARE","LONG_TERM_CARE","Y","FIN_IMPL","2014/01/22 23:37:10.829","","Y","2014/01/22 23:37:10.861","F097910E7D5D0CA0E0436204548CFC56","FIN_IMPL","All","Y","N"
"FAH_INSURANCE","HEALTH_INS","Health Insurance","PHARMACY","PHARMACY","PHARMACY_ALL","PHARMACY","PHARMACY","Y","FIN_IMPL","2014/01/22 23:35:20.703","","Y","2014/01/22 23:35:20.73","F0979A5838220B2AE0436204548C06BF","FIN_IMPL","All","Y","N"
"FAH_INSURANCE","HEALTH_INS","Health Insurance","VISION_INS","VISION_INS","VISION_INS_ALL","VISION_INS","VISION_INS","Y","FIN_IMPL","2014/01/22 23:33:50.802","","Y","2014/01/22 23:33:50.828","F0985B60B92721CBE0436204548CAFCD","FIN_IMPL","All","Y","N"
"FAH_INSURANCE","LIFE_INS","Life Insurance","DISABILITY","DISABILITY","DISABILITY_ALL","DISABILITY","DISABILITY","Y","FIN_IMPL","2014/01/22 23:40:45.845","","Y","2014/01/22 23:40:45.869","F098A4399B3122FDE0436204548C4C4F","FIN_IMPL","All","Y","N"
"FAH_INSURANCE","LIFE_INS","Life Insurance","TERM_LIFE","TERM_LIFE","TERM_LIFE_ALL","TERM_LIFE","TERM_LIFE","Y","FIN_IMPL","2014/01/22 23:42:14.949","","Y","2014/01/22 23:42:14.979","F0964FF4816D1FEBE0436204548CB956","FIN_IMPL","All","Y","N"
"FAH_INSURANCE","LIFE_INS","Life Insurance","WHOLE_LIFE","WHOLE_LIFE","WHOLE_LIFE_ALL","WHOLE_LIFE","WHOLE_LIFE","Y","FIN_IMPL","2014/01/22 23:44:01.355","","Y","2014/01/22 23:44:01.383","F097910E7D5F0CA0E0436204548CFC56","FIN_IMPL","All","Y","N"
"FAH_INSURANCE","MANUAL","Manual","MANUAL","MANUAL","MANUAL_ALL","MANUAL","MANUAL","Y","FIN_IMPL","2014/01/22 23:18:07.909","","Y","2014/01/22 23:18:08.168","F0964FF4816B1FEBE0436204548CB956","FIN_IMPL","All","Y","N"
"FAH_INSURANCE","MANUAL","Manual","MANUAL","MANUAL","MANUAL","MANUAL","MANUAL","Y","FIN_IMPL","2014/01/22 23:18:08.047","Special event type created for manual entry","Y","2014/01/22 23:18:08.177","F0964FF4816B1FEBE0436204548CB956","FIN_IMPL","Manual","Y","N"
"FAH_INSURANCE","PROPERTY_CASUALTY_INS","Property and Casualty Insurance","ATV","ATV","ATV_ALL","ATV","ATV","Y","FIN_IMPL","2014/01/22 23:50:19.539","","Y","2014/01/22 23:50:19.608","F0964FF4816E1FEBE0436204548CB956","FIN_IMPL","All","Y","N"
"FAH_INSURANCE","PROPERTY_CASUALTY_INS","Property and Casualty Insurance","BOAT","BOAT","BOAT_ALL","BOAT","BOAT","Y","FIN_IMPL","2014/01/22 23:56:08.205","","Y","2014/01/22 23:56:08.331","F0964FF481701FEBE0436204548CB956","FIN_IMPL","All","Y","N"
"FAH_INSURANCE","PROPERTY_CASUALTY_INS","Property and Casualty Insurance","HOMEOWNERS","HOMEOWNERS","HOMEOWNERS_ALL","HOMEOWNERS","HOMEOWNERS","Y","FIN_IMPL","2014/01/22 23:47:36.13","","Y","2014/01/22 23:47:36.16","F09878ABBE2D76A1E0436204548C2BB4","FIN_IMPL","All","Y","N"
"FAH_INSURANCE","PROPERTY_CASUALTY_INS","Property and Casualty Insurance","MOTORCYCLE","MOTORCYCLE","MOTORCYCLE_ALL","MOTORCYCLE","MOTORCYCLE","Y","FIN_IMPL","2014/01/22 23:54:50.583","","Y","2014/01/22 23:54:50.617","F097910E7D600CA0E0436204548CFC56","FIN_IMPL","All","Y","N"
"FAH_INSURANCE","PROPERTY_CASUALTY_INS","Property and Casualty Insurance","MOTORHOME","MOTORHOME","MOTORHOME_ALL","MOTORHOME","MOTORHOME","Y","FIN_IMPL","2014/01/22 23:57:34.296","","Y","2014/01/22 23:57:34.331","F098A4399B3222FDE0436204548C4C4F","FIN_IMPL","All","Y","N"
"FAH_INSURANCE","PROPERTY_CASUALTY_INS","Property and Casualty Insurance","PERSONAL_AUTO_INSURANCE","PERSONAL_AUTO_INSURANCE","PERSONAL_AUTO_INSURANCE_ALL","PERSONAL_AUTO_INSURANCE","PERSONAL_AUTO_INSURANCE","Y","FIN_IMPL","2014/01/23 00:00:08.089","","Y","2014/01/23 00:00:08.127","F0964FF481711FEBE0436204548CB956","FIN_IMPL","All","Y","N"
"FAH_INSURANCE","PROPERTY_CASUALTY_INS","Property and Casualty Insurance","PERSONAL_AUTO_INSURANCE","PERSONAL_AUTO_INSURANCE","AUTOCLAIMPYMT","PERSONAL_AUTO_INSURANCE","PERSONAL_AUTO_INSURANCE","Y","FIN_IMPL","2014/01/23 00:10:20.617","Auto Claim Payment","Y","2014/01/23 00:10:34.222","F098A4399B3522FDE0436204548C4C4F","FIN_IMPL","Auto Claim Payment","Y","N"
"FAH_INSURANCE","PROPERTY_CASUALTY_INS","Property and Casualty Insurance","PERSONAL_AUTO_INSURANCE","PERSONAL_AUTO_INSURANCE","AUTOCLAIM","PERSONAL_AUTO_INSURANCE","PERSONAL_AUTO_INSURANCE","Y","FIN_IMPL","2014/01/23 00:10:44.138","Auto Claim Reported","Y","2014/01/23 00:10:57.323","F098A4399B3622FDE0436204548C4C4F","FIN_IMPL","Auto Claim Reported","Y","N"
"FAH_INSURANCE","PROPERTY_CASUALTY_INS","Property and Casualty Insurance","PERSONAL_AUTO_INSURANCE","PERSONAL_AUTO_INSURANCE","AUTOCOMMISSIONS","PERSONAL_AUTO_INSURANCE","PERSONAL_AUTO_INSURANCE","Y","FIN_IMPL","2014/01/23 00:09:59.363","Auto Commissions Paid","Y","2014/01/23 00:10:13.611","F0964FF481741FEBE0436204548CB956","FIN_IMPL","Auto Commissions Paid","Y","N"
"FAH_INSURANCE","PROPERTY_CASUALTY_INS","Property and Casualty Insurance","PERSONAL_AUTO_INSURANCE","PERSONAL_AUTO_INSURANCE","AUTOCANCEL","PERSONAL_AUTO_INSURANCE","PERSONAL_AUTO_INSURANCE","Y","FIN_IMPL","2014/01/23 00:11:08.314","Auto Policy Cancel","Y","2014/01/23 00:11:25.256","F098A4399B3722FDE0436204548C4C4F","FIN_IMPL","Auto Policy Cancel","Y","N"
"FAH_INSURANCE","PROPERTY_CASUALTY_INS","Property and Casualty Insurance","PERSONAL_AUTO_INSURANCE","PERSONAL_AUTO_INSURANCE","AUTOPOLICY","PERSONAL_AUTO_INSURANCE","PERSONAL_AUTO_INSURANCE","Y","FIN_IMPL","2014/01/23 00:09:32.55","Auto Policy Issue","Y","2014/01/23 00:09:43.863","F0964FF481731FEBE0436204548CB956","FIN_IMPL","Auto Policy Issue","Y","N"
"FAH_INSURANCE","PROPERTY_CASUALTY_INS","Property and Casualty Insurance","PERSONAL_AUTO_INSURANCE","PERSONAL_AUTO_INSURANCE","AUTOPREMIUM","PERSONAL_AUTO_INSURANCE","PERSONAL_AUTO_INSURANCE","Y","FIN_IMPL","2014/01/23 00:08:55.675","Auto Premium Payment","Y","2014/01/23 00:09:12.678","F098A4399B3422FDE0436204548C4C4F","FIN_IMPL","Auto Premium Payment","Y","N"
"FAH_INSURANCE","PROPERTY_CASUALTY_INS","Property and Casualty Insurance","RENTERS","RENTERS","RENTERS_ALL","RENTERS","RENTERS","Y","FIN_IMPL","2014/01/22 23:45:44.197","","Y","2014/01/22 23:45:44.227","F0979A5838240B2AE0436204548C06BF","FIN_IMPL","All","Y","N"
"FAH_INSURANCE","PROPERTY_CASUALTY_INS","Property and Casualty Insurance","SNOWMOBILE","SNOWMOBILE","SNOWMOBILE_ALL","SNOWMOBILE","SNOWMOBILE","Y","FIN_IMPL","2014/01/22 23:58:54.534","","Y","2014/01/22 23:58:54.572","F097910E7D610CA0E0436204548CFC56","FIN_IMPL","All","Y","N"
"FAH_INSURANCE","PROPERTY_CASUALTY_INS","Property and Casualty Insurance","UMBRELLA","UMBRELLA","UMBRELLA_ALL","UMBRELLA","UMBRELLA","Y","FIN_IMPL","2014/01/22 23:53:29.426","","Y","2014/01/22 23:53:29.457","F0964FF4816F1FEBE0436204548CB956","FIN_IMPL","All","Y","N"
"FAH_INSURANCE","RETIREMENT_SAVINGS","Retirement and Savings","COLLEGE_SAVINGS","COLLEGE_SAVINGS","COLLEGE_SAVINGS_ALL","COLLEGE_SAVINGS","COLLEGE_SAVINGS","Y","FIN_IMPL","2014/01/23 00:07:59.1","","Y","2014/01/23 00:07:59.137","F0964FF481721FEBE0436204548CB956","FIN_IMPL","All","Y","N"
"FAH_INSURANCE","RETIREMENT_SAVINGS","Retirement and Savings","FIXED_ANNUITY","FIXED_ANNUITY","FIXED_ANNUITY_ALL","FIXED_ANNUITY","FIXED_ANNUITY","Y","FIN_IMPL","2014/01/23 00:06:24.733","","Y","2014/01/23 00:06:24.769","F097910E7D630CA0E0436204548CFC56","FIN_IMPL","All","Y","N"
"FAH_INSURANCE","RETIREMENT_SAVINGS","Retirement and Savings","IRA","IRA","IRA_ALL","IRA","IRA","Y","FIN_IMPL","2014/01/23 00:04:59.594","","Y","2014/01/23 00:04:59.629","F098A4399B3322FDE0436204548C4C4F","FIN_IMPL","All","Y","N"
"FAH_INSURANCE","RETIREMENT_SAVINGS","Retirement and Savings","VARIABLE_ANNUITY","VARIABLE_ANNUITY","VARIABLE_ANNUITY_ALL","VARIABLE_ANNUITY","VARIABLE_ANNUITY","Y","FIN_IMPL","2014/01/23 00:03:36.744","","Y","2014/01/23 00:03:36.785","F097910E7D620CA0E0436204548CFC56","FIN_IMPL","All","Y","N"
"FAH_INSURANCE","THIRD_PARTY_MERGE","Third Party Merge","THIRD_PARTY_MERGE","THIRD_PARTY_MERGE","THIRD_PARTY_MERGE_ALL","THIRD_PARTY_MERGE","THIRD_PARTY_MERGE","Y","FIN_IMPL","2014/01/22 23:18:08.091","","Y","2014/01/22 23:18:08.188","F0964FF4816B1FEBE0436204548CB956","FIN_IMPL","All","Y","N"
"FAH_INSURANCE","THIRD_PARTY_MERGE","Third Party Merge","THIRD_PARTY_MERGE","THIRD_PARTY_MERGE","FULLL_MERGE","THIRD_PARTY_MERGE","THIRD_PARTY_MERGE","Y","FIN_IMPL","2014/01/22 23:18:08.125","Special event type created for third party entry","Y","2014/01/22 23:18:08.195","F0964FF4816B1FEBE0436204548CB956","FIN_IMPL","Full Merge","Y","N"
"FAH_INSURANCE","THIRD_PARTY_MERGE","Third Party Merge","THIRD_PARTY_MERGE","THIRD_PARTY_MERGE","PARTIAL_MERGE","THIRD_PARTY_MERGE","THIRD_PARTY_MERGE","Y","FIN_IMPL","2014/01/22 23:18:08.106","Special event type created for third party entry","Y","2014/01/22 23:18:08.193","F0964FF4816B1FEBE0436204548CB956","FIN_IMPL","Partial Merge","Y","N"
"AHC_LOAN","AHC_LOAN","AHC Loan","AHC_LOAN","AHC_LOAN","AHC_LOAN_ALL","AHC_LOAN","AHC_LOAN","Y","FIN_IMPL","2017/10/31 18:11:26.352","","Y","2017/10/31 18:11:27.975","5CDCAADD39354F8CE0538DADFD0A1CB9","FIN_IMPL","All","Y","N"
"AHC_LOAN","AHC_LOAN","AHC Loan","AHC_LOAN","AHC_LOAN","INTEREST_ACCRUAL","AHC_LOAN","AHC_LOAN","Y","FIN_IMPL","2017/10/31 18:11:23.667","Interest Accrual","Y","2017/10/31 18:11:26.596","5CDCAADD39354F8CE0538DADFD0A1CB9","FIN_IMPL","Interest Accrual","N","N"
"AHC_LOAN","AHC_LOAN","AHC Loan","AHC_LOAN","AHC_LOAN","LOAN_ORIGINATION","AHC_LOAN","AHC_LOAN","Y","FIN_IMPL","2017/10/31 18:11:23.789","Loan Origination","Y","2017/10/31 18:11:26.623","5CDCAADD39354F8CE0538DADFD0A1CB9","FIN_IMPL","Loan Origination","N","N"
"AHC_LOAN","AHC_LOAN","AHC Loan","AHC_LOAN","AHC_LOAN","PAYMENT","AHC_LOAN","AHC_LOAN","Y","FIN_IMPL","2017/10/31 18:11:23.459","Payment","Y","2017/10/31 18:11:26.461","5CDCAADD39354F8CE0538DADFD0A1CB9","FIN_IMPL","Payment","N","N"
"AHC_LOAN","MANUAL","Manual","MANUAL","MANUAL","MANUAL_ALL","MANUAL","MANUAL","Y","FIN_IMPL","2017/10/31 18:11:28.156","","Y","2017/10/31 18:11:28.432","5CDCAADD39354F8CE0538DADFD0A1CB9","FIN_IMPL","All","Y","N"
"AHC_LOAN","MANUAL","Manual","MANUAL","MANUAL","MANUAL","MANUAL","MANUAL","Y","FIN_IMPL","2017/10/31 18:11:28.192","Special event type created for manual entry","Y","2017/10/31 18:11:28.452","5CDCAADD39354F8CE0538DADFD0A1CB9","FIN_IMPL","Manual","Y","N"
"AHC_LOAN","THIRD_PARTY_MERGE","Third Party Merge","THIRD_PARTY_MERGE","THIRD_PARTY_MERGE","THIRD_PARTY_MERGE_ALL","THIRD_PARTY_MERGE","THIRD_PARTY_MERGE","Y","FIN_IMPL","2017/10/31 18:11:28.255","","Y","2017/10/31 18:11:28.492","5CDCAADD39354F8CE0538DADFD0A1CB9","FIN_IMPL","All","Y","N"
"AHC_LOAN","THIRD_PARTY_MERGE","Third Party Merge","THIRD_PARTY_MERGE","THIRD_PARTY_MERGE","FULLL_MERGE","THIRD_PARTY_MERGE","THIRD_PARTY_MERGE","Y","FIN_IMPL","2017/10/31 18:11:28.331","Special event type created for third party entry","Y","2017/10/31 18:11:28.552","5CDCAADD39354F8CE0538DADFD0A1CB9","FIN_IMPL","Full Merge","Y","N"
"AHC_LOAN","THIRD_PARTY_MERGE","Third Party Merge","THIRD_PARTY_MERGE","THIRD_PARTY_MERGE","PARTIAL_MERGE","THIRD_PARTY_MERGE","THIRD_PARTY_MERGE","Y","FIN_IMPL","2017/10/31 18:11:28.309","Special event type created for third party entry","Y","2017/10/31 18:11:28.523","5CDCAADD39354F8CE0538DADFD0A1CB9","FIN_IMPL","Partial Merge","Y","N"
"AHC_BILLING","AHC_BILLING","AHC Billing","AHC_BILLING","AHC_BILLING","AHC_BILLING_ALL","AHC_BILLING","AHC_BILLING","Y","FIN_IMPL","2017/12/28 06:54:13.963","","Y","2017/12/28 06:54:16.867","615CA35573826868E0536AA0FD0A112A","FIN_IMPL","All","Y","N"
"AHC_BILLING","AHC_BILLING","AHC Billing","AHC_BILLING","AHC_BILLING","CUSTOMER_BILLING","AHC_BILLING","AHC_BILLING","Y","FIN_IMPL","2017/12/28 06:54:10.599","Customer Billing","Y","2017/12/28 06:54:14.625","615CA35573826868E0536AA0FD0A112A","FIN_IMPL","Customer Billing","N","N"
"AHC_BILLING","AHC_BILLING","AHC Billing","AHC_BILLING","AHC_BILLING","CUSTOMER_PAYIN","AHC_BILLING","AHC_BILLING","Y","FIN_IMPL","2017/12/28 06:54:10.567","Customer Pay In","Y","2017/12/28 06:54:14.586","615CA35573826868E0536AA0FD0A112A","FIN_IMPL","Customer Pay In","N","N"
"AHC_BILLING","AHC_BILLING","AHC Billing","AHC_BILLING","AHC_BILLING","CUSTOMER_REFUND","AHC_BILLING","AHC_BILLING","Y","FIN_IMPL","2017/12/28 06:54:10.297","Customer Refund","Y","2017/12/28 06:54:14.434","615CA35573826868E0536AA0FD0A112A","FIN_IMPL","Customer Refund","N","N"
"AHC_BILLING","AHC_BILLING","AHC Billing","AHC_BILLING","AHC_BILLING","CUSTOMER_SETTLEMENT","AHC_BILLING","AHC_BILLING","Y","FIN_IMPL","2017/12/28 06:54:10.523","Customer Settlement","Y","2017/12/28 06:54:14.559","615CA35573826868E0536AA0FD0A112A","FIN_IMPL","Customer Settlement","N","N"
"AHC_BILLING","MANUAL","Manual","MANUAL","MANUAL","MANUAL_ALL","MANUAL","MANUAL","Y","FIN_IMPL","2017/12/28 06:54:17.095","","Y","2017/12/28 06:54:17.36","615CA35573826868E0536AA0FD0A112A","FIN_IMPL","All","Y","N"
"AHC_BILLING","MANUAL","Manual","MANUAL","MANUAL","MANUAL","MANUAL","MANUAL","Y","FIN_IMPL","2017/12/28 06:54:17.138","Special event type created for manual entry","Y","2017/12/28 06:54:17.382","615CA35573826868E0536AA0FD0A112A","FIN_IMPL","Manual","Y","N"
"AHC_BILLING","THIRD_PARTY_MERGE","Third Party Merge","THIRD_PARTY_MERGE","THIRD_PARTY_MERGE","THIRD_PARTY_MERGE_ALL","THIRD_PARTY_MERGE","THIRD_PARTY_MERGE","Y","FIN_IMPL","2017/12/28 06:54:17.182","","Y","2017/12/28 06:54:17.414","615CA35573826868E0536AA0FD0A112A","FIN_IMPL","All","Y","N"
"AHC_BILLING","THIRD_PARTY_MERGE","Third Party Merge","THIRD_PARTY_MERGE","THIRD_PARTY_MERGE","FULLL_MERGE","THIRD_PARTY_MERGE","THIRD_PARTY_MERGE","Y","FIN_IMPL","2017/12/28 06:54:17.234","Special event type created for third party entry","Y","2017/12/28 06:54:17.46","615CA35573826868E0536AA0FD0A112A","FIN_IMPL","Full Merge","Y","N"
"AHC_BILLING","THIRD_PARTY_MERGE","Third Party Merge","THIRD_PARTY_MERGE","THIRD_PARTY_MERGE","PARTIAL_MERGE","THIRD_PARTY_MERGE","THIRD_PARTY_MERGE","Y","FIN_IMPL","2017/12/28 06:54:17.207","Special event type created for third party entry","Y","2017/12/28 06:54:17.434","615CA35573826868E0536AA0FD0A112A","FIN_IMPL","Partial Merge","Y","N"
"AHC_ENDOWMENT","AHC_ENDOWMENT","AHC Endowment Donations","AHC_ENDOWMENT","AHC_ENDOWMENT","AHC_ENDOWMENT_ALL","AHC_ENDOWMENT","AHC_ENDOWMENT","Y","FIN_IMPL","2018/10/11 10:07:41.767","","Y","2018/10/11 10:07:48.074","77F20EFFD1CB67FFE0537990DF0ADB76","FIN_IMPL","All","Y","N"
"AHC_ENDOWMENT","AHC_ENDOWMENT","AHC Endowment Donations","AHC_ENDOWMENT","AHC_ENDOWMENT","DONATIONS","AHC_ENDOWMENT","AHC_ENDOWMENT","Y","FIN_IMPL","2018/10/11 10:07:10.412","Donations","Y","2018/10/11 10:07:44.471","77F20EFFD1CB67FFE0537990DF0ADB76","FIN_IMPL","Donations","N","N"
"AHC_ENDOWMENT","MANUAL","Manual","MANUAL","MANUAL","MANUAL_ALL","MANUAL","MANUAL","Y","FIN_IMPL","2018/10/11 10:07:49.635","","Y","2018/10/11 10:07:51.836","77F20EFFD1CB67FFE0537990DF0ADB76","FIN_IMPL","All","Y","N"
"AHC_ENDOWMENT","MANUAL","Manual","MANUAL","MANUAL","MANUAL","MANUAL","MANUAL","Y","FIN_IMPL","2018/10/11 10:07:49.715","Special event type created for manual entry","Y","2018/10/11 10:07:51.955","77F20EFFD1CB67FFE0537990DF0ADB76","FIN_IMPL","Manual","Y","N"
"AHC_ENDOWMENT","THIRD_PARTY_MERGE","Third Party Merge","THIRD_PARTY_MERGE","THIRD_PARTY_MERGE","THIRD_PARTY_MERGE_ALL","THIRD_PARTY_MERGE","THIRD_PARTY_MERGE","Y","FIN_IMPL","2018/10/11 10:07:49.919","","Y","2018/10/11 10:07:52.078","77F20EFFD1CB67FFE0537990DF0ADB76","FIN_IMPL","All","Y","N"
"AHC_ENDOWMENT","THIRD_PARTY_MERGE","Third Party Merge","THIRD_PARTY_MERGE","THIRD_PARTY_MERGE","FULLL_MERGE","THIRD_PARTY_MERGE","THIRD_PARTY_MERGE","Y","FIN_IMPL","2018/10/11 10:07:50.521","Special event type created for third party entry","Y","2018/10/11 10:07:53.14","77F20EFFD1CB67FFE0537990DF0ADB76","FIN_IMPL","Full Merge","Y","N"
"AHC_ENDOWMENT","THIRD_PARTY_MERGE","Third Party Merge","THIRD_PARTY_MERGE","THIRD_PARTY_MERGE","PARTIAL_MERGE","THIRD_PARTY_MERGE","THIRD_PARTY_MERGE","Y","FIN_IMPL","2018/10/11 10:07:50.003","Special event type created for third party entry","Y","2018/10/11 10:07:52.551","77F20EFFD1CB67FFE0537990DF0ADB76","FIN_IMPL","Partial Merge","Y","N"
"AHC_INSURANCE","AHC_INSURANCE","AHC Insurance","AHC_INSURANCE","AHC_INSURANCE","ADJUSTMENT","AHC_INSURANCE","AHC_INSURANCE","Y","FIN_IMPL","2018/03/06 05:30:19.911","Adjustment","Y","2018/03/06 05:30:23.207","66B8A4FCD0219AA4E053E9A7FD0A5DFE","FIN_IMPL","Adjustment","N","N"
"AHC_INSURANCE","AHC_INSURANCE","AHC Insurance","AHC_INSURANCE","AHC_INSURANCE","AHC_INSURANCE_ALL","AHC_INSURANCE","AHC_INSURANCE","Y","FIN_IMPL","2018/03/06 05:30:22.753","","Y","2018/03/06 05:30:25.029","66B8A4FCD0219AA4E053E9A7FD0A5DFE","FIN_IMPL","All","Y","N"
"AHC_INSURANCE","AHC_INSURANCE","AHC Insurance","AHC_INSURANCE","AHC_INSURANCE","CANCEL","AHC_INSURANCE","AHC_INSURANCE","Y","FIN_IMPL","2018/03/06 05:30:19.847","Cancel","Y","2018/03/06 05:30:23.187","66B8A4FCD0219AA4E053E9A7FD0A5DFE","FIN_IMPL","Cancel","N","N"
"AHC_INSURANCE","AHC_INSURANCE","AHC Insurance","AHC_INSURANCE","AHC_INSURANCE","CLAIM_PAID","AHC_INSURANCE","AHC_INSURANCE","Y","FIN_IMPL","2018/03/06 05:30:19.407","Claim Paid","Y","2018/03/06 05:30:22.986","66B8A4FCD0219AA4E053E9A7FD0A5DFE","FIN_IMPL","Claim Paid","N","N"
"AHC_INSURANCE","AHC_INSURANCE","AHC Insurance","AHC_INSURANCE","AHC_INSURANCE","CLAIM_REPORTED","AHC_INSURANCE","AHC_INSURANCE","Y","FIN_IMPL","2018/03/06 05:30:19.736","Claim Reported","Y","2018/03/06 05:30:23.112","66B8A4FCD0219AA4E053E9A7FD0A5DFE","FIN_IMPL","Claim Reported","N","N"
"AHC_INSURANCE","AHC_INSURANCE","AHC Insurance","AHC_INSURANCE","AHC_INSURANCE","COMMISSION_PMNT","AHC_INSURANCE","AHC_INSURANCE","Y","FIN_IMPL","2018/03/06 05:30:19.785","Commission Payment","Y","2018/03/06 05:30:23.164","66B8A4FCD0219AA4E053E9A7FD0A5DFE","FIN_IMPL","Commission Payment","N","N"
"AHC_INSURANCE","AHC_INSURANCE","AHC Insurance","AHC_INSURANCE","AHC_INSURANCE","POLICY_WRITTEN","AHC_INSURANCE","AHC_INSURANCE","Y","FIN_IMPL","2018/03/06 05:30:20.032","Policy Written","Y","2018/03/06 05:30:23.242","66B8A4FCD0219AA4E053E9A7FD0A5DFE","FIN_IMPL","Policy Written","N","N"
"AHC_INSURANCE","AHC_INSURANCE","AHC Insurance","AHC_INSURANCE","AHC_INSURANCE","PREMIUM_PAYMENT","AHC_INSURANCE","AHC_INSURANCE","Y","FIN_IMPL","2018/03/06 05:30:19.971","Premium Payment","Y","2018/03/06 05:30:23.225","66B8A4FCD0219AA4E053E9A7FD0A5DFE","FIN_IMPL","Premium Payment","N","N"
"AHC_INSURANCE","MANUAL","Manual","MANUAL","MANUAL","MANUAL_ALL","MANUAL","MANUAL","Y","FIN_IMPL","2018/03/06 05:30:25.152","","Y","2018/03/06 05:30:25.372","66B8A4FCD0219AA4E053E9A7FD0A5DFE","FIN_IMPL","All","Y","N"
"AHC_INSURANCE","MANUAL","Manual","MANUAL","MANUAL","MANUAL","MANUAL","MANUAL","Y","FIN_IMPL","2018/03/06 05:30:25.182","Special event type created for manual entry","Y","2018/03/06 05:30:25.399","66B8A4FCD0219AA4E053E9A7FD0A5DFE","FIN_IMPL","Manual","Y","N"
"AHC_INSURANCE","THIRD_PARTY_MERGE","Third Party Merge","THIRD_PARTY_MERGE","THIRD_PARTY_MERGE","THIRD_PARTY_MERGE_ALL","THIRD_PARTY_MERGE","THIRD_PARTY_MERGE","Y","FIN_IMPL","2018/03/06 05:30:25.23","","Y","2018/03/06 05:30:25.417","66B8A4FCD0219AA4E053E9A7FD0A5DFE","FIN_IMPL","All","Y","N"
"AHC_INSURANCE","THIRD_PARTY_MERGE","Third Party Merge","THIRD_PARTY_MERGE","THIRD_PARTY_MERGE","FULLL_MERGE","THIRD_PARTY_MERGE","THIRD_PARTY_MERGE","Y","FIN_IMPL","2018/03/06 05:30:25.296","Special event type created for third party entry","Y","2018/03/06 05:30:25.442","66B8A4FCD0219AA4E053E9A7FD0A5DFE","FIN_IMPL","Full Merge","Y","N"
"AHC_INSURANCE","THIRD_PARTY_MERGE","Third Party Merge","THIRD_PARTY_MERGE","THIRD_PARTY_MERGE","PARTIAL_MERGE","THIRD_PARTY_MERGE","THIRD_PARTY_MERGE","Y","FIN_IMPL","2018/03/06 05:30:25.27","Special event type created for third party entry","Y","2018/03/06 05:30:25.428","66B8A4FCD0219AA4E053E9A7FD0A5DFE","FIN_IMPL","Partial Merge","Y","N"
"AHC_EXT_ERP","AHC_EXT_ERP","AHC External ERP","AHC_EXT_ERP","AHC_EXT_ERP","AP_INVOICE_JE","AHC_EXT_ERP","AHC_EXT_ERP","Y","FIN_IMPL","2021/05/25 15:52:20.123","AP Invoice JE","Y","2021/05/25 15:52:23.118","C2E79BEB15F58012E0532D60FD0A028C","FIN_IMPL","AP Invoice JE","N","N"
"AHC_EXT_ERP","AHC_EXT_ERP","AHC External ERP","AHC_EXT_ERP","AHC_EXT_ERP","AP_PAYMENT_JE","AHC_EXT_ERP","AHC_EXT_ERP","Y","FIN_IMPL","2021/05/25 15:52:20.109","AP Payment JE","Y","2021/05/25 15:52:22.953","C2E79BEB15F58012E0532D60FD0A028C","FIN_IMPL","AP Payment JE","N","N"
"AHC_EXT_ERP","AHC_EXT_ERP","AHC External ERP","AHC_EXT_ERP","AHC_EXT_ERP","AHC_EXT_ERP_ALL","AHC_EXT_ERP","AHC_EXT_ERP","Y","FIN_IMPL","2021/05/25 15:52:22.79","","Y","2021/05/25 15:52:23.879","C2E79BEB15F58012E0532D60FD0A028C","FIN_IMPL","All","Y","N"
"AHC_EXT_ERP","AHC_EXT_ERP","AHC External ERP","AHC_EXT_ERP","AHC_EXT_ERP","CONCUR_EXPENSE_REPORT","AHC_EXT_ERP","AHC_EXT_ERP","Y","FIN_IMPL","2021/05/25 15:52:19.756","Concur Expense Report","Y","2021/05/25 15:52:22.911","C2E79BEB15F58012E0532D60FD0A028C","FIN_IMPL","Concur Expense Report","N","N"
"AHC_EXT_ERP","AHC_EXT_ERP","AHC External ERP","AHC_EXT_ERP","AHC_EXT_ERP","MANUAL_JE","AHC_EXT_ERP","AHC_EXT_ERP","Y","FIN_IMPL","2021/05/25 15:52:20.095","Manual JE","Y","2021/05/25 15:52:22.937","C2E79BEB15F58012E0532D60FD0A028C","FIN_IMPL","Manual JE","N","N"
"AHC_EXT_ERP","MANUAL","Manual","MANUAL","MANUAL","MANUAL_ALL","MANUAL","MANUAL","Y","FIN_IMPL","2021/05/25 15:52:24.064","","Y","2021/05/25 15:52:24.249","C2E79BEB15F58012E0532D60FD0A028C","FIN_IMPL","All","Y","N"
"AHC_EXT_ERP","MANUAL","Manual","MANUAL","MANUAL","MANUAL","MANUAL","MANUAL","Y","FIN_IMPL","2021/05/25 15:52:24.09","Special event type created for manual entry","Y","2021/05/25 15:52:24.266","C2E79BEB15F58012E0532D60FD0A028C","FIN_IMPL","Manual","Y","N"
"AHC_EXT_ERP","THIRD_PARTY_MERGE","Third Party Merge","THIRD_PARTY_MERGE","THIRD_PARTY_MERGE","THIRD_PARTY_MERGE_ALL","THIRD_PARTY_MERGE","THIRD_PARTY_MERGE","Y","FIN_IMPL","2021/05/25 15:52:24.119","","Y","2021/05/25 15:52:24.293","C2E79BEB15F58012E0532D60FD0A028C","FIN_IMPL","All","Y","N"
"AHC_EXT_ERP","THIRD_PARTY_MERGE","Third Party Merge","THIRD_PARTY_MERGE","THIRD_PARTY_MERGE","FULLL_MERGE","THIRD_PARTY_MERGE","THIRD_PARTY_MERGE","Y","FIN_IMPL","2021/05/25 15:52:24.162","Special event type created for third party entry","Y","2021/05/25 15:52:24.327","C2E79BEB15F58012E0532D60FD0A028C","FIN_IMPL","Full Merge","Y","N"
"AHC_EXT_ERP","THIRD_PARTY_MERGE","Third Party Merge","THIRD_PARTY_MERGE","THIRD_PARTY_MERGE","PARTIAL_MERGE","THIRD_PARTY_MERGE","THIRD_PARTY_MERGE","Y","FIN_IMPL","2021/05/25 15:52:24.139","Special event type created for third party entry","Y","2021/05/25 15:52:24.311","C2E79BEB15F58012E0532D60FD0A028C","FIN_IMPL","Partial Merge","Y","N"
"AHC_EMR","AHC_EMR","AHC Elec Med Record Sys","AHC_EMR","AHC_EMR","ADJUSTMENT","AHC_EMR","AHC_EMR","Y","FIN_IMPL","2020/06/04 05:44:42.407","Adjustments","Y","2020/06/04 05:44:47.219","A73C69023C9A180CE0539E90DF0AD122","FIN_IMPL","Adjustments","N","N"
"AHC_EMR","AHC_EMR","AHC Elec Med Record Sys","AHC_EMR","AHC_EMR","AHC_EMR_ALL","AHC_EMR","AHC_EMR","Y","FIN_IMPL","2020/06/04 05:44:46.658","","Y","2020/06/04 05:44:47.989","A73C69023C9A180CE0539E90DF0AD122","FIN_IMPL","All","Y","N"
"AHC_EMR","AHC_EMR","AHC Elec Med Record Sys","AHC_EMR","AHC_EMR","CHARGE","AHC_EMR","AHC_EMR","Y","FIN_IMPL","2020/06/04 05:44:42.458","Patient Charges","Y","2020/06/04 05:44:47.244","A73C69023C9A180CE0539E90DF0AD122","FIN_IMPL","Patient Charges","N","N"
"AHC_EMR","AHC_EMR","AHC Elec Med Record Sys","AHC_EMR","AHC_EMR","PAYMENT","AHC_EMR","AHC_EMR","Y","FIN_IMPL","2020/06/04 05:44:41.933","Payment Received","Y","2020/06/04 05:44:47.063","A73C69023C9A180CE0539E90DF0AD122","FIN_IMPL","Payment Received","N","N"
"AHC_EMR","MANUAL","Manual","MANUAL","MANUAL","MANUAL_ALL","MANUAL","MANUAL","Y","FIN_IMPL","2020/06/04 05:44:48.139","","Y","2020/06/04 05:44:49.105","A73C69023C9A180CE0539E90DF0AD122","FIN_IMPL","All","Y","N"
"AHC_EMR","MANUAL","Manual","MANUAL","MANUAL","MANUAL","MANUAL","MANUAL","Y","FIN_IMPL","2020/06/04 05:44:48.182","Special event type created for manual entry","Y","2020/06/04 05:44:49.123","A73C69023C9A180CE0539E90DF0AD122","FIN_IMPL","Manual","Y","N"
"AHC_EMR","THIRD_PARTY_MERGE","Third Party Merge","THIRD_PARTY_MERGE","THIRD_PARTY_MERGE","THIRD_PARTY_MERGE_ALL","THIRD_PARTY_MERGE","THIRD_PARTY_MERGE","Y","FIN_IMPL","2020/06/04 05:44:48.258","","Y","2020/06/04 05:44:49.161","A73C69023C9A180CE0539E90DF0AD122","FIN_IMPL","All","Y","N"
"AHC_EMR","THIRD_PARTY_MERGE","Third Party Merge","THIRD_PARTY_MERGE","THIRD_PARTY_MERGE","FULLL_MERGE","THIRD_PARTY_MERGE","THIRD_PARTY_MERGE","Y","FIN_IMPL","2020/06/04 05:44:48.358","Special event type created for third party entry","Y","2020/06/04 05:44:49.326","A73C69023C9A180CE0539E90DF0AD122","FIN_IMPL","Full Merge","Y","N"
"AHC_EMR","THIRD_PARTY_MERGE","Third Party Merge","THIRD_PARTY_MERGE","THIRD_PARTY_MERGE","PARTIAL_MERGE","THIRD_PARTY_MERGE","THIRD_PARTY_MERGE","Y","FIN_IMPL","2020/06/04 05:44:48.32","Special event type created for third party entry","Y","2020/06/04 05:44:49.3","A73C69023C9A180CE0539E90DF0AD122","FIN_IMPL","Partial Merge","Y","N"
