"ZX_TAX_REGIME.TaxRegimeCode","TaxRegimeCode","FirstPtyPartyTypeCode","FirstPtyBuName","LegalEntityIdentifier","RecordTypeCode","CreationDate","CreatedBy","LastUpdateDate","LastUpdateLogin","FirstPtyEnterpriseId","EffectiveFrom","EffectiveTo"
"AU COUNCIL","AU COUNCIL","FIRST_PARTY","","LE_AU_01","USER_DEFINED","2021/02/11 10:22:47.91","FIN_IMPL","2021/02/11 10:22:58.552","BB0DC241E4C9EC61E0539E90DF0A348D","","",""
"AU COUNCIL","AU COUNCIL","OU","AU Council Business Unit","","USER_DEFINED","2021/02/11 10:22:47.788","FIN_IMPL","2021/02/11 10:22:58.542","BB0DC241E4C9EC61E0539E90DF0A348D","1","",""
"AU GST TAX","AU GST TAX","FIRST_PARTY","","LE_AU_1","USER_DEFINED","2016/08/02 11:09:05.302","FIN_IMPL","2017/05/02 07:49:33.166","4E85A0BD882822B5E053C4AEFD0A955B","","",""
"AU GST TAX","AU GST TAX","OU","Australia Business Unit","","USER_DEFINED","2016/08/02 11:09:05.317","FIN_IMPL","2017/05/02 07:49:33.0","4E85A0BD882822B5E053C4AEFD0A955B","1","",""
"CA GST","CA GST","OU","Canada Business Unit","","FUSION_RI_UPLOAD","2016/10/27 11:55:23.145726","FIN_IMPL","2016/10/27 11:55:23.145726","3FD5430A46614FACE0537AA3FD0ADF47","1","",""
"CA HST","CA HST","OU","Canada Business Unit","","FUSION_RI_UPLOAD","2016/10/27 11:55:23.145726","FIN_IMPL","2016/10/27 11:55:23.145726","3FD5430A46614FACE0537AA3FD0ADF47","1","",""
"CA PST","CA PST","OU","Canada Business Unit","","FUSION_RI_UPLOAD","2016/10/27 11:55:23.145726","FIN_IMPL","2016/10/27 11:55:23.145726","3FD5430A46614FACE0537AA3FD0ADF47","1","",""
"CA QST","CA QST","OU","Canada Business Unit","","FUSION_RI_UPLOAD","2016/10/27 11:55:23.145726","FIN_IMPL","2016/10/27 11:55:23.145726","3FD5430A46614FACE0537AA3FD0ADF47","1","",""
"CH VAT TAX","CH VAT TAX","FIRST_PARTY","","LE_CH_1","USER_DEFINED","2018/10/10 04:19:55.386","FIN_IMPL","2019/11/29 08:24:42.054","9878CA3FC6BD1A62E053C390DF0A7240","","",""
"CH VAT TAX","CH VAT TAX","OU","Switzerland Business Unit","","USER_DEFINED","2018/10/10 04:19:55.34","FIN_IMPL","2019/11/29 08:24:42.048","9878CA3FC6BD1A62E053C390DF0A7240","1","",""
"CH VAT TAX","CH VAT TAX","OU","Supremo CH Business Unit","","USER_DEFINED","2019/11/07 09:58:37.126","FIN_IMPL","2019/11/29 08:24:42.051","9878CA3FC6BD1A62E053C390DF0A7240","1","",""
"CH VAT TAX","CH VAT TAX","FIRST_PARTY","","LE_E360CH","USER_DEFINED","2019/11/07 09:58:37.218","FIN_IMPL","2019/11/29 08:24:42.05","9878CA3FC6BD1A62E053C390DF0A7240","","",""
"CN VAT TAX","CN VAT TAX","FIRST_PARTY","","LE_FR_1","USER_DEFINED","2014/12/18 06:26:46.0","FIN_IMPL","2014/12/18 06:26:57.035","0A771879F63E3BC5E0536204548C6F13","","",""
"CN VAT TAX","CN VAT TAX","OU","China Business Unit","","USER_DEFINED","2014/06/13 11:42:54.942","FIN_IMPL","2014/06/13 11:45:03.27","FBB5D3EE0E5F7174E0436204548C04A1","1","",""
"DE VAT TAX","DE VAT TAX","FIRST_PARTY","","LE_DE_1","USER_DEFINED","2016/10/20 08:47:42.708","FIN_IMPL","2016/10/20 08:52:55.474","3F47D39422E91733E0537AA3FD0A64A1","","",""
"DE VAT TAX","DE VAT TAX","OU","Germany Business Unit","","USER_DEFINED","2016/10/20 08:47:42.721","FIN_IMPL","2016/10/20 08:52:55.471","3F47D39422E91733E0537AA3FD0A64A1","1","",""
"ES VAT TAX","ES VAT TAX","FIRST_PARTY","","LE_ES_1","USER_DEFINED","2016/08/25 11:08:16.69","FIN_IMPL","2016/08/25 11:09:59.983","3AE1036FA1D654BAE0537AA3FD0A7D24","","",""
"ES VAT TAX","ES VAT TAX","OU","Spain Business Unit","","USER_DEFINED","2016/08/25 11:09:53.132","FIN_IMPL","2016/08/25 11:09:59.981","3AE1036FA1D654BAE0537AA3FD0A7D24","1","",""
"FR VAT TAX","FR VAT TAX","FIRST_PARTY","","LE_FR_1","USER_DEFINED","2014/12/15 11:39:13.497","FIN_IMPL","2014/12/17 09:58:02.004","0A642232B5811219E0536204548C53A0","","",""
"FR VAT TAX","FR VAT TAX","OU","France Business Unit","","USER_DEFINED","2014/01/14 15:16:41.026","FIN_IMPL","2014/12/17 09:58:02.0","0A642232B5811219E0536204548C53A0","1","",""
"GB PROGRESS VAT","GB PROGRESS VAT","FIRST_PARTY","","LE_PROG_UK","USER_DEFINED","2021/08/19 17:11:36.085","FIN_IMPL","2021/08/19 17:11:45.927","C831AEF3750FB8C5E0530364FD0A3B03","","",""
"GB PROGRESS VAT","GB PROGRESS VAT","OU","Progress UK Business Unit","","USER_DEFINED","2021/08/19 17:11:35.944","FIN_IMPL","2021/08/19 17:11:45.918","C831AEF3750FB8C5E0530364FD0A3B03","1","",""
"GB VAT TAX","GB VAT TAX","FIRST_PARTY","","LE_UK_1","USER_DEFINED","2014/12/31 04:46:53.918","FIN_IMPL","2014/12/31 04:47:15.388","0B79D87E3B8F4D3BE0536204548C19B9","","",""
"GB VAT TAX","GB VAT TAX","FIRST_PARTY","","LE_FR_1","USER_DEFINED","2014/12/18 06:26:46.01","FIN_IMPL","2014/12/18 06:26:57.041","0A771879F63E3BC5E0536204548C6F13","","",""
"GB VAT TAX","GB VAT TAX","OU","UK Business Unit","","USER_DEFINED","2014/01/14 15:16:43.48","FIN_IMPL","2014/12/31 04:47:15.384","0B79D87E3B8F4D3BE0536204548C19B9","1","",""
"INDIA TDS","INDIA TDS","FIRST_PARTY","","LE_IN_1","USER_DEFINED","2021/11/18 07:51:01.41","FIN_IMPL","2021/11/18 07:51:11.582","D040314174E162E9E0530264FD0AEF04","","",""
"INDIA TDS","INDIA TDS","OU","India Business Unit","","USER_DEFINED","2021/11/18 07:51:01.254","FIN_IMPL","2021/11/18 07:51:11.573","D040314174E162E9E0530264FD0AEF04","1","",""
"IT VAT TAX","IT VAT TAX","FIRST_PARTY","","LE_IT_1","USER_DEFINED","2015/10/19 03:28:16.273","FIN_IMPL","2015/10/19 03:28:31.601","2241F49163856E26E053790B548C4D1B","","",""
"IT VAT TAX","IT VAT TAX","OU","Italy Business Unit","","USER_DEFINED","2015/10/19 03:28:16.208","FIN_IMPL","2015/10/19 03:28:31.596","2241F49163856E26E053790B548C4D1B","1","",""
"India GST","India GST","FIRST_PARTY","","LE_IN_1","USER_DEFINED","2019/07/17 10:01:08.728","FIN_IMPL","2019/07/17 10:01:12.817","8DDDBF1378A2ECFFE053C390DF0A7B5D","","",""
"India GST","India GST","OU","India Business Unit","","USER_DEFINED","2019/07/17 10:01:08.828","FIN_IMPL","2019/07/17 10:01:12.825","8DDDBF1378A2ECFFE053C390DF0A7B5D","1","",""
"JP CT","JP CT","FIRST_PARTY","","LE_JP_1","USER_DEFINED","2015/03/20 07:21:36.83","FIN_IMPL","2015/03/20 07:21:44.15","11AF21CF12DB6F4DE0536204548CF824","","",""
"JP CT","JP CT","OU","Japan Business Unit","","USER_DEFINED","2015/03/20 07:21:36.819","FIN_IMPL","2015/03/20 07:21:44.146","11AF21CF12DB6F4DE0536204548CF824","1","",""
"NL VAT TAX","NL VAT TAX","FIRST_PARTY","","LE_NL_1","USER_DEFINED","2016/08/31 05:47:03.32","FIN_IMPL","2016/08/31 05:47:38.66","3B587DF7B1625EC2E0537AA3FD0AE685","","",""
"NL VAT TAX","NL VAT TAX","OU","Netherlands Business Unit","","USER_DEFINED","2016/08/31 05:47:03.332","FIN_IMPL","2016/08/31 05:47:38.657","3B587DF7B1625EC2E0537AA3FD0AE685","1","",""
"PL VAT TAX","PL VAT TAX","FIRST_PARTY","","LE_PL_1","USER_DEFINED","2021/12/29 05:57:49.303","FIN_IMPL","2021/12/29 05:57:56.651","D18CE38A6C4C414EE0530364FD0AE4F9","","",""
"PL VAT TAX","PL VAT TAX","OU","Poland Business Unit","","USER_DEFINED","2021/12/29 05:57:49.47","FIN_IMPL","2021/12/29 05:57:56.658","D18CE38A6C4C414EE0530364FD0AE4F9","1","",""
"SE VAT TAX","SE VAT TAX","FIRST_PARTY","","LE_SE_1","USER_DEFINED","2017/02/07 12:43:13.041","FIN_IMPL","2017/04/29 03:56:14.534","4E470327436D7471E053C4AEFD0A0C2E","","",""
"SE VAT TAX","SE VAT TAX","OU","Sweden Business Unit","","USER_DEFINED","2017/04/29 03:56:02.857","FIN_IMPL","2017/04/29 03:56:14.525","4E470327436D7471E053C4AEFD0A0C2E","1","",""
"US SALES AND USE TAX","US SALES AND USE TAX","OU","US1 Business Unit","","USER_DEFINED","2013/10/25 14:27:17.814","FIN_IMPL","2019/02/15 06:34:47.554","81E84BDD333B2ED1E053C390DF0A9135","1","",""
"US SALES AND USE TAX","US SALES AND USE TAX","FIRST_PARTY","","LE_FR_1","USER_DEFINED","2014/12/18 06:26:46.012","FIN_IMPL","2014/12/18 06:26:57.043","0A771879F63E3BC5E0536204548C6F13","","",""
"US SALES AND USE TAX","US SALES AND USE TAX","OU","Healthcare US Business Unit","","USER_DEFINED","2015/11/27 09:46:29.981","FIN_IMPL","2019/02/15 06:34:47.55","81E84BDD333B2ED1E053C390DF0A9135","1","",""
"US SALES AND USE TAX","US SALES AND USE TAX","OU","Supremo US Business Unit","","USER_DEFINED","2019/02/15 06:33:45.409","FIN_IMPL","2019/02/15 06:34:47.552","81E84BDD333B2ED1E053C390DF0A9135","1","",""
"WHT-AUSTRALIA COUNCIL","WHT-AUSTRALIA COUNCIL","OU","AU Council Business Unit","","USER_DEFINED","2021/02/12 08:58:03.699","FIN_IMPL","2021/02/12 08:58:12.868","BB1DB857B2D49CE7E0539E90DF0AB03A","1","",""
"WHT-Australia Business U-26661","WHT-Australia Business U-26661","OU","Australia Business Unit","","FUSION_WHT_MIGRATED","2017/03/19 08:52:40.842423","anonymous","2017/03/19 08:52:40.842423","-1","1","",""
"WHT-Belgium Business Uni-78322","WHT-Belgium Business Uni-78322","OU","Belgium Business Unit","","FUSION_WHT_MIGRATED","2017/03/19 08:52:40.843075","anonymous","2017/03/19 08:52:40.843075","-1","1","",""
"WHT-Canada Business Unit-71153","WHT-Canada Business Unit-71153","OU","Canada Business Unit","","FUSION_WHT_MIGRATED","2017/03/19 08:52:40.841458","anonymous","2017/03/19 08:52:40.841458","-1","1","",""
"WHT-China Business Unit-26657","WHT-China Business Unit-26657","FIRST_PARTY","","LE_FR_1","USER_DEFINED","2014/12/18 06:26:46.014","FIN_IMPL","2014/12/18 06:26:57.045","0A771879F63E3BC5E0536204548C6F13","","",""
"WHT-China Business Unit-26657","WHT-China Business Unit-26657","OU","China Business Unit","","FUSION_WHT_MIGRATED","2014/11/20 15:00:35.189682","anonymous","2014/11/20 15:00:35.189682","-1","1","",""
"WHT-Fin Svcs UK Business-79374","WHT-Fin Svcs UK Business-79374","OU","Fin Svcs UK Business Unit","","FUSION_WHT_MIGRATED","2017/03/19 08:52:40.843937","anonymous","2017/03/19 08:52:40.843937","-1","1","",""
"WHT-Fin Svcs US Business-79348","WHT-Fin Svcs US Business-79348","OU","Fin Svcs US Business Unit","","FUSION_WHT_MIGRATED","2017/03/19 08:52:40.843566","anonymous","2017/03/19 08:52:40.843566","-1","1","",""
"WHT-France Business Unit-68131","WHT-France Business Unit-68131","FIRST_PARTY","","LE_FR_1","USER_DEFINED","2014/12/18 06:26:46.017","FIN_IMPL","2015/09/23 13:11:04.214","206A6C33843724F0E053790B548C3D99","","",""
"WHT-France Business Unit-68131","WHT-France Business Unit-68131","OU","France Business Unit","","FUSION_WHT_MIGRATED","2014/11/20 15:00:35.189383","anonymous","2014/11/20 15:00:35.189383","-1","1","",""
"WHT-Germany Business Uni-08425","WHT-Germany Business Uni-08425","OU","Germany Business Unit","","FUSION_WHT_MIGRATED","2017/03/19 08:52:40.740843","anonymous","2017/03/19 08:52:40.740843","-1","1","",""
"WHT-Healthcare US Busine-74743","WHT-Healthcare US Busine-74743","OU","Healthcare US Business Unit","","FUSION_WHT_MIGRATED","2016/02/26 11:02:04.289363","anonymous","2016/02/26 11:02:04.289363","-1","1","",""
"WHT-Italy Business Unit-08417","WHT-Italy Business Unit-08417","OU","Italy Business Unit","","FUSION_WHT_MIGRATED","2016/02/26 11:02:04.287104","anonymous","2016/02/26 11:02:04.287104","-1","1","",""
"WHT-JAPAN BUSINESS UNIT","WHT-JAPAN BUSINESS UNIT","OU","Japan Business Unit","","USER_DEFINED","2015/07/27 21:11:38.386394","FIN_IMPL","2015/07/27 21:11:38.386394","","1","",""
"WHT-Japan Business Unit-26669","WHT-Japan Business Unit-26669","OU","Japan Business Unit","","FUSION_WHT_MIGRATED","2016/02/26 11:02:04.289793","anonymous","2016/02/26 11:02:04.289793","-1","1","",""
"WHT-Netherlands Business-08429","WHT-Netherlands Business-08429","OU","Netherlands Business Unit","","FUSION_WHT_MIGRATED","2017/03/19 08:52:40.840015","anonymous","2017/03/19 08:52:40.840015","-1","1","",""
"WHT-Progress US Business-88561","WHT-Progress US Business-88561","FIRST_PARTY","","LE_FR_1","USER_DEFINED","2014/12/18 06:26:46.023","FIN_IMPL","2014/12/18 06:26:57.048","0A771879F63E3BC5E0536204548C6F13","","",""
"WHT-Progress US Business-88561","WHT-Progress US Business-88561","OU","Progress US Business Unit","","FUSION_WHT_MIGRATED","2014/11/20 15:00:35.189976","anonymous","2018/03/01 08:48:26.0","66569776336E8E76E053E9A7FD0A96EF","1","",""
"WHT-SUPREMO US BUSINESS-10546","WHT-SUPREMO US BUSINESS-10546","OU","Supremo US Business Unit","","USER_DEFINED","2019/11/25 06:29:51.592","FIN_IMPL","2019/11/25 06:30:20.397","98257882E93E1319E053C390DF0ADEFE","1","",""
"WHT-Spain Business Unit-16576","WHT-Spain Business Unit-16576","OU","Spain Business Unit","","FUSION_WHT_MIGRATED","2017/03/19 08:52:40.840559","anonymous","2017/03/19 08:52:40.840559","-1","1","",""
"WHT-Sweden Business Unit-16584","WHT-Sweden Business Unit-16584","OU","Sweden Business Unit","","FUSION_WHT_MIGRATED","2017/03/19 08:52:40.841045","anonymous","2017/03/19 08:52:40.841045","-1","1","",""
"WHT-UK Business Unit-98175","WHT-UK Business Unit-98175","FIRST_PARTY","","LE_FR_1","USER_DEFINED","2014/12/18 06:26:46.025","FIN_IMPL","2014/12/18 06:26:57.05","0A771879F63E3BC5E0536204548C6F13","","",""
"WHT-UK Business Unit-98175","WHT-UK Business Unit-98175","OU","UK Business Unit","","FUSION_WHT_MIGRATED","2014/11/20 15:00:35.187637","anonymous","2014/11/20 15:00:35.187637","-1","1","",""
"WHT-US INS Business Unit-39946","WHT-US INS Business Unit-39946","OU","US INS Business Unit","","FUSION_WHT_MIGRATED","2017/03/19 08:52:40.844362","anonymous","2017/03/19 08:52:40.844362","-1","1","",""
"WHT-US1 Business Unit-87012","WHT-US1 Business Unit-87012","OU","US1 Business Unit","","FUSION_WHT_MIGRATED","2014/07/16 16:13:25.542704","anonymous","2014/07/16 16:13:25.542704","-1","1","",""
"WHT-US1 Business Unit-87012","WHT-US1 Business Unit-87012","FIRST_PARTY","","LE_FR_1","USER_DEFINED","2014/12/18 06:26:46.029","FIN_IMPL","2014/12/18 06:26:57.052","0A771879F63E3BC5E0536204548C6F13","","",""
"WHT-University US Busine-62136","WHT-University US Busine-62136","FIRST_PARTY","","LE_FR_1","USER_DEFINED","2014/12/18 06:26:46.031","FIN_IMPL","2014/12/18 06:26:57.054","0A771879F63E3BC5E0536204548C6F13","","",""
"WHT-University US Busine-62136","WHT-University US Busine-62136","OU","University US Business Unit","","FUSION_WHT_MIGRATED","2014/11/20 15:00:35.190274","anonymous","2014/11/20 15:00:35.190274","-1","1","",""
