"PartyTypeCode","BuName","SupplierFlag","CustomerFlag","SiteFlag","ProcessForApplicabilityFlag","RoundingLevelCode","RoundingRuleCode","WithholdingStartDate","InclusiveTaxFlag","AllowAwtFlag","UseLeAsSubscriberFlag","LegalEstablishmentFlag","FirstPartyLeFlag","ReportingAuthorityFlag","CollectingAuthorityFlag","ProviderTypeCode","CreateAwtDistsTypeCode","CreateAwtInvoicesTypeCode","TaxClassificationCode","SelfAssessFlag","AllowOffsetTaxFlag","EffectiveFromUseLe","RecordTypeCode","CreatedBy","CreationDate","LastUpdatedBy","LastUpdateDate","LastUpdateLogin","RequestId","Attribute1","Attribute2","Attribute3","Attribute4","Attribute5","Attribute6","Attribute7","Attribute8","Attribute9","Attribute10","Attribute11","Attribute12","Attribute13","Attribute14","Attribute15","AttributeCategory","RegistrationTypeCode","CountryCode","MergedStatusCode","ProgramAppName","ProgramName","EnterpriseId","AllowZeroAmtWhtInvFlag","WhtDateBasis","WhtEffectiveFromUseLe","WhtRoundingLevelCode","WhtRoundingRuleCode","WhtUseLeAsSubscriberFlag","TransportPrvdrFlag","UseSystemDefaultsFlag","TaxGrossNetFlag"
"OU","US1 Business Unit","N","N","N","Y","","","","","","N","N","N","N","N","","","","","N","N","","USER_DEFINED","FIN_IMPL","2013/10/25 13:30:59.0","FIN_IMPL","2013/10/25 13:31:02.651","E991C2C7103F56C2E0436204548CC7C1","","","","","","","","","","","","","","","","","","","","","","","1","","","","","","","","",""
"OU","UK Business Unit","N","N","N","Y","","","","","","N","N","N","N","N","","","","","N","N","","USER_DEFINED","FIN_IMPL","2013/11/13 20:59:23.0","FIN_IMPL","2013/11/13 20:59:24.8","EB15A6DE8F9A1BB9E0436204548C40E7","","","","","","","","","","","","","","","","","","","","","","","1","","","","","","","","",""
"OU","France Business Unit","N","N","N","Y","","","","","","N","N","N","N","N","","","","","N","N","","USER_DEFINED","FIN_IMPL","2013/11/15 19:44:07.0","FIN_IMPL","2013/11/15 19:44:08.381","EB3D1BAFB7325D1CE0436204548C91A9","","","","","","","","","","","","","","","","","","","","","","","1","","","","","","","","",""
"OU","China Business Unit","N","N","N","Y","","","","","","N","N","N","N","N","","","","","N","N","","USER_DEFINED","FIN_IMPL","2013/11/22 18:59:08.0","FIN_IMPL","2013/11/22 18:59:09.874","EBC99BE588C617C2E0436204548CE873","","","","","","","","","","","","","","","","","","","","","","","1","","","","","","","","",""
"OU","Australia Business Unit","N","N","N","Y","","","","","","N","N","N","N","N","","","","","N","N","","USER_DEFINED","FIN_IMPL","2013/11/22 19:01:01.0","FIN_IMPL","2013/11/22 19:01:01.145","EBC9A2A901301AB8E0436204548CBBAF","","","","","","","","","","","","","","","","","","","","","","","1","","","","","","","","",""
"OU","India Business Unit","N","N","N","Y","","","","","","Y","N","N","N","N","","","","","N","N","2019/07/17","USER_DEFINED","FIN_IMPL","2013/11/22 19:04:21.0","FIN_IMPL","2019/07/17 09:54:06.0","8DDDBF1378A2ECFFE053C390DF0A7B5D","","","","","","","","","","","","","","","","","","","","","","","1","","","","","","","","",""
"OU","Japan Business Unit","N","N","N","Y","","","","","","N","N","N","N","N","","","","","N","N","","USER_DEFINED","FIN_IMPL","2013/11/22 19:07:12.0","FIN_IMPL","2013/11/22 19:07:12.091","EBC9B8C019E1217CE0436204548C6D0A","","","","","","","","","","","","","","","","","","","","","","","1","","","","","","","","",""
"OU","Singapore Business Unit","N","N","N","Y","","","","","","N","N","N","N","N","","","","","N","N","","USER_DEFINED","HCM_IMPL","2013/11/26 16:32:01.0","HCM_IMPL","2013/11/26 16:32:02.812","EC18051A05527F90E0436204548C10E3","","","","","","","","","","","","","","","","","","","","","","","1","","","","","","","","",""
"OU","Hong Kong Business Unit","N","N","N","Y","","","","","","N","N","N","N","N","","","","","N","N","","USER_DEFINED","HCM_IMPL","2013/11/26 16:32:37.0","HCM_IMPL","2013/11/26 16:32:37.076","EC18074F4931016EE0436204548CDF54","","","","","","","","","","","","","","","","","","","","","","","1","","","","","","","","",""
"OU","Progress UK Business Unit","N","N","N","Y","","","","","","N","N","N","N","N","","","","","N","N","","USER_DEFINED","FIN_IMPL","2014/07/31 19:42:16.0","FIN_IMPL","2014/07/31 19:42:16.032","FF83785899D65D0BE0436204548CC11F","","","","","","","","","","","","","","","","","","","","","","","1","","","","HEADER","UP","N","","",""
"OU","University US Business Unit","N","N","N","Y","","","","","","N","N","N","N","N","","","","","N","N","","USER_DEFINED","FIN_IMPL","2014/11/10 13:56:08.0","FIN_IMPL","2014/11/10 13:56:10.295","0782863C092B6DADE0536204548C925E","","","","","","","","","","","","","","","","","","","","","","","1","","","","HEADER","UP","N","","",""
"OU","US2 Business Unit","N","N","N","Y","","","","","","N","N","N","N","N","","","","","N","N","","USER_DEFINED","HCM_IMPL","2014/08/28 15:48:50.0","HCM_IMPL","2014/08/28 15:48:51.146","01B23C962CAF18D8E0536204548C7A09","","","","","","","","","","","","","","","","","","","","","","","1","","","","HEADER","UP","N","","",""
"OU","Taiwan Business Unit","N","N","N","Y","","","","","","N","N","N","N","N","","","","","N","N","","USER_DEFINED","HCM_IMPL","2015/06/09 10:27:10.0","HCM_IMPL","2015/06/09 10:27:12.046","1814337A25E121B0E0536204548C36D0","","","","","","","","","","","","","","","","","","","","","","","1","","","","HEADER","UP","N","","",""
"OU","Finland Business Unit","N","N","N","Y","","","","","","N","N","N","N","N","","","","","N","N","","USER_DEFINED","HCM_IMPL","2015/06/15 12:53:21.0","HCM_IMPL","2015/06/15 12:53:21.03","188EF1489878227BE0536204548CACD3","","","","","","","","","","","","","","","","","","","","","","","1","","","","HEADER","UP","N","","",""
"OU","Kazakhstan Business Unit","N","N","N","Y","","","","","","N","N","N","N","N","","","","","N","N","","USER_DEFINED","HCM_IMPL","2015/06/15 11:23:34.0","HCM_IMPL","2015/06/15 11:23:34.03","188CDB7954D3144CE0536204548C4ACE","","","","","","","","","","","","","","","","","","","","","","","1","","","","HEADER","UP","N","","",""
"OU","Brazil Business Unit","N","N","N","Y","","","","","","N","N","N","N","N","","","","","N","N","","USER_DEFINED","HCM_IMPL","2015/06/05 13:40:01.0","HCM_IMPL","2015/06/05 13:40:01.166","17C66DCC2F542152E0536204548C160A","","","","","","","","","","","","","","","","","","","","","","","1","","","","HEADER","UP","N","","",""
"OU","South Korea Business Unit","N","N","N","Y","","","","","","N","N","N","N","N","","","","","N","N","","USER_DEFINED","HCM_IMPL","2015/06/05 15:48:43.0","HCM_IMPL","2015/06/05 15:48:43.043","17C83A0AFF221B75E0536204548CEFC1","","","","","","","","","","","","","","","","","","","","","","","1","","","","HEADER","UP","N","","",""
"OU","Switzerland Business Unit","N","N","N","Y","","","","","","N","N","N","N","N","","","","","N","N","","USER_DEFINED","HCM_IMPL","2015/06/12 14:47:56.0","HCM_IMPL","2015/06/12 14:47:56.049","1854318CD6023907E0536204548CF33B","","","","","","","","","","","","","","","","","","","","","","","1","","","","HEADER","UP","N","","",""
"OU","New Zealand Business Unit","N","N","N","Y","","","","","","N","N","N","N","N","","","","","N","N","","USER_DEFINED","HCM_IMPL","2015/06/05 17:18:09.0","HCM_IMPL","2015/06/05 17:18:09.035","17C979DF132F6EA4E0536204548C1431","","","","","","","","","","","","","","","","","","","","","","","1","","","","HEADER","UP","N","","",""
"OU","Saudi Arabia Business Unit","N","N","N","Y","","","","","","N","N","N","N","N","","","","","N","N","","USER_DEFINED","FIN_IMPL","2013/12/10 01:00:44.0","FIN_IMPL","2013/12/10 01:00:45.324","ED24A4666C224DE0E0436204548C4874","","","","","","","","","","","","","","","","","","","","","","","1","","","","","","","","",""
"OU","Italy Business Unit","N","N","N","Y","","","","","","N","N","N","N","N","","","","","N","N","","USER_DEFINED","FIN_IMPL","2013/12/10 01:05:02.0","FIN_IMPL","2013/12/10 01:05:02.053","ED24B3C9BC55519EE0436204548CCCA8","","","","","","","","","","","","","","","","","","","","","","","1","","","","","","","","",""
"OU","Russia Business Unit","N","N","N","Y","","","","","","N","N","N","N","N","","","","","N","N","","USER_DEFINED","FIN_IMPL","2013/12/10 01:05:39.0","FIN_IMPL","2013/12/10 01:05:39.05","ED24B5F4BDC2521AE0436204548C5EC3","","","","","","","","","","","","","","","","","","","","","","","1","","","","","","","","",""
"OU","Germany Business Unit","N","N","N","Y","","","","","","N","N","N","N","N","","","","","N","N","","USER_DEFINED","FIN_IMPL","2013/12/10 01:06:24.0","FIN_IMPL","2013/12/10 01:06:24.11","ED24B8ADDDE652FAE0436204548C24C3","","","","","","","","","","","","","","","","","","","","","","","1","","","","","","","","",""
"OU","Netherlands Business Unit","N","N","N","Y","","","","","","N","N","N","N","N","","","","","N","N","","USER_DEFINED","FIN_IMPL","2013/12/10 01:07:36.0","FIN_IMPL","2013/12/10 01:07:36.055","ED24B5F4BDC3521AE0436204548C5EC3","","","","","","","","","","","","","","","","","","","","","","","1","","","","","","","","",""
"OU","Ukraine Business Unit","N","N","N","Y","","","","","","N","N","N","N","N","","","","","N","N","","USER_DEFINED","HCM_IMPL","2015/06/15 11:00:35.0","HCM_IMPL","2015/06/15 11:00:35.037","188D5E0A2E7237C1E0536204548C53E4","","","","","","","","","","","","","","","","","","","","","","","1","","","","HEADER","UP","N","","",""
"OU","Poland Business Unit","N","N","N","Y","","","","","","N","N","N","N","N","","","","","N","N","","USER_DEFINED","HCM_IMPL","2013/12/12 19:07:29.0","HCM_IMPL","2013/12/12 19:07:29.05","ED5983E9E04A49A2E0436204548C654B","","","","","","","","","","","","","","","","","","","","","","","1","","","","","","","","",""
"OU","Spain Business Unit","N","N","N","Y","","","","","","N","N","N","N","N","","","","","N","N","","USER_DEFINED","HCM_IMPL","2013/12/12 19:06:46.0","HCM_IMPL","2013/12/12 19:06:47.034","ED5981645CB94940E0436204548C02B0","","","","","","","","","","","","","","","","","","","","","","","1","","","","","","","","",""
"OU","Sweden Business Unit","N","N","N","Y","","","","","","N","N","N","N","N","","","","","N","N","","USER_DEFINED","HCM_IMPL","2013/12/12 19:08:37.0","HCM_IMPL","2013/12/12 19:08:37.048","ED5981645CBA4940E0436204548C02B0","","","","","","","","","","","","","","","","","","","","","","","1","","","","","","","","",""
"OU","Denmark Business Unit","N","N","N","Y","","","","","","N","N","N","N","N","","","","","N","N","","USER_DEFINED","HCM_IMPL","2015/06/10 15:31:59.0","HCM_IMPL","2015/06/10 15:32:00.855","182C936AE46D1FB8E0536204548C0FDA","","","","","","","","","","","","","","","","","","","","","","","1","","","","HEADER","UP","N","","",""
"OU","Belgium Business Unit","N","N","N","Y","","","","","","N","N","N","N","N","","","","","N","N","","USER_DEFINED","HCM_IMPL","2015/06/12 13:28:28.0","HCM_IMPL","2015/06/12 13:28:29.923","18508880F07B40E1E0536204548C4E58","","","","","","","","","","","","","","","","","","","","","","","1","","","","HEADER","UP","N","","",""
"OU","Malaysia Business Unit","N","N","N","Y","","","","","","N","N","N","N","N","","","","","N","N","","USER_DEFINED","HCM_IMPL","2015/06/15 10:24:05.0","HCM_IMPL","2015/06/15 10:24:06.98","188CDB7954D2144CE0536204548C4ACE","","","","","","","","","","","","","","","","","","","","","","","1","","","","HEADER","UP","N","","",""
"OU","Healthcare US Business Unit","N","N","N","Y","","","","","","N","N","N","N","N","","","","","N","N","","USER_DEFINED","FIN_IMPL","2014/07/31 12:40:48.0","FIN_IMPL","2014/07/31 12:40:49.589","FF7D95064FD451D7E0436204548C5095","","","","","","","","","","","","","","","","","","","","","","","1","","","","HEADER","UP","N","","",""
"OU","Ireland Business Unit","N","N","N","Y","","","","","","N","N","N","N","N","","","","","N","N","","USER_DEFINED","HCM_IMPL","2015/06/04 09:56:05.0","HCM_IMPL","2015/06/04 09:56:07.468","17AF2F140324699BE0536204548C0775","","","","","","","","","","","","","","","","","","","","","","","1","","","","HEADER","UP","N","","",""
"OU","Mexico Business Unit","N","N","N","Y","","","","","","N","N","N","N","N","","","","","N","N","","USER_DEFINED","FIN_IMPL","2014/08/01 14:46:25.0","FIN_IMPL","2014/08/01 14:46:26.047","FF93741D502712E5E0436204548CA07E","","","","","","","","","","","","","","","","","","","","","","","1","","","","HEADER","UP","N","","",""
"OU","Canada Business Unit","N","N","N","Y","","","","","","N","N","N","N","N","","","","","N","N","","USER_DEFINED","FIN_IMPL","2013/12/20 03:33:35.0","FIN_IMPL","2013/12/20 03:33:36.869","EDEFF16CF4DD5CD5E0436204548CF650","","","","","","","","","","","","","","","","","","","","","","","1","","","","","","","","",""
"OU","Progress US Business Unit","N","N","N","Y","","","","","","N","N","N","N","N","","","","","N","N","","USER_DEFINED","FIN_IMPL","2014/06/10 14:18:22.0","FIN_IMPL","2014/06/10 14:18:23.004","FB7D001166F95A8DE0436204548C8E5F","","","","","","","","","","","","","","","","","","","","","","","1","","","","","","","","",""
"OU","Argentina Business Unit","N","N","N","Y","","","","","","N","N","N","N","N","","","","","N","N","","USER_DEFINED","BETTY.ANDERSON","2016/04/14 12:35:05.0","BETTY.ANDERSON","2016/04/14 12:35:07.107","30721FBC241E6A75E053790B548CCBF4","","","","","","","","","","","","","","","","","","","","","","","1","","","","HEADER","UP","N","","",""
"OU","Kuwait Business Unit","N","N","N","Y","","","","","","N","N","N","N","N","","","","","N","N","","USER_DEFINED","HCM_IMPL","2015/12/21 09:30:23.0","HCM_IMPL","2015/12/21 09:30:23.016","276623710AA116ADE053790B548CE94C","","","","","","","","","","","","","","","","","","","","","","","1","","","","HEADER","UP","N","","",""
"OU","UAE Business Unit","N","N","N","Y","","","","","","N","N","N","N","N","","","","","N","N","","USER_DEFINED","HCM_IMPL","2015/12/21 09:37:35.0","HCM_IMPL","2015/12/21 09:37:35.024","276623710AA216ADE053790B548CE94C","","","","","","","","","","","","","","","","","","","","","","","1","","","","HEADER","UP","N","","",""
"OU","Bahrain Business Unit","N","N","N","Y","","","","","","N","N","N","N","N","","","","","N","N","","USER_DEFINED","HCM_IMPL","2015/12/21 09:40:08.0","HCM_IMPL","2015/12/21 09:40:08.013","276615099DA616B9E053790B548CDECD","","","","","","","","","","","","","","","","","","","","","","","1","","","","HEADER","UP","N","","",""
"OU","Estonia Business Unit","N","N","N","Y","","","","","","N","N","N","N","N","","","","","N","N","","USER_DEFINED","HCM_IMPL","2015/12/21 09:53:18.0","HCM_IMPL","2015/12/21 09:53:18.012","276615099DA716B9E053790B548CDECD","","","","","","","","","","","","","","","","","","","","","","","1","","","","HEADER","UP","N","","",""
"OU","Latvia Business Unit","N","N","N","Y","","","","","","N","N","N","N","N","","","","","N","N","","USER_DEFINED","HCM_IMPL","2015/12/21 09:57:47.0","HCM_IMPL","2015/12/21 09:57:47.015","276623710AA416ADE053790B548CE94C","","","","","","","","","","","","","","","","","","","","","","","1","","","","HEADER","UP","N","","",""
"OU","Oman Business Unit","N","N","N","Y","","","","","","N","N","N","N","N","","","","","N","N","","USER_DEFINED","HCM_IMPL","2015/12/21 10:10:17.0","HCM_IMPL","2015/12/21 10:10:17.011","276615099DA916B9E053790B548CDECD","","","","","","","","","","","","","","","","","","","","","","","1","","","","HEADER","UP","N","","",""
"OU","Qatar Business Unit","N","N","N","Y","","","","","","N","N","N","N","N","","","","","N","N","","USER_DEFINED","HCM_IMPL","2015/12/21 10:13:40.0","HCM_IMPL","2015/12/21 10:13:40.01","276623710AA616ADE053790B548CE94C","","","","","","","","","","","","","","","","","","","","","","","1","","","","HEADER","UP","N","","",""
"OU","Chile Business Unit","N","N","N","Y","","","","","","N","N","N","N","N","","","","","N","N","","USER_DEFINED","BETTY.ANDERSON","2016/04/12 03:31:25.0","BETTY.ANDERSON","2016/04/12 03:31:26.9","30424BB66F6646C6E053790B548C05BD","","","","","","","","","","","","","","","","","","","","","","","1","","","","HEADER","UP","N","","",""
"OU","Turkey Business Unit","N","N","N","Y","","","","","","N","N","N","N","N","","","","","N","N","","USER_DEFINED","BETTY.ANDERSON","2016/04/13 14:43:51.0","BETTY.ANDERSON","2016/04/13 14:43:51.034","305EEB74811D5801E053790B548C4CBC","","","","","","","","","","","","","","","","","","","","","","","1","","","","HEADER","UP","N","","",""
"OU","Norway Business Unit","N","N","N","Y","","","","","","N","N","N","N","N","","","","","N","N","","USER_DEFINED","HCM_IMPL","2015/12/21 09:33:40.0","HCM_IMPL","2015/12/21 09:33:40.013","276615099DA516B9E053790B548CDECD","","","","","","","","","","","","","","","","","","","","","","","1","","","","HEADER","UP","N","","",""
"OU","Hungary Business Unit","N","N","N","Y","","","","","","N","N","N","N","N","","","","","N","N","","USER_DEFINED","HCM_IMPL","2015/12/21 09:42:24.0","HCM_IMPL","2015/12/21 09:42:24.013","276623710AA316ADE053790B548CE94C","","","","","","","","","","","","","","","","","","","","","","","1","","","","HEADER","UP","N","","",""
"OU","Liechtenstein Business Unit","N","N","N","Y","","","","","","N","N","N","N","N","","","","","N","N","","USER_DEFINED","HCM_IMPL","2015/12/21 10:01:38.0","HCM_IMPL","2015/12/21 10:01:38.072","276615099DA816B9E053790B548CDECD","","","","","","","","","","","","","","","","","","","","","","","1","","","","HEADER","UP","N","","",""
"OU","Lithuania Business Unit","N","N","N","Y","","","","","","N","N","N","N","N","","","","","N","N","","USER_DEFINED","HCM_IMPL","2015/12/21 10:06:34.0","HCM_IMPL","2015/12/21 10:06:34.013","276623710AA516ADE053790B548CE94C","","","","","","","","","","","","","","","","","","","","","","","1","","","","HEADER","UP","N","","",""
"OU","Colombia Business Unit","N","N","N","Y","","","","","","N","N","N","N","N","","","","","N","N","","USER_DEFINED","BETTY.ANDERSON","2016/04/13 06:02:16.0","BETTY.ANDERSON","2016/04/13 06:02:17.946","30588513F55E09F0E053790B548C7F41","","","","","","","","","","","","","","","","","","","","","","","1","","","","HEADER","UP","N","","",""
"OU","Vision Retail Business Unit","N","N","N","Y","","","","","","N","N","N","N","N","","","","","N","N","","USER_DEFINED","JOHN.DUNBAR","2015/08/13 21:21:37.0","JOHN.DUNBAR","2015/08/13 21:21:43.963","1D37BA3720A12AAFE0536204548C2F52","","","","","","","","","","","","","","","","","","","","","","","1","","","","HEADER","UP","N","","",""
"OU","Portugal Business Unit","N","N","N","Y","","","","","","N","N","N","N","N","","","","","N","N","","USER_DEFINED","BETTY.ANDERSON","2016/04/13 10:17:57.0","BETTY.ANDERSON","2016/04/13 10:17:59.17","305C1770D26D152DE053790B548C8584","","","","","","","","","","","","","","","","","","","","","","","1","","","","HEADER","UP","N","","",""
"OU","Austria Business Unit","N","N","N","Y","","","","","","N","N","N","N","N","","","","","N","N","","USER_DEFINED","HCM_IMPL","2015/12/21 09:26:22.0","HCM_IMPL","2015/12/21 09:26:24.348","276615099DA416B9E053790B548CDECD","","","","","","","","","","","","","","","","","","","","","","","1","","","","HEADER","UP","N","","",""
"OU","South Africa Business Unit","N","N","N","Y","","","","","","N","N","N","N","N","","","","","N","N","","USER_DEFINED","BETTY.ANDERSON","2016/04/13 11:37:31.0","BETTY.ANDERSON","2016/04/13 11:37:31.034","305C1770D278152DE053790B548C8584","","","","","","","","","","","","","","","","","","","","","","","1","","","","HEADER","UP","N","","",""
"OU","Indonesia Business Unit","N","N","N","Y","","","","","","N","N","N","N","N","","","","","N","N","","USER_DEFINED","BETTY.ANDERSON","2016/04/15 05:27:04.0","BETTY.ANDERSON","2016/04/15 05:27:06.157","308042D957A1267CE053790B548C384F","","","","","","","","","","","","","","","","","","","","","","","1","","","","HEADER","UP","N","","",""
"OU","Czech Business Unit","N","N","N","Y","","","","","","N","N","N","N","N","","","","","N","N","","USER_DEFINED","BETTY.ANDERSON","2016/04/16 09:19:23.0","BETTY.ANDERSON","2016/04/16 09:19:25.013","30979F8186404098E053790B548CD4A4","","","","","","","","","","","","","","","","","","","","","","","1","","","","HEADER","UP","N","","",""
"OU","Vision E and C Business Unit","N","N","N","Y","","","","","","N","N","N","N","N","","","","","N","N","","USER_DEFINED","JOHN.DUNBAR","2016/04/15 19:39:55.0","JOHN.DUNBAR","2016/04/15 19:39:58.686","308C2CE262C83DD5E053790B548CAF5D","","","","","","","","","","","","","","","","","","","","","","","1","","","","HEADER","UP","N","","",""
"OU","Greece Business Unit","N","N","N","Y","","","","","","N","N","N","N","N","","","","","N","N","","USER_DEFINED","BETTY.ANDERSON","2016/04/16 10:36:30.0","BETTY.ANDERSON","2016/04/16 10:36:30.022","3097C54071D74B84E053790B548CF173","","","","","","","","","","","","","","","","","","","","","","","1","","","","HEADER","UP","N","","",""
"OU","Algeria Business Unit","N","N","N","Y","","","","","","N","N","N","N","N","","","","","N","N","","USER_DEFINED","BETTY.ANDERSON","2016/04/16 11:02:19.0","BETTY.ANDERSON","2016/04/16 11:02:19.022","3097C54071D84B84E053790B548CF173","","","","","","","","","","","","","","","","","","","","","","","1","","","","HEADER","UP","N","","",""
"OU","US INS Business Unit","N","N","N","Y","","","","","","N","N","N","N","N","","","","","N","N","","USER_DEFINED","FIN_IMPL","2016/12/06 16:19:56.0","FIN_IMPL","2016/12/06 16:20:01.034","4300AA137A7B07CAE0537AA3FD0AF3F9","","","","","","","","","","","","","","","","","","","","","","","1","","","","HEADER","UP","N","","",""
"OU","Thailand Business Unit","N","N","N","Y","","","","","","N","N","N","N","N","","","","","N","N","","USER_DEFINED","BETTY.ANDERSON","2016/04/19 07:13:42.0","BETTY.ANDERSON","2016/04/19 07:13:42.026","30D1BF5828314112E053790B548C472F","","","","","","","","","","","","","","","","","","","","","","","1","","","","HEADER","UP","N","","",""
"OU","Supremo US Business Unit","N","N","N","Y","","","","","","N","N","N","N","N","","","","","N","N","","USER_DEFINED","FIN_IMPL","2019/01/31 15:18:30.0","FIN_IMPL","2019/01/31 15:18:31.912","80BFEAC893E957B1E053C390DF0A1224","","","","","","","","","","","","","","","","","","","","","","","1","","","","HEADER","UP","N","","",""
"OU","Morocco Business Unit","N","N","N","Y","","","","","","N","N","N","N","N","","","","","N","N","","USER_DEFINED","BETTY.ANDERSON","2016/05/27 11:28:58.0","BETTY.ANDERSON","2016/05/27 11:28:59.36","33D2366D50761671E053CFFBE70A0758","","","","","","","","","","","","","","","","","","","","","","","1","","","","HEADER","UP","N","","",""
"OU","University AU Business Unit","N","N","N","Y","","","","","","N","N","N","N","N","","","","","N","N","","USER_DEFINED","HCM_IMPL","2019/09/10 16:09:37.0","HCM_IMPL","2019/09/10 16:09:38.716","9235CD237F1ED5D3E053C390DF0AD12A","","","","","","","","","","","","","","","","","","","","","","","1","","","","HEADER","UP","N","","",""
"OU","Venezuela Business Unit","N","N","N","Y","","","","","","N","N","N","N","N","","","","","N","N","","USER_DEFINED","BETTY.ANDERSON","2016/04/19 08:43:34.0","BETTY.ANDERSON","2016/04/19 08:43:34.024","30D378F797F83BD7E053790B548C111F","","","","","","","","","","","","","","","","","","","","","","","1","","","","HEADER","UP","N","","",""
"OU","US1 External Learning","N","N","N","Y","","","","","","N","N","N","N","N","","","","","N","N","","USER_DEFINED","CURTIS.FEITTY","2018/10/31 14:15:04.0","CURTIS.FEITTY","2018/10/31 14:15:06.771","79879BDB5DD42AD7E0537990DF0A8E1D","","","","","","","","","","","","","","","","","","","","","","","1","","","","HEADER","UP","N","","",""
"OU","Viet Nam Business Unit","N","N","N","Y","","","","","","N","N","N","N","N","","","","","N","N","","USER_DEFINED","BETTY.ANDERSON","2016/04/19 08:20:26.0","BETTY.ANDERSON","2016/04/19 08:20:26.023","30D1BF5828324112E053790B548C472F","","","","","","","","","","","","","","","","","","","","","","","1","","","","HEADER","UP","N","","",""
"OU","Israel Business Unit","N","N","N","Y","","","","","","N","N","N","N","N","","","","","N","N","","USER_DEFINED","BETTY.ANDERSON","2016/04/18 12:17:38.0","BETTY.ANDERSON","2016/04/18 12:17:38.274","30BFC7DB778E73D3E053790B548C5BB9","","","","","","","","","","","","","","","","","","","","","","","1","","","","HEADER","UP","N","","",""
"OU","Supremo CH Business Unit","N","N","N","Y","","","","","","N","N","N","N","N","","","","","N","N","","USER_DEFINED","FIN_IMPL","2019/08/27 08:05:28.0","FIN_IMPL","2019/08/27 08:05:29.357","91150BA833E03B3BE053C390DF0A0265","","","","","","","","","","","","","","","","","","","","","","","1","","","","HEADER","UP","N","","",""
"OU","Pakistan Business Unit","N","N","N","Y","","","","","","N","N","N","N","N","","","","","N","N","","USER_DEFINED","BETTY.ANDERSON","2016/04/19 08:28:29.0","BETTY.ANDERSON","2016/04/19 08:28:29.019","30D1BF5828334112E053790B548C472F","","","","","","","","","","","","","","","","","","","","","","","1","","","","HEADER","UP","N","","",""
"OU","Fin Svcs UK Business Unit","N","N","N","Y","","","","","","N","N","N","N","N","","","","","N","N","","USER_DEFINED","FIN_IMPL","2016/09/26 15:21:38.0","FIN_IMPL","2016/09/26 15:21:38.02","3D6955FE28405B58E0537AA3FD0A15C3","","","","","","","","","","","","","","","","","","","","","","","1","","","","HEADER","UP","N","","",""
"OU","Romania Business Unit","N","N","N","Y","","","","","","N","N","N","N","N","","","","","N","N","","USER_DEFINED","BETTY.ANDERSON","2016/04/19 07:02:08.0","BETTY.ANDERSON","2016/04/19 07:02:08.02","30D1BF5828304112E053790B548C472F","","","","","","","","","","","","","","","","","","","","","","","1","","","","HEADER","UP","N","","",""
"OU","Fin Svcs US Business Unit","N","N","N","Y","","","","","","N","N","N","N","N","","","","","N","N","","USER_DEFINED","FIN_IMPL","2016/09/26 15:20:25.0","FIN_IMPL","2016/09/26 15:20:27.816","3D6955FE283F5B58E0537AA3FD0A15C3","","","","","","","","","","","","","","","","","","","","","","","1","","","","HEADER","UP","N","","",""
"OU","Luxembourg Business Unit","N","N","N","Y","","","","","","N","N","N","N","N","","","","","N","N","","USER_DEFINED","BETTY.ANDERSON","2016/04/19 06:08:06.0","BETTY.ANDERSON","2016/04/19 06:08:07.921","30D14CF4BBF51FF2E053790B548C8C36","","","","","","","","","","","","","","","","","","","","","","","1","","","","HEADER","UP","N","","",""
"OU","Philippines Business Unit","N","N","N","Y","","","","","","N","N","N","N","N","","","","","N","N","","USER_DEFINED","BETTY.ANDERSON","2016/04/19 06:56:00.0","BETTY.ANDERSON","2016/04/19 06:56:00.036","30D1BF58282F4112E053790B548C472F","","","","","","","","","","","","","","","","","","","","","","","1","","","","HEADER","UP","N","","",""
"OU","Duplicate- Do not use","N","N","N","Y","","","","","","N","N","N","N","N","","","","","N","N","","USER_DEFINED","HCM_IMPL","2021/04/13 08:52:44.0","HCM_IMPL","2021/04/13 08:52:45.62","BF98F9C2888BF636E0532C60FD0AA49D","","","","","","","","","","","","","","","","","","","","","","","1","","","","HEADER","UP","N","","",""
"OU","AAAzzzzProgress UK BU","N","N","N","Y","","","","","","N","N","N","N","N","","","","","N","N","","USER_DEFINED","FIN_IMPL","2021/01/11 12:11:48.0","FIN_IMPL","2021/01/11 12:11:49.306","B89A195782F6F944E0539E90DF0A5AEE","","","","","","","","","","","","","","","","","","","","","","","1","","","","HEADER","UP","N","","",""
"OU","Aquisition Business Unit","N","N","N","Y","","","","","","N","N","N","N","N","","","","","N","N","","USER_DEFINED","CURTIS.FEITTY","2024/01/29 17:12:10.0","CURTIS.FEITTY","2024/01/29 17:12:10.916","0FEF15F216B61447E063CE65F00A8F5A","","","","","","","","","","","","","","","","","","","","","","","1","","","","HEADER","UP","N","","",""
"OU","Federal US Business Unit","N","N","N","Y","","","","","","N","N","N","N","N","","","","","N","N","","USER_DEFINED","FIN_IMPL","2021/01/08 09:32:16.0","FIN_IMPL","2021/01/08 09:32:17.88","B85FF6D50D7E2616E0539E90DF0A6B8D","","","","","","","","","","","","","","","","","","","","","","","1","","","","HEADER","UP","N","","",""
"OU","AU Council Business Unit","N","N","N","Y","","","","","","N","N","N","N","N","","","","","N","N","","USER_DEFINED","FIN_IMPL","2021/02/02 16:50:52.0","FIN_IMPL","2021/02/02 16:50:53.425","BA5CCB5A83A437C4E0539E90DF0AD83E","","","","","","","","","","","","","","","","","","","","","","","1","","","","HEADER","UP","N","","",""
