"ZX_TAX_REGIME.TaxRegimeCode","EffectiveFrom","FirstPtyOrgId","ParentFirstPtyOrgId","TaxRegimeCode","ViewOptionsCode","CreatedBy","CreationDate","EffectiveTo","LastUpdateDate","LastUpdateLogin","LastUpdatedBy","RecordTypeCode","SubscriptionOptionId"
"AT VAT TAX","1973/01/01","-99","-99","AT VAT TAX","VFC","FIN_IMPL","2014/01/14 15:14:51.0","","2014/01/14 15:14:51.11","EFD4A46D9C03342AE0436204548CB83B","FIN_IMPL","USER_DEFINED","0"
"AU COUNCIL","2017/01/01","-99","-99","AU COUNCIL","VFC","FIN_IMPL","2021/02/11 10:22:47.526","","2021/02/11 10:22:58.497","BB0DC241E4C9EC61E0539E90DF0A348D","FIN_IMPL","USER_DEFINED","0"
"AU GST TAX","2000/01/07","-99","-99","AU GST TAX","VFC","FIN_IMPL","2014/01/14 15:14:51.123","","2014/01/14 15:14:51.125","EFD4A46D9C03342AE0436204548CB83B","FIN_IMPL","USER_DEFINED","0"
"BE VAT TAX","1971/01/01","-99","-99","BE VAT TAX","VFC","FIN_IMPL","2014/01/14 15:14:51.129","","2014/01/14 15:14:51.13","EFD4A46D9C03342AE0436204548CB83B","FIN_IMPL","USER_DEFINED","0"
"CA GST","2000/01/01","-99","-99","CA GST","VFC","FIN_IMPL","2016/10/27 11:50:29.948094","","2016/10/27 11:50:29.948094","3FD34E05473D6312E0537AA3FD0A27ED","FIN_IMPL","FUSION_RI_UPLOAD","0"
"CA HST","2000/01/01","-99","-99","CA HST","VFC","FIN_IMPL","2016/10/27 11:50:29.948094","","2016/10/27 11:50:29.948094","3FD34E05473D6312E0537AA3FD0A27ED","FIN_IMPL","FUSION_RI_UPLOAD","0"
"CA PST","2000/01/01","-99","-99","CA PST","VFC","FIN_IMPL","2016/10/27 11:50:29.948094","","2016/10/27 11:50:29.948094","3FD34E05473D6312E0537AA3FD0A27ED","FIN_IMPL","FUSION_RI_UPLOAD","0"
"CA QST","2000/01/01","-99","-99","CA QST","VFC","FIN_IMPL","2016/10/27 11:50:29.948094","","2016/10/27 11:50:29.948094","3FD34E05473D6312E0537AA3FD0A27ED","FIN_IMPL","FUSION_RI_UPLOAD","0"
"CH VAT TAX","1989/12/25","-99","-99","CH VAT TAX","VFC","FIN_IMPL","2018/10/10 04:19:55.241","","2018/10/10 04:20:07.505","77D8E16AB67607ECE0537990DF0AF147","FIN_IMPL","USER_DEFINED","0"
"CN VAT TAX","1994/01/01","-99","-99","CN VAT TAX","VFC","FIN_IMPL","2014/01/14 15:14:51.134","","2014/01/14 15:14:51.135","EFD4A46D9C03342AE0436204548CB83B","FIN_IMPL","USER_DEFINED","0"
"CZ VAT TAX","1993/01/01","-99","-99","CZ VAT TAX","VFC","FIN_IMPL","2014/01/14 15:14:51.138","","2014/01/14 15:14:51.14","EFD4A46D9C03342AE0436204548CB83B","FIN_IMPL","USER_DEFINED","0"
"DE VAT TAX","1961/01/01","-99","-99","DE VAT TAX","VFC","FIN_IMPL","2014/01/14 15:14:51.143","","2014/01/14 15:14:51.144","EFD4A46D9C03342AE0436204548CB83B","FIN_IMPL","USER_DEFINED","0"
"DK VAT TAX","1967/07/03","-99","-99","DK VAT TAX","VFC","FIN_IMPL","2014/01/14 15:14:51.147","","2014/01/14 15:14:51.148","EFD4A46D9C03342AE0436204548CB83B","FIN_IMPL","USER_DEFINED","0"
"ES VAT TAX","1986/01/01","-99","-99","ES VAT TAX","VFC","FIN_IMPL","2014/01/14 15:14:51.152","","2014/01/14 15:14:51.154","EFD4A46D9C03342AE0436204548CB83B","FIN_IMPL","USER_DEFINED","0"
"FI VAT TAX","1994/06/01","-99","-99","FI VAT TAX","VFC","FIN_IMPL","2014/01/14 15:14:51.157","","2014/01/14 15:14:51.158","EFD4A46D9C03342AE0436204548CB83B","FIN_IMPL","USER_DEFINED","0"
"FR VAT TAX","1954/04/10","-99","-99","FR VAT TAX","VFC","FIN_IMPL","2014/01/14 15:14:51.161","","2014/01/14 15:14:51.162","EFD4A46D9C03342AE0436204548CB83B","FIN_IMPL","USER_DEFINED","0"
"GB PROGRESS VAT","2018/01/01","-99","-99","GB PROGRESS VAT","VFC","FIN_IMPL","2021/08/19 17:11:35.768","","2021/08/19 17:11:45.91","C831AEF3750FB8C5E0530364FD0A3B03","FIN_IMPL","USER_DEFINED","0"
"GB VAT TAX","1979/06/18","-99","-99","GB VAT TAX","VFC","FIN_IMPL","2014/01/14 15:14:51.165","","2014/01/14 15:14:51.166","EFD4A46D9C03342AE0436204548CB83B","FIN_IMPL","USER_DEFINED","0"
"HU VAT TAX","1988/01/01","-99","-99","HU VAT TAX","VFC","FIN_IMPL","2014/01/14 15:14:51.169","","2014/01/14 15:14:51.171","EFD4A46D9C03342AE0436204548CB83B","FIN_IMPL","USER_DEFINED","0"
"IE VAT TAX","1972/11/01","-99","-99","IE VAT TAX","VFC","FIN_IMPL","2014/01/14 15:14:51.174","","2014/01/14 15:14:51.175","EFD4A46D9C03342AE0436204548CB83B","FIN_IMPL","USER_DEFINED","0"
"INDIA TDS","2019/04/01","-99","-99","INDIA TDS","VFC","FIN_IMPL","2021/11/18 07:51:00.914","","2021/11/18 07:51:11.566","D040314174E162E9E0530264FD0AEF04","FIN_IMPL","USER_DEFINED","0"
"IT VAT TAX","1973/01/01","-99","-99","IT VAT TAX","VFC","FIN_IMPL","2014/01/14 15:14:51.179","","2014/01/14 15:14:51.181","EFD4A46D9C03342AE0436204548CB83B","FIN_IMPL","USER_DEFINED","0"
"India GST","2017/01/01","-99","-99","India GST","VFC","FIN_IMPL","2019/07/17 09:17:40.527431","","2019/07/17 09:21:46.504993","8DB3B69BB3AB2A90E053C390DF0A9A90","FIN_IMPL","FUSION_RI_UPLOAD","0"
"JP CT","2000/01/01","-99","-99","JP CT","VFC","FIN_IMPL","2015/03/20 07:21:36.775","","2015/03/20 07:21:44.142","11AF21CF12DB6F4DE0536204548CF824","FIN_IMPL","USER_DEFINED","0"
"LU VAT TAX","1970/01/01","-99","-99","LU VAT TAX","VFC","FIN_IMPL","2014/01/14 15:14:51.184","","2014/01/14 15:14:51.186","EFD4A46D9C03342AE0436204548CB83B","FIN_IMPL","USER_DEFINED","0"
"NL VAT TAX","1969/01/01","-99","-99","NL VAT TAX","VFC","FIN_IMPL","2014/01/14 15:14:51.19","","2014/01/14 15:14:51.192","EFD4A46D9C03342AE0436204548CB83B","FIN_IMPL","USER_DEFINED","0"
"NZ GST TAX","1986/01/10","-99","-99","NZ GST TAX","VFC","FIN_IMPL","2014/01/14 15:14:51.196","","2014/01/14 15:14:51.199","EFD4A46D9C03342AE0436204548CB83B","FIN_IMPL","USER_DEFINED","0"
"PL VAT TAX","1993/05/07","-99","-99","PL VAT TAX","VFC","FIN_IMPL","2014/01/14 15:14:51.203","","2014/01/14 15:14:51.204","EFD4A46D9C03342AE0436204548CB83B","FIN_IMPL","USER_DEFINED","0"
"PT VAT TAX","1986/01/01","-99","-99","PT VAT TAX","VFC","FIN_IMPL","2014/01/14 15:14:51.207","","2014/01/14 15:14:51.209","EFD4A46D9C03342AE0436204548CB83B","FIN_IMPL","USER_DEFINED","0"
"SE VAT TAX","1969/01/01","-99","-99","SE VAT TAX","VFC","FIN_IMPL","2014/01/14 15:14:51.212","","2014/01/14 15:14:51.213","EFD4A46D9C03342AE0436204548CB83B","FIN_IMPL","USER_DEFINED","0"
"SG GST TAX","1994/01/04","-99","-99","SG GST TAX","VFC","FIN_IMPL","2014/01/14 15:14:51.216","","2014/01/14 15:14:51.217","EFD4A46D9C03342AE0436204548CB83B","FIN_IMPL","USER_DEFINED","0"
"SK VAT TAX","1993/01/03","-99","-99","SK VAT TAX","VFC","FIN_IMPL","2014/01/14 15:14:51.22","","2014/01/14 15:14:51.221","EFD4A46D9C03342AE0436204548CB83B","FIN_IMPL","USER_DEFINED","0"
"TW VAT TAX","1985/11/15","-99","-99","TW VAT TAX","VFC","FIN_IMPL","2014/01/14 15:14:51.224","","2014/01/14 15:14:51.225","EFD4A46D9C03342AE0436204548CB83B","FIN_IMPL","USER_DEFINED","0"
"US SALES AND USE TAX","1950/01/01","-99","-99","US SALES AND USE TAX","VFC","FIN_IMPL","2013/10/25 14:27:17.704","","2013/10/25 14:28:05.672","E98EBBFA9525179CE0436204548C479C","FIN_IMPL","USER_DEFINED","0"
"WHT-AUSTRALIA COUNCIL","2017/01/01","-99","-99","WHT-AUSTRALIA COUNCIL","VFC","FIN_IMPL","2021/02/12 08:58:03.589","","2021/02/12 08:58:12.811","BB1DB857B2D49CE7E0539E90DF0AB03A","FIN_IMPL","USER_DEFINED","0"
"WHT-Australia Business U-26661","1951/01/01","-99","-99","WHT-Australia Business U-26661","VFC","anonymous","2017/03/19 08:52:41.073749","","2017/03/19 08:52:41.073749","-1","anonymous","FUSION_WHT_MIGRATED","0"
"WHT-Belgium Business Uni-78322","1951/01/01","-99","-99","WHT-Belgium Business Uni-78322","VFC","anonymous","2017/03/19 08:52:41.073749","","2017/03/19 08:52:41.073749","-1","anonymous","FUSION_WHT_MIGRATED","0"
"WHT-Canada Business Unit-71153","1951/01/01","-99","-99","WHT-Canada Business Unit-71153","VFC","anonymous","2017/03/19 08:52:41.073749","","2017/03/19 08:52:41.073749","-1","anonymous","FUSION_WHT_MIGRATED","0"
"WHT-China Business Unit-26657","1951/01/01","-99","-99","WHT-China Business Unit-26657","VFC","anonymous","2014/11/20 15:00:35.202663","","2014/11/20 15:00:35.202663","-1","anonymous","FUSION_WHT_MIGRATED","0"
"WHT-Fin Svcs UK Business-79374","1951/01/01","-99","-99","WHT-Fin Svcs UK Business-79374","VFC","anonymous","2017/03/19 08:52:41.073749","","2017/03/19 08:52:41.073749","-1","anonymous","FUSION_WHT_MIGRATED","0"
"WHT-Fin Svcs US Business-79348","1951/01/01","-99","-99","WHT-Fin Svcs US Business-79348","VFC","anonymous","2017/03/19 08:52:41.073749","","2017/03/19 08:52:41.073749","-1","anonymous","FUSION_WHT_MIGRATED","0"
"WHT-France Business Unit-68131","1951/01/01","-99","-99","WHT-France Business Unit-68131","VFC","anonymous","2014/11/20 15:00:35.202663","","2014/11/20 15:00:35.202663","-1","anonymous","FUSION_WHT_MIGRATED","0"
"WHT-Germany Business Uni-08425","1951/01/01","-99","-99","WHT-Germany Business Uni-08425","VFC","anonymous","2017/03/19 08:52:41.073749","","2017/03/19 08:52:41.073749","-1","anonymous","FUSION_WHT_MIGRATED","0"
"WHT-Healthcare US Busine-74743","1951/01/01","-99","-99","WHT-Healthcare US Busine-74743","VFC","anonymous","2016/02/26 11:02:04.300699","","2016/02/26 11:02:04.300699","-1","anonymous","FUSION_WHT_MIGRATED","0"
"WHT-Italy Business Unit-08417","1951/01/01","-99","-99","WHT-Italy Business Unit-08417","VFC","anonymous","2016/02/26 11:02:04.300699","","2016/02/26 11:02:04.300699","-1","anonymous","FUSION_WHT_MIGRATED","0"
"WHT-JAPAN BUSINESS UNIT","2000/01/01","-99","-99","WHT-JAPAN BUSINESS UNIT","VFC","FIN_IMPL","2015/07/27 21:11:38.414155","","2015/07/27 21:11:38.414155","1BE09BF4BABF2DD4E0536204548CC4B1","FIN_IMPL","USER_DEFINED","0"
"WHT-Japan Business Unit-26669","1951/01/01","-99","-99","WHT-Japan Business Unit-26669","VFC","anonymous","2016/02/26 11:02:04.300699","","2016/02/26 11:02:04.300699","-1","anonymous","FUSION_WHT_MIGRATED","0"
"WHT-Netherlands Business-08429","1951/01/01","-99","-99","WHT-Netherlands Business-08429","VFC","anonymous","2017/03/19 08:52:41.073749","","2017/03/19 08:52:41.073749","-1","anonymous","FUSION_WHT_MIGRATED","0"
"WHT-Progress US Business-88561","1951/01/01","-99","-99","WHT-Progress US Business-88561","VFC","anonymous","2014/11/20 15:00:35.202663","","2014/11/20 15:00:35.202663","-1","anonymous","FUSION_WHT_MIGRATED","0"
"WHT-SUPREMO US BUSINESS-10546","2017/01/01","-99","-99","WHT-SUPREMO US BUSINESS-10546","VFC","FIN_IMPL","2019/11/25 06:29:51.463","","2019/11/25 06:29:59.022","98257882E93E1319E053C390DF0ADEFE","FIN_IMPL","USER_DEFINED","0"
"WHT-Spain Business Unit-16576","1951/01/01","-99","-99","WHT-Spain Business Unit-16576","VFC","anonymous","2017/03/19 08:52:41.073749","","2017/03/19 08:52:41.073749","-1","anonymous","FUSION_WHT_MIGRATED","0"
"WHT-Sweden Business Unit-16584","1951/01/01","-99","-99","WHT-Sweden Business Unit-16584","VFC","anonymous","2017/03/19 08:52:41.073749","","2017/03/19 08:52:41.073749","-1","anonymous","FUSION_WHT_MIGRATED","0"
"WHT-UK Business Unit-98175","1951/01/01","-99","-99","WHT-UK Business Unit-98175","VFC","anonymous","2014/11/20 15:00:35.202663","","2014/11/20 15:00:35.202663","-1","anonymous","FUSION_WHT_MIGRATED","0"
"WHT-US INS Business Unit-39946","1951/01/01","-99","-99","WHT-US INS Business Unit-39946","VFC","anonymous","2017/03/19 08:52:41.073749","","2017/03/19 08:52:41.073749","-1","anonymous","FUSION_WHT_MIGRATED","0"
"WHT-US1 Business Unit-87012","1951/01/01","-99","-99","WHT-US1 Business Unit-87012","VFC","anonymous","2014/07/16 16:13:25.666173","","2014/07/16 16:13:25.666173","-1","anonymous","FUSION_WHT_MIGRATED","0"
"WHT-University US Busine-62136","1951/01/01","-99","-99","WHT-University US Busine-62136","VFC","anonymous","2014/11/20 15:00:35.202663","","2014/11/20 15:00:35.202663","-1","anonymous","FUSION_WHT_MIGRATED","0"
