"ZX_TAX_REGIME.TaxRegimeCode","ORA_ZX_BU_REGIME_USAGE.TaxRegimeCode","ORA_ZX_BU_REGIME_USAGE.FirstPtyPartyTypeCode","ORA_ZX_BU_REGIME_USAGE.FirstPtyBuName","ORA_ZX_BU_REGIME_USAGE.LegalEntityIdentifier","ZX_BU_REGIME_SUBSCRIPTION.EffectiveFrom","ZX_BU_REGIME_SUBSCRIPTION.EnabledFlag","ViewOptionsCode","TaxRegimeCode","EffectiveFrom","FirstPtyBuName","ParentFirstPtyBuName","EffectiveTo","RecordTypeCode","CreationDate","CreatedBy","LastUpdateDate","LastUpdatedBy","LastUpdateLogin","FirstPtyPartyTypeCode","ParentFirstPtyPartyTypeCode","FirstPtyEnterpriseId","ParentFirstPtyEnterpriseId","FirstPtyLegalEntityIdentifier","ParentPtyLegalEntityIdentifier"
"AU COUNCIL","AU COUNCIL","FIRST_PARTY","","LE_AU_01","2017/01/01","Y","VFC","AU COUNCIL","2017/01/01","","","","USER_DEFINED","2021/02/11 10:22:55.106","FIN_IMPL","2021/02/11 10:22:58.558","FIN_IMPL","BB0DC241E4C9EC61E0539E90DF0A348D","FIRST_PARTY","FIRST_PARTY","","","LE_AU_01","LE_AU_01"
"AU COUNCIL","AU COUNCIL","FIRST_PARTY","","LE_AU_01","2017/01/01","Y","VFR","AU COUNCIL","2017/01/01","","","","USER_DEFINED","2021/02/11 10:22:55.109","FIN_IMPL","2021/02/11 10:22:58.559","FIN_IMPL","BB0DC241E4C9EC61E0539E90DF0A348D","FIRST_PARTY","GCO","","","LE_AU_01",""
"AU COUNCIL","AU COUNCIL","OU","AU Council Business Unit","","2017/01/01","Y","VFC","AU COUNCIL","2017/01/01","AU Council Business Unit","AU Council Business Unit","","USER_DEFINED","2021/02/11 10:22:55.1","FIN_IMPL","2021/02/11 10:22:58.554","FIN_IMPL","BB0DC241E4C9EC61E0539E90DF0A348D","OU","OU","1","1","",""
"AU COUNCIL","AU COUNCIL","OU","AU Council Business Unit","","2017/01/01","Y","VFR","AU COUNCIL","2017/01/01","AU Council Business Unit","","","USER_DEFINED","2021/02/11 10:22:55.103","FIN_IMPL","2021/02/11 10:22:58.556","FIN_IMPL","BB0DC241E4C9EC61E0539E90DF0A348D","OU","GCO","1","","",""
"AU GST TAX","AU GST TAX","FIRST_PARTY","","LE_AU_1","2000/01/07","Y","VFC","AU GST TAX","2000/01/07","","","","USER_DEFINED","2016/08/02 11:09:08.777","FIN_IMPL","2017/05/02 07:49:33.182","FIN_IMPL","4E85A0BD882822B5E053C4AEFD0A955B","FIRST_PARTY","FIRST_PARTY","","","LE_AU_1","LE_AU_1"
"AU GST TAX","AU GST TAX","FIRST_PARTY","","LE_AU_1","2000/01/07","Y","VFR","AU GST TAX","2000/01/07","","","","USER_DEFINED","2016/08/02 11:09:08.791","FIN_IMPL","2017/05/02 07:49:33.184","FIN_IMPL","4E85A0BD882822B5E053C4AEFD0A955B","FIRST_PARTY","GCO","","","LE_AU_1",""
"AU GST TAX","AU GST TAX","OU","Australia Business Unit","","2000/01/07","Y","VFC","AU GST TAX","2000/01/07","Australia Business Unit","Australia Business Unit","","USER_DEFINED","2016/08/02 11:09:08.794","FIN_IMPL","2017/05/02 07:49:33.172","FIN_IMPL","4E85A0BD882822B5E053C4AEFD0A955B","OU","OU","1","1","",""
"AU GST TAX","AU GST TAX","OU","Australia Business Unit","","2000/01/07","Y","VFR","AU GST TAX","2000/01/07","Australia Business Unit","","","USER_DEFINED","2016/08/02 11:09:08.796","FIN_IMPL","2017/05/02 07:49:33.179","FIN_IMPL","4E85A0BD882822B5E053C4AEFD0A955B","OU","GCO","1","","",""
"CA GST","CA GST","OU","Canada Business Unit","","2000/01/01","Y","VFC","CA GST","2000/01/01","Canada Business Unit","Canada Business Unit","","FUSION_RI_UPLOAD","2016/10/27 11:55:23.159122","FIN_IMPL","2016/10/27 11:55:23.159122","FIN_IMPL","3FD5430A46614FACE0537AA3FD0ADF47","OU","OU","1","1","",""
"CA GST","CA GST","OU","Canada Business Unit","","2000/01/01","Y","VFR","CA GST","2000/01/01","Canada Business Unit","","","FUSION_RI_UPLOAD","2016/10/27 11:55:23.161784","FIN_IMPL","2016/10/27 11:55:23.161784","FIN_IMPL","3FD5430A46614FACE0537AA3FD0ADF47","OU","GCO","1","","",""
"CA HST","CA HST","OU","Canada Business Unit","","2000/01/01","Y","VFC","CA HST","2000/01/01","Canada Business Unit","Canada Business Unit","","FUSION_RI_UPLOAD","2016/10/27 11:55:23.159122","FIN_IMPL","2016/10/27 11:55:23.159122","FIN_IMPL","3FD5430A46614FACE0537AA3FD0ADF47","OU","OU","1","1","",""
"CA HST","CA HST","OU","Canada Business Unit","","2000/01/01","Y","VFR","CA HST","2000/01/01","Canada Business Unit","","","FUSION_RI_UPLOAD","2016/10/27 11:55:23.161784","FIN_IMPL","2016/10/27 11:55:23.161784","FIN_IMPL","3FD5430A46614FACE0537AA3FD0ADF47","OU","GCO","1","","",""
"CA PST","CA PST","OU","Canada Business Unit","","2000/01/01","Y","VFC","CA PST","2000/01/01","Canada Business Unit","Canada Business Unit","","FUSION_RI_UPLOAD","2016/10/27 11:55:23.159122","FIN_IMPL","2016/10/27 11:55:23.159122","FIN_IMPL","3FD5430A46614FACE0537AA3FD0ADF47","OU","OU","1","1","",""
"CA PST","CA PST","OU","Canada Business Unit","","2000/01/01","Y","VFR","CA PST","2000/01/01","Canada Business Unit","","","FUSION_RI_UPLOAD","2016/10/27 11:55:23.161784","FIN_IMPL","2016/10/27 11:55:23.161784","FIN_IMPL","3FD5430A46614FACE0537AA3FD0ADF47","OU","GCO","1","","",""
"CA QST","CA QST","OU","Canada Business Unit","","2000/01/01","Y","VFC","CA QST","2000/01/01","Canada Business Unit","Canada Business Unit","","FUSION_RI_UPLOAD","2016/10/27 11:55:23.159122","FIN_IMPL","2016/10/27 11:55:23.159122","FIN_IMPL","3FD5430A46614FACE0537AA3FD0ADF47","OU","OU","1","1","",""
"CA QST","CA QST","OU","Canada Business Unit","","2000/01/01","Y","VFR","CA QST","2000/01/01","Canada Business Unit","","","FUSION_RI_UPLOAD","2016/10/27 11:55:23.161784","FIN_IMPL","2016/10/27 11:55:23.161784","FIN_IMPL","3FD5430A46614FACE0537AA3FD0ADF47","OU","GCO","1","","",""
"CH VAT TAX","CH VAT TAX","FIRST_PARTY","","LE_CH_1","1989/12/25","Y","VFC","CH VAT TAX","1989/12/25","","","","USER_DEFINED","2018/10/10 04:20:01.672","FIN_IMPL","2019/11/29 08:24:42.065","FIN_IMPL","9878CA3FC6BD1A62E053C390DF0A7240","FIRST_PARTY","FIRST_PARTY","","","LE_CH_1","LE_CH_1"
"CH VAT TAX","CH VAT TAX","FIRST_PARTY","","LE_CH_1","1989/12/25","Y","VFR","CH VAT TAX","1989/12/25","","","","USER_DEFINED","2018/10/10 04:20:01.678","FIN_IMPL","2019/11/29 08:24:42.066","FIN_IMPL","9878CA3FC6BD1A62E053C390DF0A7240","FIRST_PARTY","GCO","","","LE_CH_1",""
"CH VAT TAX","CH VAT TAX","OU","Switzerland Business Unit","","1989/12/25","Y","VFC","CH VAT TAX","1989/12/25","Switzerland Business Unit","Switzerland Business Unit","","USER_DEFINED","2018/10/10 04:20:01.663","FIN_IMPL","2019/11/29 08:24:42.057","FIN_IMPL","9878CA3FC6BD1A62E053C390DF0A7240","OU","OU","1","1","",""
"CH VAT TAX","CH VAT TAX","OU","Switzerland Business Unit","","1989/12/25","Y","VFR","CH VAT TAX","1989/12/25","Switzerland Business Unit","","","USER_DEFINED","2018/10/10 04:20:01.668","FIN_IMPL","2019/11/29 08:24:42.059","FIN_IMPL","9878CA3FC6BD1A62E053C390DF0A7240","OU","GCO","1","","",""
"CH VAT TAX","CH VAT TAX","OU","Supremo CH Business Unit","","2017/01/01","Y","VFC","CH VAT TAX","2017/01/01","Supremo CH Business Unit","Supremo CH Business Unit","","USER_DEFINED","2019/11/07 09:58:45.829","FIN_IMPL","2019/11/29 08:24:42.062","FIN_IMPL","9878CA3FC6BD1A62E053C390DF0A7240","OU","OU","1","1","",""
"CH VAT TAX","CH VAT TAX","OU","Supremo CH Business Unit","","2017/01/01","Y","VFR","CH VAT TAX","2017/01/01","Supremo CH Business Unit","","","USER_DEFINED","2019/11/07 09:58:45.925","FIN_IMPL","2019/11/29 08:24:42.063","FIN_IMPL","9878CA3FC6BD1A62E053C390DF0A7240","OU","GCO","1","","",""
"CH VAT TAX","CH VAT TAX","FIRST_PARTY","","LE_E360CH","2017/01/01","Y","VFC","CH VAT TAX","2017/01/01","","","","USER_DEFINED","2019/11/07 09:58:45.93","FIN_IMPL","2019/11/29 08:24:42.06","FIN_IMPL","9878CA3FC6BD1A62E053C390DF0A7240","FIRST_PARTY","FIRST_PARTY","","","LE_E360CH","LE_E360CH"
"CH VAT TAX","CH VAT TAX","FIRST_PARTY","","LE_E360CH","2017/01/01","Y","VFR","CH VAT TAX","2017/01/01","","","","USER_DEFINED","2019/11/07 09:58:45.936","FIN_IMPL","2019/11/29 08:24:42.061","FIN_IMPL","9878CA3FC6BD1A62E053C390DF0A7240","FIRST_PARTY","GCO","","","LE_E360CH",""
"CN VAT TAX","CN VAT TAX","OU","China Business Unit","","1994/01/01","Y","VFC","CN VAT TAX","1994/01/01","China Business Unit","China Business Unit","","USER_DEFINED","2014/06/13 11:42:58.0","FIN_IMPL","2014/06/13 11:45:03.274","FIN_IMPL","FBB5D3EE0E5F7174E0436204548C04A1","OU","OU","1","1","",""
"CN VAT TAX","CN VAT TAX","OU","China Business Unit","","1994/01/01","Y","VFR","CN VAT TAX","1994/01/01","China Business Unit","","","USER_DEFINED","2014/06/13 11:42:58.033","FIN_IMPL","2014/06/13 11:45:03.276","FIN_IMPL","FBB5D3EE0E5F7174E0436204548C04A1","OU","GCO","1","","",""
"CN VAT TAX","CN VAT TAX","OU","China Business Unit","","1994/01/01","Y","VFC","CN VAT TAX","1994/01/01","","","","USER_DEFINED","2014/12/18 06:26:46.058","FIN_IMPL","2014/12/18 06:26:57.056","FIN_IMPL","0A771879F63E3BC5E0536204548C6F13","FIRST_PARTY","FIRST_PARTY","","","LE_FR_1","LE_FR_1"
"CN VAT TAX","CN VAT TAX","OU","China Business Unit","","1994/01/01","Y","VFR","CN VAT TAX","1994/01/01","","","","USER_DEFINED","2014/12/18 06:26:46.072","FIN_IMPL","2014/12/18 06:26:57.063","FIN_IMPL","0A771879F63E3BC5E0536204548C6F13","FIRST_PARTY","GCO","","","LE_FR_1",""
"DE VAT TAX","DE VAT TAX","FIRST_PARTY","","LE_DE_1","1954/04/10","Y","VFC","DE VAT TAX","1954/04/10","","","","USER_DEFINED","2016/10/20 08:48:24.879","FIN_IMPL","2016/10/20 08:52:55.482","FIN_IMPL","3F47D39422E91733E0537AA3FD0A64A1","FIRST_PARTY","FIRST_PARTY","","","LE_DE_1","LE_DE_1"
"DE VAT TAX","DE VAT TAX","FIRST_PARTY","","LE_DE_1","1954/04/10","Y","VFR","DE VAT TAX","1954/04/10","","","","USER_DEFINED","2016/10/20 08:48:24.907","FIN_IMPL","2016/10/20 08:52:55.484","FIN_IMPL","3F47D39422E91733E0537AA3FD0A64A1","FIRST_PARTY","GCO","","","LE_DE_1",""
"DE VAT TAX","DE VAT TAX","OU","Germany Business Unit","","1954/04/10","Y","VFC","DE VAT TAX","1954/04/10","Germany Business Unit","Germany Business Unit","","USER_DEFINED","2016/10/20 08:48:24.911","FIN_IMPL","2016/10/20 08:52:55.478","FIN_IMPL","3F47D39422E91733E0537AA3FD0A64A1","OU","OU","1","1","",""
"DE VAT TAX","DE VAT TAX","OU","Germany Business Unit","","1954/04/10","Y","VFR","DE VAT TAX","1954/04/10","Germany Business Unit","","","USER_DEFINED","2016/10/20 08:48:24.915","FIN_IMPL","2016/10/20 08:52:55.48","FIN_IMPL","3F47D39422E91733E0537AA3FD0A64A1","OU","GCO","1","","",""
"ES VAT TAX","ES VAT TAX","FIRST_PARTY","","LE_ES_1","1986/01/01","Y","VFC","ES VAT TAX","1986/01/01","","","","USER_DEFINED","2016/08/25 11:08:21.034","FIN_IMPL","2016/08/25 11:09:59.987","FIN_IMPL","3AE1036FA1D654BAE0537AA3FD0A7D24","FIRST_PARTY","FIRST_PARTY","","","LE_ES_1","LE_ES_1"
"ES VAT TAX","ES VAT TAX","FIRST_PARTY","","LE_ES_1","1986/01/01","Y","VFR","ES VAT TAX","1986/01/01","","","","USER_DEFINED","2016/08/25 11:08:21.054","FIN_IMPL","2016/08/25 11:09:59.989","FIN_IMPL","3AE1036FA1D654BAE0537AA3FD0A7D24","FIRST_PARTY","GCO","","","LE_ES_1",""
"ES VAT TAX","ES VAT TAX","OU","Spain Business Unit","","1986/01/01","Y","VFC","ES VAT TAX","1986/01/01","Spain Business Unit","Spain Business Unit","","USER_DEFINED","2016/08/25 11:09:53.642","FIN_IMPL","2016/08/25 11:09:59.985","FIN_IMPL","3AE1036FA1D654BAE0537AA3FD0A7D24","OU","OU","1","1","",""
"ES VAT TAX","ES VAT TAX","OU","Spain Business Unit","","1986/01/01","Y","VFR","ES VAT TAX","1986/01/01","Spain Business Unit","","","USER_DEFINED","2016/08/25 11:09:53.646","FIN_IMPL","2016/08/25 11:09:59.986","FIN_IMPL","3AE1036FA1D654BAE0537AA3FD0A7D24","OU","GCO","1","","",""
"FR VAT TAX","FR VAT TAX","OU","France Business Unit","","1954/04/10","Y","VFC","FR VAT TAX","1954/04/10","","","","USER_DEFINED","2014/12/15 11:39:17.163","FIN_IMPL","2014/12/18 06:26:57.068","FIN_IMPL","0A771879F63E3BC5E0536204548C6F13","FIRST_PARTY","FIRST_PARTY","","","LE_FR_1","LE_FR_1"
"FR VAT TAX","FR VAT TAX","OU","France Business Unit","","1954/04/10","Y","VFR","FR VAT TAX","1954/04/10","","","","USER_DEFINED","2014/12/15 11:39:17.177","FIN_IMPL","2014/12/18 06:26:57.072","FIN_IMPL","0A771879F63E3BC5E0536204548C6F13","FIRST_PARTY","GCO","","","LE_FR_1",""
"FR VAT TAX","FR VAT TAX","OU","France Business Unit","","1954/04/10","Y","VFC","FR VAT TAX","1954/04/10","France Business Unit","France Business Unit","","USER_DEFINED","2014/01/14 15:16:41.409","FIN_IMPL","2014/12/17 09:58:02.009","FIN_IMPL","0A642232B5811219E0536204548C53A0","OU","OU","1","1","",""
"FR VAT TAX","FR VAT TAX","OU","France Business Unit","","1954/04/10","Y","VFR","FR VAT TAX","1954/04/10","France Business Unit","","","USER_DEFINED","2014/01/14 15:16:41.416","FIN_IMPL","2014/12/17 09:58:02.012","FIN_IMPL","0A642232B5811219E0536204548C53A0","OU","GCO","1","","",""
"GB PROGRESS VAT","GB PROGRESS VAT","FIRST_PARTY","","LE_PROG_UK","2018/01/01","Y","VFC","GB PROGRESS VAT","2018/01/01","","","","USER_DEFINED","2021/08/19 17:11:42.238","FIN_IMPL","2021/08/19 17:11:45.93","FIN_IMPL","C831AEF3750FB8C5E0530364FD0A3B03","FIRST_PARTY","FIRST_PARTY","","","LE_PROG_UK","LE_PROG_UK"
"GB PROGRESS VAT","GB PROGRESS VAT","FIRST_PARTY","","LE_PROG_UK","2018/01/01","Y","VFR","GB PROGRESS VAT","2018/01/01","","","","USER_DEFINED","2021/08/19 17:11:42.241","FIN_IMPL","2021/08/19 17:11:45.931","FIN_IMPL","C831AEF3750FB8C5E0530364FD0A3B03","FIRST_PARTY","GCO","","","LE_PROG_UK",""
"GB PROGRESS VAT","GB PROGRESS VAT","OU","Progress UK Business Unit","","2018/01/01","Y","VFC","GB PROGRESS VAT","2018/01/01","Progress UK Business Unit","Progress UK Business Unit","","USER_DEFINED","2021/08/19 17:11:42.232","FIN_IMPL","2021/08/19 17:11:45.928","FIN_IMPL","C831AEF3750FB8C5E0530364FD0A3B03","OU","OU","1","1","",""
"GB PROGRESS VAT","GB PROGRESS VAT","OU","Progress UK Business Unit","","2018/01/01","Y","VFR","GB PROGRESS VAT","2018/01/01","Progress UK Business Unit","","","USER_DEFINED","2021/08/19 17:11:42.235","FIN_IMPL","2021/08/19 17:11:45.929","FIN_IMPL","C831AEF3750FB8C5E0530364FD0A3B03","OU","GCO","1","","",""
"GB VAT TAX","GB VAT TAX","FIRST_PARTY","","LE_UK_1","1979/06/18","Y","VFC","GB VAT TAX","1979/06/18","","","","USER_DEFINED","2014/12/31 04:46:56.921","FIN_IMPL","2014/12/31 04:47:15.398","FIN_IMPL","0B79D87E3B8F4D3BE0536204548C19B9","FIRST_PARTY","FIRST_PARTY","","","LE_UK_1","LE_UK_1"
"GB VAT TAX","GB VAT TAX","FIRST_PARTY","","LE_UK_1","1979/06/18","Y","VFR","GB VAT TAX","1979/06/18","","","","USER_DEFINED","2014/12/31 04:46:56.939","FIN_IMPL","2014/12/31 04:47:15.4","FIN_IMPL","0B79D87E3B8F4D3BE0536204548C19B9","FIRST_PARTY","GCO","","","LE_UK_1",""
"GB VAT TAX","GB VAT TAX","OU","UK Business Unit","","1979/06/18","Y","VFC","GB VAT TAX","1979/06/18","","","","USER_DEFINED","2014/12/18 06:26:46.084","FIN_IMPL","2014/12/18 06:26:57.073","FIN_IMPL","0A771879F63E3BC5E0536204548C6F13","FIRST_PARTY","FIRST_PARTY","","","LE_FR_1","LE_FR_1"
"GB VAT TAX","GB VAT TAX","OU","UK Business Unit","","1979/06/18","Y","VFR","GB VAT TAX","1979/06/18","","","","USER_DEFINED","2014/12/18 06:26:46.089","FIN_IMPL","2014/12/18 06:26:57.075","FIN_IMPL","0A771879F63E3BC5E0536204548C6F13","FIRST_PARTY","GCO","","","LE_FR_1",""
"GB VAT TAX","GB VAT TAX","OU","UK Business Unit","","1979/06/18","Y","VFC","GB VAT TAX","1979/06/18","UK Business Unit","UK Business Unit","","USER_DEFINED","2014/01/14 15:16:43.485","FIN_IMPL","2014/12/31 04:47:15.392","FIN_IMPL","0B79D87E3B8F4D3BE0536204548C19B9","OU","OU","1","1","",""
"GB VAT TAX","GB VAT TAX","OU","UK Business Unit","","1979/06/18","Y","VFR","GB VAT TAX","1979/06/18","UK Business Unit","","","USER_DEFINED","2014/01/14 15:16:43.486","FIN_IMPL","2014/12/31 04:47:15.396","FIN_IMPL","0B79D87E3B8F4D3BE0536204548C19B9","OU","GCO","1","","",""
"INDIA TDS","INDIA TDS","FIRST_PARTY","","LE_IN_1","2019/04/01","Y","VFC","INDIA TDS","2019/04/01","","","","USER_DEFINED","2021/11/18 07:51:07.808","FIN_IMPL","2021/11/18 07:51:11.585","FIN_IMPL","D040314174E162E9E0530264FD0AEF04","FIRST_PARTY","FIRST_PARTY","","","LE_IN_1","LE_IN_1"
"INDIA TDS","INDIA TDS","FIRST_PARTY","","LE_IN_1","2019/04/01","Y","VFR","INDIA TDS","2019/04/01","","","","USER_DEFINED","2021/11/18 07:51:07.81","FIN_IMPL","2021/11/18 07:51:11.589","FIN_IMPL","D040314174E162E9E0530264FD0AEF04","FIRST_PARTY","GCO","","","LE_IN_1",""
"INDIA TDS","INDIA TDS","OU","India Business Unit","","2019/04/01","Y","VFC","INDIA TDS","2019/04/01","India Business Unit","India Business Unit","","USER_DEFINED","2021/11/18 07:51:07.801","FIN_IMPL","2021/11/18 07:51:11.583","FIN_IMPL","D040314174E162E9E0530264FD0AEF04","OU","OU","1","1","",""
"INDIA TDS","INDIA TDS","OU","India Business Unit","","2019/04/01","Y","VFR","INDIA TDS","2019/04/01","India Business Unit","","","USER_DEFINED","2021/11/18 07:51:07.805","FIN_IMPL","2021/11/18 07:51:11.584","FIN_IMPL","D040314174E162E9E0530264FD0AEF04","OU","GCO","1","","",""
"IT VAT TAX","IT VAT TAX","FIRST_PARTY","","LE_IT_1","1973/01/01","Y","VFC","IT VAT TAX","1973/01/01","","","","USER_DEFINED","2015/10/19 03:28:19.582","FIN_IMPL","2015/10/19 03:28:31.607","FIN_IMPL","2241F49163856E26E053790B548C4D1B","FIRST_PARTY","FIRST_PARTY","","","LE_IT_1","LE_IT_1"
"IT VAT TAX","IT VAT TAX","FIRST_PARTY","","LE_IT_1","1973/01/01","Y","VFR","IT VAT TAX","1973/01/01","","","","USER_DEFINED","2015/10/19 03:28:19.585","FIN_IMPL","2015/10/19 03:28:31.608","FIN_IMPL","2241F49163856E26E053790B548C4D1B","FIRST_PARTY","GCO","","","LE_IT_1",""
"IT VAT TAX","IT VAT TAX","OU","Italy Business Unit","","1973/01/01","Y","VFC","IT VAT TAX","1973/01/01","Italy Business Unit","Italy Business Unit","","USER_DEFINED","2015/10/19 03:28:19.542","FIN_IMPL","2015/10/19 03:28:31.601","FIN_IMPL","2241F49163856E26E053790B548C4D1B","OU","OU","1","1","",""
"IT VAT TAX","IT VAT TAX","OU","Italy Business Unit","","1973/01/01","Y","VFR","IT VAT TAX","1973/01/01","Italy Business Unit","","","USER_DEFINED","2015/10/19 03:28:19.579","FIN_IMPL","2015/10/19 03:28:31.606","FIN_IMPL","2241F49163856E26E053790B548C4D1B","OU","GCO","1","","",""
"India GST","India GST","FIRST_PARTY","","LE_IN_1","2019/01/01","Y","VFC","India GST","2019/01/01","","","","USER_DEFINED","2019/07/17 10:01:12.391","FIN_IMPL","2019/07/17 10:01:12.826","FIN_IMPL","8DDDBF1378A2ECFFE053C390DF0A7B5D","FIRST_PARTY","FIRST_PARTY","","","LE_IN_1","LE_IN_1"
"India GST","India GST","FIRST_PARTY","","LE_IN_1","2019/01/01","Y","VFR","India GST","2019/01/01","","","","USER_DEFINED","2019/07/17 10:01:12.487","FIN_IMPL","2019/07/17 10:01:12.829","FIN_IMPL","8DDDBF1378A2ECFFE053C390DF0A7B5D","FIRST_PARTY","GCO","","","LE_IN_1",""
"India GST","India GST","OU","India Business Unit","","2019/01/01","Y","VFC","India GST","2019/01/01","India Business Unit","India Business Unit","","USER_DEFINED","2019/07/17 10:01:12.492","FIN_IMPL","2019/07/17 10:01:12.831","FIN_IMPL","8DDDBF1378A2ECFFE053C390DF0A7B5D","OU","OU","1","1","",""
"India GST","India GST","OU","India Business Unit","","2019/01/01","Y","VFR","India GST","2019/01/01","India Business Unit","","","USER_DEFINED","2019/07/17 10:01:12.494","FIN_IMPL","2019/07/17 10:01:12.832","FIN_IMPL","8DDDBF1378A2ECFFE053C390DF0A7B5D","OU","GCO","1","","",""
"JP CT","JP CT","FIRST_PARTY","","LE_JP_1","2000/01/01","Y","VFC","JP CT","2000/01/01","","","","USER_DEFINED","2015/03/20 07:21:40.014","FIN_IMPL","2015/03/20 07:21:44.152","FIN_IMPL","11AF21CF12DB6F4DE0536204548CF824","FIRST_PARTY","FIRST_PARTY","","","LE_JP_1","LE_JP_1"
"JP CT","JP CT","FIRST_PARTY","","LE_JP_1","2000/01/01","Y","VFR","JP CT","2000/01/01","","","","USER_DEFINED","2015/03/20 07:21:40.018","FIN_IMPL","2015/03/20 07:21:44.153","FIN_IMPL","11AF21CF12DB6F4DE0536204548CF824","FIRST_PARTY","GCO","","","LE_JP_1",""
"JP CT","JP CT","OU","Japan Business Unit","","2000/01/01","Y","VFC","JP CT","2000/01/01","Japan Business Unit","Japan Business Unit","","USER_DEFINED","2015/03/20 07:21:39.959","FIN_IMPL","2015/03/20 07:21:44.151","FIN_IMPL","11AF21CF12DB6F4DE0536204548CF824","OU","OU","1","1","",""
"JP CT","JP CT","OU","Japan Business Unit","","2000/01/01","Y","VFR","JP CT","2000/01/01","Japan Business Unit","","","USER_DEFINED","2015/03/20 07:21:40.0","FIN_IMPL","2015/03/20 07:21:44.151","FIN_IMPL","11AF21CF12DB6F4DE0536204548CF824","OU","GCO","1","","",""
"NL VAT TAX","NL VAT TAX","FIRST_PARTY","","LE_NL_1","2013/01/01","Y","VFC","NL VAT TAX","2013/01/01","","","","USER_DEFINED","2016/08/31 05:47:07.588","FIN_IMPL","2016/08/31 05:47:38.668","FIN_IMPL","3B587DF7B1625EC2E0537AA3FD0AE685","FIRST_PARTY","FIRST_PARTY","","","LE_NL_1","LE_NL_1"
"NL VAT TAX","NL VAT TAX","FIRST_PARTY","","LE_NL_1","2013/01/01","Y","VFR","NL VAT TAX","2013/01/01","","","","USER_DEFINED","2016/08/31 05:47:07.613","FIN_IMPL","2016/08/31 05:47:38.669","FIN_IMPL","3B587DF7B1625EC2E0537AA3FD0AE685","FIRST_PARTY","GCO","","","LE_NL_1",""
"NL VAT TAX","NL VAT TAX","OU","Netherlands Business Unit","","2013/01/01","Y","VFC","NL VAT TAX","2013/01/01","Netherlands Business Unit","Netherlands Business Unit","","USER_DEFINED","2016/08/31 05:47:07.617","FIN_IMPL","2016/08/31 05:47:38.663","FIN_IMPL","3B587DF7B1625EC2E0537AA3FD0AE685","OU","OU","1","1","",""
"NL VAT TAX","NL VAT TAX","OU","Netherlands Business Unit","","2013/01/01","Y","VFR","NL VAT TAX","2013/01/01","Netherlands Business Unit","","","USER_DEFINED","2016/08/31 05:47:07.62","FIN_IMPL","2016/08/31 05:47:38.665","FIN_IMPL","3B587DF7B1625EC2E0537AA3FD0AE685","OU","GCO","1","","",""
"PL VAT TAX","PL VAT TAX","FIRST_PARTY","","LE_PL_1","1993/05/07","Y","VFC","PL VAT TAX","1993/05/07","","","","USER_DEFINED","2021/12/29 05:57:55.599","FIN_IMPL","2021/12/29 05:57:56.659","FIN_IMPL","D18CE38A6C4C414EE0530364FD0AE4F9","FIRST_PARTY","FIRST_PARTY","","","LE_PL_1","LE_PL_1"
"PL VAT TAX","PL VAT TAX","FIRST_PARTY","","LE_PL_1","1993/05/07","Y","VFR","PL VAT TAX","1993/05/07","","","","USER_DEFINED","2021/12/29 05:57:55.72","FIN_IMPL","2021/12/29 05:57:56.665","FIN_IMPL","D18CE38A6C4C414EE0530364FD0AE4F9","FIRST_PARTY","GCO","","","LE_PL_1",""
"PL VAT TAX","PL VAT TAX","OU","Poland Business Unit","","1993/05/07","Y","VFC","PL VAT TAX","1993/05/07","Poland Business Unit","Poland Business Unit","","USER_DEFINED","2021/12/29 05:57:55.724","FIN_IMPL","2021/12/29 05:57:56.666","FIN_IMPL","D18CE38A6C4C414EE0530364FD0AE4F9","OU","OU","1","1","",""
"PL VAT TAX","PL VAT TAX","OU","Poland Business Unit","","1993/05/07","Y","VFR","PL VAT TAX","1993/05/07","Poland Business Unit","","","USER_DEFINED","2021/12/29 05:57:55.726","FIN_IMPL","2021/12/29 05:57:56.667","FIN_IMPL","D18CE38A6C4C414EE0530364FD0AE4F9","OU","GCO","1","","",""
"SE VAT TAX","SE VAT TAX","FIRST_PARTY","","LE_SE_1","2013/01/01","Y","VFC","SE VAT TAX","2013/01/01","","","","USER_DEFINED","2017/02/07 12:43:17.412","FIN_IMPL","2017/04/29 03:56:14.551","FIN_IMPL","4E470327436D7471E053C4AEFD0A0C2E","FIRST_PARTY","FIRST_PARTY","","","LE_SE_1","LE_SE_1"
"SE VAT TAX","SE VAT TAX","FIRST_PARTY","","LE_SE_1","2013/01/01","Y","VFR","SE VAT TAX","2013/01/01","","","","USER_DEFINED","2017/02/07 12:43:17.437","FIN_IMPL","2017/04/29 03:56:14.554","FIN_IMPL","4E470327436D7471E053C4AEFD0A0C2E","FIRST_PARTY","GCO","","","LE_SE_1",""
"SE VAT TAX","SE VAT TAX","OU","Sweden Business Unit","","2013/01/01","Y","VFC","SE VAT TAX","2013/01/01","Sweden Business Unit","Sweden Business Unit","","USER_DEFINED","2017/04/29 03:56:08.389","FIN_IMPL","2017/04/29 03:56:14.538","FIN_IMPL","4E470327436D7471E053C4AEFD0A0C2E","OU","OU","1","1","",""
"SE VAT TAX","SE VAT TAX","OU","Sweden Business Unit","","2013/01/01","Y","VFR","SE VAT TAX","2013/01/01","Sweden Business Unit","","","USER_DEFINED","2017/04/29 03:56:08.404","FIN_IMPL","2017/04/29 03:56:14.543","FIN_IMPL","4E470327436D7471E053C4AEFD0A0C2E","OU","GCO","1","","",""
"US SALES AND USE TAX","US SALES AND USE TAX","OU","US1 Business Unit","","1950/01/01","Y","VFC","US SALES AND USE TAX","1950/01/01","","","","USER_DEFINED","2014/12/18 06:26:46.093","FIN_IMPL","2014/12/18 06:26:57.077","FIN_IMPL","0A771879F63E3BC5E0536204548C6F13","FIRST_PARTY","FIRST_PARTY","","","LE_FR_1","LE_FR_1"
"US SALES AND USE TAX","US SALES AND USE TAX","OU","US1 Business Unit","","1950/01/01","Y","VFR","US SALES AND USE TAX","1950/01/01","","","","USER_DEFINED","2014/12/18 06:26:46.096","FIN_IMPL","2014/12/18 06:26:57.079","FIN_IMPL","0A771879F63E3BC5E0536204548C6F13","FIRST_PARTY","GCO","","","LE_FR_1",""
"US SALES AND USE TAX","US SALES AND USE TAX","OU","US1 Business Unit","","1950/01/01","Y","VFC","US SALES AND USE TAX","1950/01/01","US1 Business Unit","US1 Business Unit","","USER_DEFINED","2013/10/25 14:28:05.444","FIN_IMPL","2019/02/15 06:34:47.605","FIN_IMPL","81E84BDD333B2ED1E053C390DF0A9135","OU","OU","1","1","",""
"US SALES AND USE TAX","US SALES AND USE TAX","OU","US1 Business Unit","","1950/01/01","Y","VFR","US SALES AND USE TAX","1950/01/01","US1 Business Unit","","","USER_DEFINED","2013/10/25 14:28:05.465","FIN_IMPL","2019/02/15 06:34:47.607","FIN_IMPL","81E84BDD333B2ED1E053C390DF0A9135","OU","GCO","1","","",""
"US SALES AND USE TAX","US SALES AND USE TAX","OU","Healthcare US Business Unit","","1950/01/01","Y","VFC","US SALES AND USE TAX","1950/01/01","Healthcare US Business Unit","Healthcare US Business Unit","","USER_DEFINED","2015/11/27 09:46:33.384","FIN_IMPL","2019/02/15 06:34:47.598","FIN_IMPL","81E84BDD333B2ED1E053C390DF0A9135","OU","OU","1","1","",""
"US SALES AND USE TAX","US SALES AND USE TAX","OU","Healthcare US Business Unit","","1950/01/01","Y","VFR","US SALES AND USE TAX","1950/01/01","Healthcare US Business Unit","","","USER_DEFINED","2015/11/27 09:46:33.422","FIN_IMPL","2019/02/15 06:34:47.6","FIN_IMPL","81E84BDD333B2ED1E053C390DF0A9135","OU","GCO","1","","",""
"US SALES AND USE TAX","US SALES AND USE TAX","OU","Supremo US Business Unit","","1950/01/01","Y","VFC","US SALES AND USE TAX","1950/01/01","Supremo US Business Unit","Supremo US Business Unit","","USER_DEFINED","2019/02/15 06:34:04.149","FIN_IMPL","2019/02/15 06:34:47.602","FIN_IMPL","81E84BDD333B2ED1E053C390DF0A9135","OU","OU","1","1","",""
"US SALES AND USE TAX","US SALES AND USE TAX","OU","Supremo US Business Unit","","1950/01/01","Y","VFR","US SALES AND USE TAX","1950/01/01","Supremo US Business Unit","","","USER_DEFINED","2019/02/15 06:34:04.177","FIN_IMPL","2019/02/15 06:34:47.603","FIN_IMPL","81E84BDD333B2ED1E053C390DF0A9135","OU","GCO","1","","",""
"WHT-AUSTRALIA COUNCIL","WHT-AUSTRALIA COUNCIL","OU","AU Council Business Unit","","2017/01/01","Y","VFC","WHT-AUSTRALIA COUNCIL","2017/01/01","AU Council Business Unit","AU Council Business Unit","","USER_DEFINED","2021/02/12 08:58:09.687","FIN_IMPL","2021/02/12 08:58:12.893","FIN_IMPL","BB1DB857B2D49CE7E0539E90DF0AB03A","OU","OU","1","1","",""
"WHT-AUSTRALIA COUNCIL","WHT-AUSTRALIA COUNCIL","OU","AU Council Business Unit","","2017/01/01","Y","VFR","WHT-AUSTRALIA COUNCIL","2017/01/01","AU Council Business Unit","","","USER_DEFINED","2021/02/12 08:58:09.69","FIN_IMPL","2021/02/12 08:58:12.894","FIN_IMPL","BB1DB857B2D49CE7E0539E90DF0AB03A","OU","GCO","1","","",""
"WHT-Australia Business U-26661","WHT-Australia Business U-26661","OU","Australia Business Unit","","1951/01/01","Y","VFC","WHT-Australia Business U-26661","1951/01/01","Australia Business Unit","Australia Business Unit","","FUSION_WHT_MIGRATED","2017/03/19 08:52:40.964669","anonymous","2017/03/19 08:52:40.964669","anonymous","-1","OU","OU","1","1","",""
"WHT-Australia Business U-26661","WHT-Australia Business U-26661","OU","Australia Business Unit","","1951/01/01","Y","VFR","WHT-Australia Business U-26661","1951/01/01","Australia Business Unit","","","FUSION_WHT_MIGRATED","2017/03/19 08:52:41.078814","anonymous","2017/03/19 08:52:41.078814","anonymous","-1","OU","GCO","1","","",""
"WHT-Belgium Business Uni-78322","WHT-Belgium Business Uni-78322","OU","Belgium Business Unit","","1951/01/01","Y","VFC","WHT-Belgium Business Uni-78322","1951/01/01","Belgium Business Unit","Belgium Business Unit","","FUSION_WHT_MIGRATED","2017/03/19 08:52:40.964669","anonymous","2017/03/19 08:52:40.964669","anonymous","-1","OU","OU","1","1","",""
"WHT-Belgium Business Uni-78322","WHT-Belgium Business Uni-78322","OU","Belgium Business Unit","","1951/01/01","Y","VFR","WHT-Belgium Business Uni-78322","1951/01/01","Belgium Business Unit","","","FUSION_WHT_MIGRATED","2017/03/19 08:52:41.078814","anonymous","2017/03/19 08:52:41.078814","anonymous","-1","OU","GCO","1","","",""
"WHT-Canada Business Unit-71153","WHT-Canada Business Unit-71153","OU","Canada Business Unit","","1951/01/01","Y","VFC","WHT-Canada Business Unit-71153","1951/01/01","Canada Business Unit","Canada Business Unit","","FUSION_WHT_MIGRATED","2017/03/19 08:52:40.964669","anonymous","2017/03/19 08:52:40.964669","anonymous","-1","OU","OU","1","1","",""
"WHT-Canada Business Unit-71153","WHT-Canada Business Unit-71153","OU","Canada Business Unit","","1951/01/01","Y","VFR","WHT-Canada Business Unit-71153","1951/01/01","Canada Business Unit","","","FUSION_WHT_MIGRATED","2017/03/19 08:52:41.078814","anonymous","2017/03/19 08:52:41.078814","anonymous","-1","OU","GCO","1","","",""
"WHT-China Business Unit-26657","WHT-China Business Unit-26657","OU","China Business Unit","","1951/01/01","Y","VFC","WHT-China Business Unit-26657","1951/01/01","China Business Unit","China Business Unit","","FUSION_WHT_MIGRATED","2014/11/20 15:00:35.199724","anonymous","2014/11/20 15:00:35.199724","anonymous","-1","OU","OU","1","1","",""
"WHT-China Business Unit-26657","WHT-China Business Unit-26657","OU","China Business Unit","","1951/01/01","Y","VFR","WHT-China Business Unit-26657","1951/01/01","China Business Unit","","","FUSION_WHT_MIGRATED","2014/11/20 15:00:35.203241","anonymous","2014/11/20 15:00:35.203241","anonymous","-1","OU","GCO","1","","",""
"WHT-China Business Unit-26657","WHT-China Business Unit-26657","OU","China Business Unit","","1951/01/01","Y","VFC","WHT-China Business Unit-26657","1951/01/01","","","","USER_DEFINED","2014/12/18 06:26:46.098","FIN_IMPL","2014/12/18 06:26:57.082","FIN_IMPL","0A771879F63E3BC5E0536204548C6F13","FIRST_PARTY","FIRST_PARTY","","","LE_FR_1","LE_FR_1"
"WHT-China Business Unit-26657","WHT-China Business Unit-26657","OU","China Business Unit","","1951/01/01","Y","VFR","WHT-China Business Unit-26657","1951/01/01","","","","USER_DEFINED","2014/12/18 06:26:46.102","FIN_IMPL","2014/12/18 06:26:57.085","FIN_IMPL","0A771879F63E3BC5E0536204548C6F13","FIRST_PARTY","GCO","","","LE_FR_1",""
"WHT-Fin Svcs UK Business-79374","WHT-Fin Svcs UK Business-79374","OU","Fin Svcs UK Business Unit","","1951/01/01","Y","VFC","WHT-Fin Svcs UK Business-79374","1951/01/01","Fin Svcs UK Business Unit","Fin Svcs UK Business Unit","","FUSION_WHT_MIGRATED","2017/03/19 08:52:40.964669","anonymous","2017/03/19 08:52:40.964669","anonymous","-1","OU","OU","1","1","",""
"WHT-Fin Svcs UK Business-79374","WHT-Fin Svcs UK Business-79374","OU","Fin Svcs UK Business Unit","","1951/01/01","Y","VFR","WHT-Fin Svcs UK Business-79374","1951/01/01","Fin Svcs UK Business Unit","","","FUSION_WHT_MIGRATED","2017/03/19 08:52:41.078814","anonymous","2017/03/19 08:52:41.078814","anonymous","-1","OU","GCO","1","","",""
"WHT-Fin Svcs US Business-79348","WHT-Fin Svcs US Business-79348","OU","Fin Svcs US Business Unit","","1951/01/01","Y","VFC","WHT-Fin Svcs US Business-79348","1951/01/01","Fin Svcs US Business Unit","Fin Svcs US Business Unit","","FUSION_WHT_MIGRATED","2017/03/19 08:52:40.964669","anonymous","2017/03/19 08:52:40.964669","anonymous","-1","OU","OU","1","1","",""
"WHT-Fin Svcs US Business-79348","WHT-Fin Svcs US Business-79348","OU","Fin Svcs US Business Unit","","1951/01/01","Y","VFR","WHT-Fin Svcs US Business-79348","1951/01/01","Fin Svcs US Business Unit","","","FUSION_WHT_MIGRATED","2017/03/19 08:52:41.078814","anonymous","2017/03/19 08:52:41.078814","anonymous","-1","OU","GCO","1","","",""
"WHT-France Business Unit-68131","WHT-France Business Unit-68131","FIRST_PARTY","","LE_FR_1","2000/01/01","Y","VFC","WHT-France Business Unit-68131","2000/01/01","","","","USER_DEFINED","2015/09/23 13:11:03.966","FIN_IMPL","2015/09/23 13:11:04.216","FIN_IMPL","206A6C33843724F0E053790B548C3D99","FIRST_PARTY","FIRST_PARTY","","","LE_FR_1","LE_FR_1"
"WHT-France Business Unit-68131","WHT-France Business Unit-68131","FIRST_PARTY","","LE_FR_1","2000/01/01","Y","VFR","WHT-France Business Unit-68131","2000/01/01","","","","USER_DEFINED","2015/09/23 13:11:03.984","FIN_IMPL","2015/09/23 13:11:04.222","FIN_IMPL","206A6C33843724F0E053790B548C3D99","FIRST_PARTY","GCO","","","LE_FR_1",""
"WHT-France Business Unit-68131","WHT-France Business Unit-68131","OU","France Business Unit","","1951/01/01","Y","VFC","WHT-France Business Unit-68131","1951/01/01","France Business Unit","France Business Unit","","FUSION_WHT_MIGRATED","2014/11/20 15:00:35.199724","anonymous","2014/11/20 15:00:35.199724","anonymous","-1","OU","OU","1","1","",""
"WHT-France Business Unit-68131","WHT-France Business Unit-68131","OU","France Business Unit","","1951/01/01","Y","VFR","WHT-France Business Unit-68131","1951/01/01","France Business Unit","","","FUSION_WHT_MIGRATED","2014/11/20 15:00:35.203241","anonymous","2014/11/20 15:00:35.203241","anonymous","-1","OU","GCO","1","","",""
"WHT-France Business Unit-68131","WHT-France Business Unit-68131","OU","France Business Unit","","1951/01/01","Y","VFC","WHT-France Business Unit-68131","1951/01/01","","","","USER_DEFINED","2014/12/18 06:26:46.106","FIN_IMPL","2014/12/18 06:26:57.087","FIN_IMPL","0A771879F63E3BC5E0536204548C6F13","FIRST_PARTY","FIRST_PARTY","","","LE_FR_1","LE_FR_1"
"WHT-France Business Unit-68131","WHT-France Business Unit-68131","OU","France Business Unit","","1951/01/01","Y","VFR","WHT-France Business Unit-68131","1951/01/01","","","","USER_DEFINED","2014/12/18 06:26:46.108","FIN_IMPL","2014/12/18 06:26:57.09","FIN_IMPL","0A771879F63E3BC5E0536204548C6F13","FIRST_PARTY","GCO","","","LE_FR_1",""
"WHT-Germany Business Uni-08425","WHT-Germany Business Uni-08425","OU","Germany Business Unit","","1951/01/01","Y","VFC","WHT-Germany Business Uni-08425","1951/01/01","Germany Business Unit","Germany Business Unit","","FUSION_WHT_MIGRATED","2017/03/19 08:52:40.964669","anonymous","2017/03/19 08:52:40.964669","anonymous","-1","OU","OU","1","1","",""
"WHT-Germany Business Uni-08425","WHT-Germany Business Uni-08425","OU","Germany Business Unit","","1951/01/01","Y","VFR","WHT-Germany Business Uni-08425","1951/01/01","Germany Business Unit","","","FUSION_WHT_MIGRATED","2017/03/19 08:52:41.078814","anonymous","2017/03/19 08:52:41.078814","anonymous","-1","OU","GCO","1","","",""
"WHT-Healthcare US Busine-74743","WHT-Healthcare US Busine-74743","OU","Healthcare US Business Unit","","1951/01/01","Y","VFC","WHT-Healthcare US Busine-74743","1951/01/01","Healthcare US Business Unit","Healthcare US Business Unit","","FUSION_WHT_MIGRATED","2016/02/26 11:02:04.297384","anonymous","2016/02/26 11:02:04.297384","anonymous","-1","OU","OU","1","1","",""
"WHT-Healthcare US Busine-74743","WHT-Healthcare US Busine-74743","OU","Healthcare US Business Unit","","1951/01/01","Y","VFR","WHT-Healthcare US Busine-74743","1951/01/01","Healthcare US Business Unit","","","FUSION_WHT_MIGRATED","2016/02/26 11:02:04.30108","anonymous","2016/02/26 11:02:04.30108","anonymous","-1","OU","GCO","1","","",""
"WHT-Italy Business Unit-08417","WHT-Italy Business Unit-08417","OU","Italy Business Unit","","1951/01/01","Y","VFC","WHT-Italy Business Unit-08417","1951/01/01","Italy Business Unit","Italy Business Unit","","FUSION_WHT_MIGRATED","2016/02/26 11:02:04.297384","anonymous","2016/02/26 11:02:04.297384","anonymous","-1","OU","OU","1","1","",""
"WHT-Italy Business Unit-08417","WHT-Italy Business Unit-08417","OU","Italy Business Unit","","1951/01/01","Y","VFR","WHT-Italy Business Unit-08417","1951/01/01","Italy Business Unit","","","FUSION_WHT_MIGRATED","2016/02/26 11:02:04.30108","anonymous","2016/02/26 11:02:04.30108","anonymous","-1","OU","GCO","1","","",""
"WHT-Japan Business Unit-26669","WHT-Japan Business Unit-26669","OU","Japan Business Unit","","1951/01/01","Y","VFC","WHT-Japan Business Unit-26669","1951/01/01","Japan Business Unit","Japan Business Unit","","FUSION_WHT_MIGRATED","2016/02/26 11:02:04.297384","anonymous","2016/02/26 11:02:04.297384","anonymous","-1","OU","OU","1","1","",""
"WHT-Japan Business Unit-26669","WHT-Japan Business Unit-26669","OU","Japan Business Unit","","1951/01/01","Y","VFR","WHT-Japan Business Unit-26669","1951/01/01","Japan Business Unit","","","FUSION_WHT_MIGRATED","2016/02/26 11:02:04.30108","anonymous","2016/02/26 11:02:04.30108","anonymous","-1","OU","GCO","1","","",""
"WHT-Netherlands Business-08429","WHT-Netherlands Business-08429","OU","Netherlands Business Unit","","1951/01/01","Y","VFC","WHT-Netherlands Business-08429","1951/01/01","Netherlands Business Unit","Netherlands Business Unit","","FUSION_WHT_MIGRATED","2017/03/19 08:52:40.964669","anonymous","2017/03/19 08:52:40.964669","anonymous","-1","OU","OU","1","1","",""
"WHT-Netherlands Business-08429","WHT-Netherlands Business-08429","OU","Netherlands Business Unit","","1951/01/01","Y","VFR","WHT-Netherlands Business-08429","1951/01/01","Netherlands Business Unit","","","FUSION_WHT_MIGRATED","2017/03/19 08:52:41.078814","anonymous","2017/03/19 08:52:41.078814","anonymous","-1","OU","GCO","1","","",""
"WHT-Progress US Business-88561","WHT-Progress US Business-88561","OU","Progress US Business Unit","","1951/01/01","Y","VFC","WHT-Progress US Business-88561","1951/01/01","Progress US Business Unit","Progress US Business Unit","","FUSION_WHT_MIGRATED","2014/11/20 15:00:35.199724","anonymous","2018/03/01 08:48:26.006","FIN_IMPL","66569776336E8E76E053E9A7FD0A96EF","OU","OU","1","1","",""
"WHT-Progress US Business-88561","WHT-Progress US Business-88561","OU","Progress US Business Unit","","1951/01/01","Y","VFR","WHT-Progress US Business-88561","1951/01/01","Progress US Business Unit","","","FUSION_WHT_MIGRATED","2014/11/20 15:00:35.203241","anonymous","2018/03/01 08:48:26.01","FIN_IMPL","66569776336E8E76E053E9A7FD0A96EF","OU","GCO","1","","",""
"WHT-Progress US Business-88561","WHT-Progress US Business-88561","OU","Progress US Business Unit","","1951/01/01","Y","VFC","WHT-Progress US Business-88561","1951/01/01","","","","USER_DEFINED","2014/12/18 06:26:46.11","FIN_IMPL","2014/12/18 06:26:57.091","FIN_IMPL","0A771879F63E3BC5E0536204548C6F13","FIRST_PARTY","FIRST_PARTY","","","LE_FR_1","LE_FR_1"
"WHT-Progress US Business-88561","WHT-Progress US Business-88561","OU","Progress US Business Unit","","1951/01/01","Y","VFR","WHT-Progress US Business-88561","1951/01/01","","","","USER_DEFINED","2014/12/18 06:26:46.112","FIN_IMPL","2014/12/18 06:26:57.094","FIN_IMPL","0A771879F63E3BC5E0536204548C6F13","FIRST_PARTY","GCO","","","LE_FR_1",""
"WHT-SUPREMO US BUSINESS-10546","WHT-SUPREMO US BUSINESS-10546","OU","Supremo US Business Unit","","2017/01/01","Y","VFC","WHT-SUPREMO US BUSINESS-10546","2017/01/01","Supremo US Business Unit","Supremo US Business Unit","","USER_DEFINED","2019/11/25 06:29:56.534","FIN_IMPL","2019/11/25 06:30:20.402","FIN_IMPL","98257882E93E1319E053C390DF0ADEFE","OU","OU","1","1","",""
"WHT-SUPREMO US BUSINESS-10546","WHT-SUPREMO US BUSINESS-10546","OU","Supremo US Business Unit","","2017/01/01","Y","VFR","WHT-SUPREMO US BUSINESS-10546","2017/01/01","Supremo US Business Unit","","","USER_DEFINED","2019/11/25 06:29:56.538","FIN_IMPL","2019/11/25 06:30:20.406","FIN_IMPL","98257882E93E1319E053C390DF0ADEFE","OU","GCO","1","","",""
"WHT-Spain Business Unit-16576","WHT-Spain Business Unit-16576","OU","Spain Business Unit","","1951/01/01","Y","VFC","WHT-Spain Business Unit-16576","1951/01/01","Spain Business Unit","Spain Business Unit","","FUSION_WHT_MIGRATED","2017/03/19 08:52:40.964669","anonymous","2017/03/19 08:52:40.964669","anonymous","-1","OU","OU","1","1","",""
"WHT-Spain Business Unit-16576","WHT-Spain Business Unit-16576","OU","Spain Business Unit","","1951/01/01","Y","VFR","WHT-Spain Business Unit-16576","1951/01/01","Spain Business Unit","","","FUSION_WHT_MIGRATED","2017/03/19 08:52:41.078814","anonymous","2017/03/19 08:52:41.078814","anonymous","-1","OU","GCO","1","","",""
"WHT-Sweden Business Unit-16584","WHT-Sweden Business Unit-16584","OU","Sweden Business Unit","","1951/01/01","Y","VFC","WHT-Sweden Business Unit-16584","1951/01/01","Sweden Business Unit","Sweden Business Unit","","FUSION_WHT_MIGRATED","2017/03/19 08:52:40.964669","anonymous","2017/03/19 08:52:40.964669","anonymous","-1","OU","OU","1","1","",""
"WHT-Sweden Business Unit-16584","WHT-Sweden Business Unit-16584","OU","Sweden Business Unit","","1951/01/01","Y","VFR","WHT-Sweden Business Unit-16584","1951/01/01","Sweden Business Unit","","","FUSION_WHT_MIGRATED","2017/03/19 08:52:41.078814","anonymous","2017/03/19 08:52:41.078814","anonymous","-1","OU","GCO","1","","",""
"WHT-UK Business Unit-98175","WHT-UK Business Unit-98175","OU","UK Business Unit","","1951/01/01","Y","VFC","WHT-UK Business Unit-98175","1951/01/01","UK Business Unit","UK Business Unit","","FUSION_WHT_MIGRATED","2014/11/20 15:00:35.199724","anonymous","2014/11/20 15:00:35.199724","anonymous","-1","OU","OU","1","1","",""
"WHT-UK Business Unit-98175","WHT-UK Business Unit-98175","OU","UK Business Unit","","1951/01/01","Y","VFR","WHT-UK Business Unit-98175","1951/01/01","UK Business Unit","","","FUSION_WHT_MIGRATED","2014/11/20 15:00:35.203241","anonymous","2014/11/20 15:00:35.203241","anonymous","-1","OU","GCO","1","","",""
"WHT-UK Business Unit-98175","WHT-UK Business Unit-98175","OU","UK Business Unit","","1951/01/01","Y","VFC","WHT-UK Business Unit-98175","1951/01/01","","","","USER_DEFINED","2014/12/18 06:26:46.114","FIN_IMPL","2014/12/18 06:26:57.097","FIN_IMPL","0A771879F63E3BC5E0536204548C6F13","FIRST_PARTY","FIRST_PARTY","","","LE_FR_1","LE_FR_1"
"WHT-UK Business Unit-98175","WHT-UK Business Unit-98175","OU","UK Business Unit","","1951/01/01","Y","VFR","WHT-UK Business Unit-98175","1951/01/01","","","","USER_DEFINED","2014/12/18 06:26:46.116","FIN_IMPL","2014/12/18 06:26:57.098","FIN_IMPL","0A771879F63E3BC5E0536204548C6F13","FIRST_PARTY","GCO","","","LE_FR_1",""
"WHT-US INS Business Unit-39946","WHT-US INS Business Unit-39946","OU","US INS Business Unit","","1951/01/01","Y","VFC","WHT-US INS Business Unit-39946","1951/01/01","US INS Business Unit","US INS Business Unit","","FUSION_WHT_MIGRATED","2017/03/19 08:52:40.964669","anonymous","2017/03/19 08:52:40.964669","anonymous","-1","OU","OU","1","1","",""
"WHT-US INS Business Unit-39946","WHT-US INS Business Unit-39946","OU","US INS Business Unit","","1951/01/01","Y","VFR","WHT-US INS Business Unit-39946","1951/01/01","US INS Business Unit","","","FUSION_WHT_MIGRATED","2017/03/19 08:52:41.078814","anonymous","2017/03/19 08:52:41.078814","anonymous","-1","OU","GCO","1","","",""
"WHT-US1 Business Unit-87012","WHT-US1 Business Unit-87012","OU","US1 Business Unit","","1951/01/01","Y","VFC","WHT-US1 Business Unit-87012","1951/01/01","US1 Business Unit","US1 Business Unit","","FUSION_WHT_MIGRATED","2014/07/16 16:13:25.660121","anonymous","2014/07/16 16:13:25.660121","anonymous","-1","OU","OU","1","1","",""
"WHT-US1 Business Unit-87012","WHT-US1 Business Unit-87012","OU","US1 Business Unit","","1951/01/01","Y","VFR","WHT-US1 Business Unit-87012","1951/01/01","US1 Business Unit","","","FUSION_WHT_MIGRATED","2014/07/16 16:13:25.671537","anonymous","2014/07/16 16:13:25.671537","anonymous","-1","OU","GCO","1","","",""
"WHT-US1 Business Unit-87012","WHT-US1 Business Unit-87012","OU","US1 Business Unit","","1951/01/01","Y","VFC","WHT-US1 Business Unit-87012","1951/01/01","","","","USER_DEFINED","2014/12/18 06:26:46.12","FIN_IMPL","2014/12/18 06:26:57.1","FIN_IMPL","0A771879F63E3BC5E0536204548C6F13","FIRST_PARTY","FIRST_PARTY","","","LE_FR_1","LE_FR_1"
"WHT-US1 Business Unit-87012","WHT-US1 Business Unit-87012","OU","US1 Business Unit","","1951/01/01","Y","VFR","WHT-US1 Business Unit-87012","1951/01/01","","","","USER_DEFINED","2014/12/18 06:26:46.122","FIN_IMPL","2014/12/18 06:26:57.101","FIN_IMPL","0A771879F63E3BC5E0536204548C6F13","FIRST_PARTY","GCO","","","LE_FR_1",""
"WHT-University US Busine-62136","WHT-University US Busine-62136","OU","University US Business Unit","","1951/01/01","Y","VFC","WHT-University US Busine-62136","1951/01/01","University US Business Unit","University US Business Unit","","FUSION_WHT_MIGRATED","2014/11/20 15:00:35.199724","anonymous","2014/11/20 15:00:35.199724","anonymous","-1","OU","OU","1","1","",""
"WHT-University US Busine-62136","WHT-University US Busine-62136","OU","University US Business Unit","","1951/01/01","Y","VFR","WHT-University US Busine-62136","1951/01/01","University US Business Unit","","","FUSION_WHT_MIGRATED","2014/11/20 15:00:35.203241","anonymous","2014/11/20 15:00:35.203241","anonymous","-1","OU","GCO","1","","",""
"WHT-University US Busine-62136","WHT-University US Busine-62136","OU","University US Business Unit","","1951/01/01","Y","VFC","WHT-University US Busine-62136","1951/01/01","","","","USER_DEFINED","2014/12/18 06:26:46.125","FIN_IMPL","2014/12/18 06:26:57.103","FIN_IMPL","0A771879F63E3BC5E0536204548C6F13","FIRST_PARTY","FIRST_PARTY","","","LE_FR_1","LE_FR_1"
"WHT-University US Busine-62136","WHT-University US Busine-62136","OU","University US Business Unit","","1951/01/01","Y","VFR","WHT-University US Busine-62136","1951/01/01","","","","USER_DEFINED","2014/12/18 06:26:46.127","FIN_IMPL","2014/12/18 06:26:57.105","FIN_IMPL","0A771879F63E3BC5E0536204548C6F13","FIRST_PARTY","GCO","","","LE_FR_1",""
