"TaxRegimeCode","ParentRegimeCode","HasSubRegimeFlag","CountryOrGroupCode","CountryCode","GeographyType","EffectiveFrom","EffectiveTo","ExchangeRateType","TaxCurrencyCode","ThrshldGroupingLvlCode","ThrshldChkTmpltCode","PeriodSetName","RoundingRuleCode","TaxPrecision","MinimumAccountableUnit","TaxStatusRuleFlag","DefPlaceOfSupplyTypeCode","ApplicabilityRuleFlag","PlaceOfSupplyRuleFlag","TaxCalcRuleFlag","TaxableBasisThrshldFlag","TaxRateThrshldFlag","TaxAmtThrshldFlag","TaxRateRuleFlag","TaxableBasisRuleFlag","DefInclusiveTaxFlag","HasOtherJurisdictionsFlag","AllowRoundingOverrideFlag","AllowExemptionsFlag","AllowExceptionsFlag","AllowRecoverabilityFlag","AutoPrvnFlag","HasTaxDetDateRuleFlag","HasExchRateDateRuleFlag","HasTaxPointDateRuleFlag","UseLegalMsgFlag","RegnNumSameAsLeFlag","DefRecSettlementOptionCode","TaxAccountPrecedenceCode","RecordTypeCode","CreatedBy","CreationDate","LastUpdatedBy","LastUpdateDate","LastUpdateLogin","Attribute1","Attribute2","Attribute3","Attribute4","Attribute5","Attribute6","Attribute7","Attribute8","Attribute9","Attribute10","Attribute11","Attribute12","Attribute13","Attribute14","Attribute15","AttributeCategory","DefRegistrPartyTypeCode","RegistrationTypeRuleFlag","TaxInclusiveOverrideFlag","RegimePrecedence","CrossRegimeCompoundingFlag","TaxRegimeName","ProgramAppName","ProgramName","UseTaxReportConfigFlag","RepPartyName","RepTaxPartyTypeCode","CollTaxPartyTypeCode","CollPartyName","GeographyName","GeographyTypeN","GeographyUse","GeographyCountryCode","RepTaxPartyNumber","CollTaxPartyNumber","RegimeTypeFlag","UniquenessValidationLevel","ValidationLevel","ValidationType","ExemptionProcessFlag","GeographyElement1","GeographyElement2","GeographyElement3","GeographyElement4","GeographyElement5","GeographyElement6","GeographyElement7","GeographyElement8","GeographyElement9","GeographyElement10","GeographyCode","BucketLevelFlag","UseSystemDefaultsFlag","ConvRoundingOptionCode"
"AT VAT TAX","","N","COUNTRY","AT","","1973/01/01","","","","","","","NEAREST","","","N","","N","N","N","N","N","N","N","N","N","Y","Y","Y","Y","N","N","N","N","N","N","N","IMMEDIATE","","USER_DEFINED","FIN_IMPL","2014/01/14 15:14:47.051","FIN_IMPL","2014/01/14 15:14:50.084","EFD4A46D9C03342AE0436204548CB83B","","","","","","","","","","","","","","","","","","N","Y","","N","AT VAT TAX","","","","","","","","","","","","","","","","","","","","","","","","","","","","","","","",""
"AU COUNCIL","","N","COUNTRY","AU","","2017/01/01","","Corporate","AUD","","","","NEAREST","2","0.01","N","","N","N","N","N","N","N","N","N","N","Y","Y","Y","Y","Y","N","N","N","N","N","N","IMMEDIATE","","USER_DEFINED","FIN_IMPL","2021/02/11 10:19:12.0","FIN_IMPL","2021/02/11 11:57:04.33","BB0DC241E4C9EC61E0539E90DF0A348D","","","","","","","","","","","","","","","","","","N","Y","","N","AU COUNCIL","","","Y","","","","","","","","","","","I","","","","B","","","","","","","","","","","","L","",""
"AU GST TAX","","N","COUNTRY","AU","","2000/01/07","","Corporate","AUD","","","","NEAREST","2","0.01","N","","N","N","N","N","N","N","N","N","N","Y","Y","Y","Y","Y","N","N","N","N","N","N","IMMEDIATE","","USER_DEFINED","FIN_IMPL","2014/01/14 15:14:49.3","FIN_IMPL","2016/08/03 05:36:51.787","392324F768093862E0537AA3FD0AECDF","","","","","","","","","","","","","","","","","","N","Y","","N","AU GST TAX","","","Y","Australian Taxation Office","TAX_AUTHORITY","TAX_AUTHORITY","Australian Taxation Office","","","","","519134","519134","","","","","","","","","","","","","","","","","","",""
"BE VAT TAX","","N","COUNTRY","BE","","1971/01/01","","","","","","","NEAREST","","","N","","N","N","N","N","N","N","N","N","N","Y","Y","Y","Y","N","N","N","N","N","N","N","IMMEDIATE","","USER_DEFINED","FIN_IMPL","2014/01/14 15:14:49.315","FIN_IMPL","2014/01/14 15:14:50.102","EFD4A46D9C03342AE0436204548CB83B","","","","","","","","","","","","","","","","","","N","Y","","N","BE VAT TAX","","","","","","","","","","","","","","","","","","","","","","","","","","","","","","","",""
"CA GST","","N","COUNTRY","CA","","2000/01/01","","","","","","","NEAREST","","","N","","N","N","N","N","N","N","N","N","N","Y","Y","Y","Y","Y","N","N","N","N","N","N","IMMEDIATE","","FUSION_RI_UPLOAD","FIN_IMPL","2016/10/27 11:50:29.897438","FIN_IMPL","2016/10/27 12:23:47.52","3FD00B1C9D5163DBE0537AA3FD0A714D","","","","","","","","","","","","","","","","","","N","Y","","N","CA GST","","","","","","","","","","","","","","I","","","","B","","","","","","","","","","","","","",""
"CA HST","","N","COUNTRY","CA","","2000/01/01","","","","","","","NEAREST","","","N","","N","N","N","N","N","N","N","N","N","Y","Y","Y","Y","Y","N","N","N","N","N","N","IMMEDIATE","","FUSION_RI_UPLOAD","FIN_IMPL","2016/10/27 11:50:29.897438","FIN_IMPL","2016/10/28 07:01:06.767","3FE68ED64E9E3CA3E0537AA3FD0A64F6","","","","","","","","","","","","","","","","","","N","Y","","N","CA HST","","","","","","","","","","","","","","I","","","","B","","","","","","","","","","","","","",""
"CA PST","","N","COUNTRY","CA","","2000/01/01","","","","","","","NEAREST","","","N","","N","N","N","N","N","N","N","N","N","Y","Y","Y","Y","Y","N","N","N","N","N","N","IMMEDIATE","","FUSION_RI_UPLOAD","FIN_IMPL","2016/10/27 11:50:29.897438","FIN_IMPL","2016/10/28 07:02:07.338","3FE68ED64E9E3CA3E0537AA3FD0A64F6","","","","","","","","","","","","","","","","","","N","Y","","N","CA PST","","","","","","","","","","","","","","I","","","","B","","","","","","","","","","","","","",""
"CA QST","","N","COUNTRY","CA","","2000/01/01","","","","","","","NEAREST","","","N","","N","N","N","N","N","N","N","N","N","Y","Y","Y","Y","Y","N","N","N","N","N","N","IMMEDIATE","","FUSION_RI_UPLOAD","FIN_IMPL","2016/10/27 11:50:29.897438","FIN_IMPL","2016/10/28 07:02:56.64","3FE68ED64E9E3CA3E0537AA3FD0A64F6","","","","","","","","","","","","","","","","","","N","Y","","N","CA QST","","","","","","","","","","","","","","I","","","","B","","","","","","","","","","","","","",""
"CH VAT TAX","","N","COUNTRY","CH","","1989/12/25","","","CHF","","","","NEAREST","2","0.01","N","","N","N","N","N","N","N","N","N","N","Y","N","Y","Y","Y","N","N","N","N","N","Y","IMMEDIATE","","USER_DEFINED","FIN_IMPL","2018/10/10 04:10:54.0","FIN_IMPL","2019/11/29 08:24:37.0","9878CA3FC6BD1A62E053C390DF0A7240","","","","","","","","","","","","","","","","","","N","Y","","N","CH VAT TAX","","","Y","","","","","","","","","","","I","","","","B","","","","","","","","","","","","L","",""
"CN VAT TAX","","N","COUNTRY","CN","","1994/01/01","","Corporate","CNY","","","","NEAREST","2","0.01","N","","N","N","N","N","N","N","N","N","N","Y","Y","Y","Y","Y","N","N","N","N","N","N","IMMEDIATE","","USER_DEFINED","FIN_IMPL","2014/01/14 15:14:49.328","FIN_IMPL","2014/06/13 12:06:31.412","FBB5D3EE0E5F7174E0436204548C04A1","","","","","","","","","","","","","","","","","","N","Y","","N","CN VAT TAX","","","","","","","","","","","","","","","","","","","","","","","","","","","","","","","",""
"CZ VAT TAX","","N","COUNTRY","CZ","","1993/01/01","","","","","","","NEAREST","","","N","","N","N","N","N","N","N","N","N","N","Y","Y","Y","Y","N","N","N","N","N","N","N","IMMEDIATE","","USER_DEFINED","FIN_IMPL","2014/01/14 15:14:49.342","FIN_IMPL","2014/01/14 15:14:50.104","EFD4A46D9C03342AE0436204548CB83B","","","","","","","","","","","","","","","","","","N","Y","","N","CZ VAT TAX","","","","","","","","","","","","","","","","","","","","","","","","","","","","","","","",""
"DE VAT TAX","","N","COUNTRY","DE","","1954/01/01","","","EUR","","","","NEAREST","2","","N","","N","N","N","N","N","N","N","N","N","Y","Y","Y","Y","Y","N","N","N","N","N","Y","IMMEDIATE","","USER_DEFINED","FIN_IMPL","2014/01/14 15:14:49.355","FIN_IMPL","2016/10/25 05:02:08.189","3FA97467CED50703E0537AA3FD0ABE43","","","","","","","","","","","","","","","","","","N","Y","","N","DE VAT TAX","","","Y","","","","","","","","","","","","","","","","","","","","","","","","","","","","",""
"DK VAT TAX","","N","COUNTRY","DK","","1967/07/03","","","","","","","NEAREST","","","N","","N","N","N","N","N","N","N","N","N","Y","Y","Y","Y","N","N","N","N","N","N","N","IMMEDIATE","","USER_DEFINED","FIN_IMPL","2014/01/14 15:14:49.37","FIN_IMPL","2014/01/14 15:14:50.107","EFD4A46D9C03342AE0436204548CB83B","","","","","","","","","","","","","","","","","","N","Y","","N","DK VAT TAX","","","","","","","","","","","","","","","","","","","","","","","","","","","","","","","",""
"ES VAT TAX","","N","COUNTRY","ES","","1986/01/01","","","EUR","","","","NEAREST","2","","N","","N","N","N","N","N","N","N","N","N","Y","Y","Y","Y","Y","N","N","N","N","N","N","IMMEDIATE","","USER_DEFINED","FIN_IMPL","2014/01/14 15:14:49.384","FIN_IMPL","2016/08/25 11:14:22.747","3AE1036FA1D654BAE0537AA3FD0A7D24","","","","","","","","","","","","","","","","","","N","Y","","N","ES VAT TAX","","","Y","","","","","","","","","","","","","","","","","","","","","","","","","","","","",""
"FI VAT TAX","","N","COUNTRY","FI","","1994/06/01","","","","","","","NEAREST","","","N","","N","N","N","N","N","N","N","N","N","Y","Y","Y","Y","N","N","N","N","N","N","N","IMMEDIATE","","USER_DEFINED","FIN_IMPL","2014/01/14 15:14:49.397","FIN_IMPL","2014/01/14 15:14:50.111","EFD4A46D9C03342AE0436204548CB83B","","","","","","","","","","","","","","","","","","N","Y","","N","FI VAT TAX","","","","","","","","","","","","","","","","","","","","","","","","","","","","","","","",""
"FR VAT TAX","","N","COUNTRY","FR","","1954/04/10","","","EUR","","","","NEAREST","2","","N","","N","N","N","N","N","N","N","N","N","Y","Y","Y","Y","Y","N","N","N","N","N","Y","IMMEDIATE","","USER_DEFINED","FIN_IMPL","2014/01/14 15:14:49.41","FIN_IMPL","2014/12/22 07:04:08.793","0AC8984D81FE5A57E0536204548CB458","","","","","","","","","","","","","","","","","","N","Y","","N","FR VAT TAX","","","Y","","","","","","","","","","","","","","","","","","","","","","","","","","","","",""
"GB PROGRESS VAT","","N","COUNTRY","GB","","2018/01/01","","","GBP","","","","NEAREST","2","0.01","N","","N","N","N","N","N","N","N","N","N","Y","Y","Y","Y","Y","N","N","N","N","N","N","IMMEDIATE","","USER_DEFINED","FIN_IMPL","2021/08/19 17:09:05.0","FIN_IMPL","2021/08/19 17:16:14.416","C831AEF3750FB8C5E0530364FD0A3B03","","","","","","","","","","","","","","","","","","N","Y","","N","GB PROGRESS VAT","","","Y","","","","","","","","","","","I","","","","B","","","","","","","","","","","","L","",""
"GB VAT TAX","","N","COUNTRY","GB","","1979/06/18","","","GBP","","","","NEAREST","2","","N","","N","N","N","N","N","N","N","N","N","Y","Y","Y","Y","Y","N","N","N","N","N","Y","IMMEDIATE","","USER_DEFINED","FIN_IMPL","2014/01/14 15:14:49.423","FIN_IMPL","2014/12/31 04:47:00.0","0B79D87E3B8F4D3BE0536204548C19B9","","","","","","","","","","","","","","","","","","N","Y","","N","GB VAT TAX","","","Y","","","","","","","","","","","","","","","","","","","","","","","","","","","","",""
"HU VAT TAX","","N","COUNTRY","HU","","1988/01/01","","","","","","","NEAREST","","","N","","N","N","N","N","N","N","N","N","N","Y","Y","Y","Y","N","N","N","N","N","N","N","IMMEDIATE","","USER_DEFINED","FIN_IMPL","2014/01/14 15:14:49.439","FIN_IMPL","2014/01/14 15:14:50.115","EFD4A46D9C03342AE0436204548CB83B","","","","","","","","","","","","","","","","","","N","Y","","N","HU VAT TAX","","","","","","","","","","","","","","","","","","","","","","","","","","","","","","","",""
"IE VAT TAX","","N","COUNTRY","IE","","1972/11/01","","","","","","","NEAREST","","","N","","N","N","N","N","N","N","N","N","N","Y","Y","Y","Y","N","N","N","N","N","N","N","IMMEDIATE","","USER_DEFINED","FIN_IMPL","2014/01/14 15:14:49.503","FIN_IMPL","2014/01/14 15:14:50.116","EFD4A46D9C03342AE0436204548CB83B","","","","","","","","","","","","","","","","","","N","Y","","N","IE VAT TAX","","","","","","","","","","","","","","","","","","","","","","","","","","","","","","","",""
"INDIA TDS","","N","COUNTRY","IN","","2019/04/01","","","INR","","","","NEAREST","2","","N","","N","N","N","N","N","N","N","N","N","Y","Y","Y","Y","N","N","N","N","N","N","N","","","USER_DEFINED","FIN_IMPL","2021/11/18 07:48:02.0","FIN_IMPL","2021/11/18 08:46:57.819","D040314174E162E9E0530264FD0AEF04","","","","","","","","","","","","","","","","","","N","N","","N","India TDS","","","","","","","","","","","","","","W","NONE","ERROR","ORA_IN_TAN","B","","","","","","","","","","","","L","",""
"IT VAT TAX","","N","COUNTRY","IT","","1973/01/01","","","EUR","","","","NEAREST","2","","N","","N","N","N","N","N","N","N","N","N","Y","Y","Y","Y","Y","N","N","N","N","N","N","IMMEDIATE","","USER_DEFINED","FIN_IMPL","2014/01/14 15:14:49.519","FIN_IMPL","2015/10/27 09:12:10.185","230BB289E2C47152E053790B548C6F4E","","","","","","","","","","","","","","","","","","N","Y","","N","IT VAT TAX","","","Y","","","","","","","","","","","","","","","","","","","","","","","","","","","","",""
"India GST","","N","COUNTRY","IN","","2017/01/01","","","INR","","","","NEAREST","2","0.01","N","","N","N","N","N","N","N","N","N","N","Y","Y","Y","Y","Y","N","N","N","N","N","N","IMMEDIATE","","FUSION_RI_UPLOAD","FIN_IMPL","2019/07/17 09:17:40.484905","FIN_IMPL","2019/07/17 09:25:31.571","8DDDBF1378A2ECFFE053C390DF0A7B5D","","","","","","","","","","","","","","","","","","N","Y","","N","India GST","","","","","","","","","","","","","","I","NONE","ERROR","ORA_IN_GST","B","","","","","","","","","","","","","",""
"JP CT","","N","COUNTRY","JP","","2000/01/01","","","JPY","","","","NEAREST","0","","N","","N","N","N","N","N","N","N","N","N","Y","Y","Y","Y","Y","N","N","N","N","N","N","IMMEDIATE","","USER_DEFINED","FIN_IMPL","2015/03/20 07:17:41.0","FIN_IMPL","2015/04/13 06:59:04.116","1367383AD42523D0E0536204548C0E44","","","","","","","","","","","","","","","","","","N","Y","","N","JP CT","","","","","","","","","","","","","","I","","","","B","","","","","","","","","","","","L","",""
"LU VAT TAX","","N","COUNTRY","LU","","1970/01/01","","","","","","","NEAREST","","","N","","N","N","N","N","N","N","N","N","N","Y","Y","Y","Y","N","N","N","N","N","N","N","IMMEDIATE","","USER_DEFINED","FIN_IMPL","2014/01/14 15:14:49.533","FIN_IMPL","2014/01/14 15:14:50.118","EFD4A46D9C03342AE0436204548CB83B","","","","","","","","","","","","","","","","","","N","Y","","N","LU VAT TAX","","","","","","","","","","","","","","","","","","","","","","","","","","","","","","","",""
"NL VAT TAX","","N","COUNTRY","NL","","1969/01/01","","","EUR","","","","NEAREST","2","","N","","N","N","N","N","N","N","N","N","N","Y","Y","Y","Y","Y","N","N","N","N","N","N","IMMEDIATE","","USER_DEFINED","FIN_IMPL","2014/01/14 15:14:49.548","FIN_IMPL","2016/10/24 12:00:07.372","3F9ADDFD597A1F2CE0537AA3FD0A07A1","","","","","","","","","","","","","","","","","","N","Y","","N","NL VAT TAX","","","Y","","","","","","","","","","","","","","","","","","","","","","","","","","","","",""
"NZ GST TAX","","N","COUNTRY","NZ","","1986/01/10","","","","","","","NEAREST","","","N","","N","N","N","N","N","N","N","N","N","Y","Y","Y","Y","N","N","N","N","N","N","N","IMMEDIATE","","USER_DEFINED","FIN_IMPL","2014/01/14 15:14:49.564","FIN_IMPL","2014/01/14 15:14:50.12","EFD4A46D9C03342AE0436204548CB83B","","","","","","","","","","","","","","","","","","N","Y","","N","NZ GST TAX","","","","","","","","","","","","","","","","","","","","","","","","","","","","","","","",""
"PL VAT TAX","","N","COUNTRY","PL","","1993/05/07","","","","","","","NEAREST","","","N","","N","N","N","N","N","N","N","N","N","Y","Y","Y","Y","Y","N","N","N","N","N","N","IMMEDIATE","","USER_DEFINED","FIN_IMPL","2014/01/14 15:14:49.582","FIN_IMPL","2021/12/29 06:01:13.597","D18CE38A6C4C414EE0530364FD0AE4F9","","","","","","","","","","","","","","","","","","N","Y","","N","PL VAT TAX","","","","","","","","","","","","","","","","","","","","","","","","","","","","","","","",""
"PT VAT TAX","","N","COUNTRY","PT","","1986/01/01","","","","","","","NEAREST","","","N","","N","N","N","N","N","N","N","N","N","Y","Y","Y","Y","N","N","N","N","N","N","N","IMMEDIATE","","USER_DEFINED","FIN_IMPL","2014/01/14 15:14:49.595","FIN_IMPL","2014/01/14 15:14:50.123","EFD4A46D9C03342AE0436204548CB83B","","","","","","","","","","","","","","","","","","N","Y","","N","PT VAT TAX","","","","","","","","","","","","","","","","","","","","","","","","","","","","","","","",""
"SE VAT TAX","","N","COUNTRY","SE","","1969/01/01","","","SEK","","","","NEAREST","2","0.01","N","","N","N","N","N","N","N","N","N","N","Y","Y","Y","Y","Y","N","N","N","N","N","N","IMMEDIATE","","USER_DEFINED","FIN_IMPL","2014/01/14 15:14:49.61","FIN_IMPL","2017/02/07 12:47:42.637","47F04A74B9850F48E0537AA3FD0A5A11","","","","","","","","","","","","","","","","","","N","Y","","N","SE VAT TAX","","","","","","","","","","","","","","","","","","","","","","","","","","","","","","","",""
"SG GST TAX","","N","COUNTRY","SG","","1994/01/04","","","","","","","NEAREST","","","N","","N","N","N","N","N","N","N","N","N","Y","Y","Y","Y","N","N","N","N","N","N","N","IMMEDIATE","","USER_DEFINED","FIN_IMPL","2014/01/14 15:14:49.625","FIN_IMPL","2014/01/14 15:14:50.125","EFD4A46D9C03342AE0436204548CB83B","","","","","","","","","","","","","","","","","","N","Y","","N","SG GST TAX","","","","","","","","","","","","","","","","","","","","","","","","","","","","","","","",""
"SK VAT TAX","","N","COUNTRY","SK","","1993/01/03","","","","","","","NEAREST","","","N","","N","N","N","N","N","N","N","N","N","Y","Y","Y","Y","N","N","N","N","N","N","N","IMMEDIATE","","USER_DEFINED","FIN_IMPL","2014/01/14 15:14:49.64","FIN_IMPL","2014/01/14 15:14:50.126","EFD4A46D9C03342AE0436204548CB83B","","","","","","","","","","","","","","","","","","N","Y","","N","SK VAT TAX","","","","","","","","","","","","","","","","","","","","","","","","","","","","","","","",""
"TW VAT TAX","","N","COUNTRY","TW","","1985/11/15","","","","","","","NEAREST","","","N","","N","N","N","N","N","N","N","N","N","Y","Y","Y","Y","N","N","N","N","N","N","N","IMMEDIATE","","USER_DEFINED","FIN_IMPL","2014/01/14 15:14:49.653","FIN_IMPL","2014/01/14 15:14:50.127","EFD4A46D9C03342AE0436204548CB83B","","","","","","","","","","","","","","","","","","N","Y","","N","TW VAT TAX","","","","","","","","","","","","","","","","","","","","","","","","","","","","","","","",""
"US SALES AND USE TAX","","N","COUNTRY","US","","1950/01/01","","Corporate","USD","","","","NEAREST","2","0.01","N","","N","N","N","N","N","N","N","N","N","Y","Y","Y","Y","N","N","N","N","N","N","N","IMMEDIATE","","USER_DEFINED","FIN_IMPL","2013/10/25 14:22:13.0","FIN_IMPL","2013/10/31 05:33:01.104","EA03B499EC603493E0436204548CA5B3","","","","","","","","","","","","","","","","","","N","Y","","N","US SALES AND USE TAX","","","","","","","","","","","","","","","","","","","","","","","","","","","","","","","",""
"WHT-AUSTRALIA COUNCIL","","N","COUNTRY","AU","","2017/01/01","","","AUD","","","","NEAREST","","","N","","N","N","N","N","N","N","N","N","N","Y","Y","Y","Y","N","N","N","N","N","N","N","","","USER_DEFINED","FIN_IMPL","2021/02/12 08:01:02.0","FIN_IMPL","2021/02/12 09:04:36.894","BB1DB857B2D49CE7E0539E90DF0AB03A","","","","","","","","","","","","","","","","","","N","N","","N","WHT-Australia Council","","","","","","","","","","","","","","W","","","","B","","","","","","","","","","","","B","",""
"WHT-Australia Business U-26661","","N","COUNTRY","AU","","1951/01/01","","","","","","","NEAREST","","","N","BILL_FROM","N","N","N","N","N","N","N","N","N","N","Y","N","N","N","N","N","N","N","N","N","","","FUSION_WHT_MIGRATED","anonymous","2017/03/19 08:52:40.842058","anonymous","2017/03/19 08:52:40.842058","-1","","","","","","","","","","","","","","","","","BILL_FROM_PARTY","N","N","","N","WHT-Australia Business U-26661","","","","","","","","","","","","","","W","","","","","","","","","","","","","","","","B","",""
"WHT-Belgium Business Uni-78322","","N","COUNTRY","BE","","1951/01/01","","","","","","","NEAREST","","","N","BILL_FROM","N","N","N","N","N","N","N","N","N","N","Y","N","N","N","N","N","N","N","N","N","","","FUSION_WHT_MIGRATED","anonymous","2017/03/19 08:52:40.842886","anonymous","2017/03/19 08:52:40.842886","-1","","","","","","","","","","","","","","","","","BILL_FROM_PARTY","N","N","","N","WHT-Belgium Business Uni-78322","","","","","","","","","","","","","","W","","","","","","","","","","","","","","","","B","",""
"WHT-Canada Business Unit-71153","","N","COUNTRY","CA","","1951/01/01","","","","","","","NEAREST","","","N","BILL_FROM","N","N","N","N","N","N","N","N","N","N","Y","N","N","N","N","N","N","N","N","N","","","FUSION_WHT_MIGRATED","anonymous","2017/03/19 08:52:40.841248","anonymous","2017/03/19 08:52:40.841248","-1","","","","","","","","","","","","","","","","","BILL_FROM_PARTY","N","N","","N","WHT-Canada Business Unit-71153","","","","","","","","","","","","","","W","","","","","","","","","","","","","","","","B","",""
"WHT-China Business Unit-26657","","N","COUNTRY","CN","","1951/01/01","","","","","","","NEAREST","","","N","BILL_FROM","N","N","N","N","N","N","N","N","N","N","Y","N","N","N","N","N","N","N","N","N","","","FUSION_WHT_MIGRATED","anonymous","2014/11/20 15:00:35.189538","anonymous","2014/11/20 15:00:35.189538","-1","","","","","","","","","","","","","","","","","BILL_FROM_PARTY","N","N","","N","WHT-China Business Unit-26657","","","","","","","","","","","","","","W","","","","","","","","","","","","","","","","B","",""
"WHT-Fin Svcs UK Business-79374","","N","COUNTRY","GB","","1951/01/01","","","","","","","NEAREST","","","N","BILL_FROM","N","N","N","N","N","N","N","N","N","N","Y","N","N","N","N","N","N","N","N","N","","","FUSION_WHT_MIGRATED","anonymous","2017/03/19 08:52:40.843761","anonymous","2017/03/19 08:52:40.843761","-1","","","","","","","","","","","","","","","","","BILL_FROM_PARTY","N","N","","N","WHT-Fin Svcs UK Business-79374","","","","","","","","","","","","","","W","","","","","","","","","","","","","","","","B","",""
"WHT-Fin Svcs US Business-79348","","N","COUNTRY","US","","1951/01/01","","","","","","","NEAREST","","","N","BILL_FROM","N","N","N","N","N","N","N","N","N","N","Y","N","N","N","N","N","N","N","N","N","","","FUSION_WHT_MIGRATED","anonymous","2017/03/19 08:52:40.843358","anonymous","2017/03/19 08:52:40.843358","-1","","","","","","","","","","","","","","","","","BILL_FROM_PARTY","N","N","","N","WHT-Fin Svcs US Business-79348","","","","","","","","","","","","","","W","","","","","","","","","","","","","","","","B","",""
"WHT-France Business Unit-68131","","N","COUNTRY","FR","","1951/01/01","","","EUR","","","","NEAREST","2","","N","BILL_FROM","N","N","N","N","N","N","N","N","N","N","Y","N","N","N","N","N","N","N","N","N","","","FUSION_WHT_MIGRATED","anonymous","2014/11/20 15:00:35.189232","anonymous","2014/11/20 15:00:35.189232","-1","","","","","","","","","","","","","","","","","BILL_FROM_PARTY","N","N","","N","WHT-France Business Unit-68131","","","","","","","","","","","","","","W","","","","","","","","","","","","","","","","B","",""
"WHT-Germany Business Uni-08425","","N","COUNTRY","DE","","1951/01/01","","","","","","","NEAREST","","","N","BILL_FROM","N","N","N","N","N","N","N","N","N","N","Y","N","N","N","N","N","N","N","N","N","","","FUSION_WHT_MIGRATED","anonymous","2017/03/19 08:52:40.716969","anonymous","2017/03/19 08:52:40.716969","-1","","","","","","","","","","","","","","","","","BILL_FROM_PARTY","N","N","","N","WHT-Germany Business Uni-08425","","","","","","","","","","","","","","W","","","","","","","","","","","","","","","","B","",""
"WHT-Healthcare US Busine-74743","","N","COUNTRY","US","","1951/01/01","","","","","","","NEAREST","","","N","BILL_FROM","N","N","N","N","N","N","N","N","N","N","Y","N","N","N","N","N","N","N","N","N","","","FUSION_WHT_MIGRATED","anonymous","2016/02/26 11:02:04.289206","anonymous","2016/02/26 11:02:04.289206","-1","","","","","","","","","","","","","","","","","BILL_FROM_PARTY","N","N","","N","WHT-Healthcare US Busine-74743","","","","","","","","","","","","","","W","","","","","","","","","","","","","","","","B","",""
"WHT-Italy Business Unit-08417","","N","COUNTRY","IT","","1951/01/01","","","","","","","NEAREST","","","N","BILL_FROM","N","N","N","N","N","N","N","N","N","N","Y","N","N","N","N","N","N","N","N","N","","","FUSION_WHT_MIGRATED","anonymous","2016/02/26 11:02:04.285636","anonymous","2016/02/26 11:02:04.285636","-1","","","","","","","","","","","","","","","","","BILL_FROM_PARTY","N","N","","N","WHT-Italy Business Unit-08417","","","","","","","","","","","","","","W","","","","","","","","","","","","","","","","B","",""
"WHT-JAPAN BUSINESS UNIT","","N","COUNTRY","JP","","2000/01/01","","","JPY","","","","NEAREST","0","","N","","N","N","N","N","N","N","N","N","N","N","Y","Y","N","N","N","N","N","N","N","N","","","USER_DEFINED","FIN_IMPL","2015/07/27 21:10:37.0","FIN_IMPL","2015/07/27 21:18:05.004","1BE09BF4BABF2DD4E0536204548CC4B1","","","","","","","","","","","","","","","","","","N","N","","N","WHT-Japan Business Unit","","","","","","","","","","","","","","W","","","","B","","","","","","","","","","","","L","",""
"WHT-Japan Business Unit-26669","","N","COUNTRY","JP","","1951/01/01","","","","","","","NEAREST","","","N","BILL_FROM","N","N","N","N","N","N","N","N","N","N","Y","N","N","N","N","N","N","N","N","N","","","FUSION_WHT_MIGRATED","anonymous","2016/02/26 11:02:04.289674","anonymous","2016/02/26 11:02:04.289674","-1","","","","","","","","","","","","","","","","","BILL_FROM_PARTY","N","N","","N","WHT-Japan Business Unit-26669","","","","","","","","","","","","","","W","","","","","","","","","","","","","","","","B","",""
"WHT-Netherlands Business-08429","","N","COUNTRY","NL","","1951/01/01","","","","","","","NEAREST","","","N","BILL_FROM","N","N","N","N","N","N","N","N","N","N","Y","N","N","N","N","N","N","N","N","N","","","FUSION_WHT_MIGRATED","anonymous","2017/03/19 08:52:40.839155","anonymous","2017/03/19 08:52:40.839155","-1","","","","","","","","","","","","","","","","","BILL_FROM_PARTY","N","N","","N","WHT-Netherlands Business-08429","","","","","","","","","","","","","","W","","","","","","","","","","","","","","","","B","",""
"WHT-Progress US Business-88561","","N","COUNTRY","US","","1951/01/01","","","USD","","","","NEAREST","2","","N","BILL_FROM","N","N","N","N","N","N","N","N","N","Y","Y","Y","N","N","N","N","N","N","N","N","","","FUSION_WHT_MIGRATED","anonymous","2014/11/20 15:00:35.189835","FIN_IMPL","2018/03/01 08:54:37.387","66569776336E8E76E053E9A7FD0A96EF","","","","","","","","","","","","","","","","","BILL_FROM_PARTY","N","N","","N","WHT-Progress US Business-88561","","","","","","","","","","","","","","W","","","","","","","","","","","","","","","","B","",""
"WHT-SUPREMO US BUSINESS-10546","","N","COUNTRY","US","","2017/01/01","","","USD","","","","NEAREST","2","","N","","N","N","N","N","N","N","N","N","N","Y","Y","Y","Y","N","N","N","N","N","N","N","","","USER_DEFINED","FIN_IMPL","2019/11/25 06:25:51.043","FIN_IMPL","2019/11/25 06:38:09.329","98257882E93E1319E053C390DF0ADEFE","","","","","","","","","","","","","","","","","","N","N","","N","WHT-SUPREMO US BUSINESS-10546","","","","","","","","","","","","","","W","","","","B","","","","","","","","","","","","B","",""
"WHT-Spain Business Unit-16576","","N","COUNTRY","ES","","1951/01/01","","","","","","","NEAREST","","","N","BILL_FROM","N","N","N","N","N","N","N","N","N","N","Y","N","N","N","N","N","N","N","N","N","","","FUSION_WHT_MIGRATED","anonymous","2017/03/19 08:52:40.840325","anonymous","2017/03/19 08:52:40.840325","-1","","","","","","","","","","","","","","","","","BILL_FROM_PARTY","N","N","","N","WHT-Spain Business Unit-16576","","","","","","","","","","","","","","W","","","","","","","","","","","","","","","","B","",""
"WHT-Sweden Business Unit-16584","","N","COUNTRY","SE","","1951/01/01","","","","","","","NEAREST","","","N","BILL_FROM","N","N","N","N","N","N","N","N","N","N","Y","N","N","N","N","N","N","N","N","N","","","FUSION_WHT_MIGRATED","anonymous","2017/03/19 08:52:40.840774","anonymous","2017/03/19 08:52:40.840774","-1","","","","","","","","","","","","","","","","","BILL_FROM_PARTY","N","N","","N","WHT-Sweden Business Unit-16584","","","","","","","","","","","","","","W","","","","","","","","","","","","","","","","B","",""
"WHT-UK Business Unit-98175","","N","COUNTRY","GB","","1951/01/01","","","GBP","","","","NEAREST","2","","N","BILL_FROM","N","N","N","N","N","N","N","N","N","N","Y","N","N","N","N","N","N","N","N","N","","","FUSION_WHT_MIGRATED","anonymous","2014/11/20 15:00:35.185931","anonymous","2014/11/20 15:00:35.185931","-1","","","","","","","","","","","","","","","","","BILL_FROM_PARTY","N","N","","N","WHT-UK Business Unit-98175","","","","","","","","","","","","","","W","","","","","","","","","","","","","","","","B","",""
"WHT-US INS Business Unit-39946","","N","COUNTRY","US","","1951/01/01","","","","","","","NEAREST","","","N","BILL_FROM","N","N","N","N","N","N","N","N","N","N","Y","N","N","N","N","N","N","N","N","N","","","FUSION_WHT_MIGRATED","anonymous","2017/03/19 08:52:40.844142","anonymous","2017/03/19 08:52:40.844142","-1","","","","","","","","","","","","","","","","","BILL_FROM_PARTY","N","N","","N","WHT-US INS Business Unit-39946","","","","","","","","","","","","","","W","","","","","","","","","","","","","","","","B","",""
"WHT-US1 Business Unit-87012","","N","COUNTRY","US","","1951/01/01","","","USD","","","","NEAREST","2","","N","BILL_FROM","N","N","N","N","N","N","N","N","N","N","Y","Y","N","N","N","N","N","N","N","N","","","FUSION_WHT_MIGRATED","anonymous","2014/07/16 16:13:25.542704","FIN_IMPL","2014/12/19 18:20:18.523","0A96B7B959987387E0536204548C5BF0","","","","","","","","","","","","","","","","","BILL_FROM_PARTY","N","N","","N","WHT-US1 Business Unit-87012","","","","","","","","","","","","","","W","","","","","","","","","","","","","","","","B","",""
"WHT-University US Busine-62136","","N","COUNTRY","US","","1951/01/01","","","","","","","NEAREST","","","N","BILL_FROM","N","N","N","N","N","N","N","N","N","N","Y","N","N","N","N","N","N","N","N","N","","","FUSION_WHT_MIGRATED","anonymous","2014/11/20 15:00:35.190141","anonymous","2014/11/20 15:00:35.190141","-1","","","","","","","","","","","","","","","","","BILL_FROM_PARTY","N","N","","N","WHT-University US Busine-62136","","","","","","","","","","","","","","W","","","","","","","","","","","","","","","","B","",""
