<MigrationProcessCSVMetadataVO>
   <MigrationProcessCSVMetadataVORow>
      <ProcessId>-999</ProcessId>
      <ProcessName>Manage Tax Fields_20240905_065518_238</ProcessName>
      <ProcessDescription>Manage Tax Fields_20240905_065518_238</ProcessDescription>
      <ProcessDate>2024-09-05 06:56:10.573</ProcessDate>
      <ObjectShortName>EXM_MANAGE_TAX_FIELDS</ObjectShortName>
      <ObjectType>TASK</ObjectType>
      <CreatedByFlow>TASK_CSV_SERVICE</CreatedByFlow>
      <ProcessType>EXPORT</ProcessType>
      <ProcessStatus>COMPLETED</ProcessStatus>
      <ProcessEnv>esds-dev9</ProcessEnv>
      <ProcessStartDate>2024-09-05 06:55:18.27</ProcessStartDate>
      <ProcessEndDate>2024-09-05 06:56:10.573</ProcessEndDate>
      <ProcessRelease>11.13.24.07.0</ProcessRelease>
      <SubmittedBy>CURTIS.FEITTY</SubmittedBy>
      <ESSRequestId>8030134</ESSRequestId>
      <MigrationProcessBusinessObjectCSVMetadata1>
         <MigrationProcessBusinessObjectCSVMetadataVORow>
            <ProcessId>-999</ProcessId>
            <BusinessObjectShortName>EXM_CASH_ADV_SETUP_AND_POLICY</BusinessObjectShortName>
            <BatchName null="true"/>
            <XmlAttributeList>OptionCode,ValueCode,CreationDate,CreatedBy,LastUpdateLogin,LastUpdateDate,LastUpdatedBy,BuName,OtherOrgId</XmlAttributeList>
            <XmlAttributeTypeList>string,string,dateTime,string,string,dateTime,string,string,long</XmlAttributeTypeList>
            <XmlNodePath>/SetupOptionVO/SetupOptionVORow</XmlNodePath>
            <NodeSequence>1</NodeSequence>
         </MigrationProcessBusinessObjectCSVMetadataVORow>
         <MigrationProcessBusinessObjectCSVMetadataVORow>
            <ProcessId>-999</ProcessId>
            <BusinessObjectShortName>EXM_SETUP_OPTION</BusinessObjectShortName>
            <BatchName null="true"/>
            <XmlAttributeList>OptionCode,ValueCode,CreationDate,CreatedBy,LastUpdateLogin,LastUpdateDate,LastUpdatedBy,BuName,OtherOrgId</XmlAttributeList>
            <XmlAttributeTypeList>string,string,dateTime,string,string,dateTime,string,string,long</XmlAttributeTypeList>
            <XmlNodePath>/SetupOptionVO/SetupOptionVORow</XmlNodePath>
            <NodeSequence>1</NodeSequence>
         </MigrationProcessBusinessObjectCSVMetadataVORow>
         <MigrationProcessBusinessObjectCSVMetadataVORow>
            <ProcessId>-999</ProcessId>
            <BusinessObjectShortName>EXM_VAT_FIELD</BusinessObjectShortName>
            <BatchName null="true"/>
            <XmlAttributeList>TerritoryCode,EnableMerchantNameCode,EnableMerchantReceiptCode,EnableMerchantTaxRegCode,EnableMerchantReferenceCode,EnableMerchantTaxpayerCode,EnableTaxClassificationCode,EnabledFlag,CreationDate,CreatedBy,LastUpdateDate,LastUpdatedBy,LastUpdateLogin,BuName</XmlAttributeList>
            <XmlAttributeTypeList>string,string,string,string,string,string,string,string,dateTime,string,dateTime,string,string,string</XmlAttributeTypeList>
            <XmlNodePath>/VatFieldVO/VatFieldVORow</XmlNodePath>
            <NodeSequence>1</NodeSequence>
         </MigrationProcessBusinessObjectCSVMetadataVORow>
      </MigrationProcessBusinessObjectCSVMetadata1>
      <MigrationProcessBatchCSVMetadata null="true"/>
      <MigrationProcessScopeValueCSVMetadata null="true"/>
      <MigrationProcessMigrationObjectCSVMetadata>
         <MigrationProcessMigrationObjectCSVMetadataVORow>
            <ProcessId>-999</ProcessId>
            <BusinessObjectShortName>EXM_SETUP_OPTION</BusinessObjectShortName>
            <MigrateFlag>Y</MigrateFlag>
            <IncludeExternalDataFlag>Y</IncludeExternalDataFlag>
         </MigrationProcessMigrationObjectCSVMetadataVORow>
         <MigrationProcessMigrationObjectCSVMetadataVORow>
            <ProcessId>-999</ProcessId>
            <BusinessObjectShortName>EXM_VAT_FIELD</BusinessObjectShortName>
            <MigrateFlag>Y</MigrateFlag>
            <IncludeExternalDataFlag>Y</IncludeExternalDataFlag>
         </MigrationProcessMigrationObjectCSVMetadataVORow>
      </MigrationProcessMigrationObjectCSVMetadata>
      <MigrationProcessTaskCSVMetadata null="true"/>
      <MigrationProcessServiceVersionCSVMetadata null="true"/>
   </MigrationProcessCSVMetadataVORow>
</MigrationProcessCSVMetadataVO>