"BuName","OptionCode","ValueCode","CreationDate","CreatedBy","LastUpdateLogin","LastUpdateDate","LastUpdatedBy","OtherOrgId"
"","ENABLE_AUDIT_APPROVAL","AFTER_MGR_APPROVAL","2014/02/05 15:14:14.0","FIN_IMPL","F1A9661DEC64066AE0436204548C3BEF","2014/02/05 15:14:14.045","FIN_IMPL","-1"
"Japan Business Unit","ENABLE_OVERRIDE_APPROVER","Y","2015/04/14 15:26:45.413","FIN_IMPL","13AD8EE2E28B6D6BE0536204548C8708","2015/04/14 15:28:04.161","FIN_IMPL","300000047826669"
"","ENABLE_AUTO_CREATION","Y","2014/08/20 21:29:37.0","FIN_IMPL","05A39EF790A73057E0536204548C5708","2014/10/17 19:07:55.003","FIN_IMPL","-1"
"","ENABLE_PREPAID_CASH_EXP","N","2014/08/20 21:29:37.093","FIN_IMPL","01090FF308AE51BFE0536204548CA6A0","2014/08/20 21:29:37.443","FIN_IMPL","-1"
"","ENABLE_TRAVEL","Y","2014/08/20 21:29:37.425","FIN_IMPL","05A39EF790A73057E0536204548C5708","2014/10/17 19:07:55.0","FIN_IMPL","-1"
"","ENABLE_REIMB_OPTION","ORACLE_FUSION_PAYABLES","2014/08/20 21:29:37.43","FIN_IMPL","01090FF308AE51BFE0536204548CA6A0","2014/08/20 21:29:37.445","FIN_IMPL","-1"
"","ENABLE_SAVE_PSWD","Y","2017/11/07 08:37:42.31","BETTY.ANDERSON","5D616CEBB1D954A6E0538DADFD0ADCA1","2017/11/07 08:37:43.168","BETTY.ANDERSON","-1"
"","ENABLE_TA_URL","N","2017/11/07 08:37:43.154","BETTY.ANDERSON","5D616CEBB1D954A6E0538DADFD0ADCA1","2017/11/07 08:37:43.171","BETTY.ANDERSON","-1"
"","ENABLE_CARRY_FORWARD","N","2013/11/11 20:49:19.829","FIN_IMPL","EAE7FF0FC3295393E0436204548C12DD","2013/11/11 20:49:19.9","FIN_IMPL","-1"
"","ENABLE_OVERRIDE_APPROVER","N","2013/11/11 20:49:19.874","FIN_IMPL","EAE7FF0FC3295393E0436204548C12DD","2013/11/11 20:49:19.909","FIN_IMPL","-1"
"","ENABLE_REIMB_CURRENCY","N","2013/11/11 20:49:19.877","FIN_IMPL","EAE7FF0FC3295393E0436204548C12DD","2013/11/11 20:49:19.909","FIN_IMPL","-1"
"","ENABLE_REQUEST_ADVANCES","N","2013/11/11 20:49:19.879","FIN_IMPL","EAE7FF0FC3295393E0436204548C12DD","2013/11/11 20:49:19.91","FIN_IMPL","-1"
"","ENABLE_BAR_CODE","Y","2013/11/11 20:49:19.882","FIN_IMPL","BF98F87A0DFC647AE0532D60FD0A0913","2021/05/18 18:54:42.026","FIN_IMPL","-1"
"","ENABLE_ATTACHMENTS","B","2013/11/11 20:49:19.885","FIN_IMPL","EAE7FF0FC3295393E0436204548C12DD","2013/11/11 20:49:19.911","FIN_IMPL","-1"
"","ENABLE_DFF","Y","2013/11/11 20:49:19.887","FIN_IMPL","EAE7FF0FC3295393E0436204548C12DD","2013/11/11 21:01:42.021","FIN_IMPL","-1"
"","ENABLE_PAYMENT_METHOD","Y","2013/11/11 20:49:19.89","FIN_IMPL","EAE7FF0FC3295393E0436204548C12DD","2013/11/11 21:01:42.019","FIN_IMPL","-1"
"","ENABLE_PMT_NOTIFICATION","BOTH","2013/11/11 20:49:19.892","FIN_IMPL","EAE7FF0FC3295393E0436204548C12DD","2013/11/11 21:01:42.022","FIN_IMPL","-1"
"","ENABLE_TERMS_AGREEMENTS","Y","2013/11/11 20:49:19.893","FIN_IMPL","EAE7FF0FC3295393E0436204548C12DD","2013/11/11 21:01:42.016","FIN_IMPL","-1"
"","ENABLE_APPLY_ADVANCES","A","2013/11/11 20:49:19.895","FIN_IMPL","EAE7FF0FC3295393E0436204548C12DD","2013/11/11 20:49:19.914","FIN_IMPL","-1"
"","ENABLE_PROJECT_FIELDS","N","2013/11/11 20:49:19.897","FIN_IMPL","EAE7FF0FC3295393E0436204548C12DD","2013/11/11 20:49:19.915","FIN_IMPL","-1"
"US1 Business Unit","ENABLE_REQUEST_ADVANCES","Y","2013/11/11 21:31:13.524","FIN_IMPL","EAE7FF0FC3295393E0436204548C12DD","2013/11/11 21:35:20.991","FIN_IMPL","300000046987012"
"UK Business Unit","ENABLE_REQUEST_ADVANCES","Y","2014/08/22 16:40:15.496","FIN_IMPL","0136D1C43C934A11E0536204548C6EE5","2014/08/22 16:40:58.597","FIN_IMPL","300000047498175"
"University US Business Unit","ENABLE_REQUEST_ADVANCES","Y","2015/02/12 22:04:40.817","FIN_IMPL","0EDD1A0DA9C36038E0536204548CF526","2015/02/12 22:06:27.621","FIN_IMPL","300000093962136"
"China Business Unit","ENABLE_REQUEST_ADVANCES","Y","2014/08/22 16:36:22.281","FIN_IMPL","0136D1C43C934A11E0536204548C6EE5","2014/08/22 16:37:58.829","FIN_IMPL","300000047826657"
"France Business Unit","ENABLE_REQUEST_ADVANCES","Y","2014/08/22 16:38:09.084","FIN_IMPL","0136D1C43C934A11E0536204548C6EE5","2014/08/22 16:39:17.223","FIN_IMPL","300000047568131"
"Progress US Business Unit","ENABLE_REQUEST_ADVANCES","Y","2014/08/22 16:39:34.535","FIN_IMPL","0136D1C43C934A11E0536204548C6EE5","2014/08/22 16:39:58.679","FIN_IMPL","300000075888561"
"","ENABLE_RECUR_EXP","Y","2016/04/21 15:12:38.0","FIN_IMPL","30FCBEBDD59C69F9E053790B548CB692","2016/04/21 15:14:38.0","FIN_IMPL","-1"
"","ENABLE_ATT_SPEND_AUTH","H","2018/10/10 15:22:41.506","FIN_IMPL","77E257B86B124A04E0537990DF0A9B61","2018/10/10 15:23:21.283","FIN_IMPL","-1"
"","ENABLE_BEHAVIOR","O","2018/10/10 15:22:42.595","FIN_IMPL","77E257B86B124A04E0537990DF0A9B61","2018/10/10 15:22:43.686","FIN_IMPL","-1"
"","ENABLE_FUNDS_APPL","ORA_EXM_CHECK_FUNDS","2018/10/10 15:22:43.166","FIN_IMPL","77E257B86B124A04E0537990DF0A9B61","2018/10/10 15:22:43.689","FIN_IMPL","-1"
"","ENABLE_DISP_WARN_USER","N","2018/10/10 15:22:43.225","FIN_IMPL","77E257B86B124A04E0537990DF0A9B61","2018/10/10 15:22:43.695","FIN_IMPL","-1"
"","ENABLE_REQ_SPEND_AUTH","Y","2018/10/10 15:22:43.345","FIN_IMPL","77E257B86B124A04E0537990DF0A9B61","2018/10/10 15:23:20.755","FIN_IMPL","-1"
"","ENABLE_DFLT_RPT_OWNER","Y","2018/10/10 15:22:43.402","FIN_IMPL","77E257B86B124A04E0537990DF0A9B61","2018/10/10 15:22:43.699","FIN_IMPL","-1"
"","ENABLE_LOCATION_LEVELS","ORA_EXM_ALL","2018/10/10 15:22:43.46","FIN_IMPL","77E257B86B124A04E0537990DF0A9B61","2018/10/10 15:22:43.704","FIN_IMPL","-1"
"Progress US Business Unit","ENABLE_FUNDS_APPL","ORA_EXM_CHECK_FUNDS","2019/04/15 19:54:26.806","FIN_IMPL","B1438081568E0BEAE0539E90DF0AE4A4","2020/10/09 20:20:17.907","FIN_IMPL","300000075888561"
"Progress US Business Unit","ENABLE_DISP_WARN_USER","Y","2019/04/15 19:54:30.825","FIN_IMPL","8697F08FC4F6DBEFE053C390DF0A7069","2019/04/15 19:54:41.938","FIN_IMPL","300000075888561"
"Progress US Business Unit","ENABLE_REQ_SPEND_AUTH","Y","2019/04/15 19:49:46.313","FIN_IMPL","8697C29BAA24B8B6E053C390DF0A5DFC","2019/04/15 19:50:06.267","FIN_IMPL","300000075888561"
"Progress US Business Unit","ENABLE_ATT_SPEND_AUTH","L","2019/04/15 19:49:49.341","FIN_IMPL","8697C29BAA24B8B6E053C390DF0A5DFC","2019/04/15 19:50:06.27","FIN_IMPL","300000075888561"
"Progress US Business Unit","ENABLE_BEHAVIOR","O","2019/04/15 19:49:52.907","FIN_IMPL","B1438081568E0BEAE0539E90DF0AE4A4","2020/10/09 20:20:17.917","FIN_IMPL","300000075888561"
"Germany Business Unit","ENABLE_TRAVEL","Y","2020/05/06 17:53:15.665","FIN_IMPL","A4FDE03A0FF4F2F9E0539E90DF0AA052","2020/05/06 17:53:35.516","FIN_IMPL","300000048608425"
"Germany Business Unit","ENABLE_RECUR_EXP","Y","2020/05/06 17:53:20.878","FIN_IMPL","A4FDE03A0FF4F2F9E0539E90DF0AA052","2020/05/06 17:53:35.561","FIN_IMPL","300000048608425"
"Germany Business Unit","ENABLE_SAVE_PSWD","Y","2020/05/06 17:53:29.563","FIN_IMPL","A4FDE03A0FF4F2F9E0539E90DF0AA052","2020/05/06 17:53:35.563","FIN_IMPL","300000048608425"
"","ENABLE_EMAIL_RECEIPTS","Y","2020/04/10 14:45:08.0","FIN_IMPL","BD15760FC4133203E0532C60FD0AE86D","2021/03/09 19:32:47.648","FIN_IMPL","-1"
"","ENABLE_ORACLE_MAPS","Y","2020/04/10 14:45:08.242","FIN_IMPL","B191BD0714A07084E0539E90DF0A51D2","2020/10/13 17:32:57.402","FIN_IMPL","-1"
"","ENABLE_SPLIT_ALLOC","Y","2020/04/10 14:45:08.25","FIN_IMPL","A3599509BBAF6ADCE053B090DF0AC7E2","2020/04/15 18:41:55.819","FIN_IMPL","-1"
"Germany Business Unit","ENABLE_AUTO_CREATION","Y","2020/05/06 17:54:53.481","FIN_IMPL","A4FDE03A0FF4F2F9E0539E90DF0AA052","2020/05/06 17:58:10.939","FIN_IMPL","300000048608425"
"Germany Business Unit","ENABLE_REQUEST_ADVANCES","Y","2020/05/07 15:30:53.338","FIN_IMPL","A50DB0A138A95EB6E0539E90DF0A2EB9","2020/05/07 15:31:48.205","FIN_IMPL","300000048608425"
"","ENABLE_PAYGROUP","","2021/10/13 18:18:37.76","FIN_IMPL","CC42B0A3C1616221E0530264FD0AE184","2021/10/13 18:18:37.98","FIN_IMPL","-1"
"","ENABLE_CASHADV_PAYGROUP","","2021/10/13 18:18:37.973","FIN_IMPL","CC42B0A3C1616221E0530264FD0AE184","2021/10/13 18:18:37.988","FIN_IMPL","-1"
"Progress UK Business Unit","ENABLE_FUNDS_APPL","ORA_EXM_CHECK_FUNDS","2022/01/10 20:17:41.154","FIN_IMPL","D18CE3DA4E264153E0530364FD0A62C5","2022/01/10 20:17:49.886","FIN_IMPL","300000078974768"
"Progress UK Business Unit","ENABLE_DISP_WARN_USER","Y","2022/01/10 20:17:43.955","FIN_IMPL","D18CE3DA4E264153E0530364FD0A62C5","2022/01/10 20:17:49.892","FIN_IMPL","300000078974768"
"","ENABLE_SYNC_DYN_TYPES","N","2021/01/14 15:37:38.0","FIN_IMPL","B8DEB91AD4CF20DCE0539E90DF0AAF1F","2021/01/14 15:37:38.201","FIN_IMPL","-1"
"Progress UK Business Unit","ENABLE_TAX","Y","2021/12/15 16:14:26.14","FIN_IMPL","D18CD7D254FE0120E0530264FD0A4DD0","2021/12/15 16:14:38.949","FIN_IMPL","300000078974768"
"AU Council Business Unit","ENABLE_REQUEST_ADVANCES","Y","2021/02/10 16:16:51.311","FIN_IMPL","BAFE8EEE47E48459E0539E90DF0AC9A9","2021/02/10 16:45:06.824","FIN_IMPL","300000219208529"
"","ENABLE_DIGEST_OPTS","Y","2020/09/03 21:11:11.926","FIN_IMPL","AE6F420879A483CBE0539E90DF0A4E87","2020/09/03 21:11:12.346","FIN_IMPL","-1"
"","ENABLE_AUTO_SUB_DA_EXP","N","2020/09/03 21:11:12.342","FIN_IMPL","AE6F420879A483CBE0539E90DF0A4E87","2020/09/03 21:11:12.373","FIN_IMPL","-1"
"Progress UK Business Unit","ENABLE_REQUEST_ADVANCES","Y","2022/01/10 20:15:12.82","FIN_IMPL","D18CE3DA4E264153E0530364FD0A62C5","2022/01/10 20:17:49.822","FIN_IMPL","300000078974768"
"Progress UK Business Unit","ENABLE_APPLY_ADVANCES","A","2022/01/10 20:15:17.739","FIN_IMPL","D18CE3DA4E264153E0530364FD0A62C5","2022/01/10 20:17:49.83","FIN_IMPL","300000078974768"
"Progress UK Business Unit","ENABLE_ATT_SPEND_AUTH","L","2022/01/10 20:17:30.656","FIN_IMPL","D18CE3DA4E264153E0530364FD0A62C5","2022/01/10 20:17:49.883","FIN_IMPL","300000078974768"
"Progress UK Business Unit","ENABLE_BEHAVIOR","O","2022/01/10 20:17:34.705","FIN_IMPL","D18CE3DA4E264153E0530364FD0A62C5","2022/01/10 20:17:49.884","FIN_IMPL","300000078974768"
