<?xml version="1.0" encoding="utf-8"?>
<artifactListing>	<resource name="Discount" id="Discount" type="Rule" cloneOnly="false" size="" path="/Planning/VisCnsl/Consol/Rules" pathAlias="/Planning/VisCnsl/Consol/Rules" modifiedBy="" lastUpdated="" description=""/>
	<resource name="FCCS_10_After Opening Balance Carry Forward_LocalCurrency" id="FCCS_10_After Opening Balance Carry Forward_LocalCurrency" type="Rule" cloneOnly="false" size="" path="/Planning/VisCnsl/Consol/Rules" pathAlias="/Planning/VisCnsl/Consol/Rules" modifiedBy="" lastUpdated="" description=""/>
	<resource name="FCCS_20_Final Calculations_LocalCurrency" id="FCCS_20_Final Calculations_LocalCurrency" type="Rule" cloneOnly="false" size="" path="/Planning/VisCnsl/Consol/Rules" pathAlias="/Planning/VisCnsl/Consol/Rules" modifiedBy="" lastUpdated="" description=""/>
	<resource name="FCCS_25_Before FX_Calcs_Translated" id="FCCS_25_Before FX_Calcs_Translated" type="Rule" cloneOnly="false" size="" path="/Planning/VisCnsl/Consol/Rules" pathAlias="/Planning/VisCnsl/Consol/Rules" modifiedBy="" lastUpdated="" description=""/>
	<resource name="FCCS_30_After Opening Balance Carry Forward_Translated" id="FCCS_30_After Opening Balance Carry Forward_Translated" type="Rule" cloneOnly="false" size="" path="/Planning/VisCnsl/Consol/Rules" pathAlias="/Planning/VisCnsl/Consol/Rules" modifiedBy="" lastUpdated="" description=""/>
	<resource name="FCCS_40_Final Calculations_Translated" id="FCCS_40_Final Calculations_Translated" type="Rule" cloneOnly="false" size="" path="/Planning/VisCnsl/Consol/Rules" pathAlias="/Planning/VisCnsl/Consol/Rules" modifiedBy="" lastUpdated="" description=""/>
	<resource name="FCCS_50_After Opening Balance Carry Forward_Consolidated" id="FCCS_50_After Opening Balance Carry Forward_Consolidated" type="Rule" cloneOnly="false" size="" path="/Planning/VisCnsl/Consol/Rules" pathAlias="/Planning/VisCnsl/Consol/Rules" modifiedBy="" lastUpdated="" description=""/>
	<resource name="FCCS_60_Final Calculations_Consolidated" id="FCCS_60_Final Calculations_Consolidated" type="Rule" cloneOnly="false" size="" path="/Planning/VisCnsl/Consol/Rules" pathAlias="/Planning/VisCnsl/Consol/Rules" modifiedBy="" lastUpdated="" description=""/>
	<resource name="Gtest" id="Gtest" type="Rule" cloneOnly="false" size="" path="/Planning/VisCnsl/Consol/Rules" pathAlias="/Planning/VisCnsl/Consol/Rules" modifiedBy="" lastUpdated="" description=""/>
	<resource name="SimpleAcc" id="SimpleAcc" type="Rule" cloneOnly="false" size="" path="/Planning/VisCnsl/Consol/Rules" pathAlias="/Planning/VisCnsl/Consol/Rules" modifiedBy="" lastUpdated="" description=""/>
	<resource name="UpdateViewCalculations_Template" id="UpdateViewCalculations_Template" type="Template" cloneOnly="false" size="" path="/Planning/VisCnsl/Consol/Templates" pathAlias="/Planning/VisCnsl/Consol/Templates" modifiedBy="" lastUpdated="" description=""/>
    </artifactListing>
