"XLA_MAPPING_SET.AmbContextCode","XLA_MAPPING_SET.ApplicationShortName","XLA_MAPPING_SET.MappingSetCode","AmbContextCode","MappingSetCode","SourceApplicationShortName","SourceOriginCode","SourceTypeCode","SourceCode","CreatedBy","CreationDate","FlexSegment","InputSeq","LastUpdateDate","LastUpdateLogin","LastUpdatedBy","LookupType","ViewApplicationShortName","ValueSetCode"
"DEFAULT","FAH_INSURANCE","LHPRODUCTMAPPING","DEFAULT","LHPRODUCTMAPPING","FAH_INSURANCE","","S","LINE_OF_BUSINESS","FIN_IMPL","2014/02/04 21:49:57.291","","1","2014/02/04 21:51:26.396","F1951E89E7FF126EE0436204548C65CF","FIN_IMPL","","",""
"DEFAULT","AP","GASB34","DEFAULT","GASB34","AP","","S","AID_DIST_CCID","FIN_IMPL","2016/06/02 22:03:09.641","GL_ACCOUNT","1","2016/06/02 22:03:55.621","344F594A68773F9EE053CFFBE70ABF02","FIN_IMPL","","",""
"DEFAULT","AHC_LOAN","AHC_ACCOUNT_NON_CASH","DEFAULT","AHC_ACCOUNT_NON_CASH","AHC_LOAN","","S","LINE_TYPE","FIN_IMPL","2017/11/02 19:21:25.14","","1","2017/11/02 19:22:08.033","5D05DD76AFE11059E0538DADFD0A057A","FIN_IMPL","","","AHC_LINE_TYPE"
"DEFAULT","AHC_LOAN","AHC_ACCOUNT_NON_CASH","DEFAULT","AHC_ACCOUNT_NON_CASH","AHC_LOAN","","S","LOAN_TYPE","FIN_IMPL","2017/11/02 19:21:36.956","","2","2017/11/02 19:22:08.04","5D05DD76AFE11059E0538DADFD0A057A","FIN_IMPL","","","AHC_LOAN_TYPE"
"DEFAULT","AHC_LOAN","AHC_COST_CENTER","DEFAULT","AHC_COST_CENTER","AHC_LOAN","","S","LOCATION","FIN_IMPL","2017/11/02 19:31:21.402","","1","2017/11/02 19:39:38.25","5D05DD76AFE11059E0538DADFD0A057A","FIN_IMPL","","",""
"DEFAULT","AHC_LOAN","AHC_COST_CENTER","DEFAULT","AHC_COST_CENTER","AHC_LOAN","","S","CUSTOMER_CATEGORY","FIN_IMPL","2017/11/02 19:31:35.142","","2","2017/11/02 19:39:38.252","5D05DD76AFE11059E0538DADFD0A057A","FIN_IMPL","","","AHC_CUST_CATEGORY"
"DEFAULT","AHC_INSURANCE","COST_CENTER_MAPING_INS","DEFAULT","COST_CENTER_MAPING_INS","AHC_INSURANCE","","S","COST_CENTER","FIN_IMPL","2018/03/06 11:30:03.483","","1","2018/03/06 11:38:40.298","66BBA891A800872AE053E9A7FD0AEF0B","FIN_IMPL","","",""
"DEFAULT","AHC_ENDOWMENT","ENDOWMENT_FUND_MAP","DEFAULT","ENDOWMENT_FUND_MAP","AHC_ENDOWMENT","","S","AGENCY_CODE","FIN_IMPL","2018/10/11 10:16:49.45","","1","2018/10/11 10:18:54.43","77F20EFFD1CB67FFE0537990DF0ADB76","FIN_IMPL","","",""
"DEFAULT","PJC","USICREV","DEFAULT","USICREV","PJC","","S","PROJECT_BUSINESS_UNIT_NAME","PPM_IMPL","2019/03/08 11:08:52.291","","1","2019/03/08 11:12:42.704","8391252C4EBC4BD8E053C390DF0A4A9A","PPM_IMPL","","","PJC_ORGANIZATION_VS"
"DEFAULT","PJC","USMISCRAWCOSTCAP","DEFAULT","USMISCRAWCOSTCAP","PJC","","S","PROJECT_BUSINESS_UNIT_NAME","PPM_IMPL","2019/03/08 11:43:01.353","","1","2019/03/08 11:43:01.567","8391252C4EBC4BD8E053C390DF0A4A9A","PPM_IMPL","","","PJC_ORGANIZATION_VS"
"DEFAULT","PJC","USSUPRAWCST","DEFAULT","USSUPRAWCST","PJC","","S","PROJECT_BUSINESS_UNIT_NAME","PPM_IMPL","2019/03/11 04:16:56.395","","1","2019/03/11 04:24:18.4","83C44AA2A4AD02F8E053C390DF0AC087","PPM_IMPL","","","PJC_ORGANIZATION_VS"
"DEFAULT","PJC","USUNBILREV","DEFAULT","USUNBILREV","PJC","","S","CONTRACT_ORGANIZATION_NAME","PPM_IMPL","2019/03/11 05:33:46.601","","1","2019/03/11 05:34:42.897","83C44AA2A4AD02F8E053C390DF0AC087","PPM_IMPL","","","PJC_ORGANIZATION_VS"
"DEFAULT","PJC","USUSRAWCOST","DEFAULT","USUSRAWCOST","PJC","","S","PROJECT_BUSINESS_UNIT_NAME","PPM_IMPL","2019/03/11 04:32:16.379","","1","2019/03/11 04:33:36.799","83C44AA2A4AD02F8E053C390DF0AC087","PPM_IMPL","","","PJC_ORGANIZATION_VS"
"DEFAULT","PJC","USUSRAWCOSTCAP","DEFAULT","USUSRAWCOSTCAP","PJC","","S","PROJECT_BUSINESS_UNIT_NAME","PPM_IMPL","2019/03/11 04:34:10.672","","1","2019/03/11 04:34:10.869","83C44AA2A4AD02F8E053C390DF0AC087","PPM_IMPL","","","PJC_ORGANIZATION_VS"
"DEFAULT","CMR","INTERORG_PAYABLES_RA","DEFAULT","INTERORG_PAYABLES_RA","CST","","S","INV_ORG_CODE","SCM_IMPL","2019/05/08 20:53:27.925","","1","2019/05/08 20:53:28.351","8865544AD628EB25E053C390DF0A4913","SCM_IMPL","","",""
"DEFAULT","CMR","INTERORG_PAYABLES_RA","DEFAULT","INTERORG_PAYABLES_RA","CST","","S","INV_CATEGORY_ID","SCM_IMPL","2019/05/08 20:53:27.944","","2","2019/05/08 20:53:28.353","8865544AD628EB25E053C390DF0A4913","SCM_IMPL","","","ORA_CST_XLA_INV_CATEGORIES_VS"
"DEFAULT","CMR","INTERORG_PAYABLES_RA","DEFAULT","INTERORG_PAYABLES_RA","CST","","S","ITEM_NUMBER","SCM_IMPL","2019/05/08 20:53:27.956","","3","2019/05/08 20:53:28.354","8865544AD628EB25E053C390DF0A4913","SCM_IMPL","","",""
"DEFAULT","CMR","ASSET_INTRANS_RA","DEFAULT","ASSET_INTRANS_RA","CST","","S","INV_ORG_CODE","SCM_IMPL","2019/05/08 20:59:00.127","","1","2019/05/08 20:59:00.224","8865544AD628EB25E053C390DF0A4913","SCM_IMPL","","",""
"DEFAULT","CMR","ASSET_INTRANS_RA","DEFAULT","ASSET_INTRANS_RA","CST","","S","INV_CATEGORY_ID","SCM_IMPL","2019/05/08 20:59:00.139","","2","2019/05/08 20:59:00.24","8865544AD628EB25E053C390DF0A4913","SCM_IMPL","","","ORA_CST_XLA_INV_CATEGORIES_VS"
"DEFAULT","CMR","ASSET_INTRANS_RA","DEFAULT","ASSET_INTRANS_RA","CST","","S","ITEM_NUMBER","SCM_IMPL","2019/05/08 20:59:00.147","","3","2019/05/08 20:59:00.241","8865544AD628EB25E053C390DF0A4913","SCM_IMPL","","",""
"DEFAULT","CMR","CONSIGNEDCLEARING_RA","DEFAULT","CONSIGNEDCLEARING_RA","CST","","S","INV_ORG_CODE","SCM_IMPL","2019/05/08 22:48:34.946","","1","2019/05/08 22:48:35.047","8865544AD628EB25E053C390DF0A4913","SCM_IMPL","","",""
"DEFAULT","CMR","CONSIGNEDCLEARING_RA","DEFAULT","CONSIGNEDCLEARING_RA","CST","","S","INV_CATEGORY_ID","SCM_IMPL","2019/05/08 22:48:34.957","","2","2019/05/08 22:48:35.05","8865544AD628EB25E053C390DF0A4913","SCM_IMPL","","","ORA_CST_XLA_INV_CATEGORIES_VS"
"DEFAULT","CMR","CONSIGNEDCLEARING_RA","DEFAULT","CONSIGNEDCLEARING_RA","CST","","S","ITEM_NUMBER","SCM_IMPL","2019/05/08 22:48:34.965","","3","2019/05/08 22:48:35.051","8865544AD628EB25E053C390DF0A4913","SCM_IMPL","","",""
"DEFAULT","CMR","CONSIGNEDINTRANSIT_RA","DEFAULT","CONSIGNEDINTRANSIT_RA","CST","","S","INV_ORG_CODE","SCM_IMPL","2019/05/08 22:49:19.3","","1","2019/05/08 22:49:19.372","8865544AD628EB25E053C390DF0A4913","SCM_IMPL","","",""
"DEFAULT","CMR","CONSIGNEDINTRANSIT_RA","DEFAULT","CONSIGNEDINTRANSIT_RA","CST","","S","INV_CATEGORY_ID","SCM_IMPL","2019/05/08 22:49:19.315","","2","2019/05/08 22:49:19.373","8865544AD628EB25E053C390DF0A4913","SCM_IMPL","","","ORA_CST_XLA_INV_CATEGORIES_VS"
"DEFAULT","CMR","CONSIGNEDINTRANSIT_RA","DEFAULT","CONSIGNEDINTRANSIT_RA","CST","","S","ITEM_NUMBER","SCM_IMPL","2019/05/08 22:49:19.324","","3","2019/05/08 22:49:19.374","8865544AD628EB25E053C390DF0A4913","SCM_IMPL","","",""
"DEFAULT","CMR","CONSIGNEDINSPECTION_RA","DEFAULT","CONSIGNEDINSPECTION_RA","CST","","S","INV_ORG_CODE","SCM_IMPL","2019/05/08 22:50:09.45","","1","2019/05/08 22:50:09.551","8865544AD628EB25E053C390DF0A4913","SCM_IMPL","","",""
"DEFAULT","CMR","CONSIGNEDINSPECTION_RA","DEFAULT","CONSIGNEDINSPECTION_RA","CST","","S","INV_CATEGORY_ID","SCM_IMPL","2019/05/08 22:50:09.464","","2","2019/05/08 22:50:09.552","8865544AD628EB25E053C390DF0A4913","SCM_IMPL","","","ORA_CST_XLA_INV_CATEGORIES_VS"
"DEFAULT","CMR","CONSIGNEDINSPECTION_RA","DEFAULT","CONSIGNEDINSPECTION_RA","CST","","S","ITEM_NUMBER","SCM_IMPL","2019/05/08 22:50:09.473","","3","2019/05/08 22:50:09.554","8865544AD628EB25E053C390DF0A4913","SCM_IMPL","","",""
"DEFAULT","CST","PRODUCT_ITEM","DEFAULT","PRODUCT_ITEM","CST","","S","ITEM_NUMBER","SCM_IMPL","2013/11/08 19:57:37.514","","1","2013/11/08 19:58:47.353","EAB067B635130FFEE0436204548C65D2","SCM_IMPL","","",""
"DEFAULT","FAH_BILLING","BILLING_CC_MAP","DEFAULT","BILLING_CC_MAP","FAH_BILLING","","S","TERRITORY","FIN_IMPL","2013/11/19 21:02:00.211","","1","2013/11/19 21:02:57.248","EB8D3B939D2A4828E0436204548C70AC","FIN_IMPL","","",""
"DEFAULT","FAH_BILLING","BILLING_PROD_MAP","DEFAULT","BILLING_PROD_MAP","FAH_BILLING","","S","PRODUCT_DESCRIPTION","FIN_IMPL","2013/11/19 21:06:28.212","","1","2013/11/19 21:06:57.286","EB8D768F51BD1E82E0436204548C699F","FIN_IMPL","","",""
"DEFAULT","FAH_INSURANCE","PCPRODUCTMAPPING","DEFAULT","PCPRODUCTMAPPING","FAH_INSURANCE","","S","LINE_OF_BUSINESS","FIN_IMPL","2014/02/04 20:41:10.764","","1","2014/02/04 20:42:20.234","F1951E89E7FF126EE0436204548C65CF","FIN_IMPL","","",""
"DEFAULT","AHC_INSURANCE","PRODUCT_2_DIM_INS","DEFAULT","PRODUCT_2_DIM_INS","AHC_INSURANCE","","S","PRODUCT_CODE","FIN_IMPL","2018/03/06 11:39:38.443","","1","2018/03/06 11:43:26.128","66BBA891A800872AE053E9A7FD0AEF0B","FIN_IMPL","","",""
"DEFAULT","AHC_INSURANCE","PRODUCT_2_DIM_INS","DEFAULT","PRODUCT_2_DIM_INS","AHC_INSURANCE","","S","SOURCE_SYSTEM_ID","FIN_IMPL","2018/03/06 11:39:49.953","","2","2018/03/06 11:43:26.138","66BBA891A800872AE053E9A7FD0AEF0B","FIN_IMPL","","",""
"DEFAULT","AHC_LOAN","AHC_PRODUCT","DEFAULT","AHC_PRODUCT","AHC_LOAN","","S","LOAN_TYPE","FIN_IMPL","2017/11/02 19:27:41.553","","1","2017/11/02 19:29:43.501","5D05DD76AFE11059E0538DADFD0A057A","FIN_IMPL","","","AHC_LOAN_TYPE"
"DEFAULT","AHC_BILLING","BSV_OVERRIDE","DEFAULT","BSV_OVERRIDE","AHC_BILLING","","S","TRANSACTION_ENTITY","FIN_IMPL","2017/12/28 08:25:34.082","","1","2017/12/28 08:27:07.858","615CA35573826868E0536AA0FD0A112A","FIN_IMPL","","",""
"DEFAULT","AHC_LI_INS","AHC_LI_PRODUCT","DEFAULT","AHC_LI_PRODUCT","AHC_LI_INS","","S","PRODUCT_CODE","FIN_IMPL","2019/02/25 09:11:01.142","","1","2019/02/25 09:15:11.462","82B372CEA5CF140BE053C390DF0AB1A0","FIN_IMPL","","",""
"DEFAULT","PJC","USBILLOFFDEFREV","DEFAULT","USBILLOFFDEFREV","PJC","","S","CONTRACT_ORGANIZATION_NAME","PPM_IMPL","2019/03/08 10:31:03.324","","1","2019/03/08 10:38:09.544","8391252C4EBC4BD8E053C390DF0A4A9A","PPM_IMPL","","","PJC_ORGANIZATION_VS"
"DEFAULT","PJC","USBDNCOSTCAP","DEFAULT","USBDNCOSTCAP","PJC","","S","PROJECT_BUSINESS_UNIT_NAME","PPM_IMPL","2019/03/08 10:51:40.802","","1","2019/03/08 10:53:42.493","8391252C4EBC4BD8E053C390DF0A4A9A","PPM_IMPL","","","PJC_ORGANIZATION_VS"
"DEFAULT","PJC","USBDNCOST","DEFAULT","USBDNCOST","PJC","","S","PROJECT_BUSINESS_UNIT_NAME","PPM_IMPL","2019/03/08 10:54:04.308","","1","2019/03/08 10:54:08.176","8391252C4EBC4BD8E053C390DF0A4A9A","PPM_IMPL","","","PJC_ORGANIZATION_VS"
"DEFAULT","PJC","USBDNCOSTCLCAP","DEFAULT","USBDNCOSTCLCAP","PJC","","S","PROJECT_BUSINESS_UNIT_NAME","PPM_IMPL","2019/03/08 11:04:17.872","","1","2019/03/08 11:05:37.022","8391252C4EBC4BD8E053C390DF0A4A9A","PPM_IMPL","","","PJC_ORGANIZATION_VS"
"DEFAULT","PJC","USBDNCOSTCL","DEFAULT","USBDNCOSTCL","PJC","","S","PROJECT_BUSINESS_UNIT_NAME","PPM_IMPL","2019/03/08 11:06:23.919","","1","2019/03/08 11:06:24.131","8391252C4EBC4BD8E053C390DF0A4A9A","PPM_IMPL","","","PJC_ORGANIZATION_VS"
"DEFAULT","PJC","USINVRAWCOST","DEFAULT","USINVRAWCOST","PJC","","S","PROJECT_BUSINESS_UNIT_NAME","PPM_IMPL","2019/03/08 11:26:42.138","","1","2019/03/08 11:28:33.65","8391252C4EBC4BD8E053C390DF0A4A9A","PPM_IMPL","","","PJC_ORGANIZATION_VS"
"DEFAULT","PJC","USINVRAWCOSTCAP","DEFAULT","USINVRAWCOSTCAP","PJC","","S","PROJECT_BUSINESS_UNIT_NAME","PPM_IMPL","2019/03/08 11:29:21.077","","1","2019/03/08 11:29:21.335","8391252C4EBC4BD8E053C390DF0A4A9A","PPM_IMPL","","","PJC_ORGANIZATION_VS"
"DEFAULT","PJC","USLBRRAWCOST","DEFAULT","USLBRRAWCOST","PJC","","S","PROJECT_BUSINESS_UNIT_NAME","PPM_IMPL","2019/03/08 11:32:16.67","","1","2019/03/08 11:34:46.674","8391252C4EBC4BD8E053C390DF0A4A9A","PPM_IMPL","","","PJC_ORGANIZATION_VS"
"DEFAULT","PJC","USLBRRAWCOSTCAP","DEFAULT","USLBRRAWCOSTCAP","PJC","","S","PROJECT_BUSINESS_UNIT_NAME","PPM_IMPL","2019/03/08 11:35:43.818","","1","2019/03/08 11:35:44.046","8391252C4EBC4BD8E053C390DF0A4A9A","PPM_IMPL","","","PJC_ORGANIZATION_VS"
"DEFAULT","PJC","USMISCRAWCOST","DEFAULT","USMISCRAWCOST","PJC","","S","PROJECT_BUSINESS_UNIT_NAME","PPM_IMPL","2019/03/08 11:41:12.862","","1","2019/03/08 11:42:18.352","8391252C4EBC4BD8E053C390DF0A4A9A","PPM_IMPL","","","PJC_ORGANIZATION_VS"
"DEFAULT","PJC","USPRJCONVRATEVARCOST","DEFAULT","USPRJCONVRATEVARCOST","PJC","","S","PROJECT_BUSINESS_UNIT_NAME","PPM_IMPL","2019/03/08 11:47:32.945","","1","2019/03/08 11:48:19.935","8391252C4EBC4BD8E053C390DF0A4A9A","PPM_IMPL","","","PJC_ORGANIZATION_VS"
"DEFAULT","PJC","USPRJCSTCLRNG","DEFAULT","USPRJCSTCLRNG","PJC","","S","PROJECT_BUSINESS_UNIT_NAME","PPM_IMPL","2019/03/08 11:57:22.586","","1","2019/03/08 11:57:40.777","8391252C4EBC4BD8E053C390DF0A4A9A","PPM_IMPL","","","PJC_ORGANIZATION_VS"
"DEFAULT","PJC","USPRJCSTCLRNGCAP","DEFAULT","USPRJCSTCLRNGCAP","PJC","","S","PROJECT_BUSINESS_UNIT_NAME","PPM_IMPL","2019/03/08 11:59:37.628","","1","2019/03/08 11:59:37.83","8391252C4EBC4BD8E053C390DF0A4A9A","PPM_IMPL","","","PJC_ORGANIZATION_VS"
"DEFAULT","PJC","USPRJREV","DEFAULT","USPRJREV","PJC","","S","PROJECT_BUSINESS_UNIT_NAME","PPM_IMPL","2019/03/08 12:04:31.164","","1","2019/03/08 12:04:35.132","8391252C4EBC4BD8E053C390DF0A4A9A","PPM_IMPL","","","PJC_ORGANIZATION_VS"
"DEFAULT","PJC","USPROVCOST","DEFAULT","USPROVCOST","PJC","","S","PROJECT_BUSINESS_UNIT_NAME","PPM_IMPL","2019/03/08 12:15:03.803","","1","2019/03/08 12:15:07.341","8391252C4EBC4BD8E053C390DF0A4A9A","PPM_IMPL","","","PJC_ORGANIZATION_VS"
"DEFAULT","PJC","USPROVREV","DEFAULT","USPROVREV","PJC","","S","PROJECT_BUSINESS_UNIT_NAME","PPM_IMPL","2019/03/08 12:17:41.539","","1","2019/03/08 12:17:41.752","8391252C4EBC4BD8E053C390DF0A4A9A","PPM_IMPL","","","PJC_ORGANIZATION_VS"
"DEFAULT","PJC","USRECCOST","DEFAULT","USRECCOST","PJC","","S","PROJECT_BUSINESS_UNIT_NAME","PPM_IMPL","2019/03/08 12:20:47.889","","1","2019/03/08 12:20:51.534","8391252C4EBC4BD8E053C390DF0A4A9A","PPM_IMPL","","","PJC_ORGANIZATION_VS"
"DEFAULT","PJC","USRECREV","DEFAULT","USRECREV","PJC","","S","PROJECT_BUSINESS_UNIT_NAME","PPM_IMPL","2019/03/08 12:22:24.731","","1","2019/03/08 12:22:24.992","8391252C4EBC4BD8E053C390DF0A4A9A","PPM_IMPL","","","PJC_ORGANIZATION_VS"
"DEFAULT","PJC","USSUPRAWCSTCAP","DEFAULT","USSUPRAWCSTCAP","PJC","","S","PROJECT_BUSINESS_UNIT_NAME","PPM_IMPL","2019/03/11 04:25:10.93","","1","2019/03/11 04:25:13.751","83C44AA2A4AD02F8E053C390DF0AC087","PPM_IMPL","","","PJC_ORGANIZATION_VS"
"DEFAULT","PJC","USWIPRAWCST","DEFAULT","USWIPRAWCST","PJC","","S","PROJECT_BUSINESS_UNIT_NAME","PPM_IMPL","2019/03/11 04:36:00.935","","1","2019/03/11 04:36:53.327","83C44AA2A4AD02F8E053C390DF0AC087","PPM_IMPL","","","PJC_ORGANIZATION_VS"
"DEFAULT","PJC","USWIPRAWCSTCAP","DEFAULT","USWIPRAWCSTCAP","PJC","","S","PROJECT_BUSINESS_UNIT_NAME","PPM_IMPL","2019/03/11 04:37:24.005","","1","2019/03/11 04:37:24.201","83C44AA2A4AD02F8E053C390DF0AC087","PPM_IMPL","","","PJC_ORGANIZATION_VS"
"DEFAULT","CMR","RECEIVINGINSPECTION_RA","DEFAULT","RECEIVINGINSPECTION_RA","CST","","S","INV_ORG_CODE","SCM_IMPL","2019/05/08 20:51:46.283","","1","2019/05/08 20:51:50.272","8865544AD628EB25E053C390DF0A4913","SCM_IMPL","","",""
"DEFAULT","CMR","RECEIVINGINSPECTION_RA","DEFAULT","RECEIVINGINSPECTION_RA","CST","","S","INV_CATEGORY_ID","SCM_IMPL","2019/05/08 20:51:46.85","","2","2019/05/08 20:51:50.294","8865544AD628EB25E053C390DF0A4913","SCM_IMPL","","","ORA_CST_XLA_INV_CATEGORIES_VS"
"DEFAULT","CMR","RECEIVINGINSPECTION_RA","DEFAULT","RECEIVINGINSPECTION_RA","CST","","S","ITEM_NUMBER","SCM_IMPL","2019/05/08 20:51:46.92","","3","2019/05/08 20:51:50.295","8865544AD628EB25E053C390DF0A4913","SCM_IMPL","","",""
"DEFAULT","CMR","CONSIGNEDPAYABLES_RA","DEFAULT","CONSIGNEDPAYABLES_RA","CST","","S","INV_ORG_CODE","SCM_IMPL","2019/05/08 22:59:40.141","","1","2019/05/08 22:59:40.232","8865544AD628EB25E053C390DF0A4913","SCM_IMPL","","",""
"DEFAULT","CMR","CONSIGNEDPAYABLES_RA","DEFAULT","CONSIGNEDPAYABLES_RA","CST","","S","INV_CATEGORY_ID","SCM_IMPL","2019/05/08 22:59:40.158","","2","2019/05/08 22:59:40.233","8865544AD628EB25E053C390DF0A4913","SCM_IMPL","","","ORA_CST_XLA_INV_CATEGORIES_VS"
"DEFAULT","CMR","CONSIGNEDPAYABLES_RA","DEFAULT","CONSIGNEDPAYABLES_RA","CST","","S","ITEM_NUMBER","SCM_IMPL","2019/05/08 22:59:40.168","","3","2019/05/08 22:59:40.235","8865544AD628EB25E053C390DF0A4913","SCM_IMPL","","",""
"DEFAULT","PO","PROG_NAT_ACCOUNT_SPEND_CATEGOR","DEFAULT","PROG_NAT_ACCOUNT_SPEND_CATEGOR","PO","","S","REQ_BU_NAME","PRC_IMPL","2020/02/20 18:13:51.384","","1","2020/02/20 18:14:29.428","9F06BADDD4CE2861E053B090DF0A7D21","PRC_IMPL","","",""
"DEFAULT","PO","PROG_NAT_ACCOUNT_SPEND_CATEGOR","DEFAULT","PROG_NAT_ACCOUNT_SPEND_CATEGOR","PO","","S","ITEM_CATEGORY","PRC_IMPL","2020/02/20 18:14:02.654","","2","2020/02/20 18:14:29.432","9F06BADDD4CE2861E053B090DF0A7D21","PRC_IMPL","","","ORA_PO_TAB_CATEGORY_VS"
"DEFAULT","PJC","PRGUS_PJC_NONPRJLAB_ACCTS_CLEA","DEFAULT","PRGUS_PJC_NONPRJLAB_ACCTS_CLEA","PJC","","S","EVENT_ID","PPM_IMPL","2020/05/05 07:50:37.341","","1","2020/05/05 07:50:37.41","A4E23B9074B26161E0539E90DF0A4621","PPM_IMPL","","",""
"DEFAULT","CMR","INTERORGRECEIVABLES_RA","DEFAULT","INTERORGRECEIVABLES_RA","CST","","S","INV_ORG_CODE","SCM_IMPL","2019/05/08 23:12:30.006","","1","2019/05/08 23:12:30.256","8865544AD628EB25E053C390DF0A4913","SCM_IMPL","","",""
"DEFAULT","CMR","INTERORGRECEIVABLES_RA","DEFAULT","INTERORGRECEIVABLES_RA","CST","","S","INV_CATEGORY_ID","SCM_IMPL","2019/05/08 23:12:30.019","","2","2019/05/08 23:12:30.282","8865544AD628EB25E053C390DF0A4913","SCM_IMPL","","","ORA_CST_XLA_INV_CATEGORIES_VS"
"DEFAULT","CMR","INTERORGRECEIVABLES_RA","DEFAULT","INTERORGRECEIVABLES_RA","CST","","S","ITEM_NUMBER","SCM_IMPL","2019/05/08 23:12:30.028","","3","2019/05/08 23:12:30.283","8865544AD628EB25E053C390DF0A4913","SCM_IMPL","","",""
"DEFAULT","CMR","INTERCOMPANYACCRUAL_RA","DEFAULT","INTERCOMPANYACCRUAL_RA","CST","","S","INV_ORG_CODE","SCM_IMPL","2019/06/03 19:55:29.461","","1","2019/06/03 19:55:29.552","8A6ED680DB2F802BE053C390DF0A7D6E","SCM_IMPL","","",""
"DEFAULT","CMR","INTERCOMPANYACCRUAL_RA","DEFAULT","INTERCOMPANYACCRUAL_RA","CST","","S","INV_CATEGORY_ID","SCM_IMPL","2019/06/03 19:55:29.473","","2","2019/06/03 19:55:29.553","8A6ED680DB2F802BE053C390DF0A7D6E","SCM_IMPL","","","ORA_CST_XLA_INV_CATEGORIES_VS"
"DEFAULT","CMR","INTERCOMPANYACCRUAL_RA","DEFAULT","INTERCOMPANYACCRUAL_RA","CST","","S","ITEM_NUMBER","SCM_IMPL","2019/06/03 19:55:29.483","","3","2019/06/03 19:55:29.554","8A6ED680DB2F802BE053C390DF0A7D6E","SCM_IMPL","","",""
"DEFAULT","CMR","INTERCOMPANYCOGS_RA","DEFAULT","INTERCOMPANYCOGS_RA","CST","","S","INV_ORG_CODE","SCM_IMPL","2019/06/03 19:56:17.11","","1","2019/06/03 19:56:17.185","8A6ED680DB2F802BE053C390DF0A7D6E","SCM_IMPL","","",""
"DEFAULT","CMR","INTERCOMPANYCOGS_RA","DEFAULT","INTERCOMPANYCOGS_RA","CST","","S","INV_CATEGORY_ID","SCM_IMPL","2019/06/03 19:56:17.123","","2","2019/06/03 19:56:17.186","8A6ED680DB2F802BE053C390DF0A7D6E","SCM_IMPL","","","ORA_CST_XLA_INV_CATEGORIES_VS"
"DEFAULT","CMR","INTERCOMPANYCOGS_RA","DEFAULT","INTERCOMPANYCOGS_RA","CST","","S","ITEM_NUMBER","SCM_IMPL","2019/06/03 19:56:17.132","","3","2019/06/03 19:56:17.187","8A6ED680DB2F802BE053C390DF0A7D6E","SCM_IMPL","","",""
"DEFAULT","CMR","INTERCOMPANYCLEARING_RA","DEFAULT","INTERCOMPANYCLEARING_RA","CST","","S","INV_ORG_CODE","SCM_IMPL","2019/06/03 19:56:55.969","","1","2019/06/03 19:56:56.043","8A6ED680DB2F802BE053C390DF0A7D6E","SCM_IMPL","","",""
"DEFAULT","CMR","INTERCOMPANYCLEARING_RA","DEFAULT","INTERCOMPANYCLEARING_RA","CST","","S","INV_CATEGORY_ID","SCM_IMPL","2019/06/03 19:56:55.98","","2","2019/06/03 19:56:56.044","8A6ED680DB2F802BE053C390DF0A7D6E","SCM_IMPL","","","ORA_CST_XLA_INV_CATEGORIES_VS"
"DEFAULT","CMR","INTERCOMPANYCLEARING_RA","DEFAULT","INTERCOMPANYCLEARING_RA","CST","","S","ITEM_NUMBER","SCM_IMPL","2019/06/03 19:56:55.99","","3","2019/06/03 19:56:56.045","8A6ED680DB2F802BE053C390DF0A7D6E","SCM_IMPL","","",""
"DEFAULT","CMR","TRADECLEARING_RA","DEFAULT","TRADECLEARING_RA","CST","","S","INV_ORG_CODE","SCM_IMPL","2019/05/08 23:10:12.382","","1","2019/05/08 23:10:12.741","8865544AD628EB25E053C390DF0A4913","SCM_IMPL","","",""
"DEFAULT","CMR","TRADECLEARING_RA","DEFAULT","TRADECLEARING_RA","CST","","S","INV_CATEGORY_ID","SCM_IMPL","2019/05/08 23:10:12.394","","2","2019/05/08 23:10:12.743","8865544AD628EB25E053C390DF0A4913","SCM_IMPL","","","ORA_CST_XLA_INV_CATEGORIES_VS"
"DEFAULT","CMR","TRADECLEARING_RA","DEFAULT","TRADECLEARING_RA","CST","","S","ITEM_NUMBER","SCM_IMPL","2019/05/08 23:10:12.405","","3","2019/05/08 23:10:12.744","8865544AD628EB25E053C390DF0A4913","SCM_IMPL","","",""
"DEFAULT","CMR","TRADEINTRANSIT_RA","DEFAULT","TRADEINTRANSIT_RA","CST","","S","INV_ORG_CODE","SCM_IMPL","2019/05/08 23:11:02.355","","1","2019/05/08 23:11:03.972","8865544AD628EB25E053C390DF0A4913","SCM_IMPL","","",""
"DEFAULT","CMR","TRADEINTRANSIT_RA","DEFAULT","TRADEINTRANSIT_RA","CST","","S","INV_CATEGORY_ID","SCM_IMPL","2019/05/08 23:11:02.365","","2","2019/05/08 23:11:03.973","8865544AD628EB25E053C390DF0A4913","SCM_IMPL","","","ORA_CST_XLA_INV_CATEGORIES_VS"
"DEFAULT","CMR","TRADEINTRANSIT_RA","DEFAULT","TRADEINTRANSIT_RA","CST","","S","ITEM_NUMBER","SCM_IMPL","2019/05/08 23:11:02.374","","3","2019/05/08 23:11:03.975","8865544AD628EB25E053C390DF0A4913","SCM_IMPL","","",""
"DEFAULT","AR","USUNBLAR","DEFAULT","USUNBLAR","VRM","","S","BUSINESS_UNIT_NAME","PPM_IMPL","2019/05/15 10:49:50.763","","1","2019/05/15 10:50:02.097","88EA3B64E6C59579E053C390DF0AE248","PPM_IMPL","","",""
"DEFAULT","PJC","PRGUS_PJC_NONPRJLABOR_ACCTS","DEFAULT","PRGUS_PJC_NONPRJLABOR_ACCTS","PJC","","S","EVENT_ID","PPM_IMPL","2020/05/05 07:47:39.178","","1","2020/05/05 07:47:44.471","A4E23B9074B26161E0539E90DF0A4621","PPM_IMPL","","",""
"DEFAULT","CMR","EXPENSE_RA","DEFAULT","EXPENSE_RA","CST","","S","INV_ORG_CODE","SCM_IMPL","2019/06/03 19:34:34.956","","1","2019/06/03 19:34:41.012","8A6ED680DB2F802BE053C390DF0A7D6E","SCM_IMPL","","",""
"DEFAULT","CMR","EXPENSE_RA","DEFAULT","EXPENSE_RA","CST","","S","INV_CATEGORY_ID","SCM_IMPL","2019/06/03 19:34:35.882","","2","2019/06/03 19:34:41.031","8A6ED680DB2F802BE053C390DF0A7D6E","SCM_IMPL","","","ORA_CST_XLA_INV_CATEGORIES_VS"
"DEFAULT","CMR","EXPENSE_RA","DEFAULT","EXPENSE_RA","CST","","S","ITEM_NUMBER","SCM_IMPL","2019/06/03 19:34:35.953","","3","2019/06/03 19:34:41.033","8A6ED680DB2F802BE053C390DF0A7D6E","SCM_IMPL","","",""
"DEFAULT","CMR","EXPENSEINTRANSITVALUATION_RA","DEFAULT","EXPENSEINTRANSITVALUATION_RA","CST","","S","INV_ORG_CODE","SCM_IMPL","2019/06/03 19:54:14.559","","1","2019/06/03 19:54:14.653","8A6ED680DB2F802BE053C390DF0A7D6E","SCM_IMPL","","",""
"DEFAULT","CMR","EXPENSEINTRANSITVALUATION_RA","DEFAULT","EXPENSEINTRANSITVALUATION_RA","CST","","S","INV_CATEGORY_ID","SCM_IMPL","2019/06/03 19:54:14.576","","2","2019/06/03 19:54:14.654","8A6ED680DB2F802BE053C390DF0A7D6E","SCM_IMPL","","","ORA_CST_XLA_INV_CATEGORIES_VS"
"DEFAULT","CMR","EXPENSEINTRANSITVALUATION_RA","DEFAULT","EXPENSEINTRANSITVALUATION_RA","CST","","S","ITEM_NUMBER","SCM_IMPL","2019/06/03 19:54:14.591","","3","2019/06/03 19:54:14.655","8A6ED680DB2F802BE053C390DF0A7D6E","SCM_IMPL","","",""
"DEFAULT","PO","PROGRESS_US_DEPARTMENT_SEGMENT","DEFAULT","PROGRESS_US_DEPARTMENT_SEGMENT","PJC","","S","TASK_CAPITALIZABLE_FLAG","PRC_IMPL","2021/04/28 17:44:10.722","","1","2021/04/28 17:44:54.046","BF98F8CC11556476E0532D60FD0AC196","PRC_IMPL","","",""
"DEFAULT","AHC_EXT_ERP","CONCUR_COST_CENTER_MAP","DEFAULT","CONCUR_COST_CENTER_MAP","AHC_EXT_ERP","","S","SOURCE_COST_CENTER","FIN_IMPL","2021/05/25 16:23:33.636","","1","2021/05/25 16:23:48.973","C2E6DCFB397A8FADE0532C60FD0A012E","FIN_IMPL","","",""
"DEFAULT","AHC_EXT_ERP","CONCUR_COMPANY_MAP","DEFAULT","CONCUR_COMPANY_MAP","AHC_EXT_ERP","","S","SOURCE_COMPANY","FIN_IMPL","2021/05/25 16:23:45.257","","1","2021/05/25 16:23:49.05","C2E6DCFB397A8FADE0532C60FD0A012E","FIN_IMPL","","",""
"DEFAULT","AHC_EXT_ERP","PSFT_ACCOUNT_MAP","DEFAULT","PSFT_ACCOUNT_MAP","AHC_EXT_ERP","C","F","PSFT_ACCOUNT","FIN_IMPL","2021/05/25 16:23:45.388","","1","2021/05/25 16:23:49.07","C2E6DCFB397A8FADE0532C60FD0A012E","FIN_IMPL","","",""
"DEFAULT","AHC_EXT_ERP","PSFT_COST_CENTER_MAP","DEFAULT","PSFT_COST_CENTER_MAP","AHC_EXT_ERP","C","F","PSFT_COST_CENTER","FIN_IMPL","2021/05/25 16:23:45.517","","1","2021/05/25 16:23:49.093","C2E6DCFB397A8FADE0532C60FD0A012E","FIN_IMPL","","",""
"DEFAULT","AHC_EXT_ERP","SAP_COA_FULL_STRING_MAP","DEFAULT","SAP_COA_FULL_STRING_MAP","AHC_EXT_ERP","","S","SOURCE_GL_COA_STRING","FIN_IMPL","2021/05/25 16:23:45.101","","1","2021/05/25 16:23:49.113","C2E6DCFB397A8FADE0532C60FD0A012E","FIN_IMPL","","",""
"DEFAULT","AHC_EXT_ERP","PSFT_COMPANY_MAP","DEFAULT","PSFT_COMPANY_MAP","AHC_EXT_ERP","C","F","PSFT_COMPANY","FIN_IMPL","2021/05/25 16:23:45.595","","1","2021/05/25 16:23:49.135","C2E6DCFB397A8FADE0532C60FD0A012E","FIN_IMPL","","",""
"DEFAULT","PO","PROGRESS_US_PROGRAM_SEGMENT","DEFAULT","PROGRESS_US_PROGRAM_SEGMENT","PJC","","S","TASK_CAPITALIZABLE_FLAG","PRC_IMPL","2021/04/28 17:45:49.219","","1","2021/04/28 17:46:24.609","BF98F8CC11556476E0532D60FD0AC196","PRC_IMPL","","",""
"DEFAULT","AHC_EXT_ERP","CONCUR_ACCOUNT_MAP","DEFAULT","CONCUR_ACCOUNT_MAP","AHC_EXT_ERP","","S","SOURCE_LINE_DESCRIPTION","FIN_IMPL","2021/05/26 13:16:45.371","","1","2021/05/26 13:17:29.709","C2E6DBA0B1798F62E0532C60FD0A4A9C","FIN_IMPL","","",""
"DEFAULT","JV","JV_INTERNAL_COST_TRANSFER","DEFAULT","JV_INTERNAL_COST_TRANSFER","JV","","S","DISTRIBUTION_TYPE_CODE","FIN_IMPL","2021/10/25 17:55:12.063","","1","2021/10/25 17:56:25.025","CC4680E78641393CE0530364FD0A7A83","FIN_IMPL","","",""
"DEFAULT","PO","PROGRESS_US_EXPCAT","DEFAULT","PROGRESS_US_EXPCAT","PJC","","S","TASK_CAPITALIZABLE_FLAG","PRC_IMPL","2021/04/28 19:17:00.711","","1","2021/04/28 19:23:44.163","BF98F8CC11556476E0532D60FD0AC196","PRC_IMPL","","",""
"DEFAULT","PO","PROGRESS_US_EXPCAT","DEFAULT","PROGRESS_US_EXPCAT","PJC","","S","EXPENDITURE_CATEGORY","PRC_IMPL","2021/04/28 19:17:19.246","","2","2021/04/28 19:23:44.172","BF98F8CC11556476E0532D60FD0AC196","PRC_IMPL","","","PJC_EXPENDITURE_CATEGORY_VS"
"DEFAULT","VRM","GSE_ITEM_REV_ACCT","DEFAULT","GSE_ITEM_REV_ACCT","VRM","","S","INVENTORY_ITEM_NUMBER","FIN_IMPL","2020/10/08 21:24:37.968","","1","2020/10/08 21:28:47.063","B12DBA5F8803C3BBE0539E90DF0A58D3","FIN_IMPL","","",""
"DEFAULT","AR","JV_EXPENSE_REIMB_ACCNT","DEFAULT","JV_EXPENSE_REIMB_ACCNT","AR","","S","BATCH_SOURCE_NAME","FIN_IMPL","2020/11/22 07:50:10.413","","1","2020/11/22 07:51:55.76","B4AD77F3E087F5A0E0539E90DF0AFB93","FIN_IMPL","","",""
"DEFAULT","AR","JV_EXPENSE_REIMB_ACCNT","DEFAULT","JV_EXPENSE_REIMB_ACCNT","AR","","S","TRX_LINE_INTERFACE_LINE_ATTR2","FIN_IMPL","2020/11/22 07:50:38.622","","2","2020/11/22 07:51:55.774","B4AD77F3E087F5A0E0539E90DF0AFB93","FIN_IMPL","","",""
"DEFAULT","AR","JV_EXPENSE_REIMB_ACCNT","DEFAULT","JV_EXPENSE_REIMB_ACCNT","AR","","S","TRX_LINE_INTERFACE_LINE_ATTR4","FIN_IMPL","2020/11/22 07:50:55.027","","3","2020/11/22 07:51:55.779","B4AD77F3E087F5A0E0539E90DF0AFB93","FIN_IMPL","","",""
"DEFAULT","PO","PROGRESS_US_FUNDINGSOURCE_SEGM","DEFAULT","PROGRESS_US_FUNDINGSOURCE_SEGM","PJC","","S","FUNDING_SOURCE_NUMBER","PRC_IMPL","2021/04/28 17:53:16.512","","1","2021/04/28 17:58:37.763","BF98F8CC11556476E0532D60FD0AC196","PRC_IMPL","","","ORA_PJC_FUNDING_SOURCES_NUMBER_VS"
"DEFAULT","PJC","HCUS_PJC_NONPRJLAB_ACCTS_CLEA","DEFAULT","HCUS_PJC_NONPRJLAB_ACCTS_CLEA","PJC","","S","EVENT_ID","PPM_IMPL","2020/10/02 08:18:32.767","","1","2020/10/02 08:18:32.885","B0AC8B580A63DEC4E0539E90DF0AC284","PPM_IMPL","","",""
"DEFAULT","AR","JV_EXPENSE_REIMB_CC","DEFAULT","JV_EXPENSE_REIMB_CC","AR","","S","BATCH_SOURCE_NAME","FIN_IMPL","2020/11/22 07:52:52.092","","1","2020/11/22 07:54:14.768","B4AD77F3E087F5A0E0539E90DF0AFB93","FIN_IMPL","","",""
"DEFAULT","AR","JV_EXPENSE_REIMB_CC","DEFAULT","JV_EXPENSE_REIMB_CC","AR","","S","TRX_LINE_INTERFACE_LINE_ATTR2","FIN_IMPL","2020/11/22 07:53:06.949","","2","2020/11/22 07:54:14.772","B4AD77F3E087F5A0E0539E90DF0AFB93","FIN_IMPL","","",""
"DEFAULT","AR","JV_EXPENSE_REIMB_CC","DEFAULT","JV_EXPENSE_REIMB_CC","AR","","S","TRX_LINE_INTERFACE_LINE_ATTR4","FIN_IMPL","2020/11/22 07:53:19.015","","3","2020/11/22 07:54:14.774","B4AD77F3E087F5A0E0539E90DF0AFB93","FIN_IMPL","","",""
"DEFAULT","AR","US_JV_PC_ACCT","DEFAULT","US_JV_PC_ACCT","AR","","S","BATCH_SOURCE_NAME","FIN_IMPL","2021/04/12 06:37:15.144","","1","2021/04/12 06:43:47.723","BF98FC732121F632E0532C60FD0A827C","FIN_IMPL","","",""
"DEFAULT","AR","US_JV_PC_ACCT","DEFAULT","US_JV_PC_ACCT","AR","","S","TRX_LINE_INTERFACE_LINE_ATTR1","FIN_IMPL","2021/04/12 06:38:21.713","","2","2021/04/12 06:43:47.73","BF98FC732121F632E0532C60FD0A827C","FIN_IMPL","","",""
"DEFAULT","AR","US_JV_PC_ACCT","DEFAULT","US_JV_PC_ACCT","AR","","S","TRX_LINE_INTERFACE_LINE_ATTR4","FIN_IMPL","2021/04/12 06:38:44.434","","3","2021/04/12 06:43:47.731","BF98FC732121F632E0532C60FD0A827C","FIN_IMPL","","",""
"DEFAULT","AR","US_JV_PC_CM","DEFAULT","US_JV_PC_CM","AR","","S","BATCH_SOURCE_NAME","FIN_IMPL","2021/04/12 06:49:16.8","","1","2021/04/12 06:53:30.122","BF98FC732121F632E0532C60FD0A827C","FIN_IMPL","","",""
"DEFAULT","AR","US_JV_PC_CM","DEFAULT","US_JV_PC_CM","AR","","S","TRX_LINE_INTERFACE_LINE_ATTR1","FIN_IMPL","2021/04/12 06:49:59.159","","2","2021/04/12 06:53:30.125","BF98FC732121F632E0532C60FD0A827C","FIN_IMPL","","",""
"DEFAULT","AR","US_JV_PC_CM","DEFAULT","US_JV_PC_CM","AR","","S","TRX_LINE_INTERFACE_LINE_ATTR4","FIN_IMPL","2021/04/12 06:50:12.778","","3","2021/04/12 06:53:30.126","BF98FC732121F632E0532C60FD0A827C","FIN_IMPL","","",""
"DEFAULT","PJC","HCUS_PJC_NONPRJLABOR_ACCTS","DEFAULT","HCUS_PJC_NONPRJLABOR_ACCTS","PJC","","S","EVENT_ID","PPM_IMPL","2020/10/02 08:14:15.696","","1","2020/10/02 08:14:23.99","B0AC8B580A63DEC4E0539E90DF0AC284","PPM_IMPL","","",""
"DEFAULT","PJC","USPRJCONREV","DEFAULT","USPRJCONREV","PJC","","S","CONTRACT_ORGANIZATION_NAME","PPM_IMPL","2021/08/02 13:30:58.029","","1","2021/08/02 13:32:06.892","C8313A9990C65EF7E0530264FD0A89F8","PPM_IMPL","","","PJC_ORGANIZATION_VS"
"DEFAULT","AHC_EMR","EMR_FINANCIAL_CLASS","DEFAULT","EMR_FINANCIAL_CLASS","AHC_EMR","","S","FC","FIN_IMPL","2020/06/04 05:50:58.228","","1","2020/06/04 05:51:13.44","A73B8A27BA95C90AE0539E90DF0ACBFB","FIN_IMPL","","",""
"DEFAULT","CMR","EXCHANGE_GAIN_OR_LOSS","DEFAULT","EXCHANGE_GAIN_OR_LOSS","CST","","S","INV_ORG_CODE","SCM_IMPL","2020/10/06 15:02:45.082","","1","2020/10/06 15:02:55.318","B0FC26FF261AA98CE0539E90DF0AFD7A","SCM_IMPL","","",""
"DEFAULT","CMR","EXCHANGE_GAIN_OR_LOSS","DEFAULT","EXCHANGE_GAIN_OR_LOSS","CST","","S","INV_CATEGORY_ID","SCM_IMPL","2020/10/06 15:02:46.044","","2","2020/10/06 15:02:55.348","B0FC26FF261AA98CE0539E90DF0AFD7A","SCM_IMPL","","","ORA_CST_XLA_INV_CATEGORIES_VS"
"DEFAULT","CMR","EXCHANGE_GAIN_OR_LOSS","DEFAULT","EXCHANGE_GAIN_OR_LOSS","CST","","S","ITEM_NUMBER","SCM_IMPL","2020/10/06 15:02:46.103","","3","2020/10/06 15:02:55.35","B0FC26FF261AA98CE0539E90DF0AFD7A","SCM_IMPL","","",""
"DEFAULT","PO","PROGRESS_US_FUND_SEGMENT","DEFAULT","PROGRESS_US_FUND_SEGMENT","PJC","","S","TASK_CAPITALIZABLE_FLAG","PRC_IMPL","2021/04/28 17:41:47.433","","1","2021/04/28 17:43:32.539","BF98F8CC11556476E0532D60FD0AC196","PRC_IMPL","","",""
"DEFAULT","PO","PRGRESS_US_FUNDINGSOURCENAM","DEFAULT","PRGRESS_US_FUNDINGSOURCENAM","PJC","","S","FUNDING_SOURCE_NAME","PRC_IMPL","2021/04/29 19:09:05.355","","1","2021/04/29 19:10:02.66","BF98F8CC17846476E0532D60FD0AC196","PRC_IMPL","","","ORA_GMS_FUNDING_SOURCES_VS"
