"AmbContextCode","ApplicationShortName","MappingSetCode","CreatedBy","CreationDate","DefaultValue","Description","EnabledFlag","FlexfieldAssignModeCode","FlexfieldSegmentCode","LastUpdateDate","LastUpdateLogin","LastUpdatedBy","Name","NumInputs","OwnerCode","ToBeDeleted","UpdatedFlag","VersionNum"
"DEFAULT","FV","USSGL_28","SEED_DATA_FROM_APPLICATION","2020/09/18 19:19:04.56197","DefVal1","USSGL Account 498200: Prior Budget Fiscal Year, Upward Adjustment Offset","Y","S","GL_ACCOUNT","2021/02/18 16:43:22.982","BB9F81E0FD42CA99E0539E90DF0A84A4","FIN_IMPL","USSGL 497200 or 498200 Offset - 498200","1","S","","Y","1"
"DEFAULT","FV","USSGL_29","SEED_DATA_FROM_APPLICATION","2020/09/18 19:19:04.56197","DefVal1","USSGL Account 459000: Unexpired TAS, Apportionment Category A or B, Prior Budget Fiscal Year","Y","S","GL_ACCOUNT","2021/02/18 16:44:34.022","BB9F81E0FD42CA99E0539E90DF0A84A4","FIN_IMPL","USSGL 4X9000 - 459000","1","S","","Y","1"
"DEFAULT","FV","USSGL_30","SEED_DATA_FROM_APPLICATION","2020/09/18 19:19:04.56197","DefVal1","USSGL Account 469000: Unexpired TAS, Apportionment Category E, Prior Budget Fiscal Year","Y","S","GL_ACCOUNT","2021/02/18 16:45:05.394","BB9F81E0FD42CA99E0539E90DF0A84A4","FIN_IMPL","USSGL 4X9000 - 469000","1","S","","Y","1"
"DEFAULT","FV","USSGL_31","SEED_DATA_FROM_APPLICATION","2020/09/18 19:19:04.56197","DefVal1","USSGL Account 570000","Y","S","GL_ACCOUNT","2021/02/18 16:46:06.094","BB9F81E0FD42CA99E0539E90DF0A84A4","FIN_IMPL","USSGL 570000","1","S","","Y","1"
"DEFAULT","FAH_INSURANCE","LHPRODUCTMAPPING","FIN_IMPL","2014/02/04 21:48:45.001","DefVal1","Life & Health Product Mapping","Y","S","","2014/02/04 21:54:03.466","F1951E89E7FF126EE0436204548C65CF","FIN_IMPL","Life & Health Product Mapping","1","C","","Y","1"
"DEFAULT","AP","GASB34","FIN_IMPL","2016/06/02 21:58:53.001","DefVal1","","Y","S","","2021/08/24 07:45:27.259","C8312912E83B5FCDE0530264FD0AA233","FIN_IMPL","GASB34 Asset Accounts","1","C","","Y","1"
"DEFAULT","AHC_LOAN","AHC_ACCOUNT_NON_CASH","FIN_IMPL","2017/11/02 19:20:33.0","DefVal1","Map natural account by line type and loan type","Y","S","","2020/02/26 08:46:38.0","9F75A563C0DB6E35E053B090DF0A37DD","FIN_IMPL","AHC Account - non cash","2","C","","Y","1"
"DEFAULT","AHC_LOAN","AHC_COST_CENTER","FIN_IMPL","2017/11/02 19:29:43.65","DefVal1","Map cost center segment by location and customer category","Y","S","","2021/01/11 15:06:43.118","B8A1F9AF3F1D7F1AE0539E90DF0ADA3F","FIN_IMPL","AHC Cost Center","2","C","","Y","1"
"DEFAULT","AHC_INSURANCE","COST_CENTER_MAPING_INS","FIN_IMPL","2018/03/06 11:29:08.001","DefVal1","Mapping Old cost Center to New Cost center","Y","S","","2018/03/06 11:38:40.194","66BBA891A800872AE053E9A7FD0AEF0B","FIN_IMPL","Cost Center Old to New Insurance","1","C","","Y","1"
"DEFAULT","AHC_ENDOWMENT","ENDOWMENT_FUND_MAP","FIN_IMPL","2018/10/11 10:15:05.001","DefVal1","","Y","S","","2018/10/11 10:18:53.08","77F20EFFD1CB67FFE0537990DF0ADB76","FIN_IMPL","Endowment Fund Mapping","1","C","","Y","1"
"DEFAULT","PJC","USICREV","PPM_IMPL","2019/03/08 11:08:13.938","DefVal1","US Intercompany Revenue","Y","A","","2019/03/08 11:12:42.678","8391252C4EBC4BD8E053C390DF0A4A9A","PPM_IMPL","US Intercompany Revenue","1","C","","Y","1"
"DEFAULT","PJC","USMISCRAWCOSTCAP","PPM_IMPL","2019/03/08 11:43:01.25","DefVal1","US Miscellaneous Raw Cost - Capitalizable","Y","A","","2019/03/08 11:43:37.417","8391252C4EBC4BD8E053C390DF0A4A9A","PPM_IMPL","US Miscellaneous Raw Cost - Capitalizable","1","C","","Y","1"
"DEFAULT","PJC","USSUPRAWCST","PPM_IMPL","2019/03/11 04:11:15.001","DefVal1","US Supplier Raw Cost","Y","A","","2019/03/11 04:24:18.36","83C44AA2A4AD02F8E053C390DF0AC087","PPM_IMPL","US Supplier Raw Cost","1","C","","Y","1"
"DEFAULT","PJC","USUNBILREV","PPM_IMPL","2019/03/11 05:32:59.333","DefVal1","US Unbilled Receivable","Y","A","","2019/03/11 05:34:42.871","83C44AA2A4AD02F8E053C390DF0AC087","PPM_IMPL","US Unbilled Receivable","1","C","","Y","1"
"DEFAULT","PJC","USUSRAWCOST","PPM_IMPL","2019/03/11 04:31:40.567","DefVal1","US Usage Raw Cost","Y","A","","2019/03/11 04:33:36.78","83C44AA2A4AD02F8E053C390DF0AC087","PPM_IMPL","US Usage Raw Cost","1","C","","Y","1"
"DEFAULT","PJC","USUSRAWCOSTCAP","PPM_IMPL","2019/03/11 04:34:10.566","DefVal1","US Usage Raw Cost - Capitalizable","Y","A","","2019/03/11 04:34:51.241","83C44AA2A4AD02F8E053C390DF0AC087","PPM_IMPL","US Usage Raw Cost - Capitalizable","1","C","","Y","1"
"DEFAULT","CMR","INTERORG_PAYABLES_RA","SCM_IMPL","2019/05/08 20:53:27.833","-1","New Mapping Set created for RA Mapping set created for account rule: Inter Organization Payables","Y","A","","2020/10/05 12:03:35.828","B0E8FA1ACECC673BE0539E90DF0AF280","SCM_IMPL","Interorganization Payables_RA","3","C","","N","1"
"DEFAULT","CMR","ASSET_INTRANS_RA","SCM_IMPL","2019/05/08 20:59:00.039","-1","New Mapping Set Created for RA_Mapping set created for account rule: Asset In-Transit Valuation","Y","A","","2020/04/30 20:21:21.967","A48644532120393BE0539E90DF0AD2EC","SCM_IMPL","Asset In Transit Valuation_RA","3","C","","N","1"
"DEFAULT","CMR","CONSIGNEDCLEARING_RA","SCM_IMPL","2019/05/08 22:48:34.828","-1","New Mapping Set created for RA Mapping set created for account rule: Consigned Clearing","Y","A","","2020/04/30 20:27:15.206","A48644532120393BE0539E90DF0AD2EC","SCM_IMPL","Consigned Clearing_RA","3","C","","N","1"
"DEFAULT","CMR","CONSIGNEDINTRANSIT_RA","SCM_IMPL","2019/05/08 22:49:19.218","-1","New mapping Set created for RA Mapping set created for account rule: Consigned In-Transit","Y","A","","2020/04/30 20:27:51.571","A48644532120393BE0539E90DF0AD2EC","SCM_IMPL","Consigned In-Transit_RA","3","C","","N","1"
"DEFAULT","CMR","CONSIGNEDINSPECTION_RA","SCM_IMPL","2019/05/08 22:50:09.35","-1","New Mapping Created for RA Mapping set created for account rule: Consigned Inspection","Y","A","","2020/04/30 20:28:43.656","A48644532120393BE0539E90DF0AD2EC","SCM_IMPL","Consigned Inspection_RA","3","C","","N","1"
"DEFAULT","CST","PRODUCT_ITEM","SCM_IMPL","2013/11/08 19:56:37.001","DefVal1","PRODUCT ITEM MAPPING SET USED FOR PRODUCT-ITEM - FIN PRODUCT GROUP","Y","S","","2018/11/19 17:11:01.826","7B0739FD8F8C6B6DE0537990DF0AC0DE","SCM_IMPL","Product Item-Mapping Set","1","C","","Y","1"
"DEFAULT","FAH_BILLING","BILLING_CC_MAP","FIN_IMPL","2013/11/19 21:01:03.001","DefVal1","","Y","S","","2013/11/19 21:05:28.043","EB8D3B939D2B4828E0436204548C70AC","FIN_IMPL","Billing Cost Center Mapping","1","C","","Y","1"
"DEFAULT","FAH_BILLING","BILLING_PROD_MAP","FIN_IMPL","2013/11/19 21:05:51.917","DefVal1","","Y","S","","2013/11/19 21:08:01.439","EB8D768F51BD1E82E0436204548C699F","FIN_IMPL","Billing Product Mapping","1","C","","Y","1"
"DEFAULT","FAH_INSURANCE","PCPRODUCTMAPPING","FIN_IMPL","2014/02/04 20:39:26.0","DefVal1","P&C Product Mapping ","Y","S","","2014/02/04 20:46:33.537","F1951E89E7FF126EE0436204548C65CF","FIN_IMPL","P&C Product Mapping ","1","C","","Y","1"
"DEFAULT","AHC_INSURANCE","PRODUCT_2_DIM_INS","FIN_IMPL","2018/03/06 11:38:40.461","DefVal1","Mapping product segment from Source System ID and
Product Code","Y","S","","2018/03/06 11:43:25.991","66BBA891A800872AE053E9A7FD0AEF0B","FIN_IMPL","Product 2 Dimension Mapping Insurance","2","C","","Y","1"
"DEFAULT","AHC_LOAN","AHC_PRODUCT","FIN_IMPL","2017/11/02 19:26:50.404","DefVal1","Map product segment by loan type","Y","S","","2017/11/02 19:29:43.573","5D05DD76AFE11059E0538DADFD0A057A","FIN_IMPL","AHC Product","1","C","","Y","1"
"DEFAULT","AHC_BILLING","BSV_OVERRIDE","FIN_IMPL","2017/12/28 08:23:57.001","DefVal1","BSV_OVERRIDE","Y","S","","2017/12/28 08:27:07.736","615CA35573826868E0536AA0FD0A112A","FIN_IMPL","BSV Override","1","C","","Y","1"
"DEFAULT","AHC_LI_INS","AHC_LI_PRODUCT","FIN_IMPL","2019/02/25 09:10:06.001","DefVal1","Life Insurance Product ","Y","S","","2019/02/25 09:15:25.753","82B372CEA5CF140BE053C390DF0AB1A0","FIN_IMPL","LI - Product","1","C","","Y","1"
"DEFAULT","PJC","USBILLOFFDEFREV","PPM_IMPL","2019/03/08 10:11:02.001","DefVal1","US Billing Offset Deferred Revenue","Y","A","","2019/03/08 10:38:09.509","8391252C4EBC4BD8E053C390DF0A4A9A","PPM_IMPL","US Billing Offset Deferred Revenue","1","C","","Y","1"
"DEFAULT","PJC","USBDNCOSTCAP","PPM_IMPL","2019/03/08 10:47:37.93","DefVal1","US Burden Cost - Capitalizable","Y","A","","2019/03/08 11:06:03.904","8391252C4EBC4BD8E053C390DF0A4A9A","PPM_IMPL","US Burden Cost - Capitalizable","1","C","","Y","1"
"DEFAULT","PJC","USBDNCOST","PPM_IMPL","2019/03/08 10:54:04.119","DefVal1","US Burden Cost","Y","A","","2019/03/08 10:55:29.376","8391252C4EBC4BD8E053C390DF0A4A9A","PPM_IMPL","US Burden Cost","1","C","","Y","1"
"DEFAULT","PJC","USBDNCOSTCLCAP","PPM_IMPL","2019/03/08 11:01:41.983","DefVal1","US Burden Cost Clearing - Capitalizable","Y","A","","2019/03/08 11:05:36.99","8391252C4EBC4BD8E053C390DF0A4A9A","PPM_IMPL","US Burden Cost Clearing - Capitalizable","1","C","","Y","1"
"DEFAULT","PJC","USBDNCOSTCL","PPM_IMPL","2019/03/08 11:06:23.806","DefVal1","US Burden Cost Clearing","Y","A","","2019/03/08 11:06:58.515","8391252C4EBC4BD8E053C390DF0A4A9A","PPM_IMPL","US Burden Cost Clearing","1","C","","Y","1"
"DEFAULT","PJC","USINVRAWCOST","PPM_IMPL","2019/03/08 11:25:59.0","DefVal1","US Inventory Raw Cost","Y","A","","2019/03/08 11:28:33.622","8391252C4EBC4BD8E053C390DF0A4A9A","PPM_IMPL","US Inventory Raw Cost","1","C","","Y","1"
"DEFAULT","PJC","USINVRAWCOSTCAP","PPM_IMPL","2019/03/08 11:29:20.547","DefVal1","US Inventory Raw Cost - Capitalizable","Y","A","","2019/03/08 11:30:25.954","8391252C4EBC4BD8E053C390DF0A4A9A","PPM_IMPL","US Inventory Raw Cost - Capitalizable","1","C","","Y","1"
"DEFAULT","PJC","USLBRRAWCOST","PPM_IMPL","2019/03/08 11:31:38.566","DefVal1","US Labor Raw Cost","Y","A","","2019/03/08 11:34:46.623","8391252C4EBC4BD8E053C390DF0A4A9A","PPM_IMPL","US Labor Raw Cost","1","C","","Y","1"
"DEFAULT","PJC","USLBRRAWCOSTCAP","PPM_IMPL","2019/03/08 11:35:43.215","DefVal1","US Labor Raw Cost - Capitalizable","Y","A","","2019/03/08 11:36:14.739","8391252C4EBC4BD8E053C390DF0A4A9A","PPM_IMPL","US Labor Raw Cost - Capitalizable","1","C","","Y","1"
"DEFAULT","PJC","USMISCRAWCOST","PPM_IMPL","2019/03/08 11:40:32.397","DefVal1","US Miscellaneous Raw Cost","Y","A","","2019/03/08 11:42:18.335","8391252C4EBC4BD8E053C390DF0A4A9A","PPM_IMPL","US Miscellaneous Raw Cost","1","C","","Y","1"
"DEFAULT","PJC","USPRJCONVRATEVARCOST","PPM_IMPL","2019/03/08 11:46:47.57","DefVal1","US Project Conversion Rate Variance Cost","Y","A","","2019/03/08 11:48:19.911","8391252C4EBC4BD8E053C390DF0A4A9A","PPM_IMPL","US Project Conversion Rate Variance Cost","1","C","","Y","1"
"DEFAULT","PJC","USPRJCSTCLRNG","PPM_IMPL","2019/03/08 11:56:32.334","DefVal1","US Project Cost Clearing","Y","A","","2019/03/08 11:58:45.937","8391252C4EBC4BD8E053C390DF0A4A9A","PPM_IMPL","US Project Cost Clearing","1","C","","Y","1"
"DEFAULT","PJC","USPRJCSTCLRNGCAP","PPM_IMPL","2019/03/08 11:59:37.503","DefVal1","US Project Cost Clearing - Capitalizable","Y","A","","2019/03/08 12:00:19.265","8391252C4EBC4BD8E053C390DF0A4A9A","PPM_IMPL","US Project Cost Clearing - Capitalizable","1","C","","Y","1"
"DEFAULT","PJC","USPRJREV","PPM_IMPL","2019/03/08 12:04:14.824","DefVal1","US Project Revenue","Y","A","","2024/05/08 12:58:26.107","179D353C2315606EE063B065F00A47F9","CURTIS.FEITTY","US Project Revenue","1","C","","Y","1"
"DEFAULT","PJC","USPROVCOST","PPM_IMPL","2019/03/08 12:14:31.152","DefVal1","US Provider Cost","Y","A","","2019/03/08 12:16:09.759","8391252C4EBC4BD8E053C390DF0A4A9A","PPM_IMPL","US Provider Cost","1","C","","Y","1"
"DEFAULT","PJC","USPROVREV","PPM_IMPL","2019/03/08 12:17:41.39","DefVal1","US Provider Revenue","Y","A","","2019/03/08 12:18:06.942","8391252C4EBC4BD8E053C390DF0A4A9A","PPM_IMPL","US Provider Revenue","1","C","","Y","1"
"DEFAULT","PJC","USRECCOST","PPM_IMPL","2019/03/08 12:19:03.19","DefVal1","US Receiver Cost","Y","A","","2019/03/08 12:21:38.802","8391252C4EBC4BD8E053C390DF0A4A9A","PPM_IMPL","US Receiver Cost","1","C","","Y","1"
"DEFAULT","PJC","USRECREV","PPM_IMPL","2019/03/08 12:22:24.56","DefVal1","US Receiver Revenue","Y","A","","2019/03/08 12:22:50.73","8391252C4EBC4BD8E053C390DF0A4A9A","PPM_IMPL","US Receiver Revenue","1","C","","Y","1"
"DEFAULT","PJC","USSUPRAWCSTCAP","PPM_IMPL","2019/03/11 04:25:10.65","DefVal1","US Supplier Raw Cost - Capitalizable","Y","A","","2019/03/11 04:26:05.29","83C44AA2A4AD02F8E053C390DF0AC087","PPM_IMPL","US Supplier Raw Cost - Capitalizable","1","C","","Y","1"
"DEFAULT","PJC","USWIPRAWCST","PPM_IMPL","2019/03/11 04:35:40.892","DefVal1","US Work In Process Raw Cost","Y","A","","2019/03/11 04:36:53.3","83C44AA2A4AD02F8E053C390DF0AC087","PPM_IMPL","US Work In Process Raw Cost","1","C","","Y","1"
"DEFAULT","PJC","USWIPRAWCSTCAP","PPM_IMPL","2019/03/11 04:37:23.901","DefVal1","US Work In Process Raw Cost - Capitalizable","Y","A","","2019/03/11 04:37:58.648","83C44AA2A4AD02F8E053C390DF0AC087","PPM_IMPL","US Work In Process Raw Cost - Capitalizable","1","C","","Y","1"
"DEFAULT","CMR","RECEIVINGINSPECTION_RA","SCM_IMPL","2019/05/08 20:51:46.001","-1","New Mapping Set created for RA Mapping set created for account rule: Receiving Inspection","Y","A","","2021/11/18 22:58:36.154","D0426689CC747EBDE0530364FD0AA0F4","SCM_IMPL","Receiving Inspection_RA","3","C","","N","1"
"DEFAULT","CMR","CONSIGNEDPAYABLES_RA","SCM_IMPL","2019/05/08 22:59:40.051","-1","New mapping Set created for RA Mapping set created for account rule: Consigned Payable","Y","A","","2020/04/30 20:31:21.324","A48644532120393BE0539E90DF0AD2EC","SCM_IMPL","Consigned Payables_RA","3","C","","N","1"
"DEFAULT","PO","PROG_NAT_ACCOUNT_SPEND_CATEGOR","PRC_IMPL","2020/02/20 18:13:20.001","DefVal1","PROGRESS US CUSTOM TAB ACCOUNTING","Y","S","","2020/02/20 18:23:25.088","9F06BADDD4CE2861E053B090DF0A7D21","PRC_IMPL","PROG_NAT_ACCOUNT_SPEND_CATEGORY","2","C","","Y","1"
"DEFAULT","PJC","PRGUS_PJC_NONPRJLAB_ACCTS_CLEA","PPM_IMPL","2020/05/05 07:50:37.229","DefVal1","Specifies the account combination used for non-project labor cost clearing accounting events","Y","A","","2021/02/10 07:44:15.475","BAF4B5EAE62C2131E0539E90DF0A9A09","PPM_IMPL","PRGUS Non-Project Labor Cost Clearing Account","1","C","","Y","1"
"DEFAULT","CMR","INTERORGRECEIVABLES_RA","SCM_IMPL","2019/05/08 23:12:29.484","-1","New Mapping Set created for RA Mapping set created for account rule: Inter Organization Receivables","Y","A","","2020/04/30 20:46:25.96","A48644532120393BE0539E90DF0AD2EC","SCM_IMPL","Interorganization Receivables_RA","3","C","","N","1"
"DEFAULT","CMR","INTERCOMPANYACCRUAL_RA","SCM_IMPL","2019/06/03 19:55:29.359","-1","New Mapping Set created for RA Mapping set created for account rule: Inter Company Accrual","Y","A","","2021/05/25 08:59:53.977","C2FCB79A7C3A81B4E0532D60FD0A7ED2","SCM_IMPL","Inter Company Accrual_RA","3","C","","N","1"
"DEFAULT","CMR","INTERCOMPANYCOGS_RA","SCM_IMPL","2019/06/03 19:56:16.997","-1","New Mapping Set created for RAMapping set created for account rule: Inter Company Cost of Goods Sold","Y","A","","2020/04/30 20:44:54.262","A48644532120393BE0539E90DF0AD2EC","SCM_IMPL","Intercompany Cost of Goods Sold_RA","3","C","","N","1"
"DEFAULT","CMR","INTERCOMPANYCLEARING_RA","SCM_IMPL","2019/06/03 19:56:55.872","-1","New Mapping Set created for RA Mapping set created for account rule: Inter Company Clearing","Y","A","","2020/04/30 20:43:41.682","A48644532120393BE0539E90DF0AD2EC","SCM_IMPL","Intercompany Clearing_RA","3","C","","N","1"
"DEFAULT","CMR","TRADECLEARING_RA","SCM_IMPL","2019/05/08 23:10:12.281","-1","New Mapping Set created for RA Mapping set created for account rule: Trade Clearing","Y","A","","2020/10/05 12:14:10.269","B0E8FA1ACECC673BE0539E90DF0AF280","SCM_IMPL","Trade Clearing_RA","3","C","","N","1"
"DEFAULT","CMR","TRADEINTRANSIT_RA","SCM_IMPL","2019/05/08 23:11:02.261","-1","New Mapping Set created for RA Mapping set created for account rule: Trade In-Transit Valuation","Y","A","","2020/10/05 16:24:54.45","B0EFAF77F2E7FE07E0539E90DF0AA19C","SCM_IMPL","Trade In Transit Valuation_RA","3","C","","N","1"
"DEFAULT","AR","USUNBLAR","PPM_IMPL","2019/05/15 10:48:39.353","DefVal1","US Unbilled AR","Y","A","","2019/05/15 10:53:53.6","88EA3B64E6C59579E053C390DF0AE248","PPM_IMPL","US Unbilled AR","1","C","","Y","1"
"DEFAULT","PJC","PRGUS_PJC_NONPRJLABOR_ACCTS","PPM_IMPL","2020/05/05 07:47:38.956","DefVal1","Specifies the account combination used for non-project labor cost accounting events","Y","A","","2021/02/10 07:43:55.913","BAF4B5EAE62C2131E0539E90DF0A9A09","PPM_IMPL","PRGUS Non-Project Labor Cost Account","1","C","","Y","1"
"DEFAULT","CMR","EXPENSE_RA","SCM_IMPL","2019/06/03 19:34:34.0","-1","New Mapping Set created for RA Mapping set created for account rule: Expense","Y","A","","2020/10/05 09:33:47.729","B0E8FA1ACECC673BE0539E90DF0AF280","SCM_IMPL","Expense_RA","3","C","","N","1"
"DEFAULT","CMR","EXPENSEINTRANSITVALUATION_RA","SCM_IMPL","2019/06/03 19:54:14.423","-1","New Mapping Set created for RA Mapping set created for account rule: Expense In-Transit Valuation","Y","A","","2020/04/30 20:39:56.515","A48644532120393BE0539E90DF0AD2EC","SCM_IMPL","Expense In Transit Valuation_RA","3","C","","N","1"
"DEFAULT","PO","PROGRESS_US_DEPARTMENT_SEGMENT","PRC_IMPL","2021/04/28 17:43:34.966","DefVal1","","Y","S","","2021/04/28 17:44:54.025","BF98F8CC11556476E0532D60FD0AC196","PRC_IMPL","PROGRESS_US_DEPARTMENT_SEGMENT","1","C","","Y","1"
"DEFAULT","AHC_EXT_ERP","CONCUR_COST_CENTER_MAP","FIN_IMPL","2021/05/25 16:23:33.0","DefVal1","CONUR : Cost center mapping from data file source to COA ","Y","S","","2021/05/25 16:24:34.374","C2F9D3C0F84681CFE0532D60FD0AE831","FIN_IMPL","CONCUR Cost Center Mapping","1","C","","Y","1"
"DEFAULT","AHC_EXT_ERP","CONCUR_COMPANY_MAP","FIN_IMPL","2021/05/25 16:23:45.192","DefVal1","CONCUR:Company mapping from source data file to COA","Y","S","","2021/05/25 16:24:34.859","C2F9D3C0F84681CFE0532D60FD0AE831","FIN_IMPL","CONCUR Company Mapping","1","C","","Y","1"
"DEFAULT","AHC_EXT_ERP","PSFT_ACCOUNT_MAP","FIN_IMPL","2021/05/25 16:23:45.294","DefVal1","PSFT : Account Mapping using formula","Y","S","","2021/05/25 16:23:49.053","C2E6DCFB397A8FADE0532C60FD0A012E","FIN_IMPL","PSFT Account Mapping","1","C","","Y","1"
"DEFAULT","AHC_EXT_ERP","PSFT_COST_CENTER_MAP","FIN_IMPL","2021/05/25 16:23:45.465","DefVal1","PSFT : Cost Center mapping for using formula","Y","S","","2021/05/25 16:24:34.902","C2F9D3C0F84681CFE0532D60FD0AE831","FIN_IMPL","PSFT Cost Center Mapping","1","C","","Y","1"
"DEFAULT","AHC_EXT_ERP","SAP_COA_FULL_STRING_MAP","FIN_IMPL","2021/05/25 16:23:45.011","DefVal1","SAP : Full GL COA string Mapping","Y","A","","2021/05/25 16:24:35.433","C2F9D3C0F84681CFE0532D60FD0AE831","FIN_IMPL","SAP COA Full String Mapping","1","C","","Y","1"
"DEFAULT","AHC_EXT_ERP","PSFT_COMPANY_MAP","FIN_IMPL","2021/05/25 16:23:45.541","DefVal1","PSFT : Company mapping using formula","Y","S","","2021/05/25 16:24:35.388","C2F9D3C0F84681CFE0532D60FD0AE831","FIN_IMPL","PSFT Company Mapping","1","C","","Y","1"
"DEFAULT","PO","PROGRESS_US_PROGRAM_SEGMENT","PRC_IMPL","2021/04/28 17:44:56.903","DefVal1","","Y","S","","2021/04/28 17:46:24.584","BF98F8CC11556476E0532D60FD0AC196","PRC_IMPL","PROGRESS_US_PROGRAM_SEGMENT","1","C","","Y","1"
"DEFAULT","AHC_EXT_ERP","CONCUR_ACCOUNT_MAP","FIN_IMPL","2021/05/26 13:15:38.0","DefVal1","","Y","S","","2021/05/26 13:17:29.673","C2E6DBA0B1798F62E0532C60FD0A4A9C","FIN_IMPL","CONCUR Account Mapping","1","C","","Y","1"
"DEFAULT","JV","JV_INTERNAL_COST_TRANSFER","FIN_IMPL","2021/10/25 17:54:29.001","DefVal1","Derive Joint Venture Internal Cost Transfer Account based on Distribution Type","Y","S","","2021/10/25 17:56:24.964","CC4680E78641393CE0530364FD0A7A83","FIN_IMPL","Joint Venture Internal Cost Transfer Account","1","C","","Y","1"
"DEFAULT","PO","PROGRESS_US_EXPCAT","PRC_IMPL","2021/04/28 19:16:29.849","DefVal1","","Y","S","","2021/05/03 21:41:07.0","BF98C79137456468E0532D60FD0A9B29","PRC_IMPL","PROGRESS US EXPCAT","2","C","","Y","1"
"DEFAULT","VRM","GSE_ITEM_REV_ACCT","FIN_IMPL","2020/10/08 21:22:57.001","DefVal1","Item to Revenue Account Mapping","Y","S","","2020/10/13 13:57:41.842","B18E89A209B0C6CDE0539E90DF0A11BD","FIN_IMPL","Item to Revenue Acct Mapping","1","C","","Y","1"
"DEFAULT","AR","JV_EXPENSE_REIMB_ACCNT","FIN_IMPL","2020/11/22 07:48:55.001","DefVal1","This Mapping set is used to Override the natural account segment in JV Invoices","Y","S","","2021/08/25 08:25:52.836","CA147F01702E69A8E0530364FD0AFD37","FIN_IMPL","US JV Offset to Receivables_Natural Account","3","C","","Y","1"
"DEFAULT","PO","PROGRESS_US_FUNDINGSOURCE_SEGM","PRC_IMPL","2021/04/28 17:52:23.001","DefVal1","","Y","S","","2021/04/28 18:03:29.361","BF98F8CC11556476E0532D60FD0AC196","PRC_IMPL","PROGRESS_US_FUNDINGSOURCE_SEGMENT","1","C","","Y","1"
"DEFAULT","PJC","HCUS_PJC_NONPRJLAB_ACCTS_CLEA","PPM_IMPL","2020/10/02 08:18:32.633","DefVal1","Specifies the account combination used for non-project labor cost clearing accounting events","Y","A","","2020/10/02 08:19:12.906","B0AC8B580A63DEC4E0539E90DF0AC284","PPM_IMPL","HCUS Non-Project Labor Cost Clearing Account","1","C","","Y","1"
"DEFAULT","AR","JV_EXPENSE_REIMB_CC","FIN_IMPL","2020/11/22 07:51:55.966","DefVal1","This mapping set is used to override cost center segment for JV Invoices","Y","S","","2021/08/25 08:23:44.402","CA147F01702E69A8E0530364FD0AFD37","FIN_IMPL","US JV Offset to Receivables_CC","3","C","","Y","1"
"DEFAULT","AR","US_JV_PC_ACCT","FIN_IMPL","2021/04/12 06:35:34.001","DefVal1","Joint Venture Partner contribution account combination","Y","A","","2021/08/25 08:33:06.84","CA147F01702E69A8E0530364FD0AFD37","FIN_IMPL","US JV Partner Contribution Account","3","C","","Y","1"
"DEFAULT","AR","US_JV_PC_CM","FIN_IMPL","2021/04/12 06:48:11.001","DefVal1","Joint Venture PC Account Combination for Credit Memo","Y","A","","2021/04/12 06:53:30.153","BF98FC732121F632E0532C60FD0A827C","FIN_IMPL","US JV PC Credit Memo","3","C","","Y","1"
"DEFAULT","PJC","HCUS_PJC_NONPRJLABOR_ACCTS","PPM_IMPL","2020/10/02 08:14:15.001","DefVal1","Specifies the account combination used for non-project labor cost accounting events","Y","A","","2020/10/02 08:17:20.19","B0AC8B580A63DEC4E0539E90DF0AC284","PPM_IMPL","HCUS Non-Project Labor Cost Account","1","C","","Y","1"
"DEFAULT","PJC","USPRJCONREV","PPM_IMPL","2021/08/02 13:29:19.001","DefVal1","US Project and Contract Revenue","Y","A","","2021/08/02 13:32:06.849","C8313A9990C65EF7E0530264FD0A89F8","PPM_IMPL","US Project and Contract Revenue","1","C","","Y","1"
"DEFAULT","AHC_EMR","EMR_FINANCIAL_CLASS","FIN_IMPL","2020/06/04 05:50:57.001","DefVal1","Map Financial Class to HC Sub Account","Y","S","","2020/06/04 05:51:49.201","A73952CD18C8BB20E0539E90DF0AC458","FIN_IMPL","EMR Financial Class","1","C","","Y","1"
"DEFAULT","CMR","EXCHANGE_GAIN_OR_LOSS","SCM_IMPL","2020/10/06 15:02:44.001","-1","User Defined for Receipt Accounting.","Y","A","","2020/10/06 15:06:28.728","B0FC26FF261AA98CE0539E90DF0AFD7A","SCM_IMPL","Exchange Gain or Loss","3","C","","N","1"
"DEFAULT","PO","PROGRESS_US_FUND_SEGMENT","PRC_IMPL","2021/04/28 17:40:58.001","DefVal1","","Y","S","","2021/04/28 17:43:32.494","BF98F8CC11556476E0532D60FD0AC196","PRC_IMPL","PROGRESS_US_FUND_SEGMENT","1","C","","Y","1"
"DEFAULT","PO","PRGRESS_US_FUNDINGSOURCENAM","PRC_IMPL","2021/04/29 19:08:18.001","DefVal1","","Y","S","","2021/04/29 19:30:41.069","BF98F8CC17846476E0532D60FD0AC196","PRC_IMPL","PRGRESS_US_FUNDINGSOURCENAME","1","C","","Y","1"
"DEFAULT","FV","USSGL_22","SEED_DATA_FROM_APPLICATION","2020/09/18 19:19:04.56197","DefVal1","USSGL Account 498100: Prior Budget Fiscal Year, Upward Adjustment","Y","S","GL_ACCOUNT","2021/02/18 16:38:33.774","BB9F81E0FD42CA99E0539E90DF0A84A4","FIN_IMPL","USSGL 497100 or 498100 - 498100","1","S","","Y","1"
"DEFAULT","FV","USSGL_23","SEED_DATA_FROM_APPLICATION","2020/09/18 19:19:04.56197","DefVal1","USSGL Account 497100: Prior Budget Fiscal Year, Downward Adjustment Offset","Y","S","GL_ACCOUNT","2021/02/18 16:39:34.648","BB9F81E0FD42CA99E0539E90DF0A84A4","FIN_IMPL","USSGL 497100 or 498100 Offset - 497100","1","S","","Y","1"
"DEFAULT","FV","USSGL_24","SEED_DATA_FROM_APPLICATION","2020/09/18 19:19:04.56197","DefVal1","USSGL Account 498100: Prior Budget Fiscal Year, Upward Adjustment Offset","Y","S","GL_ACCOUNT","2021/02/18 16:40:18.0","BB9F81E0FD42CA99E0539E90DF0A84A4","FIN_IMPL","USSGL 497100 or 498100 Offset - 498100","1","S","","Y","1"
"DEFAULT","FV","USSGL_25","SEED_DATA_FROM_APPLICATION","2020/09/18 19:19:04.56197","DefVal1","USSGL Account 497200: Prior Budget Fiscal Year, Downward Adjustment","Y","S","GL_ACCOUNT","2021/02/18 16:41:02.497","BB9F81E0FD42CA99E0539E90DF0A84A4","FIN_IMPL","USSGL 497200 or 498200 - 497200","1","S","","Y","1"
"DEFAULT","FV","USSGL_26","SEED_DATA_FROM_APPLICATION","2020/09/18 19:19:04.56197","DefVal1","USSGL Account 498200: Prior Budget Fiscal Year, Upward Adjustment","Y","S","GL_ACCOUNT","2021/02/18 16:41:52.446","BB9F81E0FD42CA99E0539E90DF0A84A4","FIN_IMPL","USSGL 497200 or 498200 - 498200","1","S","","Y","1"
"DEFAULT","FV","USSGL_27","SEED_DATA_FROM_APPLICATION","2020/09/18 19:19:04.56197","DefVal1","USSGL Account 497200: Prior Budget Fiscal Year, Downward Adjustment Offset","Y","S","GL_ACCOUNT","2021/02/18 16:42:48.22","BB9F81E0FD42CA99E0539E90DF0A84A4","FIN_IMPL","USSGL 497200 or 498200 Offset - 497200","1","S","","Y","1"
"DEFAULT","CST","CST_DEFERRED_RMA_GAIN_LOSS","SEED_DATA_FROM_APPLICATION","2017/03/19 08:47:46.143","-1","Mapping set created for account rule: Deferred RMA Gain Loss","Y","A","","2020/04/27 22:33:10.982","A44A992DC66725DCE0539E90DF0AAEF1","SCM_IMPL","Deferred RMA Gain Loss","4","S","","N","1"
"DEFAULT","CST","CST_DROP_SHIP_INVENTORY","SEED_DATA_FROM_APPLICATION","2017/03/19 08:47:46.406","-1","Mapping set created for account rule: Drop Ship Inventory","Y","A","","2020/04/27 22:35:05.352","A44A992DC66725DCE0539E90DF0AAEF1","SCM_IMPL","Drop Ship Inventory","4","S","","N","1"
"DEFAULT","CST","CST_EFFICIENCY_VARIANCE","SEED_DATA_FROM_APPLICATION","2017/03/19 08:47:46.528","-1","Mapping set created for account rule: Efficiency Variance","Y","A","","2020/01/28 22:18:06.324","9D3531D3AA2FE57EE053B090DF0A0CA0","SCM_IMPL","Efficiency Variance","4","S","","N","1"
"DEFAULT","CST","CST_EXPENSE","SEED_DATA_FROM_APPLICATION","2017/03/19 08:47:46.644","-1","Mapping set created for account rule: Expense","Y","A","","2019/12/04 22:03:42.592","98E56DF28B7365A4E053C390DF0AD51E","SCM_IMPL","Expense","3","S","","N","1"
"DEFAULT","CST","CST_EXP_INTRANSIT_VALUATION","SEED_DATA_FROM_APPLICATION","2017/03/19 08:47:46.739","-1","Mapping set created for account rule: Expense In-Transit Valuation","Y","A","","2020/04/28 19:14:48.592","A45A75A020A4559DE0539E90DF0A0498","SCM_IMPL","Expense In-Transit Valuation","4","S","","N","1"
"DEFAULT","CST","CST_FREIGHT_ABSORPTION","SEED_DATA_FROM_APPLICATION","2017/03/19 08:47:46.871","-1","Mapping set created for account rule: Freight Absorption","Y","A","","2020/04/28 19:15:40.302","A45A75A020A4559DE0539E90DF0A0498","SCM_IMPL","Freight Absorption","4","S","","N","1"
"DEFAULT","CST","CST_FREIGHT_EXPENSE","SEED_DATA_FROM_APPLICATION","2017/03/19 08:47:46.996","-1","Mapping set created for account rule: Freight Expense","Y","A","","2020/04/28 19:18:00.656","A45A75A020A4559DE0539E90DF0A0498","SCM_IMPL","Freight Expense","4","S","","N","1"
"DEFAULT","CST","CST_INTER_COMPANY_ACCRUAL","SEED_DATA_FROM_APPLICATION","2017/03/19 08:47:47.119","-1","Mapping set created for account rule: Intercompany Accrual","Y","A","","2020/04/28 19:18:29.621","A45A75A020A4559DE0539E90DF0A0498","SCM_IMPL","Intercompany Accrual","4","S","","N","1"
"DEFAULT","CST","CST_INTER_COMPANY_CLEARING","SEED_DATA_FROM_APPLICATION","2017/03/19 08:47:47.241","-1","Mapping set created for account rule: Intercompany Clearing","Y","A","","2020/01/29 20:21:55.0","9D4B9B400384BC79E053B090DF0A44B6","SCM_IMPL","Intercompany Clearing","4","S","","N","1"
"DEFAULT","CST","CST_INTER_ORGANIZATION_FREIGHT","SEED_DATA_FROM_APPLICATION","2017/03/19 08:47:47.445","-1","Mapping set created for account rule: Interorganization Freight","Y","A","","2019/12/05 22:37:38.913","98FB3D320F35C6D7E053C390DF0AA368","SCM_IMPL","Interorganization Freight","4","S","","N","1"
"DEFAULT","CST","CST_INTER_ORG_GL","SEED_DATA_FROM_APPLICATION","2017/03/19 08:47:47.679","-1","Mapping set created for account rule: Interorganization Gain Loss","Y","A","","2020/04/28 19:21:14.188","A45A75A020A4559DE0539E90DF0A0498","SCM_IMPL","Interorganization Gain Loss","4","S","","N","1"
"DEFAULT","CST","CST_INTER_ORG_PAYABLES","SEED_DATA_FROM_APPLICATION","2017/03/19 08:47:47.812","-1","Mapping set created for account rule: Interorganization Payables","Y","A","","2020/04/28 19:25:03.124","A45A75A020A4559DE0539E90DF0A0498","SCM_IMPL","Interorganization Payables","4","S","","N","1"
"DEFAULT","CST","CST_INTER_ORG_RECEIVABLES","SEED_DATA_FROM_APPLICATION","2017/03/19 08:47:47.967","-1","Mapping set created for account rule: Interorganization Receivables","Y","A","","2021/11/19 00:02:04.9","D04030E591D06349E0530264FD0A173C","SCM_IMPL","Interorganization Receivables","4","S","","N","1"
"DEFAULT","CST","CST_INVENTORY_VARIANCE_GL","SEED_DATA_FROM_APPLICATION","2017/03/19 08:47:48.345","-1","Mapping set created for account rule: Inventory Variance Gain Loss","Y","A","","2020/04/28 19:28:16.654","A45A75A020A4559DE0539E90DF0A0498","SCM_IMPL","Inventory Variance Gain Loss","4","S","","N","1"
"DEFAULT","CST","CST_INVENTORY_WRITEOFF","SEED_DATA_FROM_APPLICATION","2017/03/19 08:47:48.5","-1","Mapping set created for account rule: Inventory Write-Off","Y","A","","2020/04/28 19:29:08.996","A45A75A020A4559DE0539E90DF0A0498","SCM_IMPL","Inventory Write-Off","4","S","","N","1"
"DEFAULT","CST","CST_INVOICE_VARIANCE_GAIN_LOSS","SEED_DATA_FROM_APPLICATION","2017/03/19 08:47:48.627","-1","Mapping set created for account rule: Invoice Variance Gain Loss","Y","A","","2020/04/28 19:29:47.637","A45A75A020A4559DE0539E90DF0A0498","SCM_IMPL","Invoice Variance Gain Loss","4","S","","N","1"
"DEFAULT","CST","CST_JOB_CLOSE_VARIANCE","SEED_DATA_FROM_APPLICATION","2017/03/19 08:47:48.757","-1","Mapping set created for account rule: Job Close Variance","Y","A","","2020/04/28 19:30:32.752","A45A75A020A4559DE0539E90DF0A0498","SCM_IMPL","Job Close Variance","4","S","","N","1"
"DEFAULT","CST","CST_MAT_OVERHEAD_ABSORPTION","SEED_DATA_FROM_APPLICATION","2017/03/19 08:47:49.204","-1","Mapping set created for account rule: Material Overhead Absorption","Y","A","","2020/04/28 19:33:12.29","A45A75A020A4559DE0539E90DF0A0498","SCM_IMPL","Material Overhead Absorption","2","S","","N","1"
"DEFAULT","CST","CST_MAT_RATE_VARIANCE","SEED_DATA_FROM_APPLICATION","2017/03/19 08:47:49.316","-1","Mapping set created for account rule: Material Rate Variance","Y","A","","2020/04/28 19:33:51.158","A45A75A020A4559DE0539E90DF0A0498","SCM_IMPL","Material Rate Variance","4","S","","N","1"
"DEFAULT","CST","CST_MISC_ISSUE_VARIANCE","SEED_DATA_FROM_APPLICATION","2017/03/19 08:47:49.438","-1","Mapping set created for account rule: Miscellaneous Issue Variance","Y","A","","2020/04/28 19:37:34.335","A45A75A020A4559DE0539E90DF0A0498","SCM_IMPL","Miscellaneous Issue Variance","4","S","","N","1"
"DEFAULT","CST","CST_MISC_RECEIPT_VARIANCE","SEED_DATA_FROM_APPLICATION","2017/03/19 08:47:49.555","-1","Mapping set created for account rule: Miscellaneous Receipt Variance","Y","A","","2020/04/28 19:39:00.086","A45A75A020A4559DE0539E90DF0A0498","SCM_IMPL","Miscellaneous Receipt Variance","4","S","","N","1"
"DEFAULT","CST","CST_OFFSET","SEED_DATA_FROM_APPLICATION","2017/03/19 08:47:49.882","-1","Mapping set created for account rule: Offset","Y","A","","2020/04/28 20:19:34.326","A45A75A020A4559DE0539E90DF0A0498","SCM_IMPL","Offset","4","S","","N","1"
"DEFAULT","CST","CST_OVERHEAD_ABSORPTION","SEED_DATA_FROM_APPLICATION","2017/03/19 08:47:49.995","-1","Mapping set created for account rule: Overhead Absorption","Y","A","","2020/04/29 19:36:47.028","A46E7AFF95D1A515E0539E90DF0A191A","SCM_IMPL","Overhead Absorption","2","S","","N","1"
"DEFAULT","CST","CST_OVERHEAD_EXPENSE","SEED_DATA_FROM_APPLICATION","2017/03/19 08:47:50.099","-1","Mapping set created for account rule: Overhead Expense","Y","A","","2020/04/29 19:44:49.384","A46E7AFF95D1A515E0539E90DF0A191A","SCM_IMPL","Overhead Expense","4","S","","N","1"
"DEFAULT","CST","CST_RECEIPT_COST_ADJ_VARIANCE","SEED_DATA_FROM_APPLICATION","2017/03/19 08:47:50.451","-1","Mapping set created for account rule: Receipt Cost Adjustment Variance","Y","A","","2020/04/29 19:48:03.982","A46E7AFF95D1A515E0539E90DF0A191A","SCM_IMPL","Receipt Cost Adjustment Variance","4","S","","N","1"
"DEFAULT","CST","CST_RECEIVING_INSPECTION","SEED_DATA_FROM_APPLICATION","2017/03/19 08:47:50.652","-1","Mapping set created for account rule: Receiving Inspection","Y","A","","2020/04/29 19:49:02.382","A46E7AFF95D1A515E0539E90DF0A191A","SCM_IMPL","Receiving Inspection","4","S","","N","1"
"DEFAULT","CST","CST_EXPENSE_ACCR_ACCT_ORG_MS","SEED_DATA_FROM_APPLICATION","2014/07/16 16:11:18.001","-1","","Y","A","","2018/10/05 21:31:58.74","7781E92DF5626B45E0537990DF0AE0A2","SCM_IMPL","Expense Accrual Account - Organization","1","S","","N","1"
"DEFAULT","CST","CST_RESOURCE_ABSORPTION","SEED_DATA_FROM_APPLICATION","2017/03/19 08:47:50.792","-1","Mapping set created for account rule: Resource Absorption","Y","A","","2020/04/29 19:50:10.02","A46E7AFF95D1A515E0539E90DF0A191A","SCM_IMPL","Resource Absorption","2","S","","N","1"
"DEFAULT","CST","CST_INVENTORY_VALUATION","SEED_DATA_FROM_APPLICATION","2017/03/19 08:47:48.218","-1","Mapping set created for account rule: Inventory Valuation","Y","A","","2020/04/28 19:26:24.581","A45A75A020A4559DE0539E90DF0A0498","SCM_IMPL","Inventory Valuation","4","S","","N","1"
"DEFAULT","CST","CST_LOG_INVENTORY_VALUATION","SEED_DATA_FROM_APPLICATION","2017/03/19 08:47:49.055","-1","Mapping set created for account rule: Logical Inventory Valuation","Y","A","","2020/04/28 19:31:32.342","A45A75A020A4559DE0539E90DF0A0498","SCM_IMPL","Logical Inventory Valuation","4","S","","N","1"
"DEFAULT","CST","CST_PROJECT_CLEARING","SEED_DATA_FROM_APPLICATION","2018/09/21 05:04:19.021602","-1","Mapping set created for account rule: Project Clearing","Y","A","","2020/04/29 19:45:42.05","A46E7AFF95D1A515E0539E90DF0A191A","SCM_IMPL","Project Clearing","4","S","","N","1"
"DEFAULT","CST","CST_PURCHASE_PRICE_VARIANCE","SEED_DATA_FROM_APPLICATION","2017/03/19 08:47:50.337","-1","Mapping set created for account rule: Purchase Price Variance","Y","A","","2020/04/29 19:46:38.496","A46E7AFF95D1A515E0539E90DF0A191A","SCM_IMPL","Purchase Price Variance","4","S","","N","1"
"DEFAULT","CST","CST_TAX_LIABILITY","SEED_DATA_FROM_APPLICATION","2018/09/21 05:04:19.021602","DefVal1","","Y","A","","2019/05/08 20:23:53.122","8865544AD628EB25E053C390DF0A4913","SCM_IMPL","Tax Liability","7","S","","Y","1"
"DEFAULT","CMR","CMR_CONSIGNED_TAX_RECOVERABLE","SEED_DATA_FROM_APPLICATION","2018/09/21 05:04:19.021602","-1","Mapping set created for account rule: Consigned Tax Recoverable","Y","A","","2020/04/30 20:34:05.937","A48644532120393BE0539E90DF0AD2EC","SCM_IMPL","Consigned Tax Recoverable","3","S","","N","1"
"DEFAULT","CMR","CMR_ACCRUAL","SEED_DATA_FROM_APPLICATION","2017/03/19 08:43:38.002","-1","Mapping set created for account rule: Accrual","Y","A","","2020/10/05 11:55:00.523","B0E8FA1ACECC673BE0539E90DF0AF280","SCM_IMPL","Accrual","3","S","","N","1"
"DEFAULT","CMR","CMR_CLEARING","SEED_DATA_FROM_APPLICATION","2017/03/19 08:44:14.176","-1","Mapping set created for account rule: Clearing","Y","A","","2020/04/30 20:21:57.599","A48644532120393BE0539E90DF0AD2EC","SCM_IMPL","Clearing","3","S","","N","1"
"DEFAULT","CMR","CMR_CONSIGNED_ACCRUAL","SEED_DATA_FROM_APPLICATION","2017/03/19 08:44:14.292","-1","Mapping set created for account rule: Consigned Accrual","Y","A","","2020/04/30 20:26:38.371","A48644532120393BE0539E90DF0AD2EC","SCM_IMPL","Consigned Accrual","3","S","","N","1"
"DEFAULT","CMR","CMR_CONSIGNED_INSPECTION","SEED_DATA_FROM_APPLICATION","2017/03/19 08:44:14.731","-1","Mapping set created for account rule: Consigned Inspection","Y","A","","2019/05/08 22:57:54.104","8865544AD628EB25E053C390DF0A4913","SCM_IMPL","Consigned Inspection","3","S","","N","1"
"DEFAULT","CMR","CMR_EXCHANGE_VARIANCE_ADJ","SEED_DATA_FROM_APPLICATION","2017/03/19 08:44:15.092","-1","Mapping set created for account rule: Exchange Variance Adjustment","Y","A","","2020/04/30 20:38:09.904","A48644532120393BE0539E90DF0AD2EC","SCM_IMPL","Exchange Variance Adjustment","3","S","","N","1"
"DEFAULT","CMR","CMR_EXPENSE","SEED_DATA_FROM_APPLICATION","2017/03/19 08:44:15.228","-1","Mapping set created for account rule: Expense","Y","A","","2018/11/01 19:52:01.764","799F3B3F40995769E0537990DF0ADEFE","SCM_IMPL","Expense","3","S","","N","1"
"DEFAULT","CMR","CMR_EXPENSE_ACCRUAL","SEED_DATA_FROM_APPLICATION","2017/03/19 08:44:15.358","-1","Mapping set created for account rule: Expense Accrual","Y","A","","2021/03/29 10:24:04.38","BE4F6C1E2154C4A8E0532D60FD0A7B72","FIN_IMPL","Expense Accrual","3","S","","N","1"
"DEFAULT","CMR","CMR_INTER_COMPANY_GAIN_LOSS","SEED_DATA_FROM_APPLICATION","2017/03/19 08:44:15.973","-1","Mapping set created for account rule: Intercompany Gain Loss","Y","A","","2019/06/03 21:19:31.213","8A6ED680DB2F802BE053C390DF0A7D6E","SCM_IMPL","Intercompany Gain Loss","3","S","","N","1"
"DEFAULT","CMR","CMR_INTER_ORG_PAYABLES","SEED_DATA_FROM_APPLICATION","2017/03/19 08:44:16.087","-1","Mapping set created for account rule: Interorganization Payables","Y","A","","2021/11/19 00:10:58.533","D04030E591D06349E0530264FD0A173C","SCM_IMPL","Interorganization Payables","3","S","","N","1"
"DEFAULT","CMR","CMR_INVOICE_PRICE_ADJUSTMENT","SEED_DATA_FROM_APPLICATION","2017/03/19 08:44:16.32","-1","Mapping set created for account rule: Invoice Price Adjustment","Y","A","","2020/04/30 20:47:13.046","A48644532120393BE0539E90DF0AD2EC","SCM_IMPL","Invoice Price Adjustment","3","S","","N","1"
"DEFAULT","CMR","CMR_LANDED_COST_CLEARING","SEED_DATA_FROM_APPLICATION","2017/03/19 08:44:16.442","-1","Mapping set created for account rule: Landed Cost Clearing","Y","A","","2020/04/30 20:47:53.998","A48644532120393BE0539E90DF0AD2EC","SCM_IMPL","Landed Cost Clearing","3","S","","N","1"
"DEFAULT","CMR","CMR_NON_RECOVERABLE_TAX_ADJ","SEED_DATA_FROM_APPLICATION","2017/03/19 08:44:16.549","-1","Mapping set created for account rule: Nonrecoverable Tax Adjustment","Y","A","","2020/04/30 20:48:42.691","A48644532120393BE0539E90DF0AD2EC","SCM_IMPL","Nonrecoverable Tax Adjustment","3","S","","N","1"
"DEFAULT","CMR","CMR_RECEIVING_INSPECTION","SEED_DATA_FROM_APPLICATION","2017/03/19 08:44:16.662","-1","Mapping set created for account rule: Receiving Inspection","Y","A","","2019/09/11 04:12:07.151","92402633807109B3E053C390DF0AD826","SCM_IMPL","Receiving Inspection","3","S","","N","1"
"DEFAULT","CMR","CMR_TAX_RATE_EXCHANGE_ADJ","SEED_DATA_FROM_APPLICATION","2017/03/19 08:44:16.912","-1","Mapping set created for account rule: Tax Rate Exchange Adjustment","Y","A","","2020/04/30 20:52:30.245","A48644532120393BE0539E90DF0AD2EC","SCM_IMPL","Tax Rate Exchange Adjustment","3","S","","N","1"
"DEFAULT","CMR","CMR_TAX_RATE_VARIANCE_ADJ","SEED_DATA_FROM_APPLICATION","2017/03/19 08:44:17.028","-1","Mapping set created for account rule: Tax Rate Variance Adjustment","Y","A","","2020/04/30 20:53:05.012","A48644532120393BE0539E90DF0AD2EC","SCM_IMPL","Tax Rate Variance Adjustment","3","S","","N","1"
"DEFAULT","CMR","CMR_TAX_RECOVERABLE","SEED_DATA_FROM_APPLICATION","2017/03/19 08:44:17.268","-1","Mapping set created for account rule: Tax Recoverable","Y","A","","2019/12/09 22:32:35.467","994C8E735930139DE053C390DF0AC524","SCM_IMPL","Tax Recoverable","3","S","","N","1"
"DEFAULT","CMR","CMR_TRADE_CLEARING","SEED_DATA_FROM_APPLICATION","2017/03/19 08:44:17.4","-1","Mapping set created for account rule: Trade Clearing","Y","A","","2021/11/19 00:12:39.797","D04030E591D06349E0530264FD0A173C","SCM_IMPL","Trade Clearing","3","S","","N","1"
"DEFAULT","CMR","CMR_TRADE_INTRANSIT_VALUATION","SEED_DATA_FROM_APPLICATION","2017/03/19 08:44:17.519","-1","Mapping set created for account rule: Trade In-Transit Valuation","Y","A","","2019/04/25 20:46:39.332","87602174C6D63987E053C390DF0A10F2","SCM_IMPL","Trade In-Transit Valuation","3","S","","N","1"
"DEFAULT","CST","CST_MAINTENANCE_EXPENSE","SEED_DATA_FROM_APPLICATION","2017/09/19 18:51:11.248","-1","Mapping set created for account rule: Maintenance Expense","Y","A","","2020/04/28 19:32:29.888","A45A75A020A4559DE0539E90DF0A0498","SCM_IMPL","Maintenance Expense","4","S","","Y","1"
"DEFAULT","CST","CST_OUTSIDE_PROCESSING_MS","SEED_DATA_FROM_APPLICATION","2017/09/19 18:51:11.778","-1","","Y","A","","2021/03/11 16:33:22.826","BD17498532284CE1E0532D60FD0AF3E1","SCM_IMPL","Work Order","4","S","","N","1"
"DEFAULT","CST","CST_REWORK_VARIANCE","SEED_DATA_FROM_APPLICATION","2017/09/19 18:51:12.335","-1","Mapping set created for account rule: Rework Variance","Y","A","","2020/04/29 21:20:49.345","A46E7AFF95D1A515E0539E90DF0A191A","SCM_IMPL","Rework Variance","4","S","","Y","1"
"DEFAULT","PO","PO_EXPENSE_ACCT_ITM_MS","SEED_DATA_FROM_APPLICATION","2016/02/26 10:48:41.524","-1","Purchasing Mapping set for expense account - item","Y","A","","2018/08/28 20:33:47.509","7484AFED722C1E9EE0537990DF0A5836","PRC_IMPL","Purchasing Expense Account - Item","2","S","","N","1"
"DEFAULT","CST","CST_RESOURCE_RATE_VARIANCE","SEED_DATA_FROM_APPLICATION","2017/03/19 08:47:51.007","-1","Mapping set created for account rule: Resource Rate Variances","Y","A","","2020/04/29 20:37:39.469","A46E7AFF95D1A515E0539E90DF0A191A","SCM_IMPL","Resource Rate Variances","4","S","","N","1"
"DEFAULT","CST","CST_RESOURCE_SUB_VARIANCE","SEED_DATA_FROM_APPLICATION","2017/03/19 08:47:51.163","-1","Mapping set created for account rule: Resource Substitution Variance","Y","A","","2020/04/29 21:20:10.274","A46E7AFF95D1A515E0539E90DF0A191A","SCM_IMPL","Resource Substitution Variance","4","S","","N","1"
"DEFAULT","CST","CST_RMA_GAIN_LOSS","SEED_DATA_FROM_APPLICATION","2017/03/19 08:47:51.293","-1","Mapping set created for account rule: RMA Gain Loss","Y","A","","2020/04/29 19:47:22.721","A46E7AFF95D1A515E0539E90DF0A191A","SCM_IMPL","RMA Gain Loss","4","S","","N","1"
"DEFAULT","CST","CST_SCRAP_EXPENSE","SEED_DATA_FROM_APPLICATION","2017/03/19 08:47:51.431","-1","Mapping set created for account rule: Scrap Expense","Y","A","","2020/04/29 22:21:40.051","A46E7AFF95D1A515E0539E90DF0A191A","SCM_IMPL","Scrap Expense","4","S","","N","1"
"DEFAULT","CST","CST_STANDARD_COST_ADJUSTMENT","SEED_DATA_FROM_APPLICATION","2017/03/19 08:47:51.719","-1","Mapping set created for account rule: Standard Cost Adjustment","Y","A","","2020/04/29 22:29:46.337","A46E7AFF95D1A515E0539E90DF0A191A","SCM_IMPL","Standard Cost Adjustment","4","S","","N","1"
"DEFAULT","FV","USSGL_01","SEED_DATA_FROM_APPLICATION","2020/09/18 19:19:04.56197","DefVal1","USSGL Account 310700","Y","S","GL_ACCOUNT","2021/02/18 16:09:04.04","BB9F81E0FD42CA99E0539E90DF0A84A4","FIN_IMPL","USSGL 310700","1","S","","Y","1"
"DEFAULT","FV","USSGL_02","SEED_DATA_FROM_APPLICATION","2020/09/18 19:19:04.56197","DefVal1","USSGL Account 431000: Unexpired TAS","Y","S","GL_ACCOUNT","2021/02/18 16:09:51.057","BB9F81E0FD42CA99E0539E90DF0A84A4","FIN_IMPL","USSGL 431000","1","S","","Y","1"
"DEFAULT","FV","USSGL_03","SEED_DATA_FROM_APPLICATION","2020/09/18 19:19:04.56197","DefVal1","USSGL Account 445000: Unexpired TAS, Apportionment Category A or B, Prior Budget Fiscal Year","Y","S","GL_ACCOUNT","2021/02/18 16:10:44.133","BB9F81E0FD42CA99E0539E90DF0A84A4","FIN_IMPL","USSGL 445000 or 46X000 - 445000","1","S","","Y","1"
"DEFAULT","FV","USSGL_04","SEED_DATA_FROM_APPLICATION","2020/09/18 19:19:04.56197","DefVal1","USSGL Account 461000: Unexpired TAS, Apportionment Category A or B, Current Budget Fiscal Year","Y","S","GL_ACCOUNT","2021/02/18 16:12:50.997","BB9F81E0FD42CA99E0539E90DF0A84A4","FIN_IMPL","USSGL 445000 or 46X000 - 461000","1","S","","Y","1"
"DEFAULT","FV","USSGL_05","SEED_DATA_FROM_APPLICATION","2020/09/18 19:19:04.56197","DefVal1","USSGL Account 462000: Unexpired TAS, Apportionment Category E","Y","S","GL_ACCOUNT","2021/02/18 16:13:45.678","BB9F81E0FD42CA99E0539E90DF0A84A4","FIN_IMPL","USSGL 445000 or 46X000 - 462000","1","S","","Y","1"
"DEFAULT","FV","USSGL_06","SEED_DATA_FROM_APPLICATION","2020/09/18 19:19:04.56197","DefVal1","USSGL Account 465000: Expired TAS, Prior Budget Fiscal Year","Y","S","GL_ACCOUNT","2021/02/18 16:14:41.919","BB9F81E0FD42CA99E0539E90DF0A84A4","FIN_IMPL","USSGL 445000 or 46X000 - 465000","1","S","","Y","1"
"DEFAULT","FV","USSGL_07","SEED_DATA_FROM_APPLICATION","2020/09/18 19:19:04.56197","DefVal1","USSGL Account 461000: Unexpired TAS, Apportionment Category A or B","Y","S","GL_ACCOUNT","2021/02/18 16:16:29.22","BB9F81E0FD42CA99E0539E90DF0A84A4","FIN_IMPL","USSGL 46X000 - 461000","1","S","","Y","1"
"DEFAULT","FV","USSGL_08","SEED_DATA_FROM_APPLICATION","2020/09/18 19:19:04.56197","DefVal1","USSGL Account 462000: Unexpired TAS, Apportionment Category E","Y","S","GL_ACCOUNT","2021/02/18 16:17:16.371","BB9F81E0FD42CA99E0539E90DF0A84A4","FIN_IMPL","USSGL 46X000 - 462000","1","S","","Y","1"
"DEFAULT","FV","USSGL_09","SEED_DATA_FROM_APPLICATION","2020/09/18 19:19:04.56197","DefVal1","USSGL Account 470000: Unexpired TAS, Apportionment Category A or B, Current Budget Fiscal Year","Y","S","GL_ACCOUNT","2021/02/18 16:27:03.416","BB9F81E0FD42CA99E0539E90DF0A84A4","FIN_IMPL","USSGL 47X000 - 470000","1","S","","Y","1"
"DEFAULT","FV","USSGL_10","SEED_DATA_FROM_APPLICATION","2020/09/18 19:19:04.56197","DefVal1","USSGL Account 470000: Unexpired TAS, Apportionment Category E, Current Budget Fiscal Year","Y","S","GL_ACCOUNT","2021/02/18 16:19:56.731","BB9F81E0FD42CA99E0539E90DF0A84A4","FIN_IMPL","USSGL 47X000 - 472000","1","S","","Y","1"
"DEFAULT","FV","USSGL_11","SEED_DATA_FROM_APPLICATION","2020/09/18 19:19:04.56197","DefVal1","USSGL Account 8XXXXX: Prior Budget Fiscal Year","Y","S","GL_ACCOUNT","2021/02/18 16:27:56.569","BB9F81E0FD42CA99E0539E90DF0A84A4","FIN_IMPL","USSGL 47X000 - 8XXXXX","1","S","","Y","1"
"DEFAULT","FV","USSGL_12","SEED_DATA_FROM_APPLICATION","2020/09/18 19:19:04.56197","DefVal1","USSGL Account 8XXXXX: Prior Budget Fiscal Year","Y","S","GL_ACCOUNT","2021/02/18 16:47:14.12","BB9F81E0FD42CA99E0539E90DF0A84A4","FIN_IMPL","USSGL PY Commit","1","S","","Y","1"
"DEFAULT","FV","USSGL_13","SEED_DATA_FROM_APPLICATION","2020/09/18 19:19:04.56197","DefVal1","USSGL Account 480100","Y","S","GL_ACCOUNT","2021/02/18 16:32:02.618","BB9F81E0FD42CA99E0539E90DF0A84A4","FIN_IMPL","USSGL 480100","1","S","","Y","1"
"DEFAULT","FV","USSGL_14","SEED_DATA_FROM_APPLICATION","2020/09/18 19:19:04.56197","DefVal1","USSGL Account 480200","Y","S","GL_ACCOUNT","2021/02/18 16:29:45.978","BB9F81E0FD42CA99E0539E90DF0A84A4","FIN_IMPL","USSGL 480200","1","S","","Y","1"
"DEFAULT","FV","USSGL_15","SEED_DATA_FROM_APPLICATION","2020/09/18 19:19:04.56197","DefVal1","USSGL Account 487100: Prior Budget Fiscal Year, Downward Adjustment","Y","S","GL_ACCOUNT","2021/02/18 16:32:59.456","BB9F81E0FD42CA99E0539E90DF0A84A4","FIN_IMPL","USSGL 487100 or 488100 - 487100","1","S","","Y","1"
"DEFAULT","FV","USSGL_16","SEED_DATA_FROM_APPLICATION","2020/09/18 19:19:04.56197","DefVal1","USSGL Account 487200: Prior Budget Fiscal Year, Upward Adjustment","Y","S","GL_ACCOUNT","2021/02/18 16:33:34.634","BB9F81E0FD42CA99E0539E90DF0A84A4","FIN_IMPL","USSGL 487100 or 488100 - 488100","1","S","","Y","1"
"DEFAULT","FV","USSGL_17","SEED_DATA_FROM_APPLICATION","2020/09/18 19:19:04.56197","DefVal1","USSGL Account 487100: Prior Budget Fiscal Year, Downward Adjustment Offset","Y","S","GL_ACCOUNT","2021/02/18 16:34:59.768","BB9F81E0FD42CA99E0539E90DF0A84A4","FIN_IMPL","USSGL 487100 or 488100 Offset - 487100","1","S","","Y","1"
"DEFAULT","FV","USSGL_18","SEED_DATA_FROM_APPLICATION","2020/09/18 19:19:04.56197","DefVal1","USSGL Account 487200: Prior Budget Fiscal Year, Upward Adjustment Offset","Y","S","GL_ACCOUNT","2021/02/18 16:35:37.045","BB9F81E0FD42CA99E0539E90DF0A84A4","FIN_IMPL","USSGL 487100 or 488100 Offset - 488100","1","S","","Y","1"
"DEFAULT","FV","USSGL_19","SEED_DATA_FROM_APPLICATION","2020/09/18 19:19:04.56197","DefVal1","USSGL Account 490100","Y","S","GL_ACCOUNT","2021/02/18 16:36:32.072","BB9F81E0FD42CA99E0539E90DF0A84A4","FIN_IMPL","USSGL 490100","1","S","","Y","1"
"DEFAULT","FV","USSGL_20","SEED_DATA_FROM_APPLICATION","2020/09/18 19:19:04.56197","DefVal1","USSGL Account 490200","Y","S","GL_ACCOUNT","2021/02/18 16:37:11.915","BB9F81E0FD42CA99E0539E90DF0A84A4","FIN_IMPL","USSGL 490200","1","S","","Y","1"
"DEFAULT","FV","USSGL_21","SEED_DATA_FROM_APPLICATION","2020/09/18 19:19:04.56197","DefVal1","USSGL Account 497100: Prior Budget Fiscal Year, Downward Adjustment","Y","S","GL_ACCOUNT","2021/02/18 16:37:52.507","BB9F81E0FD42CA99E0539E90DF0A84A4","FIN_IMPL","USSGL 497100 or 498100 - 497100","1","S","","Y","1"
"DEFAULT","CST","CST_TRADE_CLEARING","SEED_DATA_FROM_APPLICATION","2017/03/19 08:47:51.851","-1","Mapping set created for account rule: Trade Clearing","Y","A","","2020/04/30 19:29:59.117","A48644532120393BE0539E90DF0AD2EC","SCM_IMPL","Trade Clearing","4","S","","N","1"
"DEFAULT","CST","CST_TRADE_INTRANSIT_VALUATION","SEED_DATA_FROM_APPLICATION","2017/03/19 08:47:51.98","-1","Mapping set created for account rule: Trade In-Transit Valuation","Y","A","","2020/04/30 19:35:18.651","A48644532120393BE0539E90DF0AD2EC","SCM_IMPL","Trade In-Transit Valuation","4","S","","N","1"
"DEFAULT","CST","CST_TRANSFER_PRICE_VARIANCE","SEED_DATA_FROM_APPLICATION","2017/03/19 08:47:52.103","-1","Mapping set created for account rule: Transfer Price Variance","Y","A","","2020/04/30 19:38:32.252","A48644532120393BE0539E90DF0AD2EC","SCM_IMPL","Transfer Price Variance","4","S","","N","1"
"DEFAULT","CST","CST_USAGE_VARIANCE","SEED_DATA_FROM_APPLICATION","2017/03/19 08:47:52.306","-1","Mapping set created for account rule: Usage Variance","Y","A","","2020/04/30 19:47:55.766","A48644532120393BE0539E90DF0AD2EC","SCM_IMPL","Usage Variance","4","S","","N","1"
"DEFAULT","CST","CST_VAL_UNIT_TRANSFER_GL","SEED_DATA_FROM_APPLICATION","2017/03/19 08:47:52.441","-1","Mapping set created for account rule: Valuation Unit Transfer Gain Loss","Y","A","","2020/04/30 19:48:28.082","A48644532120393BE0539E90DF0AD2EC","SCM_IMPL","Valuation Unit Transfer Gain Loss","4","S","","N","1"
"DEFAULT","CST","CST_VAL_UNIT_TRANSFER_VARIANCE","SEED_DATA_FROM_APPLICATION","2017/03/19 08:47:52.584","-1","Mapping set created for account rule: Valuation Unit Transfer Variance","Y","A","","2020/04/30 19:52:05.307","A48644532120393BE0539E90DF0AD2EC","SCM_IMPL","Valuation Unit Transfer Variance","4","S","","N","1"
"DEFAULT","CST","CST_WIP_RETURN_COST_VARIANCE","SEED_DATA_FROM_APPLICATION","2017/03/19 08:47:52.926","-1","Mapping set created for account rule: WIP Return Cost Variance","Y","A","","2020/04/30 19:52:39.758","A48644532120393BE0539E90DF0AD2EC","SCM_IMPL","WIP Return Cost Variance","4","S","","N","1"
"DEFAULT","CST","CST_WIP_VALUATION","SEED_DATA_FROM_APPLICATION","2017/03/19 08:47:53.096","-1","Mapping set created for account rule: WIP Valuation","Y","A","","2020/04/30 19:53:47.163","A48644532120393BE0539E90DF0AD2EC","SCM_IMPL","WIP Valuation","4","S","","N","1"
"DEFAULT","CMR","CMR_TAX_LIABILITY","SEED_DATA_FROM_APPLICATION","2017/09/19 18:50:37.001","-1","Mapping set created for account rule : Tax Liability","Y","A","","2020/04/30 20:51:23.03","A48644532120393BE0539E90DF0AD2EC","SCM_IMPL","Tax Liability","3","S","","N","1"
"DEFAULT","CST","CST_INTER_COMPANY_COGS","SEED_DATA_FROM_APPLICATION","2017/03/19 08:47:47.336","-1","Mapping set created for account rule: Intercompany COGS","Y","A","","2020/04/28 19:19:05.918","A45A75A020A4559DE0539E90DF0A0498","SCM_IMPL","Intercompany COGS","4","S","","N","1"
"DEFAULT","CST","CST_YIELD_VARIANCE","SEED_DATA_FROM_APPLICATION","2019/03/21 17:50:10.107444","-1","Mapping set created for account rule: Yield Variance","Y","A","","2020/04/30 19:55:26.818","A48644532120393BE0539E90DF0AD2EC","SCM_IMPL","Yield Variance","4","S","","N","1"
"DEFAULT","PSX","ORA_PSC_CC_CASH","SEED_DATA_FROM_APPLICATION","2019/09/20 12:47:55.919251","DefVal1","Default cash account assigned to payment method","Y","A","","2020/01/14 15:35:44.411","9C1C310FF6F7CF5BE053C390DF0A61D0","FIN_IMPL","Cash Account Mappings","1","S","","Y","1"
"DEFAULT","PSX","ORA_PSC_CC_REVENUE","SEED_DATA_FROM_APPLICATION","2019/09/20 12:47:55.919251","DefVal1","Default revenue account assigned to record type and fee item","Y","A","","2020/01/14 15:43:47.248","9C1C310FF6F7CF5BE053C390DF0A61D0","FIN_IMPL","Revenue Account Mappings","2","S","","Y","1"
"DEFAULT","PSX","ORA_PSC_RECON_CASH","SEED_DATA_FROM_APPLICATION","2019/12/20 09:53:08.058539","DefVal1","Cash account for reconciliation overages and shortages.","Y","A","","2020/01/14 15:36:52.251","9C1C310FF6F7CF5BE053C390DF0A61D0","FIN_IMPL","Reconciliation Cash Account","1","S","","Y","1"
"DEFAULT","PSX","ORA_PSC_RECON_GAIN","SEED_DATA_FROM_APPLICATION","2019/12/20 09:53:08.058539","DefVal1","Gain on cash reconciliation overages.","Y","A","","2020/01/14 15:37:51.597","9C1C310FF6F7CF5BE053C390DF0A61D0","FIN_IMPL","Reconciliation Overage Gain Account","1","S","","Y","1"
"DEFAULT","PSX","ORA_PSC_RECON_LOSS","SEED_DATA_FROM_APPLICATION","2019/12/20 09:53:08.058539","DefVal1","Loss on cash reconciliation shortages.","Y","A","","2020/01/14 15:42:17.49","9C1C310FF6F7CF5BE053C390DF0A61D0","FIN_IMPL","Reconciliation Shortage Loss Account","1","S","","Y","1"
"DEFAULT","PSX","ORA_PSC_RECON_PAYABLE","SEED_DATA_FROM_APPLICATION","2019/12/20 09:53:08.058539","DefVal1","Payable account for check reconciliation overages.","Y","A","","2020/01/14 15:38:45.247","9C1C310FF6F7CF5BE053C390DF0A61D0","FIN_IMPL","Reconciliation Overage Payable Account","1","S","","Y","1"
"DEFAULT","PSX","ORA_PSC_RECON_RECEIVABLE","SEED_DATA_FROM_APPLICATION","2019/12/20 09:53:08.058539","DefVal1","Receivable account for check reconciliation shortages","Y","A","","2020/01/14 15:42:50.46","9C1C310FF6F7CF5BE053C390DF0A61D0","FIN_IMPL","Reconciliation Shortage Receivable Account","1","S","","Y","1"
"DEFAULT","CJM","ORA_CJM_ACCRUAL_ASSET_MS","SEED_DATA_FROM_APPLICATION","2019/12/20 09:53:08.058539","DefVal1","Mapping set for the accrual asset account.","Y","A","","2020/06/25 17:30:24.022","A8EAE2EA59341F5CE0539E90DF0A82CD","SCM_IMPL","Accrual Asset Account","2","S","","Y","1"
"DEFAULT","CJM","ORA_CJM_AP_CLEARING_MS","SEED_DATA_FROM_APPLICATION","2019/12/20 09:53:08.058539","DefVal1","Mapping set for the Payables clearing account.","Y","A","","2020/06/25 17:38:25.772","A8EAE2EA59341F5CE0539E90DF0A82CD","SCM_IMPL","Payables Clearing Account","2","S","","Y","1"
"DEFAULT","CJM","ORA_CJM_CLAIM_ACCRUAL_ASSET_MS","SEED_DATA_FROM_APPLICATION","2019/12/20 09:53:08.058539","DefVal1","Mapping set for the claim accrual asset account.","Y","A","","2020/06/25 17:35:50.213","A8EAE2EA59341F5CE0539E90DF0A82CD","SCM_IMPL","Claim Accrual Asset Account","2","S","","Y","1"
"DEFAULT","CJM","ORA_CJM_EXCHANGE_GAIN_MS","SEED_DATA_FROM_APPLICATION","2019/12/20 09:53:08.058539","DefVal1","Mapping set for the claim exchange gain account.","Y","A","","2020/06/25 17:36:29.248","A8EAE2EA59341F5CE0539E90DF0A82CD","SCM_IMPL","Exchange Gain Account","1","S","","Y","1"
"DEFAULT","CJM","ORA_CJM_EXCHANGE_LOSS_MS","SEED_DATA_FROM_APPLICATION","2019/12/20 09:53:08.058539","DefVal1","Mapping set for the claim exchange loss account.","Y","A","","2020/06/25 17:37:09.437","A8EAE2EA59341F5CE0539E90DF0A82CD","SCM_IMPL","Exchange Loss Account","1","S","","Y","1"
"DEFAULT","CJM","ORA_CJM_INCOME_DISC_COGS_MS","SEED_DATA_FROM_APPLICATION","2019/12/20 09:53:08.058539","DefVal1","Mapping set for the income or discount on the cost of goods sold account.","Y","A","","2020/06/25 17:37:46.955","A8EAE2EA59341F5CE0539E90DF0A82CD","SCM_IMPL","Income or Discount on COGS Account","2","S","","Y","1"
"DEFAULT","CMR","CMR_TAX_INVOICE_PRICE_ADJ","SEED_DATA_FROM_APPLICATION","2017/03/19 08:44:16.788","-1","Mapping set created for account rule: Tax Invoice Price Adjustment","Y","A","","2020/04/30 20:50:34.762","A48644532120393BE0539E90DF0AD2EC","SCM_IMPL","Tax Invoice Price Adjustment","3","S","","N","1"
"DEFAULT","CST","CST_ACCRUAL_ACCT_ORG_MS","SEED_DATA_FROM_APPLICATION","2013/08/08 08:43:57.0","-1","","Y","A","","2021/04/27 20:58:48.266","BF98F9BE3976647EE0532D60FD0A479F","SCM_IMPL","Accrual Account - Organization","1","S","","N","1"
"DEFAULT","CST","CST_COST_OF_SALES_ACCT_ORG_MS","SEED_DATA_FROM_APPLICATION","2013/08/08 08:44:01.653","-1","","Y","A","","2017/06/26 22:46:19.687","52A5DB5AC6DA64BFE0538DADFD0AB38F","SCM_IMPL","Cost of Sales Account - Organization","1","S","","N","1"
"DEFAULT","CST","CST_EXPENSE_ACCT_ITM_MS","SEED_DATA_FROM_APPLICATION","2013/08/08 08:44:01.686","-1","","Y","A","","2015/05/01 15:28:15.029","14FA6D5624A036C8E0536204548CEE6F","PRC_IMPL","Expense Account - Item","2","S","","N","1"
"DEFAULT","CST","CST_EXPENSE_ACCT_ORG_MS","SEED_DATA_FROM_APPLICATION","2013/08/08 08:44:01.715","-1","","Y","A","","2021/04/27 21:07:16.434","BF98F9BE3976647EE0532D60FD0A479F","SCM_IMPL","Expense Account - Organization","1","S","","N","1"
"DEFAULT","CST","CST_INV_PRICE_VAR_ACCT_ORG_MS","SEED_DATA_FROM_APPLICATION","2013/08/08 08:44:01.771","-1","","Y","A","","2021/04/27 20:56:03.456","BF98F9BE3976647EE0532D60FD0A479F","SCM_IMPL","Invoice Price Variance Account - Organization","1","S","","N","1"
"DEFAULT","CST","CST_MATERIAL_ACCT_ORG_MS","SEED_DATA_FROM_APPLICATION","2013/08/08 08:44:01.806","-1","","Y","A","","2021/04/27 21:04:58.357","BF98F9BE3976647EE0532D60FD0A479F","SCM_IMPL","Material Account - Organization","1","S","","N","1"
"DEFAULT","PO","PO_EXPENSE_ACCR_ACCT_BU_MS","SEED_DATA_FROM_APPLICATION","2014/07/16 16:10:12.0","-1","The Mapping set for Expense Accrual Account by Business Unit","Y","A","","2021/08/24 06:09:31.048","C83128B2002B616BE0530264FD0A9226","FIN_IMPL","Expense Accrual Account - Business Unit","1","S","","N","1"
"DEFAULT","CST","CST_ASSET_INTRANSIT_VALUATION","SEED_DATA_FROM_APPLICATION","2017/03/19 08:47:11.001","-1","Mapping set created for account rule: Asset In-Transit Valuation","Y","A","","2020/04/24 17:57:08.091","A40D9DB328FCF97BE0539E90DF0AB7E7","SCM_IMPL","Asset In-Transit Valuation","4","S","","N","1"
"DEFAULT","CST","CST_BATCH_SIZE_VARIANCE","SEED_DATA_FROM_APPLICATION","2017/03/19 08:47:44.61","-1","Mapping set created for account rule: Batch Size Variance","Y","A","","2020/04/27 19:47:34.545","A44A992DC66725DCE0539E90DF0AAEF1","SCM_IMPL","Batch Size Variance","4","S","","N","1"
"DEFAULT","CST","CST_COMPONENT_SUB_VARIANCE","SEED_DATA_FROM_APPLICATION","2017/03/19 08:47:44.747","-1","Mapping set created for account rule: Component Substitution Variance","Y","A","","2020/04/27 20:36:51.402","A44A992DC66725DCE0539E90DF0AAEF1","SCM_IMPL","Component Substitution Variance","4","S","","N","1"
"DEFAULT","CST","CST_CONSIGNED_CLEARING","SEED_DATA_FROM_APPLICATION","2017/03/19 08:47:44.868","-1","Mapping set created for account rule: Consigned Clearing","Y","A","","2020/04/27 20:37:32.27","A44A992DC66725DCE0539E90DF0AAEF1","SCM_IMPL","Consigned Clearing","4","S","","N","1"
"DEFAULT","CST","CST_CONSIGNED_INSPECTION","SEED_DATA_FROM_APPLICATION","2017/03/19 08:47:44.974","-1","Mapping set created for account rule: Consigned Inspection","Y","A","","2020/04/27 21:00:18.685","A44A992DC66725DCE0539E90DF0AAEF1","SCM_IMPL","Consigned Inspection","4","S","","N","1"
"DEFAULT","CST","CST_CONSIGNED_INVENTORY","SEED_DATA_FROM_APPLICATION","2017/03/19 08:47:45.078","-1","Mapping set created for account rule: Consigned Inventory Valuation","Y","A","","2020/04/27 21:46:22.191","A44A992DC66725DCE0539E90DF0AAEF1","SCM_IMPL","Consigned Inventory Valuation","4","S","","N","1"
"DEFAULT","CST","CST_CONSIGNED_INVENTORY_OFFSET","SEED_DATA_FROM_APPLICATION","2017/03/19 08:47:45.201","-1","Mapping set created for account rule: Consigned Inventory Offset","Y","A","","2020/04/27 21:45:50.1","A44A992DC66725DCE0539E90DF0AAEF1","SCM_IMPL","Consigned Inventory Offset","4","S","","N","1"
"DEFAULT","CST","CST_CONSIGNED_IN_TRANSIT","SEED_DATA_FROM_APPLICATION","2017/03/19 08:47:45.303","-1","Mapping set created for account rule: Consigned In-Transit","Y","A","","2020/04/27 20:53:59.024","A44A992DC66725DCE0539E90DF0AAEF1","SCM_IMPL","Consigned In-Transit","4","S","","N","1"
"DEFAULT","CST","CST_CONSIGNED_RECEIVABLES","SEED_DATA_FROM_APPLICATION","2017/03/19 08:47:45.412","-1","Mapping set created for account rule: Consigned Receivables","Y","A","","2020/04/27 22:09:08.326","A44A992DC66725DCE0539E90DF0AAEF1","SCM_IMPL","Consigned Receivables","4","S","","N","1"
"DEFAULT","CST","CST_CONSIGNED_VAL_UNIT_GL","SEED_DATA_FROM_APPLICATION","2017/03/19 08:47:45.534","-1","Mapping set created for account rule: Consigned Valuation Unit Gain or Loss","Y","A","","2020/04/27 22:11:31.997","A44A992DC66725DCE0539E90DF0AAEF1","SCM_IMPL","Consigned Valuation Unit Gain or Loss","4","S","","N","1"
"DEFAULT","CST","CST_COST_ADJUSTMENT","SEED_DATA_FROM_APPLICATION","2017/03/19 08:47:45.682","-1","Mapping set created for account rule: Cost Adjustment","Y","A","","2020/04/27 22:12:08.07","A44A992DC66725DCE0539E90DF0AAEF1","SCM_IMPL","Cost Adjustment","4","S","","N","1"
"DEFAULT","CST","CST_COST_OF_GOODS_SOLD","SEED_DATA_FROM_APPLICATION","2017/03/19 08:47:45.795","-1","Mapping set created for account rule: Cost Of Goods Sold","Y","A","","2020/04/27 22:12:44.861","A44A992DC66725DCE0539E90DF0AAEF1","SCM_IMPL","Cost Of Goods Sold","4","S","","N","1"
"DEFAULT","CST","CST_COST_VARIANCE","SEED_DATA_FROM_APPLICATION","2017/03/19 08:47:45.907","-1","Mapping set created for account rule: Cost Variance","Y","A","","2021/09/24 00:19:54.381","CC42B43642816195E0530264FD0A0655","SCM_IMPL","Cost Variance","4","S","","N","1"
"DEFAULT","CST","CST_DEFERRED_COGS","SEED_DATA_FROM_APPLICATION","2017/03/19 08:47:46.024","-1","Mapping set created for account rule: Deferred Cost Of Goods Sold","Y","A","","2020/04/27 22:31:43.958","A44A992DC66725DCE0539E90DF0AAEF1","SCM_IMPL","Deferred Cost Of Goods Sold","5","S","","N","1"
