{
    "set_of_books_id": null,
    "set_of_books_name": null,
    "lookup_type": "ACCOUNT",
    "lookup_code": null,
    "description": "Cash Test 12",
    "orcl_segment1": null,
    "orcl_segment2": "000",
    "orcl_segment3": null,
    "orcl_segment4": null,
    "orcl_segment5": "110010025",
    "orcl_segment6": null,
    "orcl_segment7": null,
    "lgcy_segment1": "1015000",
    "lgcy_segment2": null,
    "lgcy_segment3": null,
    "lgcy_segment4": null,
    "lgcy_segment5": null,
    "lgcy_segment6": null,
    "lgcy_segment7": null,
    "enable_flag": "Y",
    "start_date_active": "1951-01-01T00:00:00Z",
    "end_date_active": null,
    "attribute_category": null,
    "attribute1": "AU",
    "attribute2": null,
    "attribute3": null,
    "attribute4": null,
    "attribute5": null,
    "attribute6": null,
    "attribute7": null,
    "attribute8": null,
    "attribute9": null,
    "attribute10": null,
    "attribute11": null,
    "attribute12": null,
    "attribute13": null,
    "attribute14": null,
    "attribute15": null,
    "interface_type": "I",
    "created_by": "ADMIN",
    "creation_date": "2022-05-26T13:06:22Z",
    "last_update_login": "ADMIN",
    "last_updated_by": "ADMIN",
    "last_update_date": "2022-05-26T13:06:22Z",
    "orcl_segment8": null,
    "mapper_id": 22221,
    "links": [
        {
            "rel": "self",
            "href": "https://biforv8ttzke2zv-intgtst1.adb.us-ashburn-1.oraclecloudapps.com/ords/xxmcd_erpintg/xxmcd_paas_mapper_tbl/22221"
        },
        {
            "rel": "edit",
            "href": "https://biforv8ttzke2zv-intgtst1.adb.us-ashburn-1.oraclecloudapps.com/ords/xxmcd_erpintg/xxmcd_paas_mapper_tbl/22221"
        },
        {
            "rel": "describedby",
            "href": "https://biforv8ttzke2zv-intgtst1.adb.us-ashburn-1.oraclecloudapps.com/ords/xxmcd_erpintg/metadata-catalog/xxmcd_paas_mapper_tbl/item"
        },
        {
            "rel": "collection",
            "href": "https://biforv8ttzke2zv-intgtst1.adb.us-ashburn-1.oraclecloudapps.com/ords/xxmcd_erpintg/xxmcd_paas_mapper_tbl/"
        }
    ]
}