<?xml version="1.0" encoding="utf-8"?>
<artifactListing>	<resource name="Account Consolidation Details" id="000001619e03f152-0000-551a-7f000001" type="application/hyperion-reports-report" cloneOnly="false" size="" path="/Repository Objects/00_Starter Kit/Account Details" pathAlias="/Repository Objects/00_Starter Kit/Account Details" modifiedBy="" lastUpdated="" description=""/>
	<resource name="Account Contribution Details" id="000001619ac86126-0000-551a-7f000001" type="application/hyperion-reports-report" cloneOnly="false" size="" path="/Repository Objects/00_Starter Kit/Account Details" pathAlias="/Repository Objects/00_Starter Kit/Account Details" modifiedBy="" lastUpdated="" description=""/>
	<resource name="Account Contribution Details by entities" id="7985b8da-bb7b-43b5-a0a8-e41aac8b8572" type="application/hyperion-reports-report" cloneOnly="false" size="" path="/Repository Objects/00_Starter Kit/Account Details" pathAlias="/Repository Objects/00_Starter Kit/Account Details" modifiedBy="" lastUpdated="" description=""/>
	<resource name="Account Details by Movement" id="000001619dd480ff-0000-551a-7f000001" type="application/hyperion-reports-report" cloneOnly="false" size="" path="/Repository Objects/00_Starter Kit/Account Details" pathAlias="/Repository Objects/00_Starter Kit/Account Details" modifiedBy="" lastUpdated="" description=""/>
	<resource name="BS Account Details by Data Source" id="000001618b5b6879-0000-551a-7f000001" type="application/hyperion-reports-report" cloneOnly="false" size="" path="/Repository Objects/00_Starter Kit/Account Details" pathAlias="/Repository Objects/00_Starter Kit/Account Details" modifiedBy="" lastUpdated="" description=""/>
	<resource name="Cash Flow Movements Consolidation Details" id="55146ad7-0714-47b6-9ff9-23751310af11" type="application/hyperion-reports-report" cloneOnly="false" size="" path="/Repository Objects/00_Starter Kit/Account Details" pathAlias="/Repository Objects/00_Starter Kit/Account Details" modifiedBy="" lastUpdated="" description=""/>
	<resource name="Cash Flow Movements Contribution Details" id="06167bf5-d1cb-4888-abfe-f066569d5f75" type="application/hyperion-reports-report" cloneOnly="false" size="" path="/Repository Objects/00_Starter Kit/Account Details" pathAlias="/Repository Objects/00_Starter Kit/Account Details" modifiedBy="" lastUpdated="" description=""/>
	<resource name="IS Account Details by Data Source" id="000001619e1f54ff-0000-551a-7f000001" type="application/hyperion-reports-report" cloneOnly="false" size="" path="/Repository Objects/00_Starter Kit/Account Details" pathAlias="/Repository Objects/00_Starter Kit/Account Details" modifiedBy="" lastUpdated="" description=""/>
	<resource name="BU Account Consolidation Details" id="336169db-fe14-40a2-85c1-6603310da035" type="application/hyperion-reports-report" cloneOnly="false" size="" path="/Repository Objects/00_Starter Kit/Business Unit Reports" pathAlias="/Repository Objects/00_Starter Kit/Business Unit Reports" modifiedBy="" lastUpdated="" description=""/>
	<resource name="BU Account Contribution Details" id="c42b692e-45bc-4bee-92b2-646648682d0d" type="application/hyperion-reports-report" cloneOnly="false" size="" path="/Repository Objects/00_Starter Kit/Business Unit Reports" pathAlias="/Repository Objects/00_Starter Kit/Business Unit Reports" modifiedBy="" lastUpdated="" description=""/>
	<resource name="BU Account Details by Data Source" id="eb8f680b-fe18-427e-ad91-50a6b5f7d8ec" type="application/hyperion-reports-report" cloneOnly="false" size="" path="/Repository Objects/00_Starter Kit/Business Unit Reports" pathAlias="/Repository Objects/00_Starter Kit/Business Unit Reports" modifiedBy="" lastUpdated="" description=""/>
	<resource name="BU Income Statement Consolidated" id="8e2a9b8f-5cba-4b52-a608-27e5665f8553" type="application/hyperion-reports-report" cloneOnly="false" size="" path="/Repository Objects/00_Starter Kit/Business Unit Reports" pathAlias="/Repository Objects/00_Starter Kit/Business Unit Reports" modifiedBy="" lastUpdated="" description=""/>
	<resource name="Income Statement Consolidation Details Matrix" id="00d5519c-d5e9-463f-9615-473a375e3049" type="application/hyperion-reports-report" cloneOnly="false" size="" path="/Repository Objects/00_Starter Kit/Business Unit Reports" pathAlias="/Repository Objects/00_Starter Kit/Business Unit Reports" modifiedBy="" lastUpdated="" description=""/>
	<resource name="Income Statement Consolidation Details by BU" id="bbcfff0c-36e1-4d7a-a546-c4b4896b9368" type="application/hyperion-reports-report" cloneOnly="false" size="" path="/Repository Objects/00_Starter Kit/Business Unit Reports" pathAlias="/Repository Objects/00_Starter Kit/Business Unit Reports" modifiedBy="" lastUpdated="" description=""/>
	<resource name="Income Statement Contribution Details by BU" id="1182fec4-4c1e-4b59-a40e-b3ee9666a3f4" type="application/hyperion-reports-report" cloneOnly="false" size="" path="/Repository Objects/00_Starter Kit/Business Unit Reports" pathAlias="/Repository Objects/00_Starter Kit/Business Unit Reports" modifiedBy="" lastUpdated="" description=""/>
	<resource name="Income Statement Current vs. Prior Year by BU" id="9e7ada87-3381-42bd-a63c-5ca4a50733c4" type="application/hyperion-reports-report" cloneOnly="false" size="" path="/Repository Objects/00_Starter Kit/Business Unit Reports" pathAlias="/Repository Objects/00_Starter Kit/Business Unit Reports" modifiedBy="" lastUpdated="" description=""/>
	<resource name="Account Contribution Details CC" id="0cee7c4d-7ca8-495f-8582-cf3939c6d092" type="application/hyperion-reports-report" cloneOnly="false" size="" path="/Repository Objects/00_Starter Kit/Consolidation Reports/All Company" pathAlias="/Repository Objects/00_Starter Kit/Consolidation Reports/All Company" modifiedBy="" lastUpdated="" description=""/>
	<resource name="Account Contribution Details Country Level" id="b97d0701-fd9b-40cd-9d98-76d001f4b6b9" type="application/hyperion-reports-report" cloneOnly="false" size="" path="/Repository Objects/00_Starter Kit/Consolidation Reports/All Company" pathAlias="/Repository Objects/00_Starter Kit/Consolidation Reports/All Company" modifiedBy="" lastUpdated="" description=""/>
	<resource name="Account Contribution Details Supplemental" id="642bf890-3df0-4fb9-bd5e-79b9946ec3ac" type="application/hyperion-reports-report" cloneOnly="false" size="" path="/Repository Objects/00_Starter Kit/Consolidation Reports/All Company" pathAlias="/Repository Objects/00_Starter Kit/Consolidation Reports/All Company" modifiedBy="" lastUpdated="" description=""/>
	<resource name="Account Contribution Details by Source" id="68442a6c-a516-4a73-affe-84b9448bdabc" type="application/hyperion-reports-report" cloneOnly="false" size="" path="/Repository Objects/00_Starter Kit/Consolidation Reports/All Company" pathAlias="/Repository Objects/00_Starter Kit/Consolidation Reports/All Company" modifiedBy="" lastUpdated="" description=""/>
	<resource name="Balance Sheet Consolidation Details (APAC)" id="73d62428-52ab-454a-82b2-bb02a65ee423" type="application/hyperion-reports-report" cloneOnly="false" size="" path="/Repository Objects/00_Starter Kit/Consolidation Reports/All Company" pathAlias="/Repository Objects/00_Starter Kit/Consolidation Reports/All Company" modifiedBy="" lastUpdated="" description=""/>
	<resource name="Balance Sheet Consolidation Details (All Company))" id="169a2b02-9ab3-4631-ba1b-3a19606c4725" type="application/hyperion-reports-report" cloneOnly="false" size="" path="/Repository Objects/00_Starter Kit/Consolidation Reports/All Company" pathAlias="/Repository Objects/00_Starter Kit/Consolidation Reports/All Company" modifiedBy="" lastUpdated="" description=""/>
	<resource name="Balance Sheet Consolidation Details (EMEA)" id="0e26d885-053e-4264-ae7d-5bd3916158ba" type="application/hyperion-reports-report" cloneOnly="false" size="" path="/Repository Objects/00_Starter Kit/Consolidation Reports/All Company" pathAlias="/Repository Objects/00_Starter Kit/Consolidation Reports/All Company" modifiedBy="" lastUpdated="" description=""/>
	<resource name="Balance Sheet Consolidation Details (LAD)" id="24797774-6e8b-4ca5-bd65-c4be3d1b7d17" type="application/hyperion-reports-report" cloneOnly="false" size="" path="/Repository Objects/00_Starter Kit/Consolidation Reports/All Company" pathAlias="/Repository Objects/00_Starter Kit/Consolidation Reports/All Company" modifiedBy="" lastUpdated="" description=""/>
	<resource name="Balance Sheet Consolidation Details (North America)" id="20398c14-b07c-4484-af4c-db00c4912010" type="application/hyperion-reports-report" cloneOnly="false" size="" path="/Repository Objects/00_Starter Kit/Consolidation Reports/All Company" pathAlias="/Repository Objects/00_Starter Kit/Consolidation Reports/All Company" modifiedBy="" lastUpdated="" description=""/>
	<resource name="Elimination Journal Reporting_Cascade" id="c3a29986-7b02-4fed-ae13-92a158bb7b03" type="application/hyperion-reports-report" cloneOnly="false" size="" path="/Repository Objects/00_Starter Kit/Consolidation Reports/All Company" pathAlias="/Repository Objects/00_Starter Kit/Consolidation Reports/All Company" modifiedBy="" lastUpdated="" description=""/>
	<resource name="Balance Sheet &amp; Income Statement Elimination Details" id="00000161eb4c39f9-0000-6ab4-7f000001" type="application/hyperion-reports-report" cloneOnly="false" size="" path="/Repository Objects/00_Starter Kit/Consolidation Reports" pathAlias="/Repository Objects/00_Starter Kit/Consolidation Reports" modifiedBy="" lastUpdated="" description=""/>
	<resource name="Balance Sheet Consolidated" id="000001619adc08da-0000-551a-7f000001" type="application/hyperion-reports-report" cloneOnly="false" size="" path="/Repository Objects/00_Starter Kit/Consolidation Reports" pathAlias="/Repository Objects/00_Starter Kit/Consolidation Reports" modifiedBy="" lastUpdated="" description=""/>
	<resource name="Balance Sheet Consolidation Details" id="000001619f5691ba-0000-551a-7f000001" type="application/hyperion-reports-report" cloneOnly="false" size="" path="/Repository Objects/00_Starter Kit/Consolidation Reports" pathAlias="/Repository Objects/00_Starter Kit/Consolidation Reports" modifiedBy="" lastUpdated="" description=""/>
	<resource name="Balance Sheet Contribution Details" id="0000015ee2d10efb-0000-c413-0afd86a9" type="application/hyperion-reports-report" cloneOnly="false" size="" path="/Repository Objects/00_Starter Kit/Consolidation Reports" pathAlias="/Repository Objects/00_Starter Kit/Consolidation Reports" modifiedBy="" lastUpdated="" description=""/>
	<resource name="Balance Sheet Current vs. Prior Year" id="0000015ee2d10e97-0000-c413-0afd86a9" type="application/hyperion-reports-report" cloneOnly="false" size="" path="/Repository Objects/00_Starter Kit/Consolidation Reports" pathAlias="/Repository Objects/00_Starter Kit/Consolidation Reports" modifiedBy="" lastUpdated="" description=""/>
	<resource name="Balance Sheet Elimination Details" id="00000161e6716c43-0000-6ab4-7f000001" type="application/hyperion-reports-report" cloneOnly="false" size="" path="/Repository Objects/00_Starter Kit/Consolidation Reports" pathAlias="/Repository Objects/00_Starter Kit/Consolidation Reports" modifiedBy="" lastUpdated="" description=""/>
	<resource name="Balance Sheet Scenario Comparison" id="0000015ee2d10f48-0000-c413-0afd86a9" type="application/hyperion-reports-report" cloneOnly="false" size="" path="/Repository Objects/00_Starter Kit/Consolidation Reports" pathAlias="/Repository Objects/00_Starter Kit/Consolidation Reports" modifiedBy="" lastUpdated="" description=""/>
	<resource name="Cash Flow Consolidated" id="28d62bc3-3754-41c8-be65-1de6a4bcc2cb" type="application/hyperion-reports-report" cloneOnly="false" size="" path="/Repository Objects/00_Starter Kit/Consolidation Reports" pathAlias="/Repository Objects/00_Starter Kit/Consolidation Reports" modifiedBy="" lastUpdated="" description=""/>
	<resource name="Cash Flow Consolidation Details" id="1f7cd3b5-8243-4d12-ab84-2e1063066afd" type="application/hyperion-reports-report" cloneOnly="false" size="" path="/Repository Objects/00_Starter Kit/Consolidation Reports" pathAlias="/Repository Objects/00_Starter Kit/Consolidation Reports" modifiedBy="" lastUpdated="" description=""/>
	<resource name="Cash Flow Contribution Details" id="8d042d29-74c3-49a7-80e1-9aa6892e4d33" type="application/hyperion-reports-report" cloneOnly="false" size="" path="/Repository Objects/00_Starter Kit/Consolidation Reports" pathAlias="/Repository Objects/00_Starter Kit/Consolidation Reports" modifiedBy="" lastUpdated="" description=""/>
	<resource name="Cash Flow Current vs. Prior Year" id="5a8f2c23-5b23-495a-b4e0-78c528a8b60c" type="application/hyperion-reports-report" cloneOnly="false" size="" path="/Repository Objects/00_Starter Kit/Consolidation Reports" pathAlias="/Repository Objects/00_Starter Kit/Consolidation Reports" modifiedBy="" lastUpdated="" description=""/>
	<resource name="Changes in Equity Details by Entity" id="4880e2b1-90af-47b0-a8c9-3020b32e9b06" type="application/hyperion-reports-report" cloneOnly="false" size="" path="/Repository Objects/00_Starter Kit/Consolidation Reports" pathAlias="/Repository Objects/00_Starter Kit/Consolidation Reports" modifiedBy="" lastUpdated="" description=""/>
	<resource name="Changes in Equity Details by Entity and Movement" id="0000015ec76f9524-0000-4c0f-0afd89d5" type="application/hyperion-reports-report" cloneOnly="false" size="" path="/Repository Objects/00_Starter Kit/Consolidation Reports" pathAlias="/Repository Objects/00_Starter Kit/Consolidation Reports" modifiedBy="" lastUpdated="" description=""/>
	<resource name="Changes in Equity Details from Input to Contribution" id="06d69e4e-2422-4f30-bb25-9aefb38475d8" type="application/hyperion-reports-report" cloneOnly="false" size="" path="/Repository Objects/00_Starter Kit/Consolidation Reports" pathAlias="/Repository Objects/00_Starter Kit/Consolidation Reports" modifiedBy="" lastUpdated="" description=""/>
	<resource name="Changes in Equity Group" id="364bebad-0727-4a4e-b502-209fe4fc5104" type="application/hyperion-reports-report" cloneOnly="false" size="" path="/Repository Objects/00_Starter Kit/Consolidation Reports" pathAlias="/Repository Objects/00_Starter Kit/Consolidation Reports" modifiedBy="" lastUpdated="" description=""/>
	<resource name="Elimination Journal Reporting" id="bd8e3081-9d97-4ad1-8788-cb3473e4dd63" type="application/hyperion-reports-report" cloneOnly="false" size="" path="/Repository Objects/00_Starter Kit/Consolidation Reports" pathAlias="/Repository Objects/00_Starter Kit/Consolidation Reports" modifiedBy="" lastUpdated="" description=""/>
	<resource name="Balance Sheet Consolidation Details (Europe)" id="a13613a0-a0a0-4bd7-8a6b-4f4b19b0825b" type="application/hyperion-reports-report" cloneOnly="false" size="" path="/Repository Objects/00_Starter Kit/Consolidation Reports/Europe only" pathAlias="/Repository Objects/00_Starter Kit/Consolidation Reports/Europe only" modifiedBy="" lastUpdated="" description=""/>
	<resource name="Elimination Journal Reporting (Europe)" id="fdd57b3e-eec7-4480-bbb1-a566d994414c" type="application/hyperion-reports-report" cloneOnly="false" size="" path="/Repository Objects/00_Starter Kit/Consolidation Reports/Europe only" pathAlias="/Repository Objects/00_Starter Kit/Consolidation Reports/Europe only" modifiedBy="" lastUpdated="" description=""/>
	<resource name="GridTemplate" id="727249f1-bdb1-4764-aff3-eaf559b50655" type="application/hyperion-reports-grid" cloneOnly="false" size="" path="/Repository Objects/00_Starter Kit/Consolidation Reports" pathAlias="/Repository Objects/00_Starter Kit/Consolidation Reports" modifiedBy="" lastUpdated="" description=""/>
	<resource name="Income Statement Consolidated" id="00000161b926d5a1-0000-551a-7f000001" type="application/hyperion-reports-report" cloneOnly="false" size="" path="/Repository Objects/00_Starter Kit/Consolidation Reports" pathAlias="/Repository Objects/00_Starter Kit/Consolidation Reports" modifiedBy="" lastUpdated="" description=""/>
	<resource name="Income Statement Consolidation Details" id="0000015ee2d10fc8-0000-c413-0afd86a9" type="application/hyperion-reports-report" cloneOnly="false" size="" path="/Repository Objects/00_Starter Kit/Consolidation Reports" pathAlias="/Repository Objects/00_Starter Kit/Consolidation Reports" modifiedBy="" lastUpdated="" description=""/>
	<resource name="Income Statement Contribution Details" id="0000016164b686c8-0000-76be-7f000001" type="application/hyperion-reports-report" cloneOnly="false" size="" path="/Repository Objects/00_Starter Kit/Consolidation Reports" pathAlias="/Repository Objects/00_Starter Kit/Consolidation Reports" modifiedBy="" lastUpdated="" description=""/>
	<resource name="Income Statement Current vs. Prior Year" id="0000015ee2d10f71-0000-c413-0afd86a9" type="application/hyperion-reports-report" cloneOnly="false" size="" path="/Repository Objects/00_Starter Kit/Consolidation Reports" pathAlias="/Repository Objects/00_Starter Kit/Consolidation Reports" modifiedBy="" lastUpdated="" description=""/>
	<resource name="Income Statement Elimination Details" id="00000161f218f4c6-0000-b0f4-7f000001" type="application/hyperion-reports-report" cloneOnly="false" size="" path="/Repository Objects/00_Starter Kit/Consolidation Reports" pathAlias="/Repository Objects/00_Starter Kit/Consolidation Reports" modifiedBy="" lastUpdated="" description=""/>
	<resource name="Income Statement Scenario Comparison" id="0000015ee2d11023-0000-c413-0afd86a9" type="application/hyperion-reports-report" cloneOnly="false" size="" path="/Repository Objects/00_Starter Kit/Consolidation Reports" pathAlias="/Repository Objects/00_Starter Kit/Consolidation Reports" modifiedBy="" lastUpdated="" description=""/>
	<resource name="Intercompany Matching Report" id="0000015f6de0a239-0000-07c6-0afd86ab" type="application/hyperion-reports-report" cloneOnly="false" size="" path="/Repository Objects/00_Starter Kit/Consolidation Reports" pathAlias="/Repository Objects/00_Starter Kit/Consolidation Reports" modifiedBy="" lastUpdated="" description=""/>
	<resource name="Headcount Monthly Evolution" id="0000015fda14bbad-0000-9706-7f000001" type="application/hyperion-reports-report" cloneOnly="false" size="" path="/Repository Objects/00_Starter Kit/Non Financial Data" pathAlias="/Repository Objects/00_Starter Kit/Non Financial Data" modifiedBy="" lastUpdated="" description=""/>
	<resource name="Headcount by Type" id="0000015ec2fcae23-0000-4c0f-0afd89d5" type="application/hyperion-reports-report" cloneOnly="false" size="" path="/Repository Objects/00_Starter Kit/Non Financial Data" pathAlias="/Repository Objects/00_Starter Kit/Non Financial Data" modifiedBy="" lastUpdated="" description=""/>
	<resource name="Financial Reporting Book" id="0000015ea759b45f-0000-7d45-0a952d7d" type="application/hyperion-reports-book" cloneOnly="false" size="" path="/Repository Objects/0_Report Books" pathAlias="/Repository Objects/0_Report Books" modifiedBy="" lastUpdated="" description=""/>
	<resource name="10-10-001" id="0000015e5ee3d88f-0000-ee8f-0afd8a4a" type="application/hyperion-reports-report" cloneOnly="false" size="" path="/Repository Objects/1_Balance Sheet" pathAlias="/Repository Objects/1_Balance Sheet" modifiedBy="" lastUpdated="" description=""/>
	<resource name="10-10-002" id="0000015e5ef08f47-0000-ee8f-0afd8a4a" type="application/hyperion-reports-report" cloneOnly="false" size="" path="/Repository Objects/1_Balance Sheet" pathAlias="/Repository Objects/1_Balance Sheet" modifiedBy="" lastUpdated="" description=""/>
	<resource name="10-10-003" id="0000015e5f006ff6-0000-ee8f-0afd8a4a" type="application/hyperion-reports-report" cloneOnly="false" size="" path="/Repository Objects/1_Balance Sheet" pathAlias="/Repository Objects/1_Balance Sheet" modifiedBy="" lastUpdated="" description=""/>
	<resource name="10-10-004" id="4d6127f1-4b97-4c74-9347-9c645493b954" type="application/hyperion-reports-report" cloneOnly="false" size="" path="/Repository Objects/1_Balance Sheet" pathAlias="/Repository Objects/1_Balance Sheet" modifiedBy="" lastUpdated="" description=""/>
	<resource name="10-10-005" id="0000015ecef41725-0000-55ca-0a952d7d" type="application/hyperion-reports-report" cloneOnly="false" size="" path="/Repository Objects/1_Balance Sheet" pathAlias="/Repository Objects/1_Balance Sheet" modifiedBy="" lastUpdated="" description=""/>
	<resource name="10-10-005-IC" id="00000160723b8865-0000-0bef-0a952d7d" type="application/hyperion-reports-report" cloneOnly="false" size="" path="/Repository Objects/1_Balance Sheet" pathAlias="/Repository Objects/1_Balance Sheet" modifiedBy="" lastUpdated="" description=""/>
	<resource name="10-10-006" id="0000015e5f12f19b-0000-ee8f-0afd8a4a" type="application/hyperion-reports-report" cloneOnly="false" size="" path="/Repository Objects/1_Balance Sheet" pathAlias="/Repository Objects/1_Balance Sheet" modifiedBy="" lastUpdated="" description=""/>
	<resource name="10-10-007" id="0000015e5f075009-0000-ee8f-0afd8a4a" type="application/hyperion-reports-report" cloneOnly="false" size="" path="/Repository Objects/1_Balance Sheet" pathAlias="/Repository Objects/1_Balance Sheet" modifiedBy="" lastUpdated="" description=""/>
	<resource name="10-10-008" id="0000015e5f0c1aaf-0000-ee8f-0afd8a4a" type="application/hyperion-reports-report" cloneOnly="false" size="" path="/Repository Objects/1_Balance Sheet" pathAlias="/Repository Objects/1_Balance Sheet" modifiedBy="" lastUpdated="" description=""/>
	<resource name="10-10-009" id="0000015e5f1c91f4-0000-ee8f-0afd8a4a" type="application/hyperion-reports-report" cloneOnly="false" size="" path="/Repository Objects/1_Balance Sheet" pathAlias="/Repository Objects/1_Balance Sheet" modifiedBy="" lastUpdated="" description=""/>
	<resource name="10-10-010" id="0000015e5ed694b4-0000-ee8f-0afd8a4a" type="application/hyperion-reports-report" cloneOnly="false" size="" path="/Repository Objects/1_Balance Sheet" pathAlias="/Repository Objects/1_Balance Sheet" modifiedBy="" lastUpdated="" description=""/>
	<resource name="10-20-001" id="0000015e5e28a6be-0000-ee8f-0afd8a4a" type="application/hyperion-reports-report" cloneOnly="false" size="" path="/Repository Objects/2_Income Statement" pathAlias="/Repository Objects/2_Income Statement" modifiedBy="" lastUpdated="" description=""/>
	<resource name="10-20-002" id="0000015e5e28a6e9-0000-ee8f-0afd8a4a" type="application/hyperion-reports-report" cloneOnly="false" size="" path="/Repository Objects/2_Income Statement" pathAlias="/Repository Objects/2_Income Statement" modifiedBy="" lastUpdated="" description=""/>
	<resource name="10-20-002a" id="693351a8-769a-4deb-8c10-19c4c2eb147a" type="application/hyperion-reports-report" cloneOnly="false" size="" path="/Repository Objects/2_Income Statement" pathAlias="/Repository Objects/2_Income Statement" modifiedBy="" lastUpdated="" description=""/>
	<resource name="10-20-003" id="0000015e5e28a703-0000-ee8f-0afd8a4a" type="application/hyperion-reports-report" cloneOnly="false" size="" path="/Repository Objects/2_Income Statement" pathAlias="/Repository Objects/2_Income Statement" modifiedBy="" lastUpdated="" description=""/>
	<resource name="10-20-004" id="0000015e5e28a722-0000-ee8f-0afd8a4a" type="application/hyperion-reports-report" cloneOnly="false" size="" path="/Repository Objects/2_Income Statement" pathAlias="/Repository Objects/2_Income Statement" modifiedBy="" lastUpdated="" description=""/>
	<resource name="10-20-005" id="0000015e5e28a740-0000-ee8f-0afd8a4a" type="application/hyperion-reports-report" cloneOnly="false" size="" path="/Repository Objects/2_Income Statement" pathAlias="/Repository Objects/2_Income Statement" modifiedBy="" lastUpdated="" description=""/>
	<resource name="10-20-006" id="0000015e5e28a765-0000-ee8f-0afd8a4a" type="application/hyperion-reports-report" cloneOnly="false" size="" path="/Repository Objects/2_Income Statement" pathAlias="/Repository Objects/2_Income Statement" modifiedBy="" lastUpdated="" description=""/>
	<resource name="10-20-007" id="0000015e5e28a784-0000-ee8f-0afd8a4a" type="application/hyperion-reports-report" cloneOnly="false" size="" path="/Repository Objects/2_Income Statement" pathAlias="/Repository Objects/2_Income Statement" modifiedBy="" lastUpdated="" description=""/>
	<resource name="10-20-008" id="0000015e5e28a7ab-0000-ee8f-0afd8a4a" type="application/hyperion-reports-report" cloneOnly="false" size="" path="/Repository Objects/2_Income Statement" pathAlias="/Repository Objects/2_Income Statement" modifiedBy="" lastUpdated="" description=""/>
	<resource name="10-20-009" id="0000015e5e50e417-0000-ee8f-0afd8a4a" type="application/hyperion-reports-report" cloneOnly="false" size="" path="/Repository Objects/2_Income Statement" pathAlias="/Repository Objects/2_Income Statement" modifiedBy="" lastUpdated="" description=""/>
	<resource name="10-20-010" id="0000015e5eceddf0-0000-ee8f-0afd8a4a" type="application/hyperion-reports-report" cloneOnly="false" size="" path="/Repository Objects/2_Income Statement" pathAlias="/Repository Objects/2_Income Statement" modifiedBy="" lastUpdated="" description=""/>
	<resource name="10-20-011" id="026b6760-5749-4a1b-8c28-88bc5ce5fba8" type="application/hyperion-reports-report" cloneOnly="false" size="" path="/Repository Objects/2_Income Statement" pathAlias="/Repository Objects/2_Income Statement" modifiedBy="" lastUpdated="" description=""/>
	<resource name="10-30-001" id="0000015e5f2ea611-0000-ee8f-0afd8a4a" type="application/hyperion-reports-report" cloneOnly="false" size="" path="/Repository Objects/3_Cash Flow" pathAlias="/Repository Objects/3_Cash Flow" modifiedBy="" lastUpdated="" description=""/>
	<resource name="10-30-002" id="0000015e5f3550b3-0000-ee8f-0afd8a4a" type="application/hyperion-reports-report" cloneOnly="false" size="" path="/Repository Objects/3_Cash Flow" pathAlias="/Repository Objects/3_Cash Flow" modifiedBy="" lastUpdated="" description=""/>
	<resource name="10-30-003" id="0000015e5f3aa487-0000-ee8f-0afd8a4a" type="application/hyperion-reports-report" cloneOnly="false" size="" path="/Repository Objects/3_Cash Flow" pathAlias="/Repository Objects/3_Cash Flow" modifiedBy="" lastUpdated="" description=""/>
	<resource name="10-30-004" id="1b039a2b-4006-4afd-bc3c-275a908d7b90" type="application/hyperion-reports-report" cloneOnly="false" size="" path="/Repository Objects/3_Cash Flow" pathAlias="/Repository Objects/3_Cash Flow" modifiedBy="" lastUpdated="" description=""/>
	<resource name="10-30-005" id="004c3e50-88c3-405e-82d9-0e2bc13f5374" type="application/hyperion-reports-report" cloneOnly="false" size="" path="/Repository Objects/3_Cash Flow" pathAlias="/Repository Objects/3_Cash Flow" modifiedBy="" lastUpdated="" description=""/>
	<resource name="10-40-001" id="0000015e5f4953b3-0000-ee8f-0afd8a4a" type="application/hyperion-reports-report" cloneOnly="false" size="" path="/Repository Objects/4_Analytics" pathAlias="/Repository Objects/4_Analytics" modifiedBy="" lastUpdated="" description=""/>
	<resource name="90-00-001" id="0000015df5677f2c-0000-ee8f-0afd8a4a" type="application/hyperion-reports-report" cloneOnly="false" size="" path="/Repository Objects/9_Administration" pathAlias="/Repository Objects/9_Administration" modifiedBy="" lastUpdated="" description=""/>
	<resource name="90-00-002" id="0000015f03e2e7d3-0000-ce5d-0afd8eb5" type="application/hyperion-reports-report" cloneOnly="false" size="" path="/Repository Objects/9_Administration" pathAlias="/Repository Objects/9_Administration" modifiedBy="" lastUpdated="" description=""/>
	<resource name="Intercompany Elims" id="000001575dc5d0d4-0000-e6b6-0ac43396" type="application/hyperion-reports-report" cloneOnly="false" size="" path="/Repository Objects/9_Administration/90_Working" pathAlias="/Repository Objects/9_Administration/90_Working" modifiedBy="" lastUpdated="" description=""/>
	<resource name="Key Figures" id="000001560a35ecc0-0000-d558-0afd8074" type="application/hyperion-reports-report" cloneOnly="false" size="" path="/Repository Objects/9_Administration/90_Working" pathAlias="/Repository Objects/9_Administration/90_Working" modifiedBy="" lastUpdated="" description=""/>
	<resource name="Sample" id="0000015488b45e97-0000-7c80-0ae9e208" type="application/hyperion-reports-report" cloneOnly="false" size="" path="/Repository Objects/9_Administration/90_Working" pathAlias="/Repository Objects/9_Administration/90_Working" modifiedBy="" lastUpdated="" description=""/>
	<resource name="Cash Flow Actual vs Plan" id="000001548d432c29-0000-7c80-0ae9e208" type="application/hyperion-reports-report" cloneOnly="false" size="" path="/Repository Objects/Administration" pathAlias="/Repository Objects/Administration" modifiedBy="" lastUpdated="" description=""/>
	<resource name=":planning:localhost:viscnsl:consol:1717771996051" id="48c819e3-69b3-4113-89fc-4263f7921ddd" type="application/hyperion-reports-annotation" cloneOnly="false" size="" path="/Repository Objects/AnnotationsInternalFolder/0" pathAlias="/Repository Objects/AnnotationsInternalFolder/0" modifiedBy="" lastUpdated="" description=""/>
	<resource name=":planning:localhost:viscnsl:consol:1717771996282" id="4c25956b-d3bf-47f2-8a6d-623a132991fb" type="application/hyperion-reports-annotation" cloneOnly="false" size="" path="/Repository Objects/AnnotationsInternalFolder/0" pathAlias="/Repository Objects/AnnotationsInternalFolder/0" modifiedBy="" lastUpdated="" description=""/>
	<resource name=":planning:localhost:viscnsl:consol:1717771996380" id="5137fbed-bbb3-46a4-bbaf-8dbd4e8f011c" type="application/hyperion-reports-annotation" cloneOnly="false" size="" path="/Repository Objects/AnnotationsInternalFolder/0" pathAlias="/Repository Objects/AnnotationsInternalFolder/0" modifiedBy="" lastUpdated="" description=""/>
	<resource name="MSND Sales" id="0ad7225c-0000-040a-000000efd9a9f2e5" type="text/html" cloneOnly="false" size="" path="/Repository Objects/Broadcast Messages/Sample Personal Page" pathAlias="/Repository Objects/Broadcast Messages/Sample Personal Page" modifiedBy="" lastUpdated="" description=""/>
	<resource name="MSND Script.html" id="0ad7225c-0000-11d8-000000eff32cb85f" type="text/html" cloneOnly="false" size="" path="/Repository Objects/Broadcast Messages/Sample Personal Page" pathAlias="/Repository Objects/Broadcast Messages/Sample Personal Page" modifiedBy="" lastUpdated="" description=""/>
	<resource name="Page Footer" id="0ad7225c-0000-040a-000000efd9aaf9cf" type="text/html" cloneOnly="false" size="" path="/Repository Objects/Broadcast Messages/Sample Personal Page" pathAlias="/Repository Objects/Broadcast Messages/Sample Personal Page" modifiedBy="" lastUpdated="" description=""/>
	<resource name="William Shakespeare Bio.html" id="0ad7225c-0000-040a-000000efd9b3c81b" type="text/html" cloneOnly="false" size="" path="/Repository Objects/Broadcast Messages/Sample Personal Page" pathAlias="/Repository Objects/Broadcast Messages/Sample Personal Page" modifiedBy="" lastUpdated="" description=""/>
	<resource name="Key Figures" id="000001560a32605c-0000-d558-0afd8074" type="application/hyperion-reports-report" cloneOnly="false" size="" path="/Repository Objects/Crystal Ball Workbooks" pathAlias="/Repository Objects/Crystal Ball Workbooks" modifiedBy="" lastUpdated="" description=""/>
	<resource name="BS_AssetsRowTemplate" id="0000015e351fe6d5-0000-ee8f-0afd8a4a" type="application/hyperion-reports-row_column_template" cloneOnly="false" size="" path="/Repository Objects/FCCS/SharedObjects" pathAlias="/Repository Objects/FCCS/SharedObjects" modifiedBy="" lastUpdated="" description=""/>
	<resource name="BS_LiabEqRowTemplate" id="0000015e35260177-0000-ee8f-0afd8a4a" type="application/hyperion-reports-row_column_template" cloneOnly="false" size="" path="/Repository Objects/FCCS/SharedObjects" pathAlias="/Repository Objects/FCCS/SharedObjects" modifiedBy="" lastUpdated="" description=""/>
	<resource name="Consolidating Columns" id="0000015ecefb19d6-0000-55ca-0a952d7d" type="application/hyperion-reports-row_column_template" cloneOnly="false" size="" path="/Repository Objects/FCCS/SharedObjects" pathAlias="/Repository Objects/FCCS/SharedObjects" modifiedBy="" lastUpdated="" description=""/>
	<resource name="Footer" id="0000015e113fc56e-0000-ee8f-0afd8a4a" type="application/hyperion-reports-text_object" cloneOnly="false" size="" path="/Repository Objects/FCCS/SharedObjects" pathAlias="/Repository Objects/FCCS/SharedObjects" modifiedBy="" lastUpdated="" description=""/>
	<resource name="Header" id="7889afdd-e04d-4ef6-a668-004c724504f8" type="application/hyperion-reports-text_object" cloneOnly="false" size="" path="/Repository Objects/FCCS/SharedObjects" pathAlias="/Repository Objects/FCCS/SharedObjects" modifiedBy="" lastUpdated="" description=""/>
	<resource name="Header - Period-No Year" id="23335f80-1a70-4646-aecb-7fcc4d5847cd" type="application/hyperion-reports-text_object" cloneOnly="false" size="" path="/Repository Objects/FCCS/SharedObjects" pathAlias="/Repository Objects/FCCS/SharedObjects" modifiedBy="" lastUpdated="" description=""/>
	<resource name="Logo" id="3e83dd13-3da8-4f7c-b15c-1da78bec62b4" type="application/hyperion-reports-image" cloneOnly="false" size="" path="/Repository Objects/FCCS/SharedObjects" pathAlias="/Repository Objects/FCCS/SharedObjects" modifiedBy="" lastUpdated="" description=""/>
	<resource name="Logo_OLD" id="0000015e111629c3-0000-ee8f-0afd8a4a" type="application/hyperion-reports-image" cloneOnly="false" size="" path="/Repository Objects/FCCS/SharedObjects" pathAlias="/Repository Objects/FCCS/SharedObjects" modifiedBy="" lastUpdated="" description=""/>
	<resource name="NI_RowTemplate" id="0000015e1467a767-0000-ee8f-0afd8a4a" type="application/hyperion-reports-row_column_template" cloneOnly="false" size="" path="/Repository Objects/FCCS/SharedObjects" pathAlias="/Repository Objects/FCCS/SharedObjects" modifiedBy="" lastUpdated="" description=""/>
	<resource name="Var_ColTemplate" id="0000015e15430c0f-0000-ee8f-0afd8a4a" type="application/hyperion-reports-row_column_template" cloneOnly="false" size="" path="/Repository Objects/FCCS/SharedObjects" pathAlias="/Repository Objects/FCCS/SharedObjects" modifiedBy="" lastUpdated="" description=""/>
	<resource name="DatasourceList_93" id="8a8e4173-3ed1-4fe7-8a9c-6bca5f74ad8a" type="application/hyperion-reports-datasource" cloneOnly="false" size="" path="/Repository Objects/HRInternalFolder/DataSources" pathAlias="/Repository Objects/HRInternalFolder/DataSources" modifiedBy="" lastUpdated="" description=""/>
	<resource name="FRMbeansConfig.txt" id="87afcdc2-b67d-433d-a657-5ec9d4e52ae9" type="text/plain" cloneOnly="false" size="" path="/Repository Objects/HRInternalFolder" pathAlias="/Repository Objects/HRInternalFolder" modifiedBy="" lastUpdated="" description=""/>
	<resource name="RecentFilesObject.txt" id="4ee834dc-4c94-403f-9b71-69eda7973bcf" type="text/plain" cloneOnly="false" size="" path="/Repository Objects/HRInternalFolder/FRObjects" pathAlias="/Repository Objects/HRInternalFolder/FRObjects" modifiedBy="" lastUpdated="" description=""/>
	<resource name="Casey.Brown__c126531_15e6a69be4e_-7f4b" id="342cd293-b2c4-4ec0-ac5f-cf556858ae75" type="application/hyperion-reports-pov" cloneOnly="false" size="" path="/Repository Objects/HRInternalFolder/UserPov" pathAlias="/Repository Objects/HRInternalFolder/UserPov" modifiedBy="" lastUpdated="" description=""/>
	<resource name="epm_default_cloud_admin__c126531_15e6a69be4e_-7f4b" id="f7115bdd-f003-4185-a6c6-7b71f08f0279" type="application/hyperion-reports-pov" cloneOnly="false" size="" path="/Repository Objects/HRInternalFolder/UserPov" pathAlias="/Repository Objects/HRInternalFolder/UserPov" modifiedBy="" lastUpdated="" description=""/>
	<resource name="notif_NoTOC.zip" id="SQRNOTIFNOTOCZIP01" type="application/x-zip-compressed" cloneOnly="false" size="" path="/Repository Objects/System" pathAlias="/Repository Objects/System" modifiedBy="" lastUpdated="" description=""/>
	<resource name="notif_TOC.zip" id="SQRNOTIFTOCZIP01" type="application/x-zip-compressed" cloneOnly="false" size="" path="/Repository Objects/System" pathAlias="/Repository Objects/System" modifiedBy="" lastUpdated="" description=""/>
	<resource name="Common Stock Override" id="4454a4cb-e8be-4308-9d7b-b480fcc6a43f" type="application/hyperion-reports-report" cloneOnly="false" size="" path="/Repository Objects/VisCnsl/Consol" pathAlias="/Repository Objects/VisCnsl/Consol" modifiedBy="" lastUpdated="" description=""/>
	<resource name="hyperion website" id="0ad7225c-0000-11d8-000000eff7f4f96e" type="text/html" cloneOnly="false" size="" path="/Repository Objects" pathAlias="/Repository Objects" modifiedBy="" lastUpdated="" description=""/>
    </artifactListing>
