<?xml version="1.0" encoding="utf-8"?>
<artifactListing>	<resource name="Application Category Mapping" id="Application Category Mapping" type="FDMEE Application Category Mapping" cloneOnly="false" size="" path="/Application Data/Custom Applications/ExportFCCS" pathAlias="/Application Data/Custom Applications/ExportFCCS" modifiedBy="" lastUpdated="" description=""/>
	<resource name="Application Definition" id="Application Definition" type="FDMEE Application Definition" cloneOnly="false" size="" path="/Application Data/Custom Applications/ExportFCCS" pathAlias="/Application Data/Custom Applications/ExportFCCS" modifiedBy="" lastUpdated="" description=""/>
	<resource name="Application Drill Details" id="Application Drill Details" type="FDMEE Application Drill Details" cloneOnly="false" size="" path="/Application Data/Custom Applications/ExportFCCS" pathAlias="/Application Data/Custom Applications/ExportFCCS" modifiedBy="" lastUpdated="" description=""/>
	<resource name="Application Period Mapping" id="Application Period Mapping" type="FDMEE Application Period Mapping" cloneOnly="false" size="" path="/Application Data/Custom Applications/ExportFCCS" pathAlias="/Application Data/Custom Applications/ExportFCCS" modifiedBy="" lastUpdated="" description=""/>
	<resource name="Batch Definition" id="Batch Definition" type="FDMEE Batch Definition" cloneOnly="false" size="" path="/Application Data/Custom Applications/ExportFCCS" pathAlias="/Application Data/Custom Applications/ExportFCCS" modifiedBy="" lastUpdated="" description=""/>
	<resource name="Check Group" id="Check Group" type="FDMEE Check Entity Group" cloneOnly="false" size="" path="/Application Data/Custom Applications/ExportFCCS" pathAlias="/Application Data/Custom Applications/ExportFCCS" modifiedBy="" lastUpdated="" description=""/>
	<resource name="Check Rule" id="Check Rule" type="FDMEE Check Rule Group" cloneOnly="false" size="" path="/Application Data/Custom Applications/ExportFCCS" pathAlias="/Application Data/Custom Applications/ExportFCCS" modifiedBy="" lastUpdated="" description=""/>
	<resource name="Data Load Mapping" id="Data Load Mapping" type="FDMEE Data Load Mapping" cloneOnly="false" size="" path="/Application Data/Custom Applications/ExportFCCS" pathAlias="/Application Data/Custom Applications/ExportFCCS" modifiedBy="" lastUpdated="" description=""/>
	<resource name="Export to Custom App" id="Export to Custom App" type="FDMEE Data Load Mapping By Location" cloneOnly="false" size="" path="/Application Data/Custom Applications/ExportFCCS/Data Load Mapping By Location" pathAlias="/Application Data/Custom Applications/ExportFCCS/Data Load Mapping By Location" modifiedBy="" lastUpdated="" description=""/>
	<resource name="Data Load Rule" id="Data Load Rule" type="FDMEE Data Load Rule" cloneOnly="false" size="" path="/Application Data/Custom Applications/ExportFCCS" pathAlias="/Application Data/Custom Applications/ExportFCCS" modifiedBy="" lastUpdated="" description=""/>
	<resource name="Explicit Source Period Mapping" id="Explicit Source Period Mapping" type="FDMEE Explicit Source Period Mapping" cloneOnly="false" size="" path="/Application Data/Custom Applications/ExportFCCS" pathAlias="/Application Data/Custom Applications/ExportFCCS" modifiedBy="" lastUpdated="" description=""/>
	<resource name="Import Format" id="Import Format" type="FDMEE Import Format" cloneOnly="false" size="" path="/Application Data/Custom Applications/ExportFCCS" pathAlias="/Application Data/Custom Applications/ExportFCCS" modifiedBy="" lastUpdated="" description=""/>
	<resource name="Location" id="Location" type="FDMEE Location" cloneOnly="false" size="" path="/Application Data/Custom Applications/ExportFCCS" pathAlias="/Application Data/Custom Applications/ExportFCCS" modifiedBy="" lastUpdated="" description=""/>
	<resource name="Logic Group" id="Logic Group" type="FDMEE Logic Group" cloneOnly="false" size="" path="/Application Data/Custom Applications/ExportFCCS" pathAlias="/Application Data/Custom Applications/ExportFCCS" modifiedBy="" lastUpdated="" description=""/>
	<resource name="Application Definition" id="Application Definition" type="FDMEE Application Definition" cloneOnly="false" size="" path="/Application Data/Datasource Applications/ERP Chart of Accounts" pathAlias="/Application Data/Datasource Applications/ERP Chart of Accounts" modifiedBy="" lastUpdated="" description=""/>
	<resource name="Application Category Mapping" id="Application Category Mapping" type="FDMEE Application Category Mapping" cloneOnly="false" size="" path="/Application Data/Essbase Applications/AMgmtRpt-MgmtRpt" pathAlias="/Application Data/Essbase Applications/AMgmtRpt-MgmtRpt" modifiedBy="" lastUpdated="" description=""/>
	<resource name="Application Definition" id="Application Definition" type="FDMEE Application Definition" cloneOnly="false" size="" path="/Application Data/Essbase Applications/AMgmtRpt-MgmtRpt" pathAlias="/Application Data/Essbase Applications/AMgmtRpt-MgmtRpt" modifiedBy="" lastUpdated="" description=""/>
	<resource name="Application Drill Details" id="Application Drill Details" type="FDMEE Application Drill Details" cloneOnly="false" size="" path="/Application Data/Essbase Applications/AMgmtRpt-MgmtRpt" pathAlias="/Application Data/Essbase Applications/AMgmtRpt-MgmtRpt" modifiedBy="" lastUpdated="" description=""/>
	<resource name="Application Period Mapping" id="Application Period Mapping" type="FDMEE Application Period Mapping" cloneOnly="false" size="" path="/Application Data/Essbase Applications/AMgmtRpt-MgmtRpt" pathAlias="/Application Data/Essbase Applications/AMgmtRpt-MgmtRpt" modifiedBy="" lastUpdated="" description=""/>
	<resource name="Batch Definition" id="Batch Definition" type="FDMEE Batch Definition" cloneOnly="false" size="" path="/Application Data/Essbase Applications/AMgmtRpt-MgmtRpt" pathAlias="/Application Data/Essbase Applications/AMgmtRpt-MgmtRpt" modifiedBy="" lastUpdated="" description=""/>
	<resource name="Check Group" id="Check Group" type="FDMEE Check Entity Group" cloneOnly="false" size="" path="/Application Data/Essbase Applications/AMgmtRpt-MgmtRpt" pathAlias="/Application Data/Essbase Applications/AMgmtRpt-MgmtRpt" modifiedBy="" lastUpdated="" description=""/>
	<resource name="Check Rule" id="Check Rule" type="FDMEE Check Rule Group" cloneOnly="false" size="" path="/Application Data/Essbase Applications/AMgmtRpt-MgmtRpt" pathAlias="/Application Data/Essbase Applications/AMgmtRpt-MgmtRpt" modifiedBy="" lastUpdated="" description=""/>
	<resource name="Data Load Mapping" id="Data Load Mapping" type="FDMEE Data Load Mapping" cloneOnly="false" size="" path="/Application Data/Essbase Applications/AMgmtRpt-MgmtRpt" pathAlias="/Application Data/Essbase Applications/AMgmtRpt-MgmtRpt" modifiedBy="" lastUpdated="" description=""/>
	<resource name="Data Warehouse" id="Data Warehouse" type="FDMEE Data Load Mapping By Location" cloneOnly="false" size="" path="/Application Data/Essbase Applications/AMgmtRpt-MgmtRpt/Data Load Mapping By Location" pathAlias="/Application Data/Essbase Applications/AMgmtRpt-MgmtRpt/Data Load Mapping By Location" modifiedBy="" lastUpdated="" description=""/>
	<resource name="Data Load Rule" id="Data Load Rule" type="FDMEE Data Load Rule" cloneOnly="false" size="" path="/Application Data/Essbase Applications/AMgmtRpt-MgmtRpt" pathAlias="/Application Data/Essbase Applications/AMgmtRpt-MgmtRpt" modifiedBy="" lastUpdated="" description=""/>
	<resource name="Explicit Source Period Mapping" id="Explicit Source Period Mapping" type="FDMEE Explicit Source Period Mapping" cloneOnly="false" size="" path="/Application Data/Essbase Applications/AMgmtRpt-MgmtRpt" pathAlias="/Application Data/Essbase Applications/AMgmtRpt-MgmtRpt" modifiedBy="" lastUpdated="" description=""/>
	<resource name="Import Format" id="Import Format" type="FDMEE Import Format" cloneOnly="false" size="" path="/Application Data/Essbase Applications/AMgmtRpt-MgmtRpt" pathAlias="/Application Data/Essbase Applications/AMgmtRpt-MgmtRpt" modifiedBy="" lastUpdated="" description=""/>
	<resource name="Location" id="Location" type="FDMEE Location" cloneOnly="false" size="" path="/Application Data/Essbase Applications/AMgmtRpt-MgmtRpt" pathAlias="/Application Data/Essbase Applications/AMgmtRpt-MgmtRpt" modifiedBy="" lastUpdated="" description=""/>
	<resource name="Logic Group" id="Logic Group" type="FDMEE Logic Group" cloneOnly="false" size="" path="/Application Data/Essbase Applications/AMgmtRpt-MgmtRpt" pathAlias="/Application Data/Essbase Applications/AMgmtRpt-MgmtRpt" modifiedBy="" lastUpdated="" description=""/>
	<resource name="Application Category Mapping" id="Application Category Mapping" type="FDMEE Application Category Mapping" cloneOnly="false" size="" path="/Application Data/Essbase Applications/CAChartofAccounts" pathAlias="/Application Data/Essbase Applications/CAChartofAccounts" modifiedBy="" lastUpdated="" description=""/>
	<resource name="Application Definition" id="Application Definition" type="FDMEE Application Definition" cloneOnly="false" size="" path="/Application Data/Essbase Applications/CAChartofAccounts" pathAlias="/Application Data/Essbase Applications/CAChartofAccounts" modifiedBy="" lastUpdated="" description=""/>
	<resource name="Application Drill Details" id="Application Drill Details" type="FDMEE Application Drill Details" cloneOnly="false" size="" path="/Application Data/Essbase Applications/CAChartofAccounts" pathAlias="/Application Data/Essbase Applications/CAChartofAccounts" modifiedBy="" lastUpdated="" description=""/>
	<resource name="Application Period Mapping" id="Application Period Mapping" type="FDMEE Application Period Mapping" cloneOnly="false" size="" path="/Application Data/Essbase Applications/CAChartofAccounts" pathAlias="/Application Data/Essbase Applications/CAChartofAccounts" modifiedBy="" lastUpdated="" description=""/>
	<resource name="Batch Definition" id="Batch Definition" type="FDMEE Batch Definition" cloneOnly="false" size="" path="/Application Data/Essbase Applications/CAChartofAccounts" pathAlias="/Application Data/Essbase Applications/CAChartofAccounts" modifiedBy="" lastUpdated="" description=""/>
	<resource name="Check Group" id="Check Group" type="FDMEE Check Entity Group" cloneOnly="false" size="" path="/Application Data/Essbase Applications/CAChartofAccounts" pathAlias="/Application Data/Essbase Applications/CAChartofAccounts" modifiedBy="" lastUpdated="" description=""/>
	<resource name="Check Rule" id="Check Rule" type="FDMEE Check Rule Group" cloneOnly="false" size="" path="/Application Data/Essbase Applications/CAChartofAccounts" pathAlias="/Application Data/Essbase Applications/CAChartofAccounts" modifiedBy="" lastUpdated="" description=""/>
	<resource name="Data Load Mapping" id="Data Load Mapping" type="FDMEE Data Load Mapping" cloneOnly="false" size="" path="/Application Data/Essbase Applications/CAChartofAccounts" pathAlias="/Application Data/Essbase Applications/CAChartofAccounts" modifiedBy="" lastUpdated="" description=""/>
	<resource name="Data Load Rule" id="Data Load Rule" type="FDMEE Data Load Rule" cloneOnly="false" size="" path="/Application Data/Essbase Applications/CAChartofAccounts" pathAlias="/Application Data/Essbase Applications/CAChartofAccounts" modifiedBy="" lastUpdated="" description=""/>
	<resource name="Explicit Source Period Mapping" id="Explicit Source Period Mapping" type="FDMEE Explicit Source Period Mapping" cloneOnly="false" size="" path="/Application Data/Essbase Applications/CAChartofAccounts" pathAlias="/Application Data/Essbase Applications/CAChartofAccounts" modifiedBy="" lastUpdated="" description=""/>
	<resource name="Import Format" id="Import Format" type="FDMEE Import Format" cloneOnly="false" size="" path="/Application Data/Essbase Applications/CAChartofAccounts" pathAlias="/Application Data/Essbase Applications/CAChartofAccounts" modifiedBy="" lastUpdated="" description=""/>
	<resource name="Location" id="Location" type="FDMEE Location" cloneOnly="false" size="" path="/Application Data/Essbase Applications/CAChartofAccounts" pathAlias="/Application Data/Essbase Applications/CAChartofAccounts" modifiedBy="" lastUpdated="" description=""/>
	<resource name="Logic Group" id="Logic Group" type="FDMEE Logic Group" cloneOnly="false" size="" path="/Application Data/Essbase Applications/CAChartofAccounts" pathAlias="/Application Data/Essbase Applications/CAChartofAccounts" modifiedBy="" lastUpdated="" description=""/>
	<resource name="Application Category Mapping" id="Application Category Mapping" type="FDMEE Application Category Mapping" cloneOnly="false" size="" path="/Application Data/Essbase Applications/UKChartofAccounts" pathAlias="/Application Data/Essbase Applications/UKChartofAccounts" modifiedBy="" lastUpdated="" description=""/>
	<resource name="Application Definition" id="Application Definition" type="FDMEE Application Definition" cloneOnly="false" size="" path="/Application Data/Essbase Applications/UKChartofAccounts" pathAlias="/Application Data/Essbase Applications/UKChartofAccounts" modifiedBy="" lastUpdated="" description=""/>
	<resource name="Application Drill Details" id="Application Drill Details" type="FDMEE Application Drill Details" cloneOnly="false" size="" path="/Application Data/Essbase Applications/UKChartofAccounts" pathAlias="/Application Data/Essbase Applications/UKChartofAccounts" modifiedBy="" lastUpdated="" description=""/>
	<resource name="Application Period Mapping" id="Application Period Mapping" type="FDMEE Application Period Mapping" cloneOnly="false" size="" path="/Application Data/Essbase Applications/UKChartofAccounts" pathAlias="/Application Data/Essbase Applications/UKChartofAccounts" modifiedBy="" lastUpdated="" description=""/>
	<resource name="Batch Definition" id="Batch Definition" type="FDMEE Batch Definition" cloneOnly="false" size="" path="/Application Data/Essbase Applications/UKChartofAccounts" pathAlias="/Application Data/Essbase Applications/UKChartofAccounts" modifiedBy="" lastUpdated="" description=""/>
	<resource name="Check Group" id="Check Group" type="FDMEE Check Entity Group" cloneOnly="false" size="" path="/Application Data/Essbase Applications/UKChartofAccounts" pathAlias="/Application Data/Essbase Applications/UKChartofAccounts" modifiedBy="" lastUpdated="" description=""/>
	<resource name="Check Rule" id="Check Rule" type="FDMEE Check Rule Group" cloneOnly="false" size="" path="/Application Data/Essbase Applications/UKChartofAccounts" pathAlias="/Application Data/Essbase Applications/UKChartofAccounts" modifiedBy="" lastUpdated="" description=""/>
	<resource name="Data Load Mapping" id="Data Load Mapping" type="FDMEE Data Load Mapping" cloneOnly="false" size="" path="/Application Data/Essbase Applications/UKChartofAccounts" pathAlias="/Application Data/Essbase Applications/UKChartofAccounts" modifiedBy="" lastUpdated="" description=""/>
	<resource name="Data Load Rule" id="Data Load Rule" type="FDMEE Data Load Rule" cloneOnly="false" size="" path="/Application Data/Essbase Applications/UKChartofAccounts" pathAlias="/Application Data/Essbase Applications/UKChartofAccounts" modifiedBy="" lastUpdated="" description=""/>
	<resource name="Explicit Source Period Mapping" id="Explicit Source Period Mapping" type="FDMEE Explicit Source Period Mapping" cloneOnly="false" size="" path="/Application Data/Essbase Applications/UKChartofAccounts" pathAlias="/Application Data/Essbase Applications/UKChartofAccounts" modifiedBy="" lastUpdated="" description=""/>
	<resource name="Import Format" id="Import Format" type="FDMEE Import Format" cloneOnly="false" size="" path="/Application Data/Essbase Applications/UKChartofAccounts" pathAlias="/Application Data/Essbase Applications/UKChartofAccounts" modifiedBy="" lastUpdated="" description=""/>
	<resource name="Location" id="Location" type="FDMEE Location" cloneOnly="false" size="" path="/Application Data/Essbase Applications/UKChartofAccounts" pathAlias="/Application Data/Essbase Applications/UKChartofAccounts" modifiedBy="" lastUpdated="" description=""/>
	<resource name="Logic Group" id="Logic Group" type="FDMEE Logic Group" cloneOnly="false" size="" path="/Application Data/Essbase Applications/UKChartofAccounts" pathAlias="/Application Data/Essbase Applications/UKChartofAccounts" modifiedBy="" lastUpdated="" description=""/>
	<resource name="Application Category Mapping" id="Application Category Mapping" type="FDMEE Application Category Mapping" cloneOnly="false" size="" path="/Application Data/Essbase Applications/USChartofAccounts" pathAlias="/Application Data/Essbase Applications/USChartofAccounts" modifiedBy="" lastUpdated="" description=""/>
	<resource name="Application Definition" id="Application Definition" type="FDMEE Application Definition" cloneOnly="false" size="" path="/Application Data/Essbase Applications/USChartofAccounts" pathAlias="/Application Data/Essbase Applications/USChartofAccounts" modifiedBy="" lastUpdated="" description=""/>
	<resource name="Application Drill Details" id="Application Drill Details" type="FDMEE Application Drill Details" cloneOnly="false" size="" path="/Application Data/Essbase Applications/USChartofAccounts" pathAlias="/Application Data/Essbase Applications/USChartofAccounts" modifiedBy="" lastUpdated="" description=""/>
	<resource name="Application Period Mapping" id="Application Period Mapping" type="FDMEE Application Period Mapping" cloneOnly="false" size="" path="/Application Data/Essbase Applications/USChartofAccounts" pathAlias="/Application Data/Essbase Applications/USChartofAccounts" modifiedBy="" lastUpdated="" description=""/>
	<resource name="Batch Definition" id="Batch Definition" type="FDMEE Batch Definition" cloneOnly="false" size="" path="/Application Data/Essbase Applications/USChartofAccounts" pathAlias="/Application Data/Essbase Applications/USChartofAccounts" modifiedBy="" lastUpdated="" description=""/>
	<resource name="Check Group" id="Check Group" type="FDMEE Check Entity Group" cloneOnly="false" size="" path="/Application Data/Essbase Applications/USChartofAccounts" pathAlias="/Application Data/Essbase Applications/USChartofAccounts" modifiedBy="" lastUpdated="" description=""/>
	<resource name="Check Rule" id="Check Rule" type="FDMEE Check Rule Group" cloneOnly="false" size="" path="/Application Data/Essbase Applications/USChartofAccounts" pathAlias="/Application Data/Essbase Applications/USChartofAccounts" modifiedBy="" lastUpdated="" description=""/>
	<resource name="Data Load Mapping" id="Data Load Mapping" type="FDMEE Data Load Mapping" cloneOnly="false" size="" path="/Application Data/Essbase Applications/USChartofAccounts" pathAlias="/Application Data/Essbase Applications/USChartofAccounts" modifiedBy="" lastUpdated="" description=""/>
	<resource name="Data Load Rule" id="Data Load Rule" type="FDMEE Data Load Rule" cloneOnly="false" size="" path="/Application Data/Essbase Applications/USChartofAccounts" pathAlias="/Application Data/Essbase Applications/USChartofAccounts" modifiedBy="" lastUpdated="" description=""/>
	<resource name="Explicit Source Period Mapping" id="Explicit Source Period Mapping" type="FDMEE Explicit Source Period Mapping" cloneOnly="false" size="" path="/Application Data/Essbase Applications/USChartofAccounts" pathAlias="/Application Data/Essbase Applications/USChartofAccounts" modifiedBy="" lastUpdated="" description=""/>
	<resource name="Import Format" id="Import Format" type="FDMEE Import Format" cloneOnly="false" size="" path="/Application Data/Essbase Applications/USChartofAccounts" pathAlias="/Application Data/Essbase Applications/USChartofAccounts" modifiedBy="" lastUpdated="" description=""/>
	<resource name="Location" id="Location" type="FDMEE Location" cloneOnly="false" size="" path="/Application Data/Essbase Applications/USChartofAccounts" pathAlias="/Application Data/Essbase Applications/USChartofAccounts" modifiedBy="" lastUpdated="" description=""/>
	<resource name="Logic Group" id="Logic Group" type="FDMEE Logic Group" cloneOnly="false" size="" path="/Application Data/Essbase Applications/USChartofAccounts" pathAlias="/Application Data/Essbase Applications/USChartofAccounts" modifiedBy="" lastUpdated="" description=""/>
	<resource name="Application Category Mapping" id="Application Category Mapping" type="FDMEE Application Category Mapping" cloneOnly="false" size="" path="/Application Data/Planning Applications/EPBCS" pathAlias="/Application Data/Planning Applications/EPBCS" modifiedBy="" lastUpdated="" description=""/>
	<resource name="Application Definition" id="Application Definition" type="FDMEE Application Definition" cloneOnly="false" size="" path="/Application Data/Planning Applications/EPBCS" pathAlias="/Application Data/Planning Applications/EPBCS" modifiedBy="" lastUpdated="" description=""/>
	<resource name="Application Drill Details" id="Application Drill Details" type="FDMEE Application Drill Details" cloneOnly="false" size="" path="/Application Data/Planning Applications/EPBCS" pathAlias="/Application Data/Planning Applications/EPBCS" modifiedBy="" lastUpdated="" description=""/>
	<resource name="Application Period Mapping" id="Application Period Mapping" type="FDMEE Application Period Mapping" cloneOnly="false" size="" path="/Application Data/Planning Applications/EPBCS" pathAlias="/Application Data/Planning Applications/EPBCS" modifiedBy="" lastUpdated="" description=""/>
	<resource name="Batch Definition" id="Batch Definition" type="FDMEE Batch Definition" cloneOnly="false" size="" path="/Application Data/Planning Applications/EPBCS" pathAlias="/Application Data/Planning Applications/EPBCS" modifiedBy="" lastUpdated="" description=""/>
	<resource name="Check Group" id="Check Group" type="FDMEE Check Entity Group" cloneOnly="false" size="" path="/Application Data/Planning Applications/EPBCS" pathAlias="/Application Data/Planning Applications/EPBCS" modifiedBy="" lastUpdated="" description=""/>
	<resource name="Check Rule" id="Check Rule" type="FDMEE Check Rule Group" cloneOnly="false" size="" path="/Application Data/Planning Applications/EPBCS" pathAlias="/Application Data/Planning Applications/EPBCS" modifiedBy="" lastUpdated="" description=""/>
	<resource name="Data Load Mapping" id="Data Load Mapping" type="FDMEE Data Load Mapping" cloneOnly="false" size="" path="/Application Data/Planning Applications/EPBCS" pathAlias="/Application Data/Planning Applications/EPBCS" modifiedBy="" lastUpdated="" description=""/>
	<resource name="Actual to Planning" id="Actual to Planning" type="FDMEE Data Load Mapping By Location" cloneOnly="false" size="" path="/Application Data/Planning Applications/EPBCS/Data Load Mapping By Location" pathAlias="/Application Data/Planning Applications/EPBCS/Data Load Mapping By Location" modifiedBy="" lastUpdated="" description=""/>
	<resource name="Adjusts to Planning" id="Adjusts to Planning" type="FDMEE Data Load Mapping By Location" cloneOnly="false" size="" path="/Application Data/Planning Applications/EPBCS/Data Load Mapping By Location" pathAlias="/Application Data/Planning Applications/EPBCS/Data Load Mapping By Location" modifiedBy="" lastUpdated="" description=""/>
	<resource name="Data Load Rule" id="Data Load Rule" type="FDMEE Data Load Rule" cloneOnly="false" size="" path="/Application Data/Planning Applications/EPBCS" pathAlias="/Application Data/Planning Applications/EPBCS" modifiedBy="" lastUpdated="" description=""/>
	<resource name="Explicit Source Period Mapping" id="Explicit Source Period Mapping" type="FDMEE Explicit Source Period Mapping" cloneOnly="false" size="" path="/Application Data/Planning Applications/EPBCS" pathAlias="/Application Data/Planning Applications/EPBCS" modifiedBy="" lastUpdated="" description=""/>
	<resource name="Import Format" id="Import Format" type="FDMEE Import Format" cloneOnly="false" size="" path="/Application Data/Planning Applications/EPBCS" pathAlias="/Application Data/Planning Applications/EPBCS" modifiedBy="" lastUpdated="" description=""/>
	<resource name="Location" id="Location" type="FDMEE Location" cloneOnly="false" size="" path="/Application Data/Planning Applications/EPBCS" pathAlias="/Application Data/Planning Applications/EPBCS" modifiedBy="" lastUpdated="" description=""/>
	<resource name="Logic Group" id="Logic Group" type="FDMEE Logic Group" cloneOnly="false" size="" path="/Application Data/Planning Applications/EPBCS" pathAlias="/Application Data/Planning Applications/EPBCS" modifiedBy="" lastUpdated="" description=""/>
	<resource name="Application Category Mapping" id="Application Category Mapping" type="FDMEE Application Category Mapping" cloneOnly="false" size="" path="/Application Data/Planning Applications/FinFSN" pathAlias="/Application Data/Planning Applications/FinFSN" modifiedBy="" lastUpdated="" description=""/>
	<resource name="Application Definition" id="Application Definition" type="FDMEE Application Definition" cloneOnly="false" size="" path="/Application Data/Planning Applications/FinFSN" pathAlias="/Application Data/Planning Applications/FinFSN" modifiedBy="" lastUpdated="" description=""/>
	<resource name="Application Drill Details" id="Application Drill Details" type="FDMEE Application Drill Details" cloneOnly="false" size="" path="/Application Data/Planning Applications/FinFSN" pathAlias="/Application Data/Planning Applications/FinFSN" modifiedBy="" lastUpdated="" description=""/>
	<resource name="Application Period Mapping" id="Application Period Mapping" type="FDMEE Application Period Mapping" cloneOnly="false" size="" path="/Application Data/Planning Applications/FinFSN" pathAlias="/Application Data/Planning Applications/FinFSN" modifiedBy="" lastUpdated="" description=""/>
	<resource name="Batch Definition" id="Batch Definition" type="FDMEE Batch Definition" cloneOnly="false" size="" path="/Application Data/Planning Applications/FinFSN" pathAlias="/Application Data/Planning Applications/FinFSN" modifiedBy="" lastUpdated="" description=""/>
	<resource name="Check Group" id="Check Group" type="FDMEE Check Entity Group" cloneOnly="false" size="" path="/Application Data/Planning Applications/FinFSN" pathAlias="/Application Data/Planning Applications/FinFSN" modifiedBy="" lastUpdated="" description=""/>
	<resource name="Check Rule" id="Check Rule" type="FDMEE Check Rule Group" cloneOnly="false" size="" path="/Application Data/Planning Applications/FinFSN" pathAlias="/Application Data/Planning Applications/FinFSN" modifiedBy="" lastUpdated="" description=""/>
	<resource name="Data Load Mapping" id="Data Load Mapping" type="FDMEE Data Load Mapping" cloneOnly="false" size="" path="/Application Data/Planning Applications/FinFSN" pathAlias="/Application Data/Planning Applications/FinFSN" modifiedBy="" lastUpdated="" description=""/>
	<resource name="Data Load Rule" id="Data Load Rule" type="FDMEE Data Load Rule" cloneOnly="false" size="" path="/Application Data/Planning Applications/FinFSN" pathAlias="/Application Data/Planning Applications/FinFSN" modifiedBy="" lastUpdated="" description=""/>
	<resource name="Explicit Source Period Mapping" id="Explicit Source Period Mapping" type="FDMEE Explicit Source Period Mapping" cloneOnly="false" size="" path="/Application Data/Planning Applications/FinFSN" pathAlias="/Application Data/Planning Applications/FinFSN" modifiedBy="" lastUpdated="" description=""/>
	<resource name="Import Format" id="Import Format" type="FDMEE Import Format" cloneOnly="false" size="" path="/Application Data/Planning Applications/FinFSN" pathAlias="/Application Data/Planning Applications/FinFSN" modifiedBy="" lastUpdated="" description=""/>
	<resource name="Location" id="Location" type="FDMEE Location" cloneOnly="false" size="" path="/Application Data/Planning Applications/FinFSN" pathAlias="/Application Data/Planning Applications/FinFSN" modifiedBy="" lastUpdated="" description=""/>
	<resource name="Logic Group" id="Logic Group" type="FDMEE Logic Group" cloneOnly="false" size="" path="/Application Data/Planning Applications/FinFSN" pathAlias="/Application Data/Planning Applications/FinFSN" modifiedBy="" lastUpdated="" description=""/>
	<resource name="Application Category Mapping" id="Application Category Mapping" type="FDMEE Application Category Mapping" cloneOnly="false" size="" path="/Application Data/Planning Applications/VisCnsl - Account" pathAlias="/Application Data/Planning Applications/VisCnsl - Account" modifiedBy="" lastUpdated="" description=""/>
	<resource name="Application Definition" id="Application Definition" type="FDMEE Application Definition" cloneOnly="false" size="" path="/Application Data/Planning Applications/VisCnsl - Account" pathAlias="/Application Data/Planning Applications/VisCnsl - Account" modifiedBy="" lastUpdated="" description=""/>
	<resource name="Application Drill Details" id="Application Drill Details" type="FDMEE Application Drill Details" cloneOnly="false" size="" path="/Application Data/Planning Applications/VisCnsl - Account" pathAlias="/Application Data/Planning Applications/VisCnsl - Account" modifiedBy="" lastUpdated="" description=""/>
	<resource name="Application Period Mapping" id="Application Period Mapping" type="FDMEE Application Period Mapping" cloneOnly="false" size="" path="/Application Data/Planning Applications/VisCnsl - Account" pathAlias="/Application Data/Planning Applications/VisCnsl - Account" modifiedBy="" lastUpdated="" description=""/>
	<resource name="Batch Definition" id="Batch Definition" type="FDMEE Batch Definition" cloneOnly="false" size="" path="/Application Data/Planning Applications/VisCnsl - Account" pathAlias="/Application Data/Planning Applications/VisCnsl - Account" modifiedBy="" lastUpdated="" description=""/>
	<resource name="Check Group" id="Check Group" type="FDMEE Check Entity Group" cloneOnly="false" size="" path="/Application Data/Planning Applications/VisCnsl - Account" pathAlias="/Application Data/Planning Applications/VisCnsl - Account" modifiedBy="" lastUpdated="" description=""/>
	<resource name="Check Rule" id="Check Rule" type="FDMEE Check Rule Group" cloneOnly="false" size="" path="/Application Data/Planning Applications/VisCnsl - Account" pathAlias="/Application Data/Planning Applications/VisCnsl - Account" modifiedBy="" lastUpdated="" description=""/>
	<resource name="Data Load Mapping" id="Data Load Mapping" type="FDMEE Data Load Mapping" cloneOnly="false" size="" path="/Application Data/Planning Applications/VisCnsl - Account" pathAlias="/Application Data/Planning Applications/VisCnsl - Account" modifiedBy="" lastUpdated="" description=""/>
	<resource name="Data Load Rule" id="Data Load Rule" type="FDMEE Data Load Rule" cloneOnly="false" size="" path="/Application Data/Planning Applications/VisCnsl - Account" pathAlias="/Application Data/Planning Applications/VisCnsl - Account" modifiedBy="" lastUpdated="" description=""/>
	<resource name="Explicit Source Period Mapping" id="Explicit Source Period Mapping" type="FDMEE Explicit Source Period Mapping" cloneOnly="false" size="" path="/Application Data/Planning Applications/VisCnsl - Account" pathAlias="/Application Data/Planning Applications/VisCnsl - Account" modifiedBy="" lastUpdated="" description=""/>
	<resource name="Import Format" id="Import Format" type="FDMEE Import Format" cloneOnly="false" size="" path="/Application Data/Planning Applications/VisCnsl - Account" pathAlias="/Application Data/Planning Applications/VisCnsl - Account" modifiedBy="" lastUpdated="" description=""/>
	<resource name="Location" id="Location" type="FDMEE Location" cloneOnly="false" size="" path="/Application Data/Planning Applications/VisCnsl - Account" pathAlias="/Application Data/Planning Applications/VisCnsl - Account" modifiedBy="" lastUpdated="" description=""/>
	<resource name="Logic Group" id="Logic Group" type="FDMEE Logic Group" cloneOnly="false" size="" path="/Application Data/Planning Applications/VisCnsl - Account" pathAlias="/Application Data/Planning Applications/VisCnsl - Account" modifiedBy="" lastUpdated="" description=""/>
	<resource name="Application Category Mapping" id="Application Category Mapping" type="FDMEE Application Category Mapping" cloneOnly="false" size="" path="/Application Data/Planning Applications/VisCnsl - Custom" pathAlias="/Application Data/Planning Applications/VisCnsl - Custom" modifiedBy="" lastUpdated="" description=""/>
	<resource name="Application Definition" id="Application Definition" type="FDMEE Application Definition" cloneOnly="false" size="" path="/Application Data/Planning Applications/VisCnsl - Custom" pathAlias="/Application Data/Planning Applications/VisCnsl - Custom" modifiedBy="" lastUpdated="" description=""/>
	<resource name="Application Drill Details" id="Application Drill Details" type="FDMEE Application Drill Details" cloneOnly="false" size="" path="/Application Data/Planning Applications/VisCnsl - Custom" pathAlias="/Application Data/Planning Applications/VisCnsl - Custom" modifiedBy="" lastUpdated="" description=""/>
	<resource name="Application Period Mapping" id="Application Period Mapping" type="FDMEE Application Period Mapping" cloneOnly="false" size="" path="/Application Data/Planning Applications/VisCnsl - Custom" pathAlias="/Application Data/Planning Applications/VisCnsl - Custom" modifiedBy="" lastUpdated="" description=""/>
	<resource name="Batch Definition" id="Batch Definition" type="FDMEE Batch Definition" cloneOnly="false" size="" path="/Application Data/Planning Applications/VisCnsl - Custom" pathAlias="/Application Data/Planning Applications/VisCnsl - Custom" modifiedBy="" lastUpdated="" description=""/>
	<resource name="Check Group" id="Check Group" type="FDMEE Check Entity Group" cloneOnly="false" size="" path="/Application Data/Planning Applications/VisCnsl - Custom" pathAlias="/Application Data/Planning Applications/VisCnsl - Custom" modifiedBy="" lastUpdated="" description=""/>
	<resource name="Check Rule" id="Check Rule" type="FDMEE Check Rule Group" cloneOnly="false" size="" path="/Application Data/Planning Applications/VisCnsl - Custom" pathAlias="/Application Data/Planning Applications/VisCnsl - Custom" modifiedBy="" lastUpdated="" description=""/>
	<resource name="Data Load Mapping" id="Data Load Mapping" type="FDMEE Data Load Mapping" cloneOnly="false" size="" path="/Application Data/Planning Applications/VisCnsl - Custom" pathAlias="/Application Data/Planning Applications/VisCnsl - Custom" modifiedBy="" lastUpdated="" description=""/>
	<resource name="ERP Product Metadata" id="ERP Product Metadata" type="FDMEE Data Load Mapping By Location" cloneOnly="false" size="" path="/Application Data/Planning Applications/VisCnsl - Custom/Data Load Mapping By Location" pathAlias="/Application Data/Planning Applications/VisCnsl - Custom/Data Load Mapping By Location" modifiedBy="" lastUpdated="" description=""/>
	<resource name="Data Load Rule" id="Data Load Rule" type="FDMEE Data Load Rule" cloneOnly="false" size="" path="/Application Data/Planning Applications/VisCnsl - Custom" pathAlias="/Application Data/Planning Applications/VisCnsl - Custom" modifiedBy="" lastUpdated="" description=""/>
	<resource name="Explicit Source Period Mapping" id="Explicit Source Period Mapping" type="FDMEE Explicit Source Period Mapping" cloneOnly="false" size="" path="/Application Data/Planning Applications/VisCnsl - Custom" pathAlias="/Application Data/Planning Applications/VisCnsl - Custom" modifiedBy="" lastUpdated="" description=""/>
	<resource name="Import Format" id="Import Format" type="FDMEE Import Format" cloneOnly="false" size="" path="/Application Data/Planning Applications/VisCnsl - Custom" pathAlias="/Application Data/Planning Applications/VisCnsl - Custom" modifiedBy="" lastUpdated="" description=""/>
	<resource name="Location" id="Location" type="FDMEE Location" cloneOnly="false" size="" path="/Application Data/Planning Applications/VisCnsl - Custom" pathAlias="/Application Data/Planning Applications/VisCnsl - Custom" modifiedBy="" lastUpdated="" description=""/>
	<resource name="Logic Group" id="Logic Group" type="FDMEE Logic Group" cloneOnly="false" size="" path="/Application Data/Planning Applications/VisCnsl - Custom" pathAlias="/Application Data/Planning Applications/VisCnsl - Custom" modifiedBy="" lastUpdated="" description=""/>
	<resource name="Application Category Mapping" id="Application Category Mapping" type="FDMEE Application Category Mapping" cloneOnly="false" size="" path="/Application Data/Planning Applications/VisCnsl - Entity" pathAlias="/Application Data/Planning Applications/VisCnsl - Entity" modifiedBy="" lastUpdated="" description=""/>
	<resource name="Application Definition" id="Application Definition" type="FDMEE Application Definition" cloneOnly="false" size="" path="/Application Data/Planning Applications/VisCnsl - Entity" pathAlias="/Application Data/Planning Applications/VisCnsl - Entity" modifiedBy="" lastUpdated="" description=""/>
	<resource name="Application Drill Details" id="Application Drill Details" type="FDMEE Application Drill Details" cloneOnly="false" size="" path="/Application Data/Planning Applications/VisCnsl - Entity" pathAlias="/Application Data/Planning Applications/VisCnsl - Entity" modifiedBy="" lastUpdated="" description=""/>
	<resource name="Application Period Mapping" id="Application Period Mapping" type="FDMEE Application Period Mapping" cloneOnly="false" size="" path="/Application Data/Planning Applications/VisCnsl - Entity" pathAlias="/Application Data/Planning Applications/VisCnsl - Entity" modifiedBy="" lastUpdated="" description=""/>
	<resource name="Batch Definition" id="Batch Definition" type="FDMEE Batch Definition" cloneOnly="false" size="" path="/Application Data/Planning Applications/VisCnsl - Entity" pathAlias="/Application Data/Planning Applications/VisCnsl - Entity" modifiedBy="" lastUpdated="" description=""/>
	<resource name="Check Group" id="Check Group" type="FDMEE Check Entity Group" cloneOnly="false" size="" path="/Application Data/Planning Applications/VisCnsl - Entity" pathAlias="/Application Data/Planning Applications/VisCnsl - Entity" modifiedBy="" lastUpdated="" description=""/>
	<resource name="Check Rule" id="Check Rule" type="FDMEE Check Rule Group" cloneOnly="false" size="" path="/Application Data/Planning Applications/VisCnsl - Entity" pathAlias="/Application Data/Planning Applications/VisCnsl - Entity" modifiedBy="" lastUpdated="" description=""/>
	<resource name="Data Load Mapping" id="Data Load Mapping" type="FDMEE Data Load Mapping" cloneOnly="false" size="" path="/Application Data/Planning Applications/VisCnsl - Entity" pathAlias="/Application Data/Planning Applications/VisCnsl - Entity" modifiedBy="" lastUpdated="" description=""/>
	<resource name="Data Load Rule" id="Data Load Rule" type="FDMEE Data Load Rule" cloneOnly="false" size="" path="/Application Data/Planning Applications/VisCnsl - Entity" pathAlias="/Application Data/Planning Applications/VisCnsl - Entity" modifiedBy="" lastUpdated="" description=""/>
	<resource name="Explicit Source Period Mapping" id="Explicit Source Period Mapping" type="FDMEE Explicit Source Period Mapping" cloneOnly="false" size="" path="/Application Data/Planning Applications/VisCnsl - Entity" pathAlias="/Application Data/Planning Applications/VisCnsl - Entity" modifiedBy="" lastUpdated="" description=""/>
	<resource name="Import Format" id="Import Format" type="FDMEE Import Format" cloneOnly="false" size="" path="/Application Data/Planning Applications/VisCnsl - Entity" pathAlias="/Application Data/Planning Applications/VisCnsl - Entity" modifiedBy="" lastUpdated="" description=""/>
	<resource name="Location" id="Location" type="FDMEE Location" cloneOnly="false" size="" path="/Application Data/Planning Applications/VisCnsl - Entity" pathAlias="/Application Data/Planning Applications/VisCnsl - Entity" modifiedBy="" lastUpdated="" description=""/>
	<resource name="Logic Group" id="Logic Group" type="FDMEE Logic Group" cloneOnly="false" size="" path="/Application Data/Planning Applications/VisCnsl - Entity" pathAlias="/Application Data/Planning Applications/VisCnsl - Entity" modifiedBy="" lastUpdated="" description=""/>
	<resource name="Application Category Mapping" id="Application Category Mapping" type="FDMEE Application Category Mapping" cloneOnly="false" size="" path="/Application Data/Planning Applications/VisCnsl" pathAlias="/Application Data/Planning Applications/VisCnsl" modifiedBy="" lastUpdated="" description=""/>
	<resource name="Application Definition" id="Application Definition" type="FDMEE Application Definition" cloneOnly="false" size="" path="/Application Data/Planning Applications/VisCnsl" pathAlias="/Application Data/Planning Applications/VisCnsl" modifiedBy="" lastUpdated="" description=""/>
	<resource name="Application Drill Details" id="Application Drill Details" type="FDMEE Application Drill Details" cloneOnly="false" size="" path="/Application Data/Planning Applications/VisCnsl" pathAlias="/Application Data/Planning Applications/VisCnsl" modifiedBy="" lastUpdated="" description=""/>
	<resource name="Application Period Mapping" id="Application Period Mapping" type="FDMEE Application Period Mapping" cloneOnly="false" size="" path="/Application Data/Planning Applications/VisCnsl" pathAlias="/Application Data/Planning Applications/VisCnsl" modifiedBy="" lastUpdated="" description=""/>
	<resource name="Batch Definition" id="Batch Definition" type="FDMEE Batch Definition" cloneOnly="false" size="" path="/Application Data/Planning Applications/VisCnsl" pathAlias="/Application Data/Planning Applications/VisCnsl" modifiedBy="" lastUpdated="" description=""/>
	<resource name="Check Group" id="Check Group" type="FDMEE Check Entity Group" cloneOnly="false" size="" path="/Application Data/Planning Applications/VisCnsl" pathAlias="/Application Data/Planning Applications/VisCnsl" modifiedBy="" lastUpdated="" description=""/>
	<resource name="Check Rule" id="Check Rule" type="FDMEE Check Rule Group" cloneOnly="false" size="" path="/Application Data/Planning Applications/VisCnsl" pathAlias="/Application Data/Planning Applications/VisCnsl" modifiedBy="" lastUpdated="" description=""/>
	<resource name="Data Load Mapping" id="Data Load Mapping" type="FDMEE Data Load Mapping" cloneOnly="false" size="" path="/Application Data/Planning Applications/VisCnsl" pathAlias="/Application Data/Planning Applications/VisCnsl" modifiedBy="" lastUpdated="" description=""/>
	<resource name="Cloud ERP" id="Cloud ERP" type="FDMEE Data Load Mapping By Location" cloneOnly="false" size="" path="/Application Data/Planning Applications/VisCnsl/Data Load Mapping By Location" pathAlias="/Application Data/Planning Applications/VisCnsl/Data Load Mapping By Location" modifiedBy="" lastUpdated="" description=""/>
	<resource name="Cloud ERP Supremo" id="Cloud ERP Supremo" type="FDMEE Data Load Mapping By Location" cloneOnly="false" size="" path="/Application Data/Planning Applications/VisCnsl/Data Load Mapping By Location" pathAlias="/Application Data/Planning Applications/VisCnsl/Data Load Mapping By Location" modifiedBy="" lastUpdated="" description=""/>
	<resource name="Cloud ERP UK" id="Cloud ERP UK" type="FDMEE Data Load Mapping By Location" cloneOnly="false" size="" path="/Application Data/Planning Applications/VisCnsl/Data Load Mapping By Location" pathAlias="/Application Data/Planning Applications/VisCnsl/Data Load Mapping By Location" modifiedBy="" lastUpdated="" description=""/>
	<resource name="EBS" id="EBS" type="FDMEE Data Load Mapping By Location" cloneOnly="false" size="" path="/Application Data/Planning Applications/VisCnsl/Data Load Mapping By Location" pathAlias="/Application Data/Planning Applications/VisCnsl/Data Load Mapping By Location" modifiedBy="" lastUpdated="" description=""/>
	<resource name="Europe" id="Europe" type="FDMEE Data Load Mapping By Location" cloneOnly="false" size="" path="/Application Data/Planning Applications/VisCnsl/Data Load Mapping By Location" pathAlias="/Application Data/Planning Applications/VisCnsl/Data Load Mapping By Location" modifiedBy="" lastUpdated="" description=""/>
	<resource name="Europe Business Unit" id="Europe Business Unit" type="FDMEE Data Load Mapping By Location" cloneOnly="false" size="" path="/Application Data/Planning Applications/VisCnsl/Data Load Mapping By Location" pathAlias="/Application Data/Planning Applications/VisCnsl/Data Load Mapping By Location" modifiedBy="" lastUpdated="" description=""/>
	<resource name="Europe Closing Bal" id="Europe Closing Bal" type="FDMEE Data Load Mapping By Location" cloneOnly="false" size="" path="/Application Data/Planning Applications/VisCnsl/Data Load Mapping By Location" pathAlias="/Application Data/Planning Applications/VisCnsl/Data Load Mapping By Location" modifiedBy="" lastUpdated="" description=""/>
	<resource name="PeopleSoft" id="PeopleSoft" type="FDMEE Data Load Mapping By Location" cloneOnly="false" size="" path="/Application Data/Planning Applications/VisCnsl/Data Load Mapping By Location" pathAlias="/Application Data/Planning Applications/VisCnsl/Data Load Mapping By Location" modifiedBy="" lastUpdated="" description=""/>
	<resource name="Planning" id="Planning" type="FDMEE Data Load Mapping By Location" cloneOnly="false" size="" path="/Application Data/Planning Applications/VisCnsl/Data Load Mapping By Location" pathAlias="/Application Data/Planning Applications/VisCnsl/Data Load Mapping By Location" modifiedBy="" lastUpdated="" description=""/>
	<resource name="Planning Fin Fusion" id="Planning Fin Fusion" type="FDMEE Data Load Mapping By Location" cloneOnly="false" size="" path="/Application Data/Planning Applications/VisCnsl/Data Load Mapping By Location" pathAlias="/Application Data/Planning Applications/VisCnsl/Data Load Mapping By Location" modifiedBy="" lastUpdated="" description=""/>
	<resource name="Singapore" id="Singapore" type="FDMEE Data Load Mapping By Location" cloneOnly="false" size="" path="/Application Data/Planning Applications/VisCnsl/Data Load Mapping By Location" pathAlias="/Application Data/Planning Applications/VisCnsl/Data Load Mapping By Location" modifiedBy="" lastUpdated="" description=""/>
	<resource name="VisCnsl" id="VisCnsl" type="FDMEE Data Load Mapping By Location" cloneOnly="false" size="" path="/Application Data/Planning Applications/VisCnsl/Data Load Mapping By Location" pathAlias="/Application Data/Planning Applications/VisCnsl/Data Load Mapping By Location" modifiedBy="" lastUpdated="" description=""/>
	<resource name="Data Load Rule" id="Data Load Rule" type="FDMEE Data Load Rule" cloneOnly="false" size="" path="/Application Data/Planning Applications/VisCnsl" pathAlias="/Application Data/Planning Applications/VisCnsl" modifiedBy="" lastUpdated="" description=""/>
	<resource name="Explicit Source Period Mapping" id="Explicit Source Period Mapping" type="FDMEE Explicit Source Period Mapping" cloneOnly="false" size="" path="/Application Data/Planning Applications/VisCnsl" pathAlias="/Application Data/Planning Applications/VisCnsl" modifiedBy="" lastUpdated="" description=""/>
	<resource name="Import Format" id="Import Format" type="FDMEE Import Format" cloneOnly="false" size="" path="/Application Data/Planning Applications/VisCnsl" pathAlias="/Application Data/Planning Applications/VisCnsl" modifiedBy="" lastUpdated="" description=""/>
	<resource name="Location" id="Location" type="FDMEE Location" cloneOnly="false" size="" path="/Application Data/Planning Applications/VisCnsl" pathAlias="/Application Data/Planning Applications/VisCnsl" modifiedBy="" lastUpdated="" description=""/>
	<resource name="Logic Group" id="Logic Group" type="FDMEE Logic Group" cloneOnly="false" size="" path="/Application Data/Planning Applications/VisCnsl" pathAlias="/Application Data/Planning Applications/VisCnsl" modifiedBy="" lastUpdated="" description=""/>
	<resource name="Business Rule Assignments" id="Business Rule Assignments" type="FDMEE Business Rule Assignments" cloneOnly="false" size="" path="/Cross Application Data" pathAlias="/Cross Application Data" modifiedBy="" lastUpdated="" description=""/>
	<resource name="Cluster Assignments" id="Cluster Assignments" type="FDMEE Cluster Assignments" cloneOnly="false" size="" path="/Cross Application Data" pathAlias="/Cross Application Data" modifiedBy="" lastUpdated="" description=""/>
	<resource name="Multi-Application Batches" id="Multi-Application Batches" type="FDMEE Multi-Application Batches" cloneOnly="false" size="" path="/Cross Application Data" pathAlias="/Cross Application Data" modifiedBy="" lastUpdated="" description=""/>
	<resource name="SubDataLoad" id="SubDataLoad" type="FDMEE Pipeline Definition" cloneOnly="false" size="" path="/Cross Application Data/Pipeline Definition" pathAlias="/Cross Application Data/Pipeline Definition" modifiedBy="" lastUpdated="" description=""/>
	<resource name="View Defaults" id="View Defaults" type="FDMEE View Defaults" cloneOnly="false" size="" path="/Cross Application Data" pathAlias="/Cross Application Data" modifiedBy="" lastUpdated="" description=""/>
	<resource name="Batch Group" id="Batch Group" type="FDMEE Batch Group" cloneOnly="false" size="" path="/Global Setup Artifacts" pathAlias="/Global Setup Artifacts" modifiedBy="" lastUpdated="" description=""/>
	<resource name="Category Mapping" id="Category Mapping" type="FDMEE Global Category Mapping" cloneOnly="false" size="" path="/Global Setup Artifacts" pathAlias="/Global Setup Artifacts" modifiedBy="" lastUpdated="" description=""/>
	<resource name="Clusters" id="Clusters" type="FDMEE Clusters" cloneOnly="false" size="" path="/Global Setup Artifacts" pathAlias="/Global Setup Artifacts" modifiedBy="" lastUpdated="" description=""/>
	<resource name="Location Security" id="Location Security" type="FDMEE Location Security" cloneOnly="false" size="" path="/Global Setup Artifacts" pathAlias="/Global Setup Artifacts" modifiedBy="" lastUpdated="" description=""/>
	<resource name="Period Mapping" id="Period Mapping" type="FDMEE Global Period Mapping" cloneOnly="false" size="" path="/Global Setup Artifacts" pathAlias="/Global Setup Artifacts" modifiedBy="" lastUpdated="" description=""/>
	<resource name="Query Definition" id="Query Definition" type="FDMEE Query Definition" cloneOnly="false" size="" path="/Global Setup Artifacts" pathAlias="/Global Setup Artifacts" modifiedBy="" lastUpdated="" description=""/>
	<resource name="Report Definition" id="Report Definition" type="FDMEE Report Definition" cloneOnly="false" size="" path="/Global Setup Artifacts" pathAlias="/Global Setup Artifacts" modifiedBy="" lastUpdated="" description=""/>
	<resource name="Report Group" id="Report Group" type="FDMEE Report Group" cloneOnly="false" size="" path="/Global Setup Artifacts" pathAlias="/Global Setup Artifacts" modifiedBy="" lastUpdated="" description=""/>
	<resource name="Security Setting" id="Security Setting" type="FDMEE Security Setting" cloneOnly="false" size="" path="/Global Setup Artifacts" pathAlias="/Global Setup Artifacts" modifiedBy="" lastUpdated="" description=""/>
	<resource name="Data Source" id="Data Source" type="FDMEE Source Period Mapping" cloneOnly="false" size="" path="/Global Setup Artifacts/Source Period Mapping" pathAlias="/Global Setup Artifacts/Source Period Mapping" modifiedBy="" lastUpdated="" description=""/>
	<resource name="EBS Source GL" id="EBS Source GL" type="FDMEE Source Period Mapping" cloneOnly="false" size="" path="/Global Setup Artifacts/Source Period Mapping" pathAlias="/Global Setup Artifacts/Source Period Mapping" modifiedBy="" lastUpdated="" description=""/>
	<resource name="File" id="File" type="FDMEE Source Period Mapping" cloneOnly="false" size="" path="/Global Setup Artifacts/Source Period Mapping" pathAlias="/Global Setup Artifacts/Source Period Mapping" modifiedBy="" lastUpdated="" description=""/>
	<resource name="PeopleSoft" id="PeopleSoft" type="FDMEE Source Period Mapping" cloneOnly="false" size="" path="/Global Setup Artifacts/Source Period Mapping" pathAlias="/Global Setup Artifacts/Source Period Mapping" modifiedBy="" lastUpdated="" description=""/>
	<resource name="Source System" id="Source System" type="FDMEE Source System" cloneOnly="false" size="" path="/Global Setup Artifacts" pathAlias="/Global Setup Artifacts" modifiedBy="" lastUpdated="" description=""/>
	<resource name="System Setting" id="System Setting" type="FDMEE System Setting" cloneOnly="false" size="" path="/Global Setup Artifacts" pathAlias="/Global Setup Artifacts" modifiedBy="" lastUpdated="" description=""/>
	<resource name="View Definition" id="View Definition" type="FDMEE View Definition" cloneOnly="false" size="" path="/Global Setup Artifacts" pathAlias="/Global Setup Artifacts" modifiedBy="" lastUpdated="" description=""/>
    </artifactListing>
