{
  "userroles":[
    {
      "name": "paasmapper_mcdpaas_au_account_readonly",
      "description": "Read access to Account mapper for AU ledger",
      "id": "paasmapper_mcdpaas_au_account_readonly",
      "defaultMapping": {}
    }    ,
    {
      "name": "paasmapper_mcdpaas_au_account_readwrite",
      "description": "Read/Write access to Account mapper for AU ledger",
      "id": "paasmapper_mcdpaas_au_account_readwrite",
      "defaultMapping": {}
    }    ,
    {
      "name": "paasmapper_mcdpaas_au_company_readonly",
      "description": "Read access to Company mapper for AU ledger",
      "id": "paasmapper_mcdpaas_au_company_readonly",
      "defaultMapping": {}
    }    ,
    {
      "name": "paasmapper_mcdpaas_au_company_readwrite",
      "description": "Read/Write access to Company mapper for AU ledger",
      "id": "paasmapper_mcdpaas_au_company_readwrite",
      "defaultMapping": {}
    }    ,
    {
      "name": "paasmapper_mcdpaas_au_department_readonly",
      "description": "Read access to Department mapper for AU ledger",
      "id": "paasmapper_mcdpaas_au_department_readonly",
      "defaultMapping": {}
    }    ,
    {
      "name": "paasmapper_mcdpaas_au_department_readwrite",
      "description": "Read/Write access to Department mapper for AU ledger",
      "id": "paasmapper_mcdpaas_au_department_readwrite",
      "defaultMapping": {}
    }    ,
    {
      "name": "paasmapper_mcdpaas_au_msisaccountnumber_readonly",
      "description": "Read access to MSIS account number mapper for AU ledger",
      "id": "paasmapper_mcdpaas_au_msisaccountnumber_readonly",
      "defaultMapping": {}
    }    ,
    {
      "name": "paasmapper_mcdpaas_au_msisaccountnumber_readwrite",
      "description": "Read/Write access to MSIS account number mapper for AU ledger",
      "id": "paasmapper_mcdpaas_au_msisaccountnumber_readwrite",
      "defaultMapping": {}
    }    ,
    {
      "name": "paasmapper_mcdpaas_au_tririga_readonly",
      "description": "Read access to Tririga mapper for AU ledger",
      "id": "paasmapper_mcdpaas_au_tririga_readonly",
      "defaultMapping": {}
    }    ,
    {
      "name": "paasmapper_mcdpaas_au_tririga_readwrite",
      "description": "Read/Write access to Tririga mapper for AU ledger",
      "id": "paasmapper_mcdpaas_au_tririga_readwrite",
      "defaultMapping": {}
    }    ,
    {
      "name": "paasmapper_mcdpaas_nz_account_readonly",
      "description": "Read access to Account mapper for NZ ledger",
      "id": "paasmapper_mcdpaas_nz_account_readonly",
      "defaultMapping": {}
    }    ,
    {
      "name": "paasmapper_mcdpaas_nz_account_readwrite",
      "description": "Read/Write access to Account mapper for NZ ledger",
      "id": "paasmapper_mcdpaas_nz_account_readwrite",
      "defaultMapping": {}
    }    ,
    {
      "name": "paasmapper_mcdpaas_nz_company_readonly",
      "description": "Read access to Company mapper for NZ ledger",
      "id": "paasmapper_mcdpaas_nz_company_readonly",
      "defaultMapping": {}
    }    ,
    {
      "name": "paasmapper_mcdpaas_nz_company_readwrite",
      "description": "Read/Write access to Company mapper for NZ ledger",
      "id": "paasmapper_mcdpaas_nz_company_readwrite",
      "defaultMapping": {}
    }    ,
    {
      "name": "paasmapper_mcdpaas_nz_department_readonly",
      "description": "Read access to Department mapper for NZ ledger",
      "id": "paasmapper_mcdpaas_nz_department_readonly",
      "defaultMapping": {}
    }    ,
    {
      "name": "paasmapper_mcdpaas_nz_department_readwrite",
      "description": "Read/Write access to Department mapper for NZ ledger",
      "id": "paasmapper_mcdpaas_nz_department_readwrite",
      "defaultMapping": {}
    }    ,
    {
      "name": "paasmapper_mcdpaas_nz_msisaccountnumber_readonly",
      "description": "Read access to MSIS account number mapper for NZ ledger",
      "id": "paasmapper_mcdpaas_nz_msisaccountnumber_readonly",
      "defaultMapping": {}
    }    ,
    {
      "name": "paasmapper_mcdpaas_nz_msisaccountnumber_readwrite",
      "description": "Read/Write access to MSIS account number mapper for NZ ledger",
      "id": "paasmapper_mcdpaas_nz_msisaccountnumber_readwrite",
      "defaultMapping": {}
    }    ,
    {
      "name": "paasmapper_mcdpaas_nz_tririga_readonly",
      "description": "Read access to Tririga mapper for NZ ledger",
      "id": "paasmapper_mcdpaas_nz_tririga_readonly",
      "defaultMapping": {}
    }    ,
    {
      "name": "paasmapper_mcdpaas_nz_tririga_readwrite",
      "description": "Read/Write access to Tririga mapper for NZ ledger",
      "id": "paasmapper_mcdpaas_nz_tririga_readwrite",
      "defaultMapping": {}
    }
  ]
}
