{
  "root": "callRestPostDistinctlookupcode",
  "description": "",
  "variables": {},
  "actions": {
    "fireNotification": {
      "module": "vb/action/builtin/fireNotificationEventAction",
      "parameters": {
        "target": "leaf",
        "summary": "[[ $chain.results.callRestPostDistinctlookupcode.message.summary ]]",
        "type": "error",
        "displayMode": "persist"
      }
    },
    "callRestPostDistinctlookupcode": {
      "module": "vb/action/builtin/restAction",
      "parameters": {
        "endpoint": "getCompanyOrclSegmentLOVService/postDistinctlookupcode",
        "body": "{{ {\n \"lookuptypes\": \"COMPANY\"\n} }}"
      },
      "outcomes": {
        "failure": "fireNotification",
        "success": "assignVariablesCompanyOrclSegmentLOVVar"
      }
    },
    "assignVariablesCompanyOrclSegmentLOVVar": {
      "module": "vb/action/builtin/assignVariablesAction",
      "parameters": {
        "$page.variables.companyOrclSegmentLOVVar": {
          "source": {
            "data": "{{ $chain.results.callRestPostDistinctlookupcode.body.lookupcodelist }}"
          },
          "reset": "none",
          "auto": "always"
        }
      },
      "outcomes": {
        "success": "fireDataProviderEventCompanyOrclSegmentLOVVar"
      }
    },
    "fireDataProviderEventCompanyOrclSegmentLOVVar": {
      "module": "vb/action/builtin/fireDataProviderEventAction",
      "parameters": {
        "target": "[[ $page.variables.companyOrclSegmentLOVVar ]]",
        "refresh": null
      }
    }
  }
}