{
  "root": "callRestPostDistinctlookupcode",
  "description": "",
  "actions": {
    "fireNotification": {
      "module": "vb/action/builtin/fireNotificationEventAction",
      "parameters": {
        "target": "leaf",
        "summary": "[[ $chain.results.callRestPostDistinctlookupcode.message.summary ]]",
        "type": "error",
        "displayMode": "persist"
      }
    },
    "callRestPostDistinctlookupcode": {
      "module": "vb/action/builtin/restAction",
      "parameters": {
        "endpoint": "lookupCodeService/postDistinctlookupcode",
        "body": "{{ {\"useremailid\":$application.user.email,\"ledgertypes\":$page.variables.searchParamVar.selectedLedger,\"mappertypes\":$page.variables.searchParamVar.selectedMapper,\"lookuptypes\":$page.variables.lookUpTypeADP.data} }}"
      },
      "outcomes": {
        "failure": "fireNotification",
        "success": "resetVariablesCompanyLOVVar"
      }
    },
    "resetVariablesCompanyLOVVar": {
      "module": "vb/action/builtin/resetVariablesAction",
      "parameters": {
        "variables": [
          "$page.variables.companyLOVVar"
        ]
      },
      "outcomes": {
        "success": "assignVariablesCompanyLOVVar"
      }
    },
    "assignVariablesCompanyLOVVar": {
      "module": "vb/action/builtin/assignVariablesAction",
      "parameters": {
        "$page.variables.companyLOVVar": {
          "source": {
            "data": "{{ $chain.results.callRestPostDistinctlookupcode.body.lookupcodelist }}"
          },
          "reset": "none",
          "auto": "always"
        }
      }
    }
  }
}