{
  "description": "",
  "root": "callFunctionDownloadExcel",
  "actions": {
    "callFunctionDownloadExcel": {
      "module": "vb/action/builtin/callModuleFunctionAction",
      "parameters": {
        "module": "[[ $functions ]]",
        "functionName": "downloadExcel",
        "params": [
          "{{ $page.variables.searchResultsTableVariables.data }}",
          "{{ $page.variables.searchParamVar.selectedMapper }}",
          "{{ $page.variables.searchResultsTableVariables.data[0].action }}"
        ]
      },
      "outcomes": {
        "success": "if"
      }
    },
    "if": {
      "module": "vb/action/builtin/ifAction",
      "parameters": {
        "condition": "[[ $chain.results.callFunctionDownloadExcel ]]"
      },
      "outcomes": {
        "true": "fireNotification"
      }
    },
    "fireNotification": {
      "module": "vb/action/builtin/fireNotificationEventAction",
      "parameters": {
        "target": "leaf",
        "displayMode": "transient",
        "type": "confirmation",
        "summary": "The data has been exported successfully"
      }
    }
  },
  "variables": {}
}