{
  "description": "",
  "root": "callFunctionGenerateURL",
  "actions": {
    "callFunctionGenerateURL": {
      "module": "vb/action/builtin/callModuleFunctionAction",
      "parameters": {
        "module": "[[ $functions ]]",
        "functionName": "generateURL"
      },
      "outcomes": {
        "success": "openUrl"
      }
    },
    "openUrl": {
      "module": "vb/action/builtin/openUrlAction",
      "parameters": {
        "url": "[[ $chain.results.callFunctionGenerateURL ]]"
    }
    }
  },
  "variables": {}
}