{
  "root": "resetVariablesMapperLOVsVar3",
  "description": "",
  "actions": {

    "fireNotification": {
      "module": "vb/action/builtin/fireNotificationEventAction",
      "parameters": {
        "target": "leaf",
        "summary": "[[ $chain.results.callRestPostDistinctmapperRole.message.summary ]]",
        "type": "error",
        "displayMode": "persist"
      }
    },
    "resetVariablesMapperLOVsVar": {
      "module": "vb/action/builtin/resetVariablesAction",
      "parameters": {
        "variables": [
          "$page.variables.mapperLOVsVar",
          "$page.variables.searchParamVar.selectedAccountNumber"          ,
          "$page.variables.searchParamVar.selectedCompany"          ,
          "$page.variables.searchParamVar.selectedLOB"          ,
          "$page.variables.searchParamVar.selectedLocation"          ,
          "$page.variables.searchParamVar.hrDeptCostCenter",          
          "$page.variables.searchParamVar.selectedMapper",
          "$page.variables.searchParamVar.selectedDescription",          
          "$page.variables.searchParamVar.selectedLookup"
        ]
      },
      "outcomes": {
        "success": "assignVariablesMapperLOVsVar"
      }
    },
    "assignVariablesMapperLOVsVar": {
      "module": "vb/action/builtin/assignVariablesAction",
      "parameters": {
        "$page.variables.mapperLOVsVar": {
          "source": {
            "data": "{{ $chain.results.callFunctionRemoveDuplicatesMapperADP }}"
          },
          "reset": "none",
          "auto": "always"
        }
      },
      "outcomes": {
        "success": "fireDataProviderEventMapperLOVsVar"
      }
    },
    "forEach": {
      "module": "vb/action/builtin/forEachAction",
      "parameters": {
        "items": "{{ $application.user.roles }}",
        "actionId": "callRestPostDistinctmapperRole"
      },
      "outcomes": {
        "success": "callFunctionRemoveDuplicatesMapperADP"
      }
    },
    "callRestPostDistinctmapperRole": {
      "module": "vb/action/builtin/restAction",
      "parameters": {
        "endpoint": "mapperLOVService/postDistinctmapper_role",
        "body": "{{ {\"rolenames\":$current.data,\"booksnames\":$page.variables.searchParamVar.selectedLedger} }}"
      },
      "outcomes": {
        "failure": "fireNotification",
        "success": "assignVariablesMapperVar"
      }
    },
    "assignVariablesMapperVar": {
      "module": "vb/action/builtin/assignVariablesAction",
      "parameters": {
        "$page.variables.mapperVar": {
          "source": {
            "data": "{{ $chain.results.callRestPostDistinctmapperRole.body.mapperlist }}"
          },
          "reset": "none",
          "auto": "always"
        }
      }
    },
    "callFunctionRemoveDuplicatesMapperADP": {
      "module": "vb/action/builtin/callModuleFunctionAction",
      "parameters": {
        "module": "[[ $functions ]]",
        "functionName": "removeDuplicatesMapperADP",
        "params": [
          "{{ $page.variables.mapperVar.data }}"
        ]
      },
      "outcomes": {
        "success": "resetVariablesMapperLOVsVar"
      }
    },
    "fireDataProviderEventMapperLOVsVar": {
      "module": "vb/action/builtin/fireDataProviderEventAction",
      "parameters": {
        "target": "[[ $page.variables.mapperLOVsVar ]]",
        "refresh": null
      },
      "outcomes": {
        "success": "callComponentProgressDialogLoadClose"
      }
    },
    "resetVariablesMapperLOVsVar3": {
      "module": "vb/action/builtin/resetVariablesAction",
      "parameters": {
        "variables": [
          "$page.variables.mapperLOVsVar",
          "$page.variables.mapperVar"
        ]
      },
      "outcomes": {
        "success": "fireDataProviderEventMapperLOVsVar2"
      }
    },
    "fireDataProviderEventMapperLOVsVar2": {
      "module": "vb/action/builtin/fireDataProviderEventAction",
      "parameters": {
        "target": "[[ $page.variables.mapperLOVsVar ]]",
        "refresh": null
      },
      "outcomes": {
        "success": "callComponentProgressDialogLoadOpen"
      }
    },
    "callComponentProgressDialogLoadOpen": {
      "module": "vb/action/builtin/callComponentMethodAction",
      "parameters": {
        "component": "{{ document.getElementById('progressDialogLoad') }}",
        "method": "open"
      },
      "outcomes": {
        "success": "forEach"
      }
    },
    "callComponentProgressDialogLoadClose": {
      "module": "vb/action/builtin/callComponentMethodAction",
      "parameters": {
        "component": "{{ document.getElementById('progressDialogLoad') }}",
        "method": "close"
      }
    }
  }
}