{
  "description": "",
  "root": "callComponentImportDialogClose",
  "actions": {
    "callFunctionFieldvalidations": {
      "module": "vb/action/builtin/callModuleFunctionAction",
      "parameters": {
        "module": "[[ $functions ]]",
        "functionName": "fieldvalidations",
        "params": [
          "{{ $page.variables.searchParamVar.selectedLedger }}",
          "{{ $page.variables.searchParamVar.selectedMapper }}"
        ]
      },
      "outcomes": {
        "success": "if"
      }
    },
    "if": {
      "module": "vb/action/builtin/ifAction",
      "parameters": {
        "condition": "[[ $chain.results.callFunctionFieldvalidations === undefined]]"
      },
      "outcomes": {
        "true": "callComponentUploadDialogOpen",
        "false": "fireNotification"
      }
    },
    "callComponentUploadDialogOpen": {
      "module": "vb/action/builtin/callComponentMethodAction",
      "parameters": {
        "component": "{{ document.getElementById('upload_Dialog') }}",
        "method": "open"
      }
    },
    "fireNotification": {
      "module": "vb/action/builtin/fireNotificationEventAction",
      "parameters": {
        "target": "leaf",
        "summary": "[[ $chain.results.callFunctionFieldvalidations ]]",
        "displayMode": "transient"
      }
    },
    "callComponentImportDialogClose": {
      "module": "vb/action/builtin/callComponentMethodAction",
      "parameters": {
        "component": "{{ document.getElementById('importDialog') }}",
        "method": "close"
      },
      "outcomes": {
        "success": "callFunctionFieldvalidations"
      }
    }
  },
  "variables": {}
}