{
  "description": "",
  "root": "callFunctionImportCheck",
  "actions": {

    "callComponentImportDialogOpen": {
      "module": "vb/action/builtin/callComponentMethodAction",
      "parameters": {
        "component": "{{ document.getElementById('importDialog') }}",
        "method": "open"
      }
    },
    "if": {
      "module": "vb/action/builtin/ifAction",
      "parameters": {
        "condition": "[[ $chain.results.callFunctionImportCheck ]]"
      },
      "outcomes": {
        "true": "callComponentImportDialogOpen",
        "false": "callComponentUploadDialogOpen"
      }
    },
    "callComponentUploadDialogOpen": {
      "module": "vb/action/builtin/callComponentMethodAction",
      "parameters": {
        "component": "{{ document.getElementById('upload_Dialog') }}",
        "method": "open"
      }
    },
    "callFunctionImportCheck": {
      "module": "vb/action/builtin/callModuleFunctionAction",
      "parameters": {
        "module": "[[ $functions ]]",
        "functionName": "importCheck",
        "params": [
          "{{ $page.variables.searchResultsTableVariables.data }}"
        ]
      },
      "outcomes": {
        "success": "if"
      }
    }
  },
  "variables": {}
}