{
  "root": "fireDataProviderEventLedgerLOVVar2",
  "description": "",
  "variables": {},
  "actions": {
    "forEach": {
      "module": "vb/action/builtin/forEachAction",
      "parameters": {
        "items": "{{ $application.user.roles }}",
        "actionId": "callRestPostDistinctledgerRole"
      },
      "outcomes": {
        "success": "callFunctionRemoveDuplicatesledgerADP"
      }
    },
    "fireNotification": {
      "module": "vb/action/builtin/fireNotificationEventAction",
      "parameters": {
        "target": "leaf",
        "summary": "[[ $chain.results.callRestPostDistinctledgerRole.message.summary ]]",
        "type": "error",
        "displayMode": "persist"
      }
    },
    "callRestPostDistinctledgerRole": {
      "module": "vb/action/builtin/restAction",
      "parameters": {
        "endpoint": "ledgerLOVService/postDistinctledger_role",
        "body": "{{ {\"rolenames\":$current.data} }}"
      },
      "outcomes": {
        "failure": "fireNotification",
        "success": "assignVariablesLedgerVar"
      }
    },
    "assignVariablesLedgerVar": {
      "module": "vb/action/builtin/assignVariablesAction",
      "parameters": {
        "$page.variables.ledgerVar": {
          "source": {
            "data": "{{ $chain.results.callRestPostDistinctledgerRole.body.ledgerlist }}"
          },
          "reset": "none",
          "auto": "always"
        }
      }
    },
    "callFunctionRemoveDuplicatesledgerADP": {
      "module": "vb/action/builtin/callModuleFunctionAction",
      "parameters": {
        "module": "[[ $functions ]]",
        "functionName": "removeDuplicatesledgerADP",
        "params": [
          "{{ $page.variables.ledgerVar.data }}"
        ]
      },
      "outcomes": {
        "success": "assignVariablesLedgerLOVVar"
      }
    },
    "assignVariablesLedgerLOVVar": {
      "module": "vb/action/builtin/assignVariablesAction",
      "parameters": {
        "$page.variables.ledgerLOVVar": {
          "source": {
            "data": "{{ $chain.results.callFunctionRemoveDuplicatesledgerADP }}"
          },
          "reset": "none",
          "auto": "always"
        }
      },
      "outcomes": {
        "success": "fireDataProviderEventLedgerLOVVar"
      }
    },
    "fireDataProviderEventLedgerLOVVar": {
      "module": "vb/action/builtin/fireDataProviderEventAction",
      "parameters": {
        "target": "[[ $page.variables.ledgerLOVVar ]]",
        "refresh": null
      }
    },
    "fireDataProviderEventLedgerLOVVar2": {
      "module": "vb/action/builtin/fireDataProviderEventAction",
      "parameters": {
        "target": "[[ $page.variables.ledgerLOVVar ]]",
        "refresh": null
      },
      "outcomes": {
        "success": "forEach"
      }
    }
  }
}