{
  "description": "",
  "root": "resetVariablesSearchParamVar",
  "actions": {
    "resetVariablesSearchParamVar": {
      "module": "vb/action/builtin/resetVariablesAction",
      "parameters": {
        "variables": [
          "$page.variables.searchParamVar.hrDeptCostCenter",
          "$page.variables.searchParamVar.selectedLocation",
          "$page.variables.searchParamVar.selectedCompany",
          "$page.variables.searchParamVar.selectedAccountNumber",
          "$page.variables.searchParamVar.selectedLOB"
        ]
      }
    }
  },
  "variables": {
    "value": {
      "required": true,
      "type": "any",
      "input": "fromCaller"
    }
  }
}