{
  "description": "",
  "root": "callFunctionRoleflag",
  "actions": {
    "callFunctionRoleflag": {
      "module": "vb/action/builtin/callModuleFunctionAction",
      "parameters": {
        "module": "[[ $functions ]]",
        "functionName": "roleflag",
        "params": [
          null,
          "{{ $page.variables.searchParamVar.selectedLedger }}",
          "{{ $page.variables.searchParamVar.selectedMapper }}",
          "{{ $application.user.roles }}"
        ]
      },
      "outcomes": {
        "success": "assignVariablesRoleFlag"
      }
    },
    "assignVariablesRoleFlag": {
      "module": "vb/action/builtin/assignVariablesAction",
      "parameters": {
        "$page.variables.role_flag": {
          "source": "{{ $chain.results.callFunctionRoleflag }}"
        }
      }
    }
  },
  "variables": {
    "key": {
      "required": true,
      "type": "any",
      "input": "fromCaller"
    },
    "data": {
      "required": true,
      "type": "any",
      "input": "fromCaller"
    },
    "metadata": {
      "required": true,
      "type": "any",
      "input": "fromCaller"
    }
  }
}