{
  "description": "",
  "root": "callComponentDialogSaveClose",
  "actions": {

    "if": {
      "module": "vb/action/builtin/ifAction",
      "parameters": {
        "condition": "[[ ($current.data.action === 'I') || ($current.data.action === 'F') ]]"
      },
      "outcomes": {
        "false": "if2",
        "true": "callRestPostXxmcdPaasMapperTbl"
      }
    },
    "fireNotification2": {
      "module": "vb/action/builtin/fireNotificationEventAction",
      "parameters": {
        "target": "leaf",
        "summary": "[[ $chain.results.callRestPutXxmcdPaasMapperTblMapperId.message.summary ]]",
        "type": "error",
        "displayMode": "transient"
      }
    },
    "if2": {
      "module": "vb/action/builtin/ifAction",
      "parameters": {
        "condition": "[[ $current.data.action ==='U' ]]"
      },
      "outcomes": {
        "true": "callRestPutXxmcdPaasMapperTblMapperId"
      }
    },
    "callRestPutXxmcdPaasMapperTblMapperId": {
      "module": "vb/action/builtin/restAction",
      "parameters": {
        "endpoint": "searchResultsService/putXxmcd_paas_mapper_tblMapper_id",
        "uriParams": {
          "mapper_id": "{{ $current.data.mapper_id }}"
        },
        "body": "{{ $current.data }}"
      },
      "outcomes": {
        "failure": "assignVariablesUpdateNotificationFlag2",
        "success": "assignVariablesUpdateNotificationFlag"
      }
    },
    "fireNotification3": {
      "module": "vb/action/builtin/fireNotificationEventAction",
      "parameters": {
        "target": "leaf",
        "summary": "[[ $chain.results.callRestPostXxmcdPaasMapperTbl.message.summary ]]",
        "type": "error",
        "displayMode": "transient"
      }
    },
    "callRestPostXxmcdPaasMapperTbl": {
      "module": "vb/action/builtin/restAction",
      "parameters": {
        "endpoint": "searchResultsService/postXxmcd_paas_mapper_tbl",
        "body": "{{ $current.data }}"
      },
      "outcomes": {
        "failure": "assignVariablesInsertNotificationFlag2",
        "success": "assignVariablesInsertNotificationFlag"
      }
    },
    "fireNotification6": {
      "module": "vb/action/builtin/fireNotificationEventAction",
      "parameters": {
        "target": "leaf",
        "summary": "[[ $chain.results.callRestPostWildcard.message.summary ]]",
        "type": "error",
        "displayMode": "persist"
      }
    },
    "callFunctionTableFieldValidations": {
      "module": "vb/action/builtin/callModuleFunctionAction",
      "parameters": {
        "module": "[[ $functions ]]",
        "functionName": "tableFieldValidations",
        "params": [
          "{{ $page.variables.searchResultsTableVariables.data }}"
        ]
      },
      "outcomes": {
        "success": "if4"
      }
    },
    "assignVariablesInsertNotificationFlag": {
      "module": "vb/action/builtin/assignVariablesAction",
      "parameters": {
        "$variables.insertNotificationFlag": {
          "source": true
        }
      }
    },
    "assignVariablesInsertNotificationFlag2": {
      "module": "vb/action/builtin/assignVariablesAction",
      "parameters": {
        "$variables.insertNotificationFlag": {
          "source": false
        }
      },
      "outcomes": {
        "success": "fireNotification3"
      }
    },
    "assignVariablesUpdateNotificationFlag": {
      "module": "vb/action/builtin/assignVariablesAction",
      "parameters": {
        "$variables.updateNotificationFlag": {
          "source": true
        }
      }
    },
    "assignVariablesUpdateNotificationFlag2": {
      "module": "vb/action/builtin/assignVariablesAction",
      "parameters": {
        "$variables.updateNotificationFlag": {
          "source": false
        }
      },
      "outcomes": {
        "success": "fireNotification2"
      }
    },
    "fireNotification": {
      "module": "vb/action/builtin/fireNotificationEventAction",
      "parameters": {
        "target": "leaf",
        "summary": "Records inserted and updated successfully",
        "type": "confirmation",
        "displayMode": "transient"
      },
      "outcomes": {
        "success": "callRestPostWildcard"
      }
    },
    "if3": {
      "module": "vb/action/builtin/ifAction",
      "parameters": {
        "condition": "[[ $variables.updateNotificationFlag  && $variables.insertNotificationFlag ]]"
      },
      "outcomes": {
        "true": "fireNotification",
        "false": "ifInsertNotificationFlag"
      }
    },
    "ifInsertNotificationFlag": {
      "module": "vb/action/builtin/ifAction",
      "parameters": {
        "condition": "[[ $variables.insertNotificationFlag ]]"
      },
      "outcomes": {
        "true": "fireNotification9",
        "false": "ifUpdateNotificationFlag"
      }
    },
    "ifUpdateNotificationFlag": {
      "module": "vb/action/builtin/ifAction",
      "parameters": {
        "condition": "[[ $variables.updateNotificationFlag ]]"
      },
      "outcomes": {
        "true": "fireNotification8",
        "false": "callRestPostWildcard"
      }
    },
    "resetVariablesDiableClearButton": {
      "module": "vb/action/builtin/resetVariablesAction",
      "parameters": {
        "variables": [
          "$page.variables.diableClearButton",
          "$page.variables.disableOnImport",
          "$page.variables.searchResultsTableVariables",
          "$page.variables.duplicateADP",
          "$page.variables.CurrentRowDataUpdate"
        ]
      },
      "outcomes": {
        "success": "assignVariablesSearchResultsTableVariables"
      }
    },
    "forEach": {
      "module": "vb/action/builtin/forEachAction",
      "parameters": {
        "actionId": "if",
        "items": "{{ $chain.results.callFunctionDataValueCheckbeforeSAVE }}"
      },
      "outcomes": {
        "success": "callComponentProgressDialogSaveClose5"
      }
    },
    "callFunctionDuplicateRecordsCheckforNewRecords": {
      "module": "vb/action/builtin/callModuleFunctionAction",
      "parameters": {
        "module": "[[ $functions ]]",
        "functionName": "duplicateRecordsCheckforNewRecords",
        "params": [
          "{{ $page.variables.searchResultsTableVariables.data }}"
        ]
      },
      "outcomes": {
        "success": "if7"
      }
    },
    "fireNotification9": {
      "module": "vb/action/builtin/fireNotificationEventAction",
      "parameters": {
        "target": "leaf",
        "summary": "Records inserted successfully",
        "type": "confirmation",
        "displayMode": "transient"

      },
      "outcomes": {
        "success": "callRestPostWildcard"
      }
    },
    "if7": {
      "module": "vb/action/builtin/ifAction",
      "parameters": {
        "condition": "[[ $chain.results.callFunctionDuplicateRecordsCheckforNewRecords ]]"
      },
      "outcomes": {
        "true": "callFunctionDataValueCheckbeforeSAVE",
        "false": "callComponentProgressDialogSaveClose4"
      }
    },
    "if4": {
      "module": "vb/action/builtin/ifAction",
      "parameters": {
        "condition": "[[ $chain.results.callFunctionTableFieldValidations === undefined]]"
      },
      "outcomes": {
        "true": "forEachInSearchResultsTableVariables",
        "false": "callComponentProgressDialogSaveClose2"
      }
    },
    "fireNotification4": {
      "module": "vb/action/builtin/fireNotificationEventAction",
      "parameters": {
        "target": "leaf",
        "summary": "[[ $chain.results.callFunctionTableFieldValidations ]]",
        "displayMode": "transient"
      },
      "outcomes": {}
    },
    "callComponentDialogSaveClose": {
      "module": "vb/action/builtin/callComponentMethodAction",
      "parameters": {
        "component": "{{ document.getElementById('dialog_Save') }}",
        "method": "close"
      },
      "outcomes": {
        "success": "callComponentProgressDialogSaveOpen"
      }
    },
    "callFunctionErrorCheckOnUpload": {
      "module": "vb/action/builtin/callModuleFunctionAction",
      "parameters": {
        "module": "[[ $functions ]]",
        "functionName": "errorCheckOnUpload",
        "params": [
          "{{ $page.variables.searchResultsTableVariables.data }}"
        ]
      },
      "outcomes": {
        "success": "if8"
      }
    },
    "if8": {
      "module": "vb/action/builtin/ifAction",
      "parameters": {
        "condition": "[[ $chain.results.callFunctionErrorCheckOnUpload ]]"
      },
      "outcomes": {
        "true": "callFunctionTableFieldValidations",
        "false": "callComponentProgressDialogSaveClose"
      }
    },
    "callFunctionDataValueCheckbeforeSAVE": {
      "module": "vb/action/builtin/callModuleFunctionAction",
      "parameters": {
        "module": "[[ $functions ]]",
        "functionName": "dataValueCheckbeforeSAVE",
        "params": [
          "{{ $page.variables.searchResultsTableVariables.data }}",
          "{{ $application.user.fullName }}"
        ]
      },
      "outcomes": {
        "success": "forEach"
      }
    },
    "fireNotification8": {
      "module": "vb/action/builtin/fireNotificationEventAction",
      "parameters": {
        "target": "leaf",
        "summary": "Records updated successfully",
        "type": "confirmation",
        "displayMode": "transient"
      },
      "outcomes": {
        "success": "callRestPostWildcard"
      }
    },
    "assignVariablesSearchResultsTableVariables": {
      "module": "vb/action/builtin/assignVariablesAction",
      "parameters": {
        "$page.variables.searchResultsTableVariables": {
          "source": {
            "data": "{{ $chain.results.callRestPostWildcard.body.mapper_results }}"
          },
          "reset": "none",
          "auto": "always"
        }
      },
      "outcomes": {
        "success": "fireDataProviderEventSearchResultsTableVariables"
      }
    },
    "fireDataProviderEventSearchResultsTableVariables": {
      "module": "vb/action/builtin/fireDataProviderEventAction",
      "parameters": {
        "target": "[[ $page.variables.searchResultsTableVariables ]]",
        "refresh": null
      }
    },
    "callFunctionCheckDuplicateArrayLength": {
      "module": "vb/action/builtin/callModuleFunctionAction",
      "parameters": {
        "module": "[[ $functions ]]",
        "functionName": "checkDuplicateArrayLength",
        "params": [
          "{{ $page.variables.duplicateADP.data }}",
          "{{ $page.variables.searchResultsTableVariables.data }}"
        ]
      },
      "outcomes": {
        "success": "if5"
      }
    },
    "forEachInSearchResultsTableVariables": {
      "module": "vb/action/builtin/forEachAction",
      "parameters": {
        "items": "{{ $page.variables.searchResultsTableVariables.data }}",
        "actionId": "if9"
      },
      "outcomes": {
        "success": "callFunctionCheckDuplicateArrayLength"
      }
    },
    "callFunctionDuplicateRecordsADD2": {
      "module": "vb/action/builtin/callModuleFunctionAction",
      "parameters": {
        "module": "[[ $functions ]]",
        "functionName": "duplicateRecordsADD",
        "params": [
          "{{ $current.data }}"
        ]
      },
      "outcomes": {
        "success": "callRestPostGetDuplicateRecords"
      }
    },
    "fireNotification11": {
      "module": "vb/action/builtin/fireNotificationEventAction",
      "parameters": {
        "target": "leaf",
        "summary": "[[ $chain.results.callRestPostGetDuplicateRecords.message.summary ]]",
        "type": "error",
        "displayMode": "persist"
      }
    },
    "assignVariablesDuplicateADP": {
      "module": "vb/action/builtin/assignVariablesAction",
      "parameters": {
        "$page.variables.duplicateADP": {
          "source": {
            "data": "{{ $chain.results.callRestPostGetDuplicateRecords.body.duplicaterecords }}"
          },
          "reset": "none",
          "auto": "always"
        }
      }
    },
    "if9": {
      "module": "vb/action/builtin/ifAction",
      "parameters": {
        "condition": "[[ ($current.data.action === 'I') || ($current.data.action === 'F') ]]"
      },
      "outcomes": {
        "true": "callFunctionDuplicateRecordsADD2"
      }
    },
    "fireNotification7": {
      "module": "vb/action/builtin/fireNotificationEventAction",
      "parameters": {
        "target": "leaf",
        "summary": "Duplicate Record - A record already exists with the same information",
        "displayMode": "transient"
      }
    },
    "resetVariablesDuplicateADP": {
      "module": "vb/action/builtin/resetVariablesAction",
      "parameters": {
        "variables": [
          "$page.variables.duplicateADP"
        ]
      },
      "outcomes": {
        "success": "fireNotification5"
      }
    },
    "callRestPostWildcard": {
      "module": "vb/action/builtin/restAction",
      "parameters": {
        "endpoint": "searchCriteria/postWildcard",
        "body": "{{ {\"attri1\":$page.variables.searchParamVar.selectedLedger,\"lookup\": $page.variables.searchParamVar.selectedMapper ,\"desc\": $page.variables.searchParamVar.selectedDescription,\"lookupcode\": $page.variables.searchParamVar.selectedLookup,\"orcl1\": $page.variables.searchParamVar.selectedCompany,\"orcl2\": $page.variables.searchParamVar.selectedLOB,\"orcl3\":$page.variables.searchParamVar.selectedLocation,\"orcl4\": $page.variables.searchParamVar.hrDeptCostCenter,\"orcl5\": $page.variables.searchParamVar.selectedAccountNumber} }}"
      },
      "outcomes": {
        "failure": "fireNotification6",
        "success": "resetVariablesDiableClearButton"
      }
    },
    "fireNotification10": {
      "module": "vb/action/builtin/fireNotificationEventAction",
      "parameters": {
        "target": "leaf",
        "summary": "One or more records imported contain errors. Please correct them.",
        "displayMode": "transient"
      }
    },
    "if5": {
      "module": "vb/action/builtin/ifAction",
      "parameters": {
        "condition": "[[ $chain.results.callFunctionCheckDuplicateArrayLength === undefined]]"
      },
      "outcomes": {
        "true": "callFunctionDuplicateRecordsCheckforNewRecords",
        "false": "callComponentProgressDialogSaveClose3"
      }
    },
    "fireNotification5": {
      "module": "vb/action/builtin/fireNotificationEventAction",
      "parameters": {
        "target": "leaf",
        "summary": "[[ $chain.results.callFunctionCheckDuplicateArrayLength ]]",
        "displayMode": "transient"
      },
      "outcomes": {}
    },
    "callComponentProgressDialogSaveOpen": {
      "module": "vb/action/builtin/callComponentMethodAction",
      "parameters": {
        "component": "{{ document.getElementById('progressDialogSave') }}",
        "method": "open"
      },
      "outcomes": {
        "success": "callFunctionErrorCheckOnUpload"
      }
    },
    "callComponentProgressDialogSaveClose": {
      "module": "vb/action/builtin/callComponentMethodAction",
      "parameters": {
        "component": "{{ document.getElementById('progressDialogSave') }}",
        "method": "close"
      },
      "outcomes": {
        "success": "fireNotification10"
      }
    },
    "callComponentProgressDialogSaveClose2": {
      "module": "vb/action/builtin/callComponentMethodAction",
      "parameters": {
        "component": "{{ document.getElementById('progressDialogSave') }}",
        "method": "close"
      },
      "outcomes": {
        "success": "fireNotification4"
      }
    },
    "callComponentProgressDialogSaveClose3": {
      "module": "vb/action/builtin/callComponentMethodAction",
      "parameters": {
        "component": "{{ document.getElementById('progressDialogSave') }}",
        "method": "close"
      },
      "outcomes": {
        "success": "resetVariablesDuplicateADP"
      }
    },
    "callComponentProgressDialogSaveClose4": {
      "module": "vb/action/builtin/callComponentMethodAction",
      "parameters": {
        "component": "{{ document.getElementById('progressDialogSave') }}",
        "method": "close"
      },
      "outcomes": {
        "success": "fireNotification7"
      }
    },
    "callComponentProgressDialogSaveClose5": {
      "module": "vb/action/builtin/callComponentMethodAction",
      "parameters": {
        "component": "{{ document.getElementById('progressDialogSave') }}",
        "method": "close"
      },
      "outcomes": {
        "success": "if3"
      }
    },
    "callRestPostGetDuplicateRecords": {
      "module": "vb/action/builtin/restAction",
      "parameters": {
        "endpoint": "duplicateService/postGet_duplicate_records",
        "body": "{{ $chain.results.callFunctionDuplicateRecordsADD2 }}"
      },
      "outcomes": {
        "failure": "fireNotification11",
        "success": "assignVariablesDuplicateADP"
      }
    }

  },
  "variables": {
    "insertNotificationFlag": {
      "type": "boolean",
      "defaultValue": false
    },
    "updateNotificationFlag": {
      "type": "boolean",
      "defaultValue": false
    }
  }
}