{
  "description": "",
  "root": "callRestPostDistinctlookuptype",
  "actions": {
    "fireNotification": {
      "module": "vb/action/builtin/fireNotificationEventAction",
      "parameters": {
        "target": "leaf",
        "summary": "[[ $chain.results.callRestPostDistinctlookuptype.message.summary ]]",
        "type": "error",
        "displayMode": "persist"
      }
    },
    "callRestPostDistinctlookuptype": {
      "module": "vb/action/builtin/restAction",
      "parameters": {
        "endpoint": "lookupTypeService/postDistinctlookuptype",
        "body": "{{ {\"useremailid\":$application.user.email,\"ledgertypes\":$page.variables.searchParamVar.selectedLedger,\"mappertypes\":$page.variables.searchParamVar.selectedMapper} }}"
      },
      "outcomes": {
        "failure": "fireNotification",
        "success": "callFunctionTrueADP"
      }
    },
    "if": {
      "module": "vb/action/builtin/ifAction",
      "parameters": {
        "condition": "[[ $chain.results.callFunctionTrueADP ]]"
    },
      "outcomes": {
        "false": "fireNotification3"
      }
    },
    "callFunctionTrueADP": {
      "module": "vb/action/builtin/callModuleFunctionAction",
      "parameters": {
        "module": "[[ $functions ]]",
        "functionName": "trueADP",
        "params": [
          "{{ $chain.results.callRestPostDistinctlookuptype.body.lookuptypelist }}"
        ]
      },
      "outcomes": {
        "success": "if"
      }
    },
    "fireNotification3": {
      "module": "vb/action/builtin/fireNotificationEventAction",
      "parameters": {
        "target": "leaf",
        "summary": "ACCESS NOT GRANTED TO ORACLE SEGMENT DATA.",
        "displayMode": "transient"
      }
    }
  },
  "variables": {}
}