{
  "description": "",
  "root": "callFunctionPickStartDate",
  "actions": {
    "assignVariablesCurrentRowDataUpdate": {
      "module": "vb/action/builtin/assignVariablesAction",
      "parameters": {
        "$page.variables.CurrentRowDataUpdate": {
          "source": "{{ $variables.rowData }}",
          "auto": "always",
          "mapping": {
            "$target.start_date_active": {
              "source": "$chain.results.callFunctionPickStartDate",
              "reset": "none"
            },
            "$target.end_date_active": {
              "source": "$chain.results.callFunctionPickendDate",
              "reset": "none"
            }
      }
        }
      }
    },
    "callFunctionPickStartDate": {
      "module": "vb/action/builtin/callModuleFunctionAction",
      "parameters": {
        "module": "[[ $functions ]]",
        "functionName": "pickStartDate",
        "params": [
          "{{ $variables.rowData.start_date_active }}"
        ]
      },
      "outcomes": {
        "success": "callFunctionPickendDate"
      }
    },
    "callFunctionPickendDate": {
      "module": "vb/action/builtin/callModuleFunctionAction",
      "parameters": {
        "module": "[[ $functions ]]",
        "functionName": "pickendDate",
        "params": [
          "{{ $variables.rowData.end_date_active }}"
        ]
      },
      "outcomes": {
        "success": "assignVariablesCurrentRowDataUpdate"
      }
    }
  },
  "variables": {
    "rowKey": {
      "required": true,
      "type": "any",
      "input": "fromCaller"
    },
    "rowIndex": {
      "required": true,
      "type": "number",
      "input": "fromCaller"
    },
    "rowData": {
      "required": true,
      "type": "any",
      "input": "fromCaller"
    }
  }
}