{
  "description": "",
  "root": "callFunctionValidateRecordsEditEndChain",
  "actions": {
    "fireDataProviderEventSearchResultsTableVariables": {
      "module": "vb/action/builtin/fireDataProviderEventAction",
      "parameters": {

        "target": "[[ $page.variables.searchResultsTableVariables ]]",
        "update": {
          "data": "{{ $chain.results.callFunctionValidateRecordsEditEndChain }}",
          "keys": "{{ $variables.rowKey }}"
        }
      },
      "outcomes": {
        "success": "assignVariablesDiableClearButton"
      }
    },
    "assignVariablesDiableClearButton": {
      "module": "vb/action/builtin/assignVariablesAction",
      "parameters": {
        "$page.variables.diableClearButton": {
          "source": false
        }
      }
    },
    "callFunctionValidateRecordsEditEndChain": {
      "module": "vb/action/builtin/callModuleFunctionAction",
      "parameters": {
        "module": "[[ $functions ]]",
        "functionName": "validateRecordsEditEndChain",
        "params": [
          "{{ $page.variables.CurrentRowDataUpdate }}",
          "{{ $page.variables.searchParamVar.selectedLedger }}",
          "{{ $page.variables.searchParamVar.selectedMapper }}",
          "{{ $page.variables.lineOfBusinessLOVVar.data }}",
          "{{ $page.variables.accountNumberLOVVar.data }}"          ,
          "{{ $page.variables.companyLOVVar.data }}"          ,
          "{{ $page.variables.locationLOVVar.data }}"          ,
          "{{ $page.variables.hRDeptCostCenter.data }}",
          "{{ $variables.rowData.description }}"          ,
          "{{ $page.variables.CurrentRowDataUpdate.description }}"          ,
          "{{ $page.variables.CurrentRowDataUpdate.mapper_id }}"          ,
          "{{ $variables.rowKey }}",
          "{{ $variables.rowData.end_date_active }}"          ,
          "{{ $page.variables.CurrentRowDataUpdate.end_date_active }}",
          "{{ $page.variables.LookupLOVVar.data }}"          ,
          "{{ $page.variables.descriptionLOVVar.data }}"
        ]
      },
      "outcomes": {
        "success": "fireDataProviderEventSearchResultsTableVariables"
      }
    }
  },
  "variables": {
    "cancelEdit": {
      "required": true,
      "type": "any",
      "input": "fromCaller"
    },
    "rowKey": {
      "required": true,
      "type": "any",
      "input": "fromCaller"
    },
    "rowIndex": {
      "required": true,
      "type": "number",
      "input": "fromCaller"
    },
    "rowData": {
      "required": true,
      "type": "any",
      "input": "fromCaller"
    }
  }
}