{
  "root": "callRestPostDistinctlookupcode",
  "description": "",
  "variables": {},
  "actions": {
    "fireNotification": {
      "module": "vb/action/builtin/fireNotificationEventAction",
      "parameters": {
        "target": "leaf",
        "summary": "[[ $chain.results.callRestPostDistinctlookupcode.message.summary ]]",
        "type": "error",
        "displayMode": "transient"
      }
    },
    "callRestPostDistinctlookupcode": {
      "module": "vb/action/builtin/restAction",
      "parameters": {
        "endpoint": "getDescriptionLOVService/postDistinctlookupcode",
        "body": "{{ {\n \"lookuptypes\": \"DESCRIPTION\"\n} }}"
      },
      "outcomes": {
        "failure": "fireNotification",
        "success": "assignVariablesDescriptionLOVVar"
      }
    },
    "assignVariablesDescriptionLOVVar": {
      "module": "vb/action/builtin/assignVariablesAction",
      "parameters": {
        "$page.variables.descriptionLOVVar": {
          "source": {
            "data": "{{ $chain.results.callRestPostDistinctlookupcode.body.lookupcodelist }}"
          },
          "reset": "none",
          "auto": "always"
        }
      },
      "outcomes": {
        "success": "fireDataProviderEventDescriptionLOVVar"
      }
    },
    "fireDataProviderEventDescriptionLOVVar": {
      "module": "vb/action/builtin/fireDataProviderEventAction",
      "parameters": {
        "target": "[[ $page.variables.descriptionLOVVar ]]",
        "refresh": null
      }
    }
  }
}