{
  "root": "callRestGetallInterfaceType",
  "description": "",
  "variables": {},
  "actions": {
    "fireNotification": {
      "module": "vb/action/builtin/fireNotificationEventAction",
      "parameters": {
        "target": "leaf",
        "summary": "[[ $chain.results.callRestGetallInterfaceType.message.summary ]]",
        "type": "error",
        "displayMode": "persist"
      }
    },
    "callRestGetallInterfaceType": {
      "module": "vb/action/builtin/restAction",
      "parameters": {
        "endpoint": "businessObjects/getall_InterfaceType"
      },
      "outcomes": {
        "failure": "fireNotification",
        "success": "assignVariablesInterfaceTypeLOVVar"
      }
    },
    "assignVariablesInterfaceTypeLOVVar": {
      "module": "vb/action/builtin/assignVariablesAction",
      "parameters": {
        "$page.variables.interfaceTypeLOVVar": {
          "source": {
            "data": "{{ $chain.results.callRestGetallInterfaceType.body.items }}"
          },
          "reset": "none",
          "auto": "always"
        }
      },
      "outcomes": {
        "success": "fireDataProviderEventInterfaceTypeLOVVar"
      }
    },
    "fireDataProviderEventInterfaceTypeLOVVar": {
      "module": "vb/action/builtin/fireDataProviderEventAction",
      "parameters": {
        "refresh": null,
        "target": "[[ $page.variables.interfaceTypeLOVVar ]]"
      }
    }
  }
}