{
  "root": "assignVariablesDisableCollapsible",
  "description": "",
  "actions": {
    "fireNotification": {
      "module": "vb/action/builtin/fireNotificationEventAction",
      "parameters": {
        "target": "leaf",
        "summary": "[[ $chain.results.callRestPostWildcard2.message.summary ]]",
        "type": "error",
        "displayMode": "persist"
      }
    },
    "callFunctionFieldvalidations": {
      "module": "vb/action/builtin/callModuleFunctionAction",
      "parameters": {
        "module": "[[ $functions ]]",
        "functionName": "fieldvalidations",
        "params": [
          "{{ $page.variables.searchParamVar.selectedLedger }}",
          "{{ $page.variables.searchParamVar.selectedMapper }}"
        ]
      },
      "outcomes": {
        "success": "if"
      }
    },
    "if": {
      "module": "vb/action/builtin/ifAction",
      "parameters": {
        "condition": "[[ $chain.results.callFunctionFieldvalidations  === undefined]]"
      },
      "outcomes": {
        "true": "callComponentProgressDialogOpen",
        "false": "fireNotification4"
      }
    },
    "fireNotification4": {
      "module": "vb/action/builtin/fireNotificationEventAction",
      "parameters": {
        "target": "leaf",
        "summary": "[[ $chain.results.callFunctionFieldvalidations ]]",
        "displayMode": "transient"
      }
    },
    "resetVariablesSearchResultsTableVariables": {
      "module": "vb/action/builtin/resetVariablesAction",
      "parameters": {
        "variables": [
          "$page.variables.searchResultsTableVariables",
          "$page.variables.disableOnImport",
          "$page.variables.CurrentRowDataUpdate"
        ]
      },
      "outcomes": {
        "success": "assignVariablesSearchResultsTableVariables"
      }
    },
    "fireDataProviderEventSearchResultsTableVariables": {
      "module": "vb/action/builtin/fireDataProviderEventAction",
      "parameters": {
        "refresh": null,
        "target": "[[ $page.variables.searchResultsTableVariables ]]"
      }
    },
    "fireDataProviderEventSearchResultsForDuplicate": {
      "module": "vb/action/builtin/fireDataProviderEventAction",
      "parameters": {

        "refresh": null,
        "target": "[[ $page.variables.searchResultsForDuplicate ]]"
      },
      "outcomes": {
        "success": "callRestPostWildcard2"
      }
    },
    "fireNotification2": {
      "module": "vb/action/builtin/fireNotificationEventAction",
      "parameters": {
        "target": "leaf",
        "summary": "[[ $chain.results.callRestPostWildcard.message.summary ]]",
        "type": "error",
        "displayMode": "persist"
      }
    },
    "assignVariablesSearchResultsForDuplicate": {
      "module": "vb/action/builtin/assignVariablesAction",
      "parameters": {
        "$page.variables.searchResultsForDuplicate": {
          "source": {
            "data": "{{ $chain.results.callRestPostWildcard.body.mapper_results }}"
          },
          "reset": "none",
          "auto": "always"
        }
      },
      "outcomes": {
        "success": "fireDataProviderEventSearchResultsForDuplicate"
      }
    },
    "resetVariablesSearchResultsForDuplicate": {
      "module": "vb/action/builtin/resetVariablesAction",
      "parameters": {
        "variables": [
          "$page.variables.searchResultsForDuplicate",
          "$page.variables.CurrentRowDataUpdate"
        ]
      },
      "outcomes": {
        "success": "assignVariablesSearchResultsForDuplicate"
      }
    },
    "assignVariablesDisableCollapsible": {
      "module": "vb/action/builtin/assignVariablesAction",
      "parameters": {
        "$page.variables.disableCollapsible": {
          "source": false
        },
        "$page.variables.disableExport": {
          "source": false
        }
      },
      "outcomes": {
        "success": "callFunctionFieldvalidations"
      }
    },
    "callComponentProgressDialogOpen": {
      "module": "vb/action/builtin/callComponentMethodAction",
      "parameters": {
        "component": "{{ document.getElementById('progressDialog') }}",
        "method": "open"
      },
      "outcomes": {
        "success": "callRestPostWildcard"
      }
    },
    "callComponentProgressDialogClose": {
      "module": "vb/action/builtin/callComponentMethodAction",
      "parameters": {
        "component": "{{ document.getElementById('progressDialog') }}",
        "method": "close"
      },
      "outcomes": {
        "success": "fireDataProviderEventSearchResultsTableVariables"
      }
    },
    "callRestPostWildcard": {
      "module": "vb/action/builtin/restAction",
      "parameters": {
        "endpoint": "searchCriteria/postWildcard",
        "body": "{{ {\"attri1\":$page.variables.searchParamVar.selectedLedger,\"lookup\": $page.variables.searchParamVar.selectedMapper ,\"desc\": $page.variables.searchParamVar.selectedDescription,\"lookupcode\": $page.variables.searchParamVar.selectedLookup,\"orcl1\": $page.variables.searchParamVar.selectedCompany,\"orcl2\": $page.variables.searchParamVar.selectedLOB,\"orcl3\":$page.variables.searchParamVar.selectedLocation,\"orcl4\": $page.variables.searchParamVar.hrDeptCostCenter,\"orcl5\": $page.variables.searchParamVar.selectedAccountNumber} }}"
      },
      "outcomes": {
        "failure": "fireNotification2",
        "success": "resetVariablesSearchResultsForDuplicate"
      }
    },
    "callRestPostWildcard2": {
      "module": "vb/action/builtin/restAction",
      "parameters": {
        "endpoint": "searchCriteria/postWildcard",
        "body": "{{ {\"attri1\":$page.variables.searchParamVar.selectedLedger,\"lookup\": $page.variables.searchParamVar.selectedMapper ,\"desc\": $page.variables.searchParamVar.selectedDescription,\"lookupcode\": $page.variables.searchParamVar.selectedLookup,\"orcl1\": $page.variables.searchParamVar.selectedCompany,\"orcl2\": $page.variables.searchParamVar.selectedLOB,\"orcl3\":$page.variables.searchParamVar.selectedLocation,\"orcl4\": $page.variables.searchParamVar.hrDeptCostCenter,\"orcl5\": $page.variables.searchParamVar.selectedAccountNumber} }}"
      },
      "outcomes": {
        "failure": "fireNotification",
        "success": "resetVariablesSearchResultsTableVariables"
      }
    },
    "assignVariablesSearchResultsTableVariables": {
      "module": "vb/action/builtin/assignVariablesAction",
      "parameters": {
        "$page.variables.searchResultsTableVariables": {
          "source": {
            "data": "{{ $chain.results.callRestPostWildcard2.body.mapper_results }}"
          },
          "reset": "none",
          "auto": "always"
        }
      },
      "outcomes": {
        "success": "callComponentProgressDialogClose"
      }
    }
  }
}