"XLA_DESCRIPTION.AmbContextCode","XLA_DESCRIPTION.DescriptionRuleCode","XLA_DESCRIPTION.Name","XLA_DESCRIPTION.ApplicationShortName","AmbContextCode","DescriptionRuleCode","DescriptionRuleTypeCode","UserSequence","CreatedBy","CreationDate","LastUpdateDate","LastUpdateLogin","LastUpdatedBy","detailsChanged2"
"DEFAULT","COMM_COMMISSION_LINE","Commercial Commission Line","FAH_INSURANCE","DEFAULT","COMM_COMMISSION_LINE","C","1","FIN_IMPL","2014/02/04 21:02:40.541","2014/02/04 21:03:04.185","F1951E89E7FF126EE0436204548C65CF","FIN_IMPL",""
"DEFAULT","COMM_PREMIUM_HEADER","Commercial Prem Header","FAH_INSURANCE","DEFAULT","COMM_PREMIUM_HEADER","C","1","FIN_IMPL","2014/02/04 21:03:59.157","2014/02/04 21:04:13.641","F1951E89E7FF126EE0436204548C65CF","FIN_IMPL",""
"DEFAULT","COMM_PREM_LINE","Commercial Prem Line","FAH_INSURANCE","DEFAULT","COMM_PREM_LINE","C","3","FIN_IMPL","2014/02/04 21:05:02.572","2014/02/04 21:05:59.809","F1951E89E7FF126EE0436204548C65CF","FIN_IMPL",""
"DEFAULT","COMM_PREM_LINE","Commercial Prem Line","FAH_INSURANCE","DEFAULT","COMM_PREM_LINE","C","4","FIN_IMPL","2014/02/04 21:05:17.333","2014/02/04 21:05:59.819","F1951E89E7FF126EE0436204548C65CF","FIN_IMPL",""
"DEFAULT","DRAUTOINSPOLICYISS","DR Auto Insurance Policy Issued ","FAH_INSURANCE","DEFAULT","DRAUTOINSPOLICYISS","C","1","FIN_IMPL","2014/02/04 21:06:45.806","2014/02/04 21:06:58.014","F1951E89E7FF126EE0436204548C65CF","FIN_IMPL",""
"DEFAULT","DRLIFEINSPOLICYISS","DR Life Insurance Policy Issued","FAH_INSURANCE","DEFAULT","DRLIFEINSPOLICYISS","C","1","FIN_IMPL","2014/02/04 21:08:08.282","2014/02/04 21:08:29.945","F1951E89E7FF126EE0436204548C65CF","FIN_IMPL",""
"DEFAULT","CRAUTOINSPOLICYISSUE","CR Auto Insurance Policy Issued ","FAH_INSURANCE","DEFAULT","CRAUTOINSPOLICYISSUE","C","1","FIN_IMPL","2014/02/04 21:13:11.579","2014/02/04 21:13:27.982","F1951E89E7FF126EE0436204548C65CF","FIN_IMPL",""
"DEFAULT","CRLIFEINSPOLICYISSUE","CR Life Insurance Policy Issued","FAH_INSURANCE","DEFAULT","CRLIFEINSPOLICYISSUE","C","1","FIN_IMPL","2014/02/04 21:13:57.403","2014/02/04 21:14:09.521","F1951E89E7FF126EE0436204548C65CF","FIN_IMPL",""
"DEFAULT","INSURANCE_HEADER","Insurance Header","AHC_INSURANCE","DEFAULT","INSURANCE_HEADER","C","7","FIN_IMPL","2018/03/06 06:29:09.807","2018/03/06 06:37:51.032","66B8A4FCD0219AA4E053E9A7FD0A5DFE","FIN_IMPL",""
"DEFAULT","INSURANCE_HEADER","Insurance Header","AHC_INSURANCE","DEFAULT","INSURANCE_HEADER","C","8","FIN_IMPL","2018/03/06 06:32:24.883","2018/03/06 06:37:51.443","66B8A4FCD0219AA4E053E9A7FD0A5DFE","FIN_IMPL",""
"DEFAULT","INSURANCE_HEADER","Insurance Header","AHC_INSURANCE","DEFAULT","INSURANCE_HEADER","C","9","FIN_IMPL","2018/03/06 06:34:01.495","2018/03/06 06:37:51.565","66B8A4FCD0219AA4E053E9A7FD0A5DFE","FIN_IMPL",""
"DEFAULT","INSURANCE_HEADER","Insurance Header","AHC_INSURANCE","DEFAULT","INSURANCE_HEADER","C","10","FIN_IMPL","2018/03/06 06:34:51.117","2018/03/06 06:37:51.656","66B8A4FCD0219AA4E053E9A7FD0A5DFE","FIN_IMPL",""
"DEFAULT","INSURANCE_HEADER","Insurance Header","AHC_INSURANCE","DEFAULT","INSURANCE_HEADER","C","11","FIN_IMPL","2018/03/06 06:35:31.463","2018/03/06 06:37:51.776","66B8A4FCD0219AA4E053E9A7FD0A5DFE","FIN_IMPL",""
"DEFAULT","INSURANCE_HEADER","Insurance Header","AHC_INSURANCE","DEFAULT","INSURANCE_HEADER","C","12","FIN_IMPL","2018/03/06 06:35:59.911","2018/03/06 06:37:51.899","66B8A4FCD0219AA4E053E9A7FD0A5DFE","FIN_IMPL",""
"DEFAULT","AUTOCLAIMPAID","Auto Claim Paid","FAH_INSURANCE","DEFAULT","AUTOCLAIMPAID","C","1","FIN_IMPL","2014/02/04 21:09:30.784","2014/02/04 21:09:41.561","F1951E89E7FF126EE0436204548C65CF","FIN_IMPL",""
"DEFAULT","AUTOCLAIMREPORTED","Auto Claim Reported","FAH_INSURANCE","DEFAULT","AUTOCLAIMREPORTED","C","1","FIN_IMPL","2014/02/04 21:10:19.525","2014/02/04 21:10:48.722","F1951E89E7FF126EE0436204548C65CF","FIN_IMPL",""
"DEFAULT","TRANSACTION_HEADER","Billing System Header","FAH_BILLING","DEFAULT","TRANSACTION_HEADER","C","3","FIN_IMPL","2014/02/17 18:39:46.636","2014/02/17 18:41:19.408","F29DFF1DD33372D1E0436204548C72A0","FIN_IMPL",""
"DEFAULT","TRANSACTION_HEADER","Billing System Header","FAH_BILLING","DEFAULT","TRANSACTION_HEADER","C","4","FIN_IMPL","2014/02/17 18:41:12.285","2014/02/17 18:41:19.434","F29DFF1DD33372D1E0436204548C72A0","FIN_IMPL",""
"DEFAULT","TRANSACTION_LINE","Billing System Line","FAH_BILLING","DEFAULT","TRANSACTION_LINE","C","4","FIN_IMPL","2014/02/17 18:51:53.0","2014/02/17 18:53:58.816","F29DFF1DD33372D1E0436204548C72A0","FIN_IMPL",""
"DEFAULT","TRANSACTION_LINE","Billing System Line","FAH_BILLING","DEFAULT","TRANSACTION_LINE","C","5","FIN_IMPL","2014/02/17 18:52:20.421","2014/02/17 18:53:58.821","F29DFF1DD33372D1E0436204548C72A0","FIN_IMPL",""
"DEFAULT","TRANSACTION_LINE","Billing System Line","FAH_BILLING","DEFAULT","TRANSACTION_LINE","C","6","FIN_IMPL","2014/02/17 18:53:07.401","2014/02/17 18:53:58.825","F29DFF1DD33372D1E0436204548C72A0","FIN_IMPL",""
"DEFAULT","TRANS_REVENUE_ADJ_IFRS","Billing Revenue Adjustment IFRS","FAH_BILLING","DEFAULT","TRANS_REVENUE_ADJ_IFRS","C","1","FIN_IMPL","2014/02/17 18:37:21.509","2014/02/17 18:37:32.426","F29DFF1DD33372D1E0436204548C72A0","FIN_IMPL",""
"DEFAULT","AUTOCOMMISSIONPAID","Auto Commission Paid","FAH_INSURANCE","DEFAULT","AUTOCOMMISSIONPAID","C","1","FIN_IMPL","2014/02/04 21:11:10.6","2014/02/04 21:11:35.833","F1951E89E7FF126EE0436204548C65CF","FIN_IMPL",""
"DEFAULT","AUTOINSPOLICYPAY","Auto Insurance Policy Payment","FAH_INSURANCE","DEFAULT","AUTOINSPOLICYPAY","C","1","FIN_IMPL","2014/02/04 21:12:14.625","2014/02/04 21:12:31.145","F1951E89E7FF126EE0436204548C65CF","FIN_IMPL",""
"DEFAULT","IFRS_TRANSACTION_LINE","Billing System Line IFRS","FAH_BILLING","DEFAULT","IFRS_TRANSACTION_LINE","C","6","FIN_IMPL","2014/02/17 18:54:33.181","2014/02/17 18:56:59.232","F29DFF1DD33372D1E0436204548C72A0","FIN_IMPL",""
"DEFAULT","IFRS_TRANSACTION_LINE","Billing System Line IFRS","FAH_BILLING","DEFAULT","IFRS_TRANSACTION_LINE","C","7","FIN_IMPL","2014/02/17 18:55:29.624","2014/02/17 18:56:59.233","F29DFF1DD33372D1E0436204548C72A0","FIN_IMPL",""
"DEFAULT","IFRS_TRANSACTION_LINE","Billing System Line IFRS","FAH_BILLING","DEFAULT","IFRS_TRANSACTION_LINE","C","8","FIN_IMPL","2014/02/17 18:56:31.891","2014/02/17 18:56:59.225","F29DFF1DD33372D1E0436204548C72A0","FIN_IMPL",""
"DEFAULT","IFRS_TRANSACTION_HEADER","Billing System Header IFRS","FAH_BILLING","DEFAULT","IFRS_TRANSACTION_HEADER","C","3","FIN_IMPL","2014/02/17 18:43:02.631","2014/02/17 18:44:17.165","F29DFF1DD33372D1E0436204548C72A0","FIN_IMPL",""
"DEFAULT","IFRS_TRANSACTION_HEADER","Billing System Header IFRS","FAH_BILLING","DEFAULT","IFRS_TRANSACTION_HEADER","C","4","FIN_IMPL","2014/02/17 18:44:07.127","2014/02/17 18:44:17.168","F29DFF1DD33372D1E0436204548C72A0","FIN_IMPL",""
"DEFAULT","INSU_LINE_EP_MPA","Insurance Line EP MPA","AHC_INSURANCE","DEFAULT","INSU_LINE_EP_MPA","C","1","FIN_IMPL","2018/03/06 06:40:05.61","2018/03/06 06:40:36.079","66B8A4FCD0219AA4E053E9A7FD0A5DFE","FIN_IMPL",""
"DEFAULT","AHC_HEADER_DESC","Loan Header description","AHC_LOAN","DEFAULT","AHC_HEADER_DESC","C","1","FIN_IMPL","2017/11/01 22:06:19.892","2017/11/01 22:08:51.352","5CF3905B80BD17DBE0538DADFD0ABCE2","FIN_IMPL",""
"DEFAULT","AHC_CASH_LINE_INFO","Loan Cash line information","AHC_LOAN","DEFAULT","AHC_CASH_LINE_INFO","C","1","FIN_IMPL","2017/11/01 22:10:21.883","2017/11/01 22:10:35.058","5CF41EAF5B3E625FE0538DADFD0A913E","FIN_IMPL",""
"DEFAULT","AHC_LINE_INFO","Loan Line Information","AHC_LOAN","DEFAULT","AHC_LINE_INFO","C","1","FIN_IMPL","2017/11/01 22:09:28.759","2017/11/01 22:09:41.302","5CF41F5966FD67CCE0538DADFD0AC73F","FIN_IMPL",""
"DEFAULT","BILLING_HEADER_DESC","Billing Header description","AHC_BILLING","DEFAULT","BILLING_HEADER_DESC","C","1","FIN_IMPL","2017/12/28 08:32:29.941","2017/12/28 08:58:11.206","615CA35573826868E0536AA0FD0A112A","FIN_IMPL",""
"DEFAULT","BILLING_LINE_DESC","Billing Line Description","AHC_BILLING","DEFAULT","BILLING_LINE_DESC","C","1","FIN_IMPL","2017/12/28 08:58:36.484","2018/02/28 09:12:52.404","66430E21F4EEDBC1E053E9A7FD0ACC4C","FIN_IMPL",""
"DEFAULT","LI_HEADER","LI Journal Header","AHC_LI_INS","DEFAULT","LI_HEADER","C","1","FIN_IMPL","2019/02/25 09:10:11.177","2019/02/25 09:10:14.452","82B5405674CF5C26E053C390DF0ADA0F","FIN_IMPL",""
"DEFAULT","LI_LINE","LI Journal Line","AHC_LI_INS","DEFAULT","LI_LINE","C","1","FIN_IMPL","2019/02/25 09:10:14.219","2019/02/25 09:10:14.749","82B5405674CF5C26E053C390DF0ADA0F","FIN_IMPL",""
"DEFAULT","ENDOWMENT_LINE","Endowment Line","AHC_ENDOWMENT","DEFAULT","ENDOWMENT_LINE","C","1","FIN_IMPL","2018/10/11 11:32:29.815","2018/10/11 11:33:55.9","77F20EFFD1CB67FFE0537990DF0ADB76","FIN_IMPL",""
"DEFAULT","PAYMENT_LINE_DESC","Payment line information","AHC_BILLING","DEFAULT","PAYMENT_LINE_DESC","C","1","FIN_IMPL","2017/12/28 08:59:48.069","2017/12/28 09:03:04.744","615CA35573826868E0536AA0FD0A112A","FIN_IMPL",""
"DEFAULT","ENDOWMENT_HEADER","Endowment Header","AHC_ENDOWMENT","DEFAULT","ENDOWMENT_HEADER","C","1","FIN_IMPL","2018/10/11 11:27:32.601","2018/10/11 11:32:03.107","77F20EFFD1CB67FFE0537990DF0ADB76","FIN_IMPL",""
"DEFAULT","INSURANCE_LINE","Insurance Line","AHC_INSURANCE","DEFAULT","INSURANCE_LINE","C","1","FIN_IMPL","2018/03/06 06:38:24.716","2018/03/06 06:38:46.548","66B8A4FCD0219AA4E053E9A7FD0A5DFE","FIN_IMPL",""
"DEFAULT","INSU_LINE_DAC_MPA","Insurance Line DAC Exp MPA","AHC_INSURANCE","DEFAULT","INSU_LINE_DAC_MPA","C","1","FIN_IMPL","2018/03/06 06:39:08.551","2018/03/06 06:39:31.737","66B8A4FCD0219AA4E053E9A7FD0A5DFE","FIN_IMPL",""
"DEFAULT","BILLING_HEADER_BY_INDUSTRY","Billing Header by Industry","AHC_BILLING","DEFAULT","BILLING_HEADER_BY_INDUSTRY","C","1","FIN_IMPL","2020/11/19 06:15:13.238","2020/11/19 06:15:29.514","B46FC1C75B5D42C0E0539E90DF0AFE16","FIN_IMPL",""
"DEFAULT","EMR_HEADER_RULE","EMR Header Rule","AHC_EMR","DEFAULT","EMR_HEADER_RULE","C","1","FIN_IMPL","2020/06/04 05:53:49.838","2020/06/04 05:53:51.516","A72BCE560A653848E0539E90DF0AEF24","FIN_IMPL",""
"DEFAULT","BILLING_LINE_BY_INDUSTRY","Billing Line by Industry","AHC_BILLING","DEFAULT","BILLING_LINE_BY_INDUSTRY","C","3","FIN_IMPL","2020/11/19 06:15:52.471","2020/11/19 06:17:19.01","B46FC1C75B5D42C0E0539E90DF0AFE16","FIN_IMPL",""
"DEFAULT","BILLING_LINE_BY_INDUSTRY","Billing Line by Industry","AHC_BILLING","DEFAULT","BILLING_LINE_BY_INDUSTRY","C","4","FIN_IMPL","2020/11/19 06:16:20.594","2020/11/19 06:17:19.201","B46FC1C75B5D42C0E0539E90DF0AFE16","FIN_IMPL",""
"DEFAULT","EMR_LINE_RULE","EMR Line Rule","AHC_EMR","DEFAULT","EMR_LINE_RULE","C","1","FIN_IMPL","2020/06/04 05:53:48.463","2020/06/04 05:53:51.306","A72BCE560A653848E0539E90DF0AEF24","FIN_IMPL",""
"DEFAULT","CONCUR_EXP_LINE_DESC","Concur Expense Line Desc","AHC_EXT_ERP","DEFAULT","CONCUR_EXP_LINE_DESC","C","1","anonymous","2021/05/25 16:11:29.774","2021/05/25 16:11:32.294","C2E6C514770D8EF0E0532C60FD0A080A","anonymous",""
"DEFAULT","MANUAL_JE_LINE","Manual JE Line","AHC_EXT_ERP","DEFAULT","MANUAL_JE_LINE","C","1","anonymous","2021/05/25 16:11:30.47","2021/05/25 16:11:32.935","C2E6C514770D8EF0E0532C60FD0A080A","anonymous",""
"DEFAULT","AP_INV_JE_LINE","AP Invoice Journal Line","AHC_EXT_ERP","DEFAULT","AP_INV_JE_LINE","C","1","anonymous","2021/05/25 16:11:28.617","2021/05/25 16:11:31.621","C2E6C514770D8EF0E0532C60FD0A080A","anonymous",""
"DEFAULT","CONCUR_EXP_HEADER","Concur Expense Header","AHC_EXT_ERP","DEFAULT","CONCUR_EXP_HEADER","C","1","anonymous","2021/05/25 16:11:29.003","2021/05/25 16:11:31.835","C2E6C514770D8EF0E0532C60FD0A080A","anonymous",""
"DEFAULT","AP_INV_JE_HEADER","AP Invoice Journal Header","AHC_EXT_ERP","DEFAULT","AP_INV_JE_HEADER","C","1","anonymous","2021/05/25 16:11:26.201","2021/05/25 16:11:32.652","C2E6C514770D8EF0E0532C60FD0A080A","anonymous",""
"DEFAULT","MANUAL_JE_HEADER","Manual JE Header","AHC_EXT_ERP","DEFAULT","MANUAL_JE_HEADER","C","1","anonymous","2021/05/25 16:11:29.975","2021/05/25 16:11:32.343","C2E6C514770D8EF0E0532C60FD0A080A","anonymous",""
"DEFAULT","CONCUR_EXP_LINE","Concur Expense Line","AHC_EXT_ERP","DEFAULT","CONCUR_EXP_LINE","C","1","anonymous","2021/05/25 16:11:29.384","2021/05/25 16:11:32.069","C2E6C514770D8EF0E0532C60FD0A080A","anonymous",""
