"XLA_DESCRIPTION.AmbContextCode","XLA_DESCRIPTION.DescriptionRuleCode","XLA_DESCRIPTION.Name","XLA_DESCRIPTION.ApplicationShortName","ORA_XLA_DESCRIPTION_RULE_PRIORITY.AmbContextCode","ORA_XLA_DESCRIPTION_RULE_PRIORITY.DescriptionRuleCode","ORA_XLA_DESCRIPTION_RULE_PRIORITY.DescriptionRuleTypeCode","ORA_XLA_DESCRIPTION_RULE_PRIORITY.UserSequence","AmbContextCode","AccountingLineCode","AccountingLineTypeCode","EntityCode","EventClassCode","UserSequence","ApplicationShortName","SegmentRuleCode","SegmentRuleTypeCode","UserSequence1","DescriptionCode","DescriptionTypeCode","UserSequence2","ApplicationShortNameXLA1","ApplicationShortNameXLA2","BracketLeftCode","BracketRightCode","CreatedBy","CreationDate","FlexfieldSegmentCode","IndependentValueConstant","LastUpdateDate","LastUpdateLogin","LastUpdatedBy","LineOperatorCode","LogicalOperatorCode","SourceCode","SourceTypeCode","SourceOriginCode","ValueConstant","ValueFlexfieldSegmentCode","ValueSourceCode","ValueSourceTypeCode","ValueTypeCode","ValueSourceOriginCode","SourceAppShortName","ValueSourceAppShortName","AmbContextCode1","ApplicationShortName1","AmbContextCode2","ApplicationShortName2","ApplicationShortNameXLA","SourceAppShortNameXLA","ValueSourceAppShortNameXLA"
"DEFAULT","INSURANCE_HEADER","Insurance Header","AHC_INSURANCE","DEFAULT","INSURANCE_HEADER","C","7","DEFAULT","","","","","10","","","","","INSURANCE_HEADER","C","7","","AHC_INSURANCE","(","","FIN_IMPL","2018/03/06 06:37:50.685","","","2018/03/06 06:37:52.062","66B8A4FCD0219AA4E053E9A7FD0A5DFE","FIN_IMPL","E","O","EVENT_TYPE","S","","Policy Written","","","","C","","","","","","DEFAULT","","AHC_INSURANCE","AHC_INSURANCE",""
"DEFAULT","INSURANCE_HEADER","Insurance Header","AHC_INSURANCE","DEFAULT","INSURANCE_HEADER","C","7","DEFAULT","","","","","20","","","","","INSURANCE_HEADER","C","7","","AHC_INSURANCE","",")","FIN_IMPL","2018/03/06 06:37:50.742","","","2018/03/06 06:37:52.159","66B8A4FCD0219AA4E053E9A7FD0A5DFE","FIN_IMPL","E","A","EVENT_TYPE","S","","Adjustment","","","","C","","","","","","DEFAULT","","AHC_INSURANCE","AHC_INSURANCE",""
"DEFAULT","INSURANCE_HEADER","Insurance Header","AHC_INSURANCE","DEFAULT","INSURANCE_HEADER","C","7","DEFAULT","","","","","30","","","","","INSURANCE_HEADER","C","7","","AHC_INSURANCE","","","FIN_IMPL","2018/03/06 06:37:50.749","","","2018/03/06 06:37:52.161","66B8A4FCD0219AA4E053E9A7FD0A5DFE","FIN_IMPL","N","","REINSURANCE_TYPE","S","","","","","","","","","","","","DEFAULT","","AHC_INSURANCE","AHC_INSURANCE",""
"DEFAULT","INSURANCE_HEADER","Insurance Header","AHC_INSURANCE","DEFAULT","INSURANCE_HEADER","C","8","DEFAULT","","","","","10","","","","","INSURANCE_HEADER","C","8","","AHC_INSURANCE","(","","FIN_IMPL","2018/03/06 06:37:50.757","","","2018/03/06 06:37:52.164","66B8A4FCD0219AA4E053E9A7FD0A5DFE","FIN_IMPL","E","O","EVENT_TYPE","S","","Policy Written","","","","C","","","","","","DEFAULT","","AHC_INSURANCE","AHC_INSURANCE",""
"DEFAULT","INSURANCE_HEADER","Insurance Header","AHC_INSURANCE","DEFAULT","INSURANCE_HEADER","C","8","DEFAULT","","","","","20","","","","","INSURANCE_HEADER","C","8","","AHC_INSURANCE","",")","FIN_IMPL","2018/03/06 06:37:50.763","","","2018/03/06 06:37:52.165","66B8A4FCD0219AA4E053E9A7FD0A5DFE","FIN_IMPL","E","A","EVENT_TYPE","S","","Adjustment","","","","C","","","","","","DEFAULT","","AHC_INSURANCE","AHC_INSURANCE",""
"DEFAULT","INSURANCE_HEADER","Insurance Header","AHC_INSURANCE","DEFAULT","INSURANCE_HEADER","C","8","DEFAULT","","","","","30","","","","","INSURANCE_HEADER","C","8","","AHC_INSURANCE","","","FIN_IMPL","2018/03/06 06:37:50.769","","","2018/03/06 06:37:52.166","66B8A4FCD0219AA4E053E9A7FD0A5DFE","FIN_IMPL","X","","REINSURANCE_TYPE","S","","","","","","","","","","","","DEFAULT","","AHC_INSURANCE","AHC_INSURANCE",""
"DEFAULT","INSURANCE_HEADER","Insurance Header","AHC_INSURANCE","DEFAULT","INSURANCE_HEADER","C","9","DEFAULT","","","","","10","","","","","INSURANCE_HEADER","C","9","","AHC_INSURANCE","","","FIN_IMPL","2018/03/06 06:37:50.797","","","2018/03/06 06:37:52.167","66B8A4FCD0219AA4E053E9A7FD0A5DFE","FIN_IMPL","E","","EVENT_TYPE","S","","Premium Payment","","","","C","","","","","","DEFAULT","","AHC_INSURANCE","AHC_INSURANCE",""
"DEFAULT","INSURANCE_HEADER","Insurance Header","AHC_INSURANCE","DEFAULT","INSURANCE_HEADER","C","10","DEFAULT","","","","","10","","","","","INSURANCE_HEADER","C","10","","AHC_INSURANCE","","","FIN_IMPL","2018/03/06 06:37:50.805","","","2018/03/06 06:37:52.167","66B8A4FCD0219AA4E053E9A7FD0A5DFE","FIN_IMPL","E","","EVENT_TYPE","S","","Commission Payment","","","","C","","","","","","DEFAULT","","AHC_INSURANCE","AHC_INSURANCE",""
"DEFAULT","INSURANCE_HEADER","Insurance Header","AHC_INSURANCE","DEFAULT","INSURANCE_HEADER","C","11","DEFAULT","","","","","10","","","","","INSURANCE_HEADER","C","11","","AHC_INSURANCE","","","FIN_IMPL","2018/03/06 06:37:50.816","","","2018/03/06 06:37:52.168","66B8A4FCD0219AA4E053E9A7FD0A5DFE","FIN_IMPL","E","","EVENT_TYPE","S","","Claim Reported","","","","C","","","","","","DEFAULT","","AHC_INSURANCE","AHC_INSURANCE",""
"DEFAULT","INSURANCE_HEADER","Insurance Header","AHC_INSURANCE","DEFAULT","INSURANCE_HEADER","C","12","DEFAULT","","","","","10","","","","","INSURANCE_HEADER","C","12","","AHC_INSURANCE","","","FIN_IMPL","2018/03/06 06:37:50.824","","","2018/03/06 06:37:52.169","66B8A4FCD0219AA4E053E9A7FD0A5DFE","FIN_IMPL","E","","EVENT_TYPE","S","","Claim Paid","","","","C","","","","","","DEFAULT","","AHC_INSURANCE","AHC_INSURANCE",""
"DEFAULT","IFRS_TRANSACTION_LINE","Billing System Line IFRS","FAH_BILLING","DEFAULT","IFRS_TRANSACTION_LINE","C","6","DEFAULT","","","","","10","","","","","IFRS_TRANSACTION_LINE","C","6","","FAH_BILLING","","","FIN_IMPL","2014/02/17 18:55:26.061","","","2014/02/17 18:55:26.093","F29DFF1DD33372D1E0436204548C72A0","FIN_IMPL","X","A","ADDITIONAL_ATTRIBUTE_2","S","","","","","","","","","","","","DEFAULT","","FAH_BILLING","FAH_BILLING",""
"DEFAULT","IFRS_TRANSACTION_LINE","Billing System Line IFRS","FAH_BILLING","DEFAULT","IFRS_TRANSACTION_LINE","C","6","DEFAULT","","","","","20","","","","","IFRS_TRANSACTION_LINE","C","6","","FAH_BILLING","","","FIN_IMPL","2014/02/17 18:55:26.078","","","2014/02/17 18:55:26.13","F29DFF1DD33372D1E0436204548C72A0","FIN_IMPL","X","","CUSTOMER_NAME","S","","","","","","","","","","","","DEFAULT","","FAH_BILLING","FAH_BILLING",""
"DEFAULT","IFRS_TRANSACTION_LINE","Billing System Line IFRS","FAH_BILLING","DEFAULT","IFRS_TRANSACTION_LINE","C","7","DEFAULT","","","","","10","","","","","IFRS_TRANSACTION_LINE","C","7","","FAH_BILLING","","","FIN_IMPL","2014/02/17 18:56:12.063","","","2014/02/17 18:56:12.083","F29DFF1DD33372D1E0436204548C72A0","FIN_IMPL","X","","CUSTOMER_NAME","S","","","","","","","","","","","","DEFAULT","","FAH_BILLING","FAH_BILLING",""
"DEFAULT","BILLING_LINE_BY_INDUSTRY","Billing Line by Industry","AHC_BILLING","DEFAULT","BILLING_LINE_BY_INDUSTRY","C","3","DEFAULT","","","","","10","","","","","BILLING_LINE_BY_INDUSTRY","C","3","","AHC_BILLING","","","FIN_IMPL","2020/11/19 06:17:18.76","","","2020/11/19 06:17:19.315","B46FC1C75B5D42C0E0539E90DF0AFE16","FIN_IMPL","D","","INDUSTRY","S","","Fin Services","","","","C","","","","","","DEFAULT","","AHC_BILLING","AHC_BILLING",""
"DEFAULT","BILLING_LINE_BY_INDUSTRY","Billing Line by Industry","AHC_BILLING","DEFAULT","BILLING_LINE_BY_INDUSTRY","C","4","DEFAULT","","","","","10","","","","","BILLING_LINE_BY_INDUSTRY","C","4","","AHC_BILLING","","","FIN_IMPL","2020/11/19 06:17:18.821","","","2020/11/19 06:17:19.485","B46FC1C75B5D42C0E0539E90DF0AFE16","FIN_IMPL","E","","INDUSTRY","S","","Fin Services","","","","C","","","","","","DEFAULT","","AHC_BILLING","AHC_BILLING",""
