"XLA_DESCRIPTION.AmbContextCode","XLA_DESCRIPTION.DescriptionRuleCode","XLA_DESCRIPTION.Name","XLA_DESCRIPTION.ApplicationShortName","ORA_XLA_DESCRIPTION_RULE_PRIORITY.AmbContextCode","ORA_XLA_DESCRIPTION_RULE_PRIORITY.DescriptionRuleCode","ORA_XLA_DESCRIPTION_RULE_PRIORITY.DescriptionRuleTypeCode","ORA_XLA_DESCRIPTION_RULE_PRIORITY.UserSequence","UserSequence","AmbContextCode","CreatedBy","CreationDate","DisplayDescriptionFlag","FlexfieldSegmentCode","FlexfieldSegmentLabel","LastUpdateDate","LastUpdateLogin","LastUpdatedBy","Literal","SourceApplicationName","SourceCode","SourceName","SourceTypeCode","SourceTypeName","SourceOriginCode","ValueTypeCode","SourceApplicationShortName"
"DEFAULT","COMM_COMMISSION_LINE","Commercial Commission Line","FAH_INSURANCE","DEFAULT","COMM_COMMISSION_LINE","C","1","2","DEFAULT","FIN_IMPL","2014/02/04 21:02:55.714","N","","","2024/06/18 10:38:13.0","1944329509E5EE2DE063B065F00ACE90","CURTIS.FEITTY","","","POLICY_NUMBER","","S","","","S","FAH_INSURANCE"
"DEFAULT","COMM_PREMIUM_HEADER","Commercial Prem Header","FAH_INSURANCE","DEFAULT","COMM_PREMIUM_HEADER","C","1","1","DEFAULT","FIN_IMPL","2014/02/04 21:04:09.004","N","","","2014/02/04 21:04:13.642","F1951E89E7FF126EE0436204548C65CF","FIN_IMPL","Policy:","","","","","","","L",""
"DEFAULT","COMM_PREMIUM_HEADER","Commercial Prem Header","FAH_INSURANCE","DEFAULT","COMM_PREMIUM_HEADER","C","1","2","DEFAULT","FIN_IMPL","2014/02/04 21:04:09.007","N","","","2020/06/04 05:53:50.291","A72BCE560A653848E0539E90DF0AEF24","FIN_IMPL","","","POLICY_NUMBER","","S","","","S","FAH_INSURANCE"
"DEFAULT","COMM_PREMIUM_HEADER","Commercial Prem Header","FAH_INSURANCE","DEFAULT","COMM_PREMIUM_HEADER","C","1","3","DEFAULT","FIN_IMPL","2014/02/04 21:04:09.015","N","","","2014/02/04 21:04:13.647","F1951E89E7FF126EE0436204548C65CF","FIN_IMPL","State:","","","","","","","L",""
"DEFAULT","COMM_PREMIUM_HEADER","Commercial Prem Header","FAH_INSURANCE","DEFAULT","COMM_PREMIUM_HEADER","C","1","4","DEFAULT","FIN_IMPL","2014/02/04 21:04:09.019","N","","","2020/06/04 05:53:50.301","A72BCE560A653848E0539E90DF0AEF24","FIN_IMPL","","","STATE","","S","","","S","FAH_INSURANCE"
"DEFAULT","COMM_PREMIUM_HEADER","Commercial Prem Header","FAH_INSURANCE","DEFAULT","COMM_PREMIUM_HEADER","C","1","5","DEFAULT","FIN_IMPL","2014/02/04 21:04:09.041","N","","","2014/02/04 21:04:13.65","F1951E89E7FF126EE0436204548C65CF","FIN_IMPL","Customer Account:","","","","","","","L",""
"DEFAULT","COMM_PREMIUM_HEADER","Commercial Prem Header","FAH_INSURANCE","DEFAULT","COMM_PREMIUM_HEADER","C","1","6","DEFAULT","FIN_IMPL","2014/02/04 21:04:09.046","N","","","2020/06/04 05:53:50.308","A72BCE560A653848E0539E90DF0AEF24","FIN_IMPL","","","CUST_ACCOUNT_NUMBER","","S","","","S","FAH_INSURANCE"
"DEFAULT","COMM_PREM_LINE","Commercial Prem Line","FAH_INSURANCE","DEFAULT","COMM_PREM_LINE","C","3","1","DEFAULT","FIN_IMPL","2014/02/04 21:05:11.363","N","","","2014/02/04 21:05:59.81","F1951E89E7FF126EE0436204548C65CF","FIN_IMPL","Policy:","","","","","","","L",""
"DEFAULT","COMM_PREM_LINE","Commercial Prem Line","FAH_INSURANCE","DEFAULT","COMM_PREM_LINE","C","3","2","DEFAULT","FIN_IMPL","2014/02/04 21:05:11.367","N","","","2020/06/04 05:53:50.316","A72BCE560A653848E0539E90DF0AEF24","FIN_IMPL","","","POLICY_NUMBER","","S","","","S","FAH_INSURANCE"
"DEFAULT","COMM_PREM_LINE","Commercial Prem Line","FAH_INSURANCE","DEFAULT","COMM_PREM_LINE","C","3","3","DEFAULT","FIN_IMPL","2014/02/04 21:05:11.375","N","","","2014/02/04 21:05:59.812","F1951E89E7FF126EE0436204548C65CF","FIN_IMPL","State:","","","","","","","L",""
"DEFAULT","COMM_PREM_LINE","Commercial Prem Line","FAH_INSURANCE","DEFAULT","COMM_PREM_LINE","C","3","4","DEFAULT","FIN_IMPL","2014/02/04 21:05:11.379","N","","","2020/06/04 05:53:50.327","A72BCE560A653848E0539E90DF0AEF24","FIN_IMPL","","","STATE","","S","","","S","FAH_INSURANCE"
"DEFAULT","COMM_PREM_LINE","Commercial Prem Line","FAH_INSURANCE","DEFAULT","COMM_PREM_LINE","C","3","5","DEFAULT","FIN_IMPL","2014/02/04 21:05:11.382","N","","","2014/02/04 21:05:59.814","F1951E89E7FF126EE0436204548C65CF","FIN_IMPL","Customer Account:","","","","","","","L",""
"DEFAULT","COMM_PREM_LINE","Commercial Prem Line","FAH_INSURANCE","DEFAULT","COMM_PREM_LINE","C","3","6","DEFAULT","FIN_IMPL","2014/02/04 21:05:11.386","N","","","2020/06/04 05:53:50.334","A72BCE560A653848E0539E90DF0AEF24","FIN_IMPL","","","CUST_ACCOUNT_NUMBER","","S","","","S","FAH_INSURANCE"
"DEFAULT","COMM_PREM_LINE","Commercial Prem Line","FAH_INSURANCE","DEFAULT","COMM_PREM_LINE","C","3","7","DEFAULT","FIN_IMPL","2014/02/04 21:05:11.389","N","","","2014/02/04 21:05:59.817","F1951E89E7FF126EE0436204548C65CF","FIN_IMPL","Policy Effective Date:","","","","","","","L",""
"DEFAULT","COMM_PREM_LINE","Commercial Prem Line","FAH_INSURANCE","DEFAULT","COMM_PREM_LINE","C","3","8","DEFAULT","FIN_IMPL","2014/02/04 21:05:11.393","N","","","2020/06/04 05:53:50.341","A72BCE560A653848E0539E90DF0AEF24","FIN_IMPL","","","INS_POLICY_EFFECTIVE_DATE","","S","","","S","FAH_INSURANCE"
"DEFAULT","COMM_PREM_LINE","Commercial Prem Line","FAH_INSURANCE","DEFAULT","COMM_PREM_LINE","C","4","1","DEFAULT","FIN_IMPL","2014/02/04 21:05:52.068","N","","","2014/02/04 21:05:59.82","F1951E89E7FF126EE0436204548C65CF","FIN_IMPL","Policy:","","","","","","","L",""
"DEFAULT","COMM_PREM_LINE","Commercial Prem Line","FAH_INSURANCE","DEFAULT","COMM_PREM_LINE","C","4","2","DEFAULT","FIN_IMPL","2014/02/04 21:05:52.074","N","","","2020/06/04 05:53:50.348","A72BCE560A653848E0539E90DF0AEF24","FIN_IMPL","","","POLICY_NUMBER","","S","","","S","FAH_INSURANCE"
"DEFAULT","COMM_PREM_LINE","Commercial Prem Line","FAH_INSURANCE","DEFAULT","COMM_PREM_LINE","C","4","3","DEFAULT","FIN_IMPL","2014/02/04 21:05:52.079","N","","","2014/02/04 21:05:59.822","F1951E89E7FF126EE0436204548C65CF","FIN_IMPL","State:","","","","","","","L",""
"DEFAULT","COMM_PREM_LINE","Commercial Prem Line","FAH_INSURANCE","DEFAULT","COMM_PREM_LINE","C","4","4","DEFAULT","FIN_IMPL","2014/02/04 21:05:52.084","N","","","2020/06/04 05:53:50.356","A72BCE560A653848E0539E90DF0AEF24","FIN_IMPL","","","STATE","","S","","","S","FAH_INSURANCE"
"DEFAULT","COMM_PREM_LINE","Commercial Prem Line","FAH_INSURANCE","DEFAULT","COMM_PREM_LINE","C","4","5","DEFAULT","FIN_IMPL","2014/02/04 21:05:52.104","N","","","2014/02/04 21:05:59.824","F1951E89E7FF126EE0436204548C65CF","FIN_IMPL","Customer Account:","","","","","","","L",""
"DEFAULT","COMM_PREM_LINE","Commercial Prem Line","FAH_INSURANCE","DEFAULT","COMM_PREM_LINE","C","4","6","DEFAULT","FIN_IMPL","2014/02/04 21:05:52.108","N","","","2020/06/04 05:53:50.362","A72BCE560A653848E0539E90DF0AEF24","FIN_IMPL","","","CUST_ACCOUNT_NUMBER","","S","","","S","FAH_INSURANCE"
"DEFAULT","COMM_PREM_LINE","Commercial Prem Line","FAH_INSURANCE","DEFAULT","COMM_PREM_LINE","C","4","7","DEFAULT","FIN_IMPL","2014/02/04 21:05:52.112","N","","","2014/02/04 21:05:59.826","F1951E89E7FF126EE0436204548C65CF","FIN_IMPL","Policy Effective Date:","","","","","","","L",""
"DEFAULT","COMM_PREM_LINE","Commercial Prem Line","FAH_INSURANCE","DEFAULT","COMM_PREM_LINE","C","4","8","DEFAULT","FIN_IMPL","2014/02/04 21:05:52.117","N","","","2020/06/04 05:53:50.369","A72BCE560A653848E0539E90DF0AEF24","FIN_IMPL","","","INS_POLICY_EFFECTIVE_DATE","","S","","","S","FAH_INSURANCE"
"DEFAULT","DRAUTOINSPOLICYISS","DR Auto Insurance Policy Issued ","FAH_INSURANCE","DEFAULT","DRAUTOINSPOLICYISS","C","1","1","DEFAULT","FIN_IMPL","2014/02/04 21:06:52.643","N","","","2014/02/04 21:06:58.014","F1951E89E7FF126EE0436204548C65CF","FIN_IMPL","Auto Insurance Policy Number:","","","","","","","L",""
"DEFAULT","DRAUTOINSPOLICYISS","DR Auto Insurance Policy Issued ","FAH_INSURANCE","DEFAULT","DRAUTOINSPOLICYISS","C","1","2","DEFAULT","FIN_IMPL","2014/02/04 21:06:52.647","N","","","2020/06/04 05:53:50.376","A72BCE560A653848E0539E90DF0AEF24","FIN_IMPL","","","POLICY_NUMBER","","S","","","S","FAH_INSURANCE"
"DEFAULT","DRAUTOINSPOLICYISS","DR Auto Insurance Policy Issued ","FAH_INSURANCE","DEFAULT","DRAUTOINSPOLICYISS","C","1","3","DEFAULT","FIN_IMPL","2014/02/04 21:06:52.653","N","","","2014/02/04 21:06:58.018","F1951E89E7FF126EE0436204548C65CF","FIN_IMPL","Issued for Insured:","","","","","","","L",""
"DEFAULT","DRAUTOINSPOLICYISS","DR Auto Insurance Policy Issued ","FAH_INSURANCE","DEFAULT","DRAUTOINSPOLICYISS","C","1","4","DEFAULT","FIN_IMPL","2014/02/04 21:06:52.658","N","","","2020/06/04 05:53:50.384","A72BCE560A653848E0539E90DF0AEF24","FIN_IMPL","","","CUSTOMER_NAME","","S","","","S","FAH_INSURANCE"
"DEFAULT","DRLIFEINSPOLICYISS","DR Life Insurance Policy Issued","FAH_INSURANCE","DEFAULT","DRLIFEINSPOLICYISS","C","1","1","DEFAULT","FIN_IMPL","2014/02/04 21:08:13.192","N","","","2014/02/04 21:08:29.946","F1951E89E7FF126EE0436204548C65CF","FIN_IMPL","Life Insurance Policy Number:","","","","","","","L",""
"DEFAULT","DRLIFEINSPOLICYISS","DR Life Insurance Policy Issued","FAH_INSURANCE","DEFAULT","DRLIFEINSPOLICYISS","C","1","2","DEFAULT","FIN_IMPL","2014/02/04 21:08:13.198","N","","","2020/06/04 05:53:50.39","A72BCE560A653848E0539E90DF0AEF24","FIN_IMPL","","","POLICY_NUMBER","","S","","","S","FAH_INSURANCE"
"DEFAULT","DRLIFEINSPOLICYISS","DR Life Insurance Policy Issued","FAH_INSURANCE","DEFAULT","DRLIFEINSPOLICYISS","C","1","3","DEFAULT","FIN_IMPL","2014/02/04 21:08:13.203","N","","","2014/02/04 21:08:29.949","F1951E89E7FF126EE0436204548C65CF","FIN_IMPL","Issued for Insured:","","","","","","","L",""
"DEFAULT","DRLIFEINSPOLICYISS","DR Life Insurance Policy Issued","FAH_INSURANCE","DEFAULT","DRLIFEINSPOLICYISS","C","1","4","DEFAULT","FIN_IMPL","2014/02/04 21:08:13.207","N","","","2020/06/04 05:53:50.396","A72BCE560A653848E0539E90DF0AEF24","FIN_IMPL","","","CUSTOMER_NAME","","S","","","S","FAH_INSURANCE"
"DEFAULT","CRAUTOINSPOLICYISSUE","CR Auto Insurance Policy Issued ","FAH_INSURANCE","DEFAULT","CRAUTOINSPOLICYISSUE","C","1","1","DEFAULT","FIN_IMPL","2014/02/04 21:13:16.529","N","","","2014/02/04 21:13:27.983","F1951E89E7FF126EE0436204548C65CF","FIN_IMPL","Auto Insurance Policy Number:","","","","","","","L",""
"DEFAULT","CRAUTOINSPOLICYISSUE","CR Auto Insurance Policy Issued ","FAH_INSURANCE","DEFAULT","CRAUTOINSPOLICYISSUE","C","1","2","DEFAULT","FIN_IMPL","2014/02/04 21:13:16.532","N","","","2020/06/04 05:53:50.548","A72BCE560A653848E0539E90DF0AEF24","FIN_IMPL","","","POLICY_NUMBER","","S","","","S","FAH_INSURANCE"
"DEFAULT","CRAUTOINSPOLICYISSUE","CR Auto Insurance Policy Issued ","FAH_INSURANCE","DEFAULT","CRAUTOINSPOLICYISSUE","C","1","3","DEFAULT","FIN_IMPL","2014/02/04 21:13:16.538","N","","","2014/02/04 21:13:27.985","F1951E89E7FF126EE0436204548C65CF","FIN_IMPL","Issued for Insured:","","","","","","","L",""
"DEFAULT","CRAUTOINSPOLICYISSUE","CR Auto Insurance Policy Issued ","FAH_INSURANCE","DEFAULT","CRAUTOINSPOLICYISSUE","C","1","4","DEFAULT","FIN_IMPL","2014/02/04 21:13:16.541","N","","","2020/06/04 05:53:50.556","A72BCE560A653848E0539E90DF0AEF24","FIN_IMPL","","","CUSTOMER_NAME","","S","","","S","FAH_INSURANCE"
"DEFAULT","CRAUTOINSPOLICYISSUE","CR Auto Insurance Policy Issued ","FAH_INSURANCE","DEFAULT","CRAUTOINSPOLICYISSUE","C","1","5","DEFAULT","FIN_IMPL","2014/02/04 21:13:16.544","N","","","2014/02/04 21:13:27.987","F1951E89E7FF126EE0436204548C65CF","FIN_IMPL","in State:","","","","","","","L",""
"DEFAULT","CRAUTOINSPOLICYISSUE","CR Auto Insurance Policy Issued ","FAH_INSURANCE","DEFAULT","CRAUTOINSPOLICYISSUE","C","1","6","DEFAULT","FIN_IMPL","2014/02/04 21:13:16.548","N","","","2020/06/04 05:53:50.563","A72BCE560A653848E0539E90DF0AEF24","FIN_IMPL","","","STATE","","S","","","S","FAH_INSURANCE"
"DEFAULT","CRLIFEINSPOLICYISSUE","CR Life Insurance Policy Issued","FAH_INSURANCE","DEFAULT","CRLIFEINSPOLICYISSUE","C","1","1","DEFAULT","FIN_IMPL","2014/02/04 21:14:05.982","N","","","2014/02/04 21:14:09.522","F1951E89E7FF126EE0436204548C65CF","FIN_IMPL","Life Insurance Policy Number:","","","","","","","L",""
"DEFAULT","CRLIFEINSPOLICYISSUE","CR Life Insurance Policy Issued","FAH_INSURANCE","DEFAULT","CRLIFEINSPOLICYISSUE","C","1","2","DEFAULT","FIN_IMPL","2014/02/04 21:14:05.987","N","","","2020/06/04 05:53:50.57","A72BCE560A653848E0539E90DF0AEF24","FIN_IMPL","","","POLICY_NUMBER","","S","","","S","FAH_INSURANCE"
"DEFAULT","CRLIFEINSPOLICYISSUE","CR Life Insurance Policy Issued","FAH_INSURANCE","DEFAULT","CRLIFEINSPOLICYISSUE","C","1","3","DEFAULT","FIN_IMPL","2014/02/04 21:14:05.992","N","","","2014/02/04 21:14:09.527","F1951E89E7FF126EE0436204548C65CF","FIN_IMPL","Issued for Insured:","","","","","","","L",""
"DEFAULT","CRLIFEINSPOLICYISSUE","CR Life Insurance Policy Issued","FAH_INSURANCE","DEFAULT","CRLIFEINSPOLICYISSUE","C","1","4","DEFAULT","FIN_IMPL","2014/02/04 21:14:05.996","N","","","2020/06/04 05:53:50.578","A72BCE560A653848E0539E90DF0AEF24","FIN_IMPL","","","CUSTOMER_NAME","","S","","","S","FAH_INSURANCE"
"DEFAULT","CRLIFEINSPOLICYISSUE","CR Life Insurance Policy Issued","FAH_INSURANCE","DEFAULT","CRLIFEINSPOLICYISSUE","C","1","5","DEFAULT","FIN_IMPL","2014/02/04 21:14:06.0","N","","","2014/02/04 21:14:09.529","F1951E89E7FF126EE0436204548C65CF","FIN_IMPL","in State:","","","","","","","L",""
"DEFAULT","CRLIFEINSPOLICYISSUE","CR Life Insurance Policy Issued","FAH_INSURANCE","DEFAULT","CRLIFEINSPOLICYISSUE","C","1","6","DEFAULT","FIN_IMPL","2014/02/04 21:14:06.003","N","","","2020/06/04 05:53:50.584","A72BCE560A653848E0539E90DF0AEF24","FIN_IMPL","","","STATE","","S","","","S","FAH_INSURANCE"
"DEFAULT","INSURANCE_HEADER","Insurance Header","AHC_INSURANCE","DEFAULT","INSURANCE_HEADER","C","7","1","DEFAULT","FIN_IMPL","2018/03/06 06:29:26.475","N","","","2018/03/06 06:37:51.074","66B8A4FCD0219AA4E053E9A7FD0A5DFE","FIN_IMPL","Policy Number:","","","","","","","L",""
"DEFAULT","INSURANCE_HEADER","Insurance Header","AHC_INSURANCE","DEFAULT","INSURANCE_HEADER","C","7","2","DEFAULT","FIN_IMPL","2018/03/06 06:29:26.918","N","","","2020/06/04 05:53:51.022","A72BCE560A653848E0539E90DF0AEF24","FIN_IMPL","","","POLICY_NUMBER","","S","","","S","AHC_INSURANCE"
"DEFAULT","INSURANCE_HEADER","Insurance Header","AHC_INSURANCE","DEFAULT","INSURANCE_HEADER","C","7","3","DEFAULT","FIN_IMPL","2018/03/06 06:29:28.697","N","","","2018/03/06 06:37:51.409","66B8A4FCD0219AA4E053E9A7FD0A5DFE","FIN_IMPL","Coverage Amount:","","","","","","","L",""
"DEFAULT","INSURANCE_HEADER","Insurance Header","AHC_INSURANCE","DEFAULT","INSURANCE_HEADER","C","7","4","DEFAULT","FIN_IMPL","2018/03/06 06:29:28.71","N","","","2020/06/04 05:53:51.036","A72BCE560A653848E0539E90DF0AEF24","FIN_IMPL","","","POLICY_COVERAGE_AMOUNT","","S","","","S","AHC_INSURANCE"
"DEFAULT","INSURANCE_HEADER","Insurance Header","AHC_INSURANCE","DEFAULT","INSURANCE_HEADER","C","8","1","DEFAULT","FIN_IMPL","2018/03/06 06:32:47.393","N","","","2018/03/06 06:37:51.444","66B8A4FCD0219AA4E053E9A7FD0A5DFE","FIN_IMPL","Policy Number:","","","","","","","L",""
"DEFAULT","INSURANCE_HEADER","Insurance Header","AHC_INSURANCE","DEFAULT","INSURANCE_HEADER","C","8","2","DEFAULT","FIN_IMPL","2018/03/06 06:32:47.413","N","","","2020/06/04 05:53:51.046","A72BCE560A653848E0539E90DF0AEF24","FIN_IMPL","","","POLICY_NUMBER","","S","","","S","AHC_INSURANCE"
"DEFAULT","INSURANCE_HEADER","Insurance Header","AHC_INSURANCE","DEFAULT","INSURANCE_HEADER","C","8","3","DEFAULT","FIN_IMPL","2018/03/06 06:32:47.431","N","","","2018/03/06 06:37:51.475","66B8A4FCD0219AA4E053E9A7FD0A5DFE","FIN_IMPL","Reinsurance Code:","","","","","","","L",""
"DEFAULT","INSURANCE_HEADER","Insurance Header","AHC_INSURANCE","DEFAULT","INSURANCE_HEADER","C","8","4","DEFAULT","FIN_IMPL","2018/03/06 06:32:47.444","N","","","2020/06/04 05:53:51.055","A72BCE560A653848E0539E90DF0AEF24","FIN_IMPL","","","REINSURANCE_TYPE","","S","","","S","AHC_INSURANCE"
"DEFAULT","INSURANCE_HEADER","Insurance Header","AHC_INSURANCE","DEFAULT","INSURANCE_HEADER","C","8","7","DEFAULT","FIN_IMPL","2018/03/06 06:32:47.542","N","","","2020/06/04 05:53:51.065","A72BCE560A653848E0539E90DF0AEF24","FIN_IMPL","","","REINSURANCE_SHARE_PCT","","S","","","S","AHC_INSURANCE"
"DEFAULT","INSURANCE_HEADER","Insurance Header","AHC_INSURANCE","DEFAULT","INSURANCE_HEADER","C","8","5","DEFAULT","FIN_IMPL","2018/03/06 06:32:47.459","N","","","2020/06/04 05:53:51.073","A72BCE560A653848E0539E90DF0AEF24","FIN_IMPL","","","REINSURANCE_CODE","","S","","","S","AHC_INSURANCE"
"DEFAULT","INSURANCE_HEADER","Insurance Header","AHC_INSURANCE","DEFAULT","INSURANCE_HEADER","C","8","6","DEFAULT","FIN_IMPL","2018/03/06 06:32:47.528","N","","","2018/03/06 06:37:51.534","66B8A4FCD0219AA4E053E9A7FD0A5DFE","FIN_IMPL","Reinsurance Percent:","","","","","","","L",""
"DEFAULT","INSURANCE_HEADER","Insurance Header","AHC_INSURANCE","DEFAULT","INSURANCE_HEADER","C","9","1","DEFAULT","FIN_IMPL","2018/03/06 06:34:33.528","N","","","2018/03/06 06:37:51.566","66B8A4FCD0219AA4E053E9A7FD0A5DFE","FIN_IMPL","Insured:","","","","","","","L",""
"DEFAULT","INSURANCE_HEADER","Insurance Header","AHC_INSURANCE","DEFAULT","INSURANCE_HEADER","C","9","2","DEFAULT","FIN_IMPL","2018/03/06 06:34:33.544","N","","","2020/06/04 05:53:51.08","A72BCE560A653848E0539E90DF0AEF24","FIN_IMPL","","","INSURED_NAME","","S","","","S","AHC_INSURANCE"
"DEFAULT","INSURANCE_HEADER","Insurance Header","AHC_INSURANCE","DEFAULT","INSURANCE_HEADER","C","9","3","DEFAULT","FIN_IMPL","2018/03/06 06:34:33.617","N","","","2018/03/06 06:37:51.595","66B8A4FCD0219AA4E053E9A7FD0A5DFE","FIN_IMPL","Policy Number:","","","","","","","L",""
"DEFAULT","INSURANCE_HEADER","Insurance Header","AHC_INSURANCE","DEFAULT","INSURANCE_HEADER","C","9","4","DEFAULT","FIN_IMPL","2018/03/06 06:34:33.635","N","","","2020/06/04 05:53:51.086","A72BCE560A653848E0539E90DF0AEF24","FIN_IMPL","","","POLICY_NUMBER","","S","","","S","AHC_INSURANCE"
"DEFAULT","INSURANCE_HEADER","Insurance Header","AHC_INSURANCE","DEFAULT","INSURANCE_HEADER","C","9","5","DEFAULT","FIN_IMPL","2018/03/06 06:34:33.65","N","","","2018/03/06 06:37:51.626","66B8A4FCD0219AA4E053E9A7FD0A5DFE","FIN_IMPL","Payment Number:","","","","","","","L",""
"DEFAULT","INSURANCE_HEADER","Insurance Header","AHC_INSURANCE","DEFAULT","INSURANCE_HEADER","C","9","6","DEFAULT","FIN_IMPL","2018/03/06 06:34:33.662","N","","","2020/06/04 05:53:51.092","A72BCE560A653848E0539E90DF0AEF24","FIN_IMPL","","","PAYMENT_NUM","","S","","","S","AHC_INSURANCE"
"DEFAULT","INSURANCE_HEADER","Insurance Header","AHC_INSURANCE","DEFAULT","INSURANCE_HEADER","C","10","1","DEFAULT","FIN_IMPL","2018/03/06 06:35:13.552","N","","","2018/03/06 06:37:51.657","66B8A4FCD0219AA4E053E9A7FD0A5DFE","FIN_IMPL","Agent:","","","","","","","L",""
"DEFAULT","INSURANCE_HEADER","Insurance Header","AHC_INSURANCE","DEFAULT","INSURANCE_HEADER","C","10","2","DEFAULT","FIN_IMPL","2018/03/06 06:35:13.579","N","","","2020/06/04 05:53:51.099","A72BCE560A653848E0539E90DF0AEF24","FIN_IMPL","","","AGENT","","S","","","S","AHC_INSURANCE"
"DEFAULT","INSURANCE_HEADER","Insurance Header","AHC_INSURANCE","DEFAULT","INSURANCE_HEADER","C","10","3","DEFAULT","FIN_IMPL","2018/03/06 06:35:13.646","N","","","2018/03/06 06:37:51.686","66B8A4FCD0219AA4E053E9A7FD0A5DFE","FIN_IMPL","Policy Number:","","","","","","","L",""
"DEFAULT","INSURANCE_HEADER","Insurance Header","AHC_INSURANCE","DEFAULT","INSURANCE_HEADER","C","10","4","DEFAULT","FIN_IMPL","2018/03/06 06:35:13.671","N","","","2020/06/04 05:53:51.105","A72BCE560A653848E0539E90DF0AEF24","FIN_IMPL","","","POLICY_NUMBER","","S","","","S","AHC_INSURANCE"
"DEFAULT","INSURANCE_HEADER","Insurance Header","AHC_INSURANCE","DEFAULT","INSURANCE_HEADER","C","10","5","DEFAULT","FIN_IMPL","2018/03/06 06:35:13.689","N","","","2018/03/06 06:37:51.715","66B8A4FCD0219AA4E053E9A7FD0A5DFE","FIN_IMPL","Cost Center:","","","","","","","L",""
"DEFAULT","INSURANCE_HEADER","Insurance Header","AHC_INSURANCE","DEFAULT","INSURANCE_HEADER","C","10","6","DEFAULT","FIN_IMPL","2018/03/06 06:35:13.709","N","","","2020/06/04 05:53:51.121","A72BCE560A653848E0539E90DF0AEF24","FIN_IMPL","","","COST_CENTER","","S","","","S","AHC_INSURANCE"
"DEFAULT","INSURANCE_HEADER","Insurance Header","AHC_INSURANCE","DEFAULT","INSURANCE_HEADER","C","10","7","DEFAULT","FIN_IMPL","2018/03/06 06:35:13.766","N","","","2018/03/06 06:37:51.744","66B8A4FCD0219AA4E053E9A7FD0A5DFE","FIN_IMPL","Commission %:","","","","","","","L",""
"DEFAULT","INSURANCE_HEADER","Insurance Header","AHC_INSURANCE","DEFAULT","INSURANCE_HEADER","C","10","8","DEFAULT","FIN_IMPL","2018/03/06 06:35:13.789","N","","","2020/06/04 05:53:51.113","A72BCE560A653848E0539E90DF0AEF24","FIN_IMPL","","","COMMISSION_PERCENT","","S","","","S","AHC_INSURANCE"
"DEFAULT","INSURANCE_HEADER","Insurance Header","AHC_INSURANCE","DEFAULT","INSURANCE_HEADER","C","11","1","DEFAULT","FIN_IMPL","2018/03/06 06:35:43.733","N","","","2018/03/06 06:37:51.776","66B8A4FCD0219AA4E053E9A7FD0A5DFE","FIN_IMPL","Claim #:","","","","","","","L",""
"DEFAULT","INSURANCE_HEADER","Insurance Header","AHC_INSURANCE","DEFAULT","INSURANCE_HEADER","C","11","2","DEFAULT","FIN_IMPL","2018/03/06 06:35:43.756","N","","","2020/06/04 05:53:51.128","A72BCE560A653848E0539E90DF0AEF24","FIN_IMPL","","","CLAIM_NUM","","S","","","S","AHC_INSURANCE"
"DEFAULT","INSURANCE_HEADER","Insurance Header","AHC_INSURANCE","DEFAULT","INSURANCE_HEADER","C","11","3","DEFAULT","FIN_IMPL","2018/03/06 06:35:43.828","N","","","2018/03/06 06:37:51.82","66B8A4FCD0219AA4E053E9A7FD0A5DFE","FIN_IMPL","Policy Number:","","","","","","","L",""
"DEFAULT","INSURANCE_HEADER","Insurance Header","AHC_INSURANCE","DEFAULT","INSURANCE_HEADER","C","11","4","DEFAULT","FIN_IMPL","2018/03/06 06:35:43.849","N","","","2020/06/04 05:53:51.135","A72BCE560A653848E0539E90DF0AEF24","FIN_IMPL","","","POLICY_NUMBER","","S","","","S","AHC_INSURANCE"
"DEFAULT","INSURANCE_HEADER","Insurance Header","AHC_INSURANCE","DEFAULT","INSURANCE_HEADER","C","11","5","DEFAULT","FIN_IMPL","2018/03/06 06:35:43.863","N","","","2018/03/06 06:37:51.859","66B8A4FCD0219AA4E053E9A7FD0A5DFE","FIN_IMPL","Insured:","","","","","","","L",""
"DEFAULT","INSURANCE_HEADER","Insurance Header","AHC_INSURANCE","DEFAULT","INSURANCE_HEADER","C","11","6","DEFAULT","FIN_IMPL","2018/03/06 06:35:43.878","N","","","2020/06/04 05:53:51.142","A72BCE560A653848E0539E90DF0AEF24","FIN_IMPL","","","INSURED_NAME","","S","","","S","AHC_INSURANCE"
"DEFAULT","INSURANCE_HEADER","Insurance Header","AHC_INSURANCE","DEFAULT","INSURANCE_HEADER","C","12","1","DEFAULT","FIN_IMPL","2018/03/06 06:36:39.409","N","","","2018/03/06 06:37:51.901","66B8A4FCD0219AA4E053E9A7FD0A5DFE","FIN_IMPL","Claim #:","","","","","","","L",""
"DEFAULT","INSURANCE_HEADER","Insurance Header","AHC_INSURANCE","DEFAULT","INSURANCE_HEADER","C","12","2","DEFAULT","FIN_IMPL","2018/03/06 06:36:39.427","N","","","2020/06/04 05:53:51.151","A72BCE560A653848E0539E90DF0AEF24","FIN_IMPL","","","CLAIM_NUM","","S","","","S","AHC_INSURANCE"
"DEFAULT","INSURANCE_HEADER","Insurance Header","AHC_INSURANCE","DEFAULT","INSURANCE_HEADER","C","12","3","DEFAULT","FIN_IMPL","2018/03/06 06:36:39.484","N","","","2018/03/06 06:37:51.937","66B8A4FCD0219AA4E053E9A7FD0A5DFE","FIN_IMPL","Policy Number:","","","","","","","L",""
"DEFAULT","INSURANCE_HEADER","Insurance Header","AHC_INSURANCE","DEFAULT","INSURANCE_HEADER","C","12","4","DEFAULT","FIN_IMPL","2018/03/06 06:36:39.499","N","","","2020/06/04 05:53:51.161","A72BCE560A653848E0539E90DF0AEF24","FIN_IMPL","","","POLICY_NUMBER","","S","","","S","AHC_INSURANCE"
"DEFAULT","INSURANCE_HEADER","Insurance Header","AHC_INSURANCE","DEFAULT","INSURANCE_HEADER","C","12","10","DEFAULT","FIN_IMPL","2018/03/06 06:36:39.6","N","","","2020/06/04 05:53:51.169","A72BCE560A653848E0539E90DF0AEF24","FIN_IMPL","","","PAYEE_NAME","","S","","","S","AHC_INSURANCE"
"DEFAULT","INSURANCE_HEADER","Insurance Header","AHC_INSURANCE","DEFAULT","INSURANCE_HEADER","C","12","5","DEFAULT","FIN_IMPL","2018/03/06 06:36:39.514","N","","","2018/03/06 06:37:51.969","66B8A4FCD0219AA4E053E9A7FD0A5DFE","FIN_IMPL","Payment Type:","","","","","","","L",""
"DEFAULT","INSURANCE_HEADER","Insurance Header","AHC_INSURANCE","DEFAULT","INSURANCE_HEADER","C","12","6","DEFAULT","FIN_IMPL","2018/03/06 06:36:39.527","N","","","2020/06/04 05:53:51.177","A72BCE560A653848E0539E90DF0AEF24","FIN_IMPL","","","PAYMENT_TYPE","","S","","","S","AHC_INSURANCE"
"DEFAULT","INSURANCE_HEADER","Insurance Header","AHC_INSURANCE","DEFAULT","INSURANCE_HEADER","C","12","7","DEFAULT","FIN_IMPL","2018/03/06 06:36:39.559","N","","","2018/03/06 06:37:51.998","66B8A4FCD0219AA4E053E9A7FD0A5DFE","FIN_IMPL","Payment #:","","","","","","","L",""
"DEFAULT","INSURANCE_HEADER","Insurance Header","AHC_INSURANCE","DEFAULT","INSURANCE_HEADER","C","12","8","DEFAULT","FIN_IMPL","2018/03/06 06:36:39.573","N","","","2020/06/04 05:53:51.183","A72BCE560A653848E0539E90DF0AEF24","FIN_IMPL","","","PAYMENT_NUM","","S","","","S","AHC_INSURANCE"
"DEFAULT","INSURANCE_HEADER","Insurance Header","AHC_INSURANCE","DEFAULT","INSURANCE_HEADER","C","12","9","DEFAULT","FIN_IMPL","2018/03/06 06:36:39.586","N","","","2018/03/06 06:37:52.032","66B8A4FCD0219AA4E053E9A7FD0A5DFE","FIN_IMPL","Payee:","","","","","","","L",""
"DEFAULT","AUTOCLAIMPAID","Auto Claim Paid","FAH_INSURANCE","DEFAULT","AUTOCLAIMPAID","C","1","1","DEFAULT","FIN_IMPL","2014/02/04 21:09:37.988","N","","","2014/02/04 21:09:41.561","F1951E89E7FF126EE0436204548C65CF","FIN_IMPL","Auto Insurance Policy Number:","","","","","","","L",""
"DEFAULT","AUTOCLAIMPAID","Auto Claim Paid","FAH_INSURANCE","DEFAULT","AUTOCLAIMPAID","C","1","2","DEFAULT","FIN_IMPL","2014/02/04 21:09:37.991","N","","","2020/06/04 05:53:50.402","A72BCE560A653848E0539E90DF0AEF24","FIN_IMPL","","","POLICY_NUMBER","","S","","","S","FAH_INSURANCE"
"DEFAULT","AUTOCLAIMPAID","Auto Claim Paid","FAH_INSURANCE","DEFAULT","AUTOCLAIMPAID","C","1","3","DEFAULT","FIN_IMPL","2014/02/04 21:09:37.998","N","","","2014/02/04 21:09:41.882","F1951E89E7FF126EE0436204548C65CF","FIN_IMPL","Claim Paid for Insured:","","","","","","","L",""
"DEFAULT","AUTOCLAIMPAID","Auto Claim Paid","FAH_INSURANCE","DEFAULT","AUTOCLAIMPAID","C","1","4","DEFAULT","FIN_IMPL","2014/02/04 21:09:38.003","N","","","2020/06/04 05:53:50.411","A72BCE560A653848E0539E90DF0AEF24","FIN_IMPL","","","CUSTOMER_NAME","","S","","","S","FAH_INSURANCE"
"DEFAULT","AUTOCLAIMPAID","Auto Claim Paid","FAH_INSURANCE","DEFAULT","AUTOCLAIMPAID","C","1","5","DEFAULT","FIN_IMPL","2014/02/04 21:09:38.008","N","","","2014/02/04 21:09:41.885","F1951E89E7FF126EE0436204548C65CF","FIN_IMPL","in State:","","","","","","","L",""
"DEFAULT","AUTOCLAIMPAID","Auto Claim Paid","FAH_INSURANCE","DEFAULT","AUTOCLAIMPAID","C","1","6","DEFAULT","FIN_IMPL","2014/02/04 21:09:38.011","N","","","2020/06/04 05:53:50.417","A72BCE560A653848E0539E90DF0AEF24","FIN_IMPL","","","STATE","","S","","","S","FAH_INSURANCE"
"DEFAULT","AUTOCLAIMREPORTED","Auto Claim Reported","FAH_INSURANCE","DEFAULT","AUTOCLAIMREPORTED","C","1","1","DEFAULT","FIN_IMPL","2014/02/04 21:10:25.348","N","","","2014/02/04 21:10:48.724","F1951E89E7FF126EE0436204548C65CF","FIN_IMPL","Auto Insurance Policy Number:","","","","","","","L",""
"DEFAULT","AUTOCLAIMREPORTED","Auto Claim Reported","FAH_INSURANCE","DEFAULT","AUTOCLAIMREPORTED","C","1","2","DEFAULT","FIN_IMPL","2014/02/04 21:10:25.352","N","","","2020/06/04 05:53:50.426","A72BCE560A653848E0539E90DF0AEF24","FIN_IMPL","","","POLICY_NUMBER","","S","","","S","FAH_INSURANCE"
"DEFAULT","AUTOCLAIMREPORTED","Auto Claim Reported","FAH_INSURANCE","DEFAULT","AUTOCLAIMREPORTED","C","1","3","DEFAULT","FIN_IMPL","2014/02/04 21:10:25.357","N","","","2014/02/04 21:10:48.731","F1951E89E7FF126EE0436204548C65CF","FIN_IMPL","Claim Reported for Insured:","","","","","","","L",""
"DEFAULT","AUTOCLAIMREPORTED","Auto Claim Reported","FAH_INSURANCE","DEFAULT","AUTOCLAIMREPORTED","C","1","4","DEFAULT","FIN_IMPL","2014/02/04 21:10:25.362","N","","","2020/06/04 05:53:50.435","A72BCE560A653848E0539E90DF0AEF24","FIN_IMPL","","","CUSTOMER_NAME","","S","","","S","FAH_INSURANCE"
"DEFAULT","AUTOCLAIMREPORTED","Auto Claim Reported","FAH_INSURANCE","DEFAULT","AUTOCLAIMREPORTED","C","1","5","DEFAULT","FIN_IMPL","2014/02/04 21:10:25.365","N","","","2014/02/04 21:10:48.734","F1951E89E7FF126EE0436204548C65CF","FIN_IMPL","in State:","","","","","","","L",""
"DEFAULT","AUTOCLAIMREPORTED","Auto Claim Reported","FAH_INSURANCE","DEFAULT","AUTOCLAIMREPORTED","C","1","6","DEFAULT","FIN_IMPL","2014/02/04 21:10:25.373","N","","","2020/06/04 05:53:50.441","A72BCE560A653848E0539E90DF0AEF24","FIN_IMPL","","","STATE","","S","","","S","FAH_INSURANCE"
"DEFAULT","TRANSACTION_HEADER","Billing System Header","FAH_BILLING","DEFAULT","TRANSACTION_HEADER","C","3","1","DEFAULT","FIN_IMPL","2014/02/17 18:41:01.296","N","","","2014/02/17 18:41:19.409","F29DFF1DD33372D1E0436204548C72A0","FIN_IMPL","Journal From","","","","","","","L",""
"DEFAULT","TRANSACTION_HEADER","Billing System Header","FAH_BILLING","DEFAULT","TRANSACTION_HEADER","C","3","2","DEFAULT","FIN_IMPL","2014/02/17 18:41:01.299","N","","","2020/06/04 05:53:50.589","A72BCE560A653848E0539E90DF0AEF24","FIN_IMPL","","","ADDITIONAL_ATTRIBUTE_1","","S","","","S","FAH_BILLING"
"DEFAULT","TRANSACTION_HEADER","Billing System Header","FAH_BILLING","DEFAULT","TRANSACTION_HEADER","C","4","1","DEFAULT","FIN_IMPL","2014/02/17 18:41:16.141","N","","","2014/02/17 18:41:19.435","F29DFF1DD33372D1E0436204548C72A0","FIN_IMPL","Journal from External Transaction System","","","","","","","L",""
"DEFAULT","TRANSACTION_LINE","Billing System Line","FAH_BILLING","DEFAULT","TRANSACTION_LINE","C","4","1","DEFAULT","FIN_IMPL","2014/02/17 18:52:15.062","N","","","2020/06/04 05:53:50.611","A72BCE560A653848E0539E90DF0AEF24","FIN_IMPL","","","ADDITIONAL_ATTRIBUTE_2","","S","","","S","FAH_BILLING"
"DEFAULT","TRANSACTION_LINE","Billing System Line","FAH_BILLING","DEFAULT","TRANSACTION_LINE","C","4","2","DEFAULT","FIN_IMPL","2014/02/17 18:52:15.067","N","","","2014/02/17 18:53:58.819","F29DFF1DD33372D1E0436204548C72A0","FIN_IMPL","for Customer","","","","","","","L",""
"DEFAULT","TRANSACTION_LINE","Billing System Line","FAH_BILLING","DEFAULT","TRANSACTION_LINE","C","4","3","DEFAULT","FIN_IMPL","2014/02/17 18:52:15.072","N","","","2020/06/04 05:53:50.622","A72BCE560A653848E0539E90DF0AEF24","FIN_IMPL","","","CUSTOMER_NAME","","S","","","S","FAH_BILLING"
"DEFAULT","TRANSACTION_LINE","Billing System Line","FAH_BILLING","DEFAULT","TRANSACTION_LINE","C","5","1","DEFAULT","FIN_IMPL","2014/02/17 18:53:01.877","N","","","2020/06/04 05:53:50.633","A72BCE560A653848E0539E90DF0AEF24","FIN_IMPL","","","TRANSACTION_TYPE","","S","","","S","FAH_BILLING"
"DEFAULT","TRANSACTION_LINE","Billing System Line","FAH_BILLING","DEFAULT","TRANSACTION_LINE","C","5","2","DEFAULT","FIN_IMPL","2014/02/17 18:53:01.881","N","","","2014/02/17 18:53:58.823","F29DFF1DD33372D1E0436204548C72A0","FIN_IMPL","for Customer","","","","","","","L",""
"DEFAULT","TRANSACTION_LINE","Billing System Line","FAH_BILLING","DEFAULT","TRANSACTION_LINE","C","5","3","DEFAULT","FIN_IMPL","2014/02/17 18:53:01.886","N","","","2020/06/04 05:53:50.642","A72BCE560A653848E0539E90DF0AEF24","FIN_IMPL","","","CUSTOMER_NAME","","S","","","S","FAH_BILLING"
"DEFAULT","TRANSACTION_LINE","Billing System Line","FAH_BILLING","DEFAULT","TRANSACTION_LINE","C","6","1","DEFAULT","FIN_IMPL","2014/02/17 18:53:44.266","N","","","2020/06/04 05:53:50.65","A72BCE560A653848E0539E90DF0AEF24","FIN_IMPL","","","TRANSACTION_TYPE","","S","","","S","FAH_BILLING"
"DEFAULT","TRANSACTION_LINE","Billing System Line","FAH_BILLING","DEFAULT","TRANSACTION_LINE","C","6","2","DEFAULT","FIN_IMPL","2014/02/17 18:53:44.269","N","","","2014/02/17 18:53:58.827","F29DFF1DD33372D1E0436204548C72A0","FIN_IMPL","for Account","","","","","","","L",""
"DEFAULT","TRANSACTION_LINE","Billing System Line","FAH_BILLING","DEFAULT","TRANSACTION_LINE","C","6","3","DEFAULT","FIN_IMPL","2014/02/17 18:53:44.274","N","","","2020/06/04 05:53:50.657","A72BCE560A653848E0539E90DF0AEF24","FIN_IMPL","","","CUST_ACCOUNT_NUMBER","","S","","","S","FAH_BILLING"
"DEFAULT","TRANS_REVENUE_ADJ_IFRS","Billing Revenue Adjustment IFRS","FAH_BILLING","DEFAULT","TRANS_REVENUE_ADJ_IFRS","C","1","1","DEFAULT","FIN_IMPL","2014/02/17 18:37:27.386","N","","","2014/02/17 18:37:32.439","F29DFF1DD33372D1E0436204548C72A0","FIN_IMPL","Revenue adjustment for IFRS accounting","","","","","","","L",""
"DEFAULT","AUTOCOMMISSIONPAID","Auto Commission Paid","FAH_INSURANCE","DEFAULT","AUTOCOMMISSIONPAID","C","1","1","DEFAULT","FIN_IMPL","2014/02/04 21:11:17.123","N","","","2014/02/04 21:11:35.834","F1951E89E7FF126EE0436204548C65CF","FIN_IMPL","Auto Commission Paid to Agent:","","","","","","","L",""
"DEFAULT","AUTOCOMMISSIONPAID","Auto Commission Paid","FAH_INSURANCE","DEFAULT","AUTOCOMMISSIONPAID","C","1","2","DEFAULT","FIN_IMPL","2014/02/04 21:11:17.126","N","","","2020/06/04 05:53:50.455","A72BCE560A653848E0539E90DF0AEF24","FIN_IMPL","","","ACCOUNT_MANAGER","","S","","","S","FAH_INSURANCE"
"DEFAULT","AUTOCOMMISSIONPAID","Auto Commission Paid","FAH_INSURANCE","DEFAULT","AUTOCOMMISSIONPAID","C","1","3","DEFAULT","FIN_IMPL","2014/02/04 21:11:17.131","N","","","2014/02/04 21:11:35.838","F1951E89E7FF126EE0436204548C65CF","FIN_IMPL","in Territory:","","","","","","","L",""
"DEFAULT","AUTOCOMMISSIONPAID","Auto Commission Paid","FAH_INSURANCE","DEFAULT","AUTOCOMMISSIONPAID","C","1","4","DEFAULT","FIN_IMPL","2014/02/04 21:11:17.135","N","","","2020/06/04 05:53:50.463","A72BCE560A653848E0539E90DF0AEF24","FIN_IMPL","","","TERRITORY","","S","","","S","FAH_INSURANCE"
"DEFAULT","AUTOCOMMISSIONPAID","Auto Commission Paid","FAH_INSURANCE","DEFAULT","AUTOCOMMISSIONPAID","C","1","5","DEFAULT","FIN_IMPL","2014/02/04 21:11:17.139","N","","","2014/02/04 21:11:35.84","F1951E89E7FF126EE0436204548C65CF","FIN_IMPL","for Policy Number:","","","","","","","L",""
"DEFAULT","AUTOCOMMISSIONPAID","Auto Commission Paid","FAH_INSURANCE","DEFAULT","AUTOCOMMISSIONPAID","C","1","6","DEFAULT","FIN_IMPL","2014/02/04 21:11:17.144","N","","","2020/06/04 05:53:50.47","A72BCE560A653848E0539E90DF0AEF24","FIN_IMPL","","","POLICY_NUMBER","","S","","","S","FAH_INSURANCE"
"DEFAULT","AUTOINSPOLICYPAY","Auto Insurance Policy Payment","FAH_INSURANCE","DEFAULT","AUTOINSPOLICYPAY","C","1","1","DEFAULT","FIN_IMPL","2014/02/04 21:12:22.714","N","","","2014/02/04 21:12:31.146","F1951E89E7FF126EE0436204548C65CF","FIN_IMPL","Auto Insurance Policy Number:","","","","","","","L",""
"DEFAULT","AUTOINSPOLICYPAY","Auto Insurance Policy Payment","FAH_INSURANCE","DEFAULT","AUTOINSPOLICYPAY","C","1","2","DEFAULT","FIN_IMPL","2014/02/04 21:12:22.717","N","","","2020/06/04 05:53:50.53","A72BCE560A653848E0539E90DF0AEF24","FIN_IMPL","","","POLICY_NUMBER","","S","","","S","FAH_INSURANCE"
"DEFAULT","AUTOINSPOLICYPAY","Auto Insurance Policy Payment","FAH_INSURANCE","DEFAULT","AUTOINSPOLICYPAY","C","1","3","DEFAULT","FIN_IMPL","2014/02/04 21:12:22.721","N","","","2014/02/04 21:12:31.148","F1951E89E7FF126EE0436204548C65CF","FIN_IMPL","Payment for Insured:","","","","","","","L",""
"DEFAULT","AUTOINSPOLICYPAY","Auto Insurance Policy Payment","FAH_INSURANCE","DEFAULT","AUTOINSPOLICYPAY","C","1","4","DEFAULT","FIN_IMPL","2014/02/04 21:12:22.724","N","","","2020/06/04 05:53:50.54","A72BCE560A653848E0539E90DF0AEF24","FIN_IMPL","","","CUSTOMER_NAME","","S","","","S","FAH_INSURANCE"
"DEFAULT","IFRS_TRANSACTION_LINE","Billing System Line IFRS","FAH_BILLING","DEFAULT","IFRS_TRANSACTION_LINE","C","6","1","DEFAULT","FIN_IMPL","2014/02/17 18:54:59.533","N","","","2014/02/17 18:55:26.089","F29DFF1DD33372D1E0436204548C72A0","FIN_IMPL","IFRS","","","","","","","L",""
"DEFAULT","IFRS_TRANSACTION_LINE","Billing System Line IFRS","FAH_BILLING","DEFAULT","IFRS_TRANSACTION_LINE","C","6","2","DEFAULT","FIN_IMPL","2014/02/17 18:54:59.536","N","","","2020/06/04 05:53:50.664","A72BCE560A653848E0539E90DF0AEF24","FIN_IMPL","","","ADDITIONAL_ATTRIBUTE_2","","S","","","S","FAH_BILLING"
"DEFAULT","IFRS_TRANSACTION_LINE","Billing System Line IFRS","FAH_BILLING","DEFAULT","IFRS_TRANSACTION_LINE","C","6","3","DEFAULT","FIN_IMPL","2014/02/17 18:54:59.542","N","","","2014/02/17 18:55:26.092","F29DFF1DD33372D1E0436204548C72A0","FIN_IMPL","journal line for Customer","","","","","","","L",""
"DEFAULT","IFRS_TRANSACTION_LINE","Billing System Line IFRS","FAH_BILLING","DEFAULT","IFRS_TRANSACTION_LINE","C","6","4","DEFAULT","FIN_IMPL","2014/02/17 18:54:59.546","N","","","2020/06/04 05:53:50.675","A72BCE560A653848E0539E90DF0AEF24","FIN_IMPL","","","CUSTOMER_NAME","","S","","","S","FAH_BILLING"
"DEFAULT","IFRS_TRANSACTION_LINE","Billing System Line IFRS","FAH_BILLING","DEFAULT","IFRS_TRANSACTION_LINE","C","7","1","DEFAULT","FIN_IMPL","2014/02/17 18:55:57.018","N","","","2014/02/17 18:56:12.077","F29DFF1DD33372D1E0436204548C72A0","FIN_IMPL","IFRS","","","","","","","L",""
"DEFAULT","IFRS_TRANSACTION_LINE","Billing System Line IFRS","FAH_BILLING","DEFAULT","IFRS_TRANSACTION_LINE","C","7","2","DEFAULT","FIN_IMPL","2014/02/17 18:55:57.023","N","","","2020/06/04 05:53:50.685","A72BCE560A653848E0539E90DF0AEF24","FIN_IMPL","","","TRANSACTION_TYPE","","S","","","S","FAH_BILLING"
"DEFAULT","IFRS_TRANSACTION_LINE","Billing System Line IFRS","FAH_BILLING","DEFAULT","IFRS_TRANSACTION_LINE","C","7","3","DEFAULT","FIN_IMPL","2014/02/17 18:55:57.03","N","","","2014/02/17 18:56:12.08","F29DFF1DD33372D1E0436204548C72A0","FIN_IMPL","journal line for Customer","","","","","","","L",""
"DEFAULT","IFRS_TRANSACTION_LINE","Billing System Line IFRS","FAH_BILLING","DEFAULT","IFRS_TRANSACTION_LINE","C","7","4","DEFAULT","FIN_IMPL","2014/02/17 18:55:57.033","N","","","2020/06/04 05:53:50.692","A72BCE560A653848E0539E90DF0AEF24","FIN_IMPL","","","CUSTOMER_NAME","","S","","","S","FAH_BILLING"
"DEFAULT","IFRS_TRANSACTION_LINE","Billing System Line IFRS","FAH_BILLING","DEFAULT","IFRS_TRANSACTION_LINE","C","8","1","DEFAULT","FIN_IMPL","2014/02/17 18:56:52.038","N","","","2014/02/17 18:56:59.226","F29DFF1DD33372D1E0436204548C72A0","FIN_IMPL","IFRS","","","","","","","L",""
"DEFAULT","IFRS_TRANSACTION_LINE","Billing System Line IFRS","FAH_BILLING","DEFAULT","IFRS_TRANSACTION_LINE","C","8","2","DEFAULT","FIN_IMPL","2014/02/17 18:56:52.041","N","","","2020/06/04 05:53:50.699","A72BCE560A653848E0539E90DF0AEF24","FIN_IMPL","","","TRANSACTION_TYPE","","S","","","S","FAH_BILLING"
"DEFAULT","IFRS_TRANSACTION_LINE","Billing System Line IFRS","FAH_BILLING","DEFAULT","IFRS_TRANSACTION_LINE","C","8","3","DEFAULT","FIN_IMPL","2014/02/17 18:56:52.047","N","","","2014/02/17 18:56:59.229","F29DFF1DD33372D1E0436204548C72A0","FIN_IMPL","journal line for Account","","","","","","","L",""
"DEFAULT","IFRS_TRANSACTION_LINE","Billing System Line IFRS","FAH_BILLING","DEFAULT","IFRS_TRANSACTION_LINE","C","8","4","DEFAULT","FIN_IMPL","2014/02/17 18:56:52.05","N","","","2020/06/04 05:53:50.705","A72BCE560A653848E0539E90DF0AEF24","FIN_IMPL","","","CUST_ACCOUNT_NUMBER","","S","","","S","FAH_BILLING"
"DEFAULT","IFRS_TRANSACTION_HEADER","Billing System Header IFRS","FAH_BILLING","DEFAULT","IFRS_TRANSACTION_HEADER","C","3","1","DEFAULT","FIN_IMPL","2014/02/17 18:44:04.279","N","","","2014/02/17 18:44:17.166","F29DFF1DD33372D1E0436204548C72A0","FIN_IMPL","IFRS Journal from","","","","","","","L",""
"DEFAULT","IFRS_TRANSACTION_HEADER","Billing System Header IFRS","FAH_BILLING","DEFAULT","IFRS_TRANSACTION_HEADER","C","3","2","DEFAULT","FIN_IMPL","2014/02/17 18:44:04.282","N","","","2020/06/04 05:53:50.602","A72BCE560A653848E0539E90DF0AEF24","FIN_IMPL","","","ADDITIONAL_ATTRIBUTE_1","","S","","","S","FAH_BILLING"
"DEFAULT","IFRS_TRANSACTION_HEADER","Billing System Header IFRS","FAH_BILLING","DEFAULT","IFRS_TRANSACTION_HEADER","C","4","1","DEFAULT","FIN_IMPL","2014/02/17 18:44:11.367","N","","","2014/02/17 18:44:17.169","F29DFF1DD33372D1E0436204548C72A0","FIN_IMPL","IFRS Journal from External Transaction System","","","","","","","L",""
"DEFAULT","INSU_LINE_EP_MPA","Insurance Line EP MPA","AHC_INSURANCE","DEFAULT","INSU_LINE_EP_MPA","C","1","1","DEFAULT","FIN_IMPL","2018/03/06 06:40:27.122","N","","","2018/03/06 06:40:36.085","66B8A4FCD0219AA4E053E9A7FD0A5DFE","FIN_IMPL","Earned Premium MPA Line for Policy:","","","","","","","L",""
"DEFAULT","INSU_LINE_EP_MPA","Insurance Line EP MPA","AHC_INSURANCE","DEFAULT","INSU_LINE_EP_MPA","C","1","2","DEFAULT","FIN_IMPL","2018/03/06 06:40:27.132","N","","","2020/06/04 05:53:51.241","A72BCE560A653848E0539E90DF0AEF24","FIN_IMPL","","","POLICY_NUMBER","","S","","","S","AHC_INSURANCE"
"DEFAULT","INSU_LINE_EP_MPA","Insurance Line EP MPA","AHC_INSURANCE","DEFAULT","INSU_LINE_EP_MPA","C","1","4","DEFAULT","FIN_IMPL","2018/03/06 06:40:27.161","N","","","2020/06/04 05:53:51.249","A72BCE560A653848E0539E90DF0AEF24","FIN_IMPL","","","POLICY_TERM_MO","","S","","","S","AHC_INSURANCE"
"DEFAULT","INSU_LINE_EP_MPA","Insurance Line EP MPA","AHC_INSURANCE","DEFAULT","INSU_LINE_EP_MPA","C","1","3","DEFAULT","FIN_IMPL","2018/03/06 06:40:27.151","N","","","2018/03/06 06:40:36.116","66B8A4FCD0219AA4E053E9A7FD0A5DFE","FIN_IMPL","Policy Term in Months:","","","","","","","L",""
"DEFAULT","AHC_HEADER_DESC","Loan Header description","AHC_LOAN","DEFAULT","AHC_HEADER_DESC","C","1","1","DEFAULT","FIN_IMPL","2017/11/01 22:07:23.941","N","","","2017/11/01 22:08:51.363","5CF3905B80BD17DBE0538DADFD0ABCE2","FIN_IMPL","Loan:","","","","","","","L",""
"DEFAULT","AHC_HEADER_DESC","Loan Header description","AHC_LOAN","DEFAULT","AHC_HEADER_DESC","C","1","2","DEFAULT","FIN_IMPL","2017/11/01 22:07:25.318","N","","","2020/06/04 05:53:50.711","A72BCE560A653848E0539E90DF0AEF24","FIN_IMPL","","","ACCOUNT_NUMBER","","S","","","S","AHC_LOAN"
"DEFAULT","AHC_HEADER_DESC","Loan Header description","AHC_LOAN","DEFAULT","AHC_HEADER_DESC","C","1","3","DEFAULT","FIN_IMPL","2017/11/01 22:07:27.9","N","","","2020/06/04 05:53:50.719","A72BCE560A653848E0539E90DF0AEF24","FIN_IMPL","","","TERM","","S","","","S","AHC_LOAN"
"DEFAULT","AHC_HEADER_DESC","Loan Header description","AHC_LOAN","DEFAULT","AHC_HEADER_DESC","C","1","4","DEFAULT","FIN_IMPL","2017/11/01 22:07:27.947","N","","","2020/06/04 05:53:50.725","A72BCE560A653848E0539E90DF0AEF24","FIN_IMPL","","","YEAR_IN_DESCRIPTION","","F","","C","S","AHC_LOAN"
"DEFAULT","AHC_HEADER_DESC","Loan Header description","AHC_LOAN","DEFAULT","AHC_HEADER_DESC","C","1","5","DEFAULT","FIN_IMPL","2017/11/01 22:07:28.346","N","","","2020/06/04 05:53:50.737","A72BCE560A653848E0539E90DF0AEF24","FIN_IMPL","","","ACCOUNT_CURRENCY","","S","","","S","AHC_LOAN"
"DEFAULT","AHC_HEADER_DESC","Loan Header description","AHC_LOAN","DEFAULT","AHC_HEADER_DESC","C","1","6","DEFAULT","FIN_IMPL","2017/11/01 22:07:28.385","N","","","2020/06/04 05:53:50.743","A72BCE560A653848E0539E90DF0AEF24","FIN_IMPL","","","ORIGINAL_BALANCE","","S","","","S","AHC_LOAN"
"DEFAULT","AHC_HEADER_DESC","Loan Header description","AHC_LOAN","DEFAULT","AHC_HEADER_DESC","C","1","8","DEFAULT","FIN_IMPL","2017/11/01 22:07:28.489","N","","","2020/06/04 05:53:50.731","A72BCE560A653848E0539E90DF0AEF24","FIN_IMPL","","","CUSTOMER","","S","","","S","AHC_LOAN"
"DEFAULT","AHC_HEADER_DESC","Loan Header description","AHC_LOAN","DEFAULT","AHC_HEADER_DESC","C","1","7","DEFAULT","FIN_IMPL","2017/11/01 22:07:28.474","N","","","2017/11/01 22:08:51.842","5CF3905B80BD17DBE0538DADFD0ABCE2","FIN_IMPL","- Customer:","","","","","","","L",""
"DEFAULT","AHC_CASH_LINE_INFO","Loan Cash line information","AHC_LOAN","DEFAULT","AHC_CASH_LINE_INFO","C","1","1","DEFAULT","FIN_IMPL","2017/11/01 22:10:26.84","N","","","2017/11/01 22:10:35.06","5CF41EAF5B3E625FE0538DADFD0A913E","FIN_IMPL","Loan:","","","","","","","L",""
"DEFAULT","AHC_CASH_LINE_INFO","Loan Cash line information","AHC_LOAN","DEFAULT","AHC_CASH_LINE_INFO","C","1","2","DEFAULT","FIN_IMPL","2017/11/01 22:10:26.853","N","","","2020/06/04 05:53:50.751","A72BCE560A653848E0539E90DF0AEF24","FIN_IMPL","","","ACCOUNT_NUMBER","","S","","","S","AHC_LOAN"
"DEFAULT","AHC_CASH_LINE_INFO","Loan Cash line information","AHC_LOAN","DEFAULT","AHC_CASH_LINE_INFO","C","1","3","DEFAULT","FIN_IMPL","2017/11/01 22:10:26.87","N","","","2020/06/04 05:53:50.76","A72BCE560A653848E0539E90DF0AEF24","FIN_IMPL","","","ACCOUNT_CURRENCY","","S","","","S","AHC_LOAN"
"DEFAULT","AHC_CASH_LINE_INFO","Loan Cash line information","AHC_LOAN","DEFAULT","AHC_CASH_LINE_INFO","C","1","4","DEFAULT","FIN_IMPL","2017/11/01 22:10:26.882","N","","","2020/06/04 05:53:50.767","A72BCE560A653848E0539E90DF0AEF24","FIN_IMPL","","","ORIGINAL_BALANCE","","S","","","S","AHC_LOAN"
"DEFAULT","AHC_LINE_INFO","Loan Line Information","AHC_LOAN","DEFAULT","AHC_LINE_INFO","C","1","1","DEFAULT","FIN_IMPL","2017/11/01 22:09:33.468","N","","","2017/11/01 22:09:41.307","5CF41F5966FD67CCE0538DADFD0AC73F","FIN_IMPL","Loan:","","","","","","","L",""
"DEFAULT","AHC_LINE_INFO","Loan Line Information","AHC_LOAN","DEFAULT","AHC_LINE_INFO","C","1","2","DEFAULT","FIN_IMPL","2017/11/01 22:09:33.484","N","","","2020/06/04 05:53:50.853","A72BCE560A653848E0539E90DF0AEF24","FIN_IMPL","","","ACCOUNT_NUMBER","","S","","","S","AHC_LOAN"
"DEFAULT","AHC_LINE_INFO","Loan Line Information","AHC_LOAN","DEFAULT","AHC_LINE_INFO","C","1","3","DEFAULT","FIN_IMPL","2017/11/01 22:09:33.513","N","","","2020/06/04 05:53:50.863","A72BCE560A653848E0539E90DF0AEF24","FIN_IMPL","","","ACCOUNT_CURRENCY","","S","","","S","AHC_LOAN"
"DEFAULT","AHC_LINE_INFO","Loan Line Information","AHC_LOAN","DEFAULT","AHC_LINE_INFO","C","1","4","DEFAULT","FIN_IMPL","2017/11/01 22:09:33.539","N","","","2020/06/04 05:53:50.872","A72BCE560A653848E0539E90DF0AEF24","FIN_IMPL","","","ORIGINAL_BALANCE","","S","","","S","AHC_LOAN"
"DEFAULT","AHC_LINE_INFO","Loan Line Information","AHC_LOAN","DEFAULT","AHC_LINE_INFO","C","1","5","DEFAULT","FIN_IMPL","2017/11/01 22:09:33.554","N","","","2017/11/01 22:09:41.456","5CF41F5966FD67CCE0538DADFD0AC73F","FIN_IMPL","-","","","","","","","L",""
"DEFAULT","AHC_LINE_INFO","Loan Line Information","AHC_LOAN","DEFAULT","AHC_LINE_INFO","C","1","6","DEFAULT","FIN_IMPL","2017/11/01 22:09:33.565","N","","","2020/06/04 05:53:50.881","A72BCE560A653848E0539E90DF0AEF24","FIN_IMPL","","","LOAN_LINE_TYPE","","F","","C","S","AHC_LOAN"
"DEFAULT","BILLING_HEADER_DESC","Billing Header description","AHC_BILLING","DEFAULT","BILLING_HEADER_DESC","C","1","1","DEFAULT","FIN_IMPL","2017/12/28 08:58:00.824","N","","","2017/12/28 08:58:11.234","615CA35573826868E0536AA0FD0A112A","FIN_IMPL","Customer Name:","","","","","","","L",""
"DEFAULT","BILLING_HEADER_DESC","Billing Header description","AHC_BILLING","DEFAULT","BILLING_HEADER_DESC","C","1","2","DEFAULT","FIN_IMPL","2017/12/28 08:58:00.857","N","","","2020/06/04 05:53:50.774","A72BCE560A653848E0539E90DF0AEF24","FIN_IMPL","","","CUSTOMER_NAME","","S","","","S","AHC_BILLING"
"DEFAULT","BILLING_HEADER_DESC","Billing Header description","AHC_BILLING","DEFAULT","BILLING_HEADER_DESC","C","1","3","DEFAULT","FIN_IMPL","2017/12/28 08:58:03.074","N","","","2017/12/28 08:58:11.465","615CA35573826868E0536AA0FD0A112A","FIN_IMPL","Contract Number:","","","","","","","L",""
"DEFAULT","BILLING_HEADER_DESC","Billing Header description","AHC_BILLING","DEFAULT","BILLING_HEADER_DESC","C","1","4","DEFAULT","FIN_IMPL","2017/12/28 08:58:03.091","N","","","2020/06/04 05:53:50.784","A72BCE560A653848E0539E90DF0AEF24","FIN_IMPL","","","CONTRACT_NUMBER","","S","","","S","AHC_BILLING"
"DEFAULT","BILLING_HEADER_DESC","Billing Header description","AHC_BILLING","DEFAULT","BILLING_HEADER_DESC","C","1","5","DEFAULT","FIN_IMPL","2017/12/28 08:58:03.117","N","","","2017/12/28 08:58:11.549","615CA35573826868E0536AA0FD0A112A","FIN_IMPL","Transaction Type:","","","","","","","L",""
"DEFAULT","BILLING_HEADER_DESC","Billing Header description","AHC_BILLING","DEFAULT","BILLING_HEADER_DESC","C","1","6","DEFAULT","FIN_IMPL","2017/12/28 08:58:03.137","N","","","2020/06/04 05:53:50.79","A72BCE560A653848E0539E90DF0AEF24","FIN_IMPL","","","XLA_EVENT_TYPE_NAME","","Y","","","S","XLA"
"DEFAULT","BILLING_LINE_DESC","Billing Line Description","AHC_BILLING","DEFAULT","BILLING_LINE_DESC","C","1","1","DEFAULT","FIN_IMPL","2018/02/28 09:12:45.0","N","","","2018/02/28 09:12:52.407","66430E21F4EEDBC1E053E9A7FD0ACC4C","FIN_IMPL","Product Description:","","","","","","","L",""
"DEFAULT","BILLING_LINE_DESC","Billing Line Description","AHC_BILLING","DEFAULT","BILLING_LINE_DESC","C","1","2","DEFAULT","FIN_IMPL","2018/02/28 09:12:45.515","N","","","2020/06/04 05:53:50.892","A72BCE560A653848E0539E90DF0AEF24","FIN_IMPL","","","PRODUCT_OFFERING_DESC","","S","","","S","AHC_BILLING"
"DEFAULT","BILLING_LINE_DESC","Billing Line Description","AHC_BILLING","DEFAULT","BILLING_LINE_DESC","C","1","3","DEFAULT","FIN_IMPL","2018/02/28 09:12:47.729","N","","","2018/02/28 09:12:52.663","66430E21F4EEDBC1E053E9A7FD0ACC4C","FIN_IMPL","Transaction Number:","","","","","","","L",""
"DEFAULT","BILLING_LINE_DESC","Billing Line Description","AHC_BILLING","DEFAULT","BILLING_LINE_DESC","C","1","4","DEFAULT","FIN_IMPL","2018/02/28 09:12:47.744","N","","","2020/06/04 05:53:50.902","A72BCE560A653848E0539E90DF0AEF24","FIN_IMPL","","","XLA_TRANSACTION_NUMBER","","Y","","","S","XLA"
"DEFAULT","LI_HEADER","LI Journal Header","AHC_LI_INS","DEFAULT","LI_HEADER","C","1","1","DEFAULT","FIN_IMPL","2019/02/25 09:10:11.296","N","","","2020/06/04 05:53:50.797","A72BCE560A653848E0539E90DF0AEF24","FIN_IMPL","","","POLICY_NUMBER","","S","","","S","AHC_LI_INS"
"DEFAULT","LI_HEADER","LI Journal Header","AHC_LI_INS","DEFAULT","LI_HEADER","C","1","2","DEFAULT","FIN_IMPL","2019/02/25 09:10:13.866","N","","","2019/02/25 09:10:14.695","82B5405674CF5C26E053C390DF0ADA0F","FIN_IMPL",",","","","","","","","L",""
"DEFAULT","LI_HEADER","LI Journal Header","AHC_LI_INS","DEFAULT","LI_HEADER","C","1","3","DEFAULT","FIN_IMPL","2019/02/25 09:10:14.125","N","","","2020/06/04 05:53:50.807","A72BCE560A653848E0539E90DF0AEF24","FIN_IMPL","","","PRODUCT_CODE","","S","","","S","AHC_LI_INS"
"DEFAULT","LI_LINE","LI Journal Line","AHC_LI_INS","DEFAULT","LI_LINE","C","1","1","DEFAULT","FIN_IMPL","2019/02/25 09:10:14.224","N","","","2019/02/25 09:10:14.75","82B5405674CF5C26E053C390DF0ADA0F","FIN_IMPL","Product:","","","","","","","L",""
"DEFAULT","LI_LINE","LI Journal Line","AHC_LI_INS","DEFAULT","LI_LINE","C","1","2","DEFAULT","FIN_IMPL","2019/02/25 09:10:14.254","N","","","2020/06/04 05:53:50.812","A72BCE560A653848E0539E90DF0AEF24","FIN_IMPL","","","PRODUCT_CODE","","S","","","S","AHC_LI_INS"
"DEFAULT","LI_LINE","LI Journal Line","AHC_LI_INS","DEFAULT","LI_LINE","C","1","3","DEFAULT","FIN_IMPL","2019/02/25 09:10:14.273","N","","","2019/02/25 09:10:14.816","82B5405674CF5C26E053C390DF0ADA0F","FIN_IMPL",", Policy Number","","","","","","","L",""
"DEFAULT","LI_LINE","LI Journal Line","AHC_LI_INS","DEFAULT","LI_LINE","C","1","4","DEFAULT","FIN_IMPL","2019/02/25 09:10:14.298","N","","","2020/06/04 05:53:50.842","A72BCE560A653848E0539E90DF0AEF24","FIN_IMPL","","","POLICY_NUMBER","","S","","","S","AHC_LI_INS"
"DEFAULT","ENDOWMENT_LINE","Endowment Line","AHC_ENDOWMENT","DEFAULT","ENDOWMENT_LINE","C","1","1","DEFAULT","FIN_IMPL","2018/10/11 11:33:50.812","N","","","2020/06/04 05:53:50.998","A72BCE560A653848E0539E90DF0AEF24","FIN_IMPL","","","AGENCY_CODE","","S","","","S","AHC_ENDOWMENT"
"DEFAULT","ENDOWMENT_LINE","Endowment Line","AHC_ENDOWMENT","DEFAULT","ENDOWMENT_LINE","C","1","2","DEFAULT","FIN_IMPL","2018/10/11 11:33:50.85","N","","","2018/10/11 11:33:57.628","77F20EFFD1CB67FFE0537990DF0ADB76","FIN_IMPL","-","","","","","","","L",""
"DEFAULT","ENDOWMENT_LINE","Endowment Line","AHC_ENDOWMENT","DEFAULT","ENDOWMENT_LINE","C","1","3","DEFAULT","FIN_IMPL","2018/10/11 11:33:50.9","N","","","2020/06/04 05:53:51.007","A72BCE560A653848E0539E90DF0AEF24","FIN_IMPL","","","DONATION_TYPE","","S","","","S","AHC_ENDOWMENT"
"DEFAULT","ENDOWMENT_LINE","Endowment Line","AHC_ENDOWMENT","DEFAULT","ENDOWMENT_LINE","C","1","4","DEFAULT","FIN_IMPL","2018/10/11 11:33:50.939","N","","","2018/10/11 11:33:58.24","77F20EFFD1CB67FFE0537990DF0ADB76","FIN_IMPL","-","","","","","","","L",""
"DEFAULT","ENDOWMENT_LINE","Endowment Line","AHC_ENDOWMENT","DEFAULT","ENDOWMENT_LINE","C","1","5","DEFAULT","FIN_IMPL","2018/10/11 11:33:50.978","N","","","2020/06/04 05:53:51.015","A72BCE560A653848E0539E90DF0AEF24","FIN_IMPL","","","GIFT_SOURCE_CODE","","S","","","S","AHC_ENDOWMENT"
"DEFAULT","PAYMENT_LINE_DESC","Payment line information","AHC_BILLING","DEFAULT","PAYMENT_LINE_DESC","C","1","1","DEFAULT","FIN_IMPL","2017/12/28 09:02:53.828","N","","","2017/12/28 09:03:04.749","615CA35573826868E0536AA0FD0A112A","FIN_IMPL","Transaction Number:","","","","","","","L",""
"DEFAULT","PAYMENT_LINE_DESC","Payment line information","AHC_BILLING","DEFAULT","PAYMENT_LINE_DESC","C","1","2","DEFAULT","FIN_IMPL","2017/12/28 09:02:53.846","N","","","2020/06/04 05:53:50.912","A72BCE560A653848E0539E90DF0AEF24","FIN_IMPL","","","XLA_TRANSACTION_NUMBER","","Y","","","S","XLA"
"DEFAULT","PAYMENT_LINE_DESC","Payment line information","AHC_BILLING","DEFAULT","PAYMENT_LINE_DESC","C","1","3","DEFAULT","FIN_IMPL","2017/12/28 09:02:53.97","N","","","2017/12/28 09:03:04.806","615CA35573826868E0536AA0FD0A112A","FIN_IMPL","Payment Transaction ID:","","","","","","","L",""
"DEFAULT","PAYMENT_LINE_DESC","Payment line information","AHC_BILLING","DEFAULT","PAYMENT_LINE_DESC","C","1","4","DEFAULT","FIN_IMPL","2017/12/28 09:02:53.997","N","","","2020/06/04 05:53:50.925","A72BCE560A653848E0539E90DF0AEF24","FIN_IMPL","","","PAYMENT_TRANSACTION_ID","","S","","","S","AHC_BILLING"
"DEFAULT","PAYMENT_LINE_DESC","Payment line information","AHC_BILLING","DEFAULT","PAYMENT_LINE_DESC","C","1","5","DEFAULT","FIN_IMPL","2017/12/28 09:02:54.016","N","","","2017/12/28 09:03:04.871","615CA35573826868E0536AA0FD0A112A","FIN_IMPL","Payment Method:","","","","","","","L",""
"DEFAULT","PAYMENT_LINE_DESC","Payment line information","AHC_BILLING","DEFAULT","PAYMENT_LINE_DESC","C","1","6","DEFAULT","FIN_IMPL","2017/12/28 09:02:54.037","N","","","2020/06/04 05:53:50.935","A72BCE560A653848E0539E90DF0AEF24","FIN_IMPL","","","PAYIN_PAYMENT_METHOD","","S","","","S","AHC_BILLING"
"DEFAULT","PAYMENT_LINE_DESC","Payment line information","AHC_BILLING","DEFAULT","PAYMENT_LINE_DESC","C","1","10","DEFAULT","FIN_IMPL","2017/12/28 09:02:54.11","N","","","2020/06/04 05:53:50.943","A72BCE560A653848E0539E90DF0AEF24","FIN_IMPL","","","PRODUCT_OFFERING_DESC","","S","","","S","AHC_BILLING"
"DEFAULT","PAYMENT_LINE_DESC","Payment line information","AHC_BILLING","DEFAULT","PAYMENT_LINE_DESC","C","1","7","DEFAULT","FIN_IMPL","2017/12/28 09:02:54.057","N","","","2017/12/28 09:03:04.934","615CA35573826868E0536AA0FD0A112A","FIN_IMPL","Payment Provider:","","","","","","","L",""
"DEFAULT","PAYMENT_LINE_DESC","Payment line information","AHC_BILLING","DEFAULT","PAYMENT_LINE_DESC","C","1","8","DEFAULT","FIN_IMPL","2017/12/28 09:02:54.075","N","","","2020/06/04 05:53:50.951","A72BCE560A653848E0539E90DF0AEF24","FIN_IMPL","","","PAYIN_PAYMENT_METHOD","","S","","","S","AHC_BILLING"
"DEFAULT","PAYMENT_LINE_DESC","Payment line information","AHC_BILLING","DEFAULT","PAYMENT_LINE_DESC","C","1","9","DEFAULT","FIN_IMPL","2017/12/28 09:02:54.094","N","","","2017/12/28 09:03:04.994","615CA35573826868E0536AA0FD0A112A","FIN_IMPL","Product Description:","","","","","","","L",""
"DEFAULT","ENDOWMENT_HEADER","Endowment Header","AHC_ENDOWMENT","DEFAULT","ENDOWMENT_HEADER","C","1","1","DEFAULT","FIN_IMPL","2018/10/11 11:31:57.436","N","","","2020/06/04 05:53:50.963","A72BCE560A653848E0539E90DF0AEF24","FIN_IMPL","","","AGENCY_CODE","","S","","","S","AHC_ENDOWMENT"
"DEFAULT","ENDOWMENT_HEADER","Endowment Header","AHC_ENDOWMENT","DEFAULT","ENDOWMENT_HEADER","C","1","2","DEFAULT","FIN_IMPL","2018/10/11 11:31:57.484","N","","","2018/10/11 11:32:06.703","77F20EFFD1CB67FFE0537990DF0ADB76","FIN_IMPL","-","","","","","","","L",""
"DEFAULT","ENDOWMENT_HEADER","Endowment Header","AHC_ENDOWMENT","DEFAULT","ENDOWMENT_HEADER","C","1","3","DEFAULT","FIN_IMPL","2018/10/11 11:31:57.527","N","","","2020/06/04 05:53:50.974","A72BCE560A653848E0539E90DF0AEF24","FIN_IMPL","","","AMOUNT","","S","","","S","AHC_ENDOWMENT"
"DEFAULT","ENDOWMENT_HEADER","Endowment Header","AHC_ENDOWMENT","DEFAULT","ENDOWMENT_HEADER","C","1","4","DEFAULT","FIN_IMPL","2018/10/11 11:31:57.569","N","","","2018/10/11 11:32:07.77","77F20EFFD1CB67FFE0537990DF0ADB76","FIN_IMPL","-","","","","","","","L",""
"DEFAULT","ENDOWMENT_HEADER","Endowment Header","AHC_ENDOWMENT","DEFAULT","ENDOWMENT_HEADER","C","1","5","DEFAULT","FIN_IMPL","2018/10/11 11:31:57.626","N","","","2020/06/04 05:53:50.982","A72BCE560A653848E0539E90DF0AEF24","FIN_IMPL","","","CONSTITUENT_NAME","","S","","","S","AHC_ENDOWMENT"
"DEFAULT","ENDOWMENT_HEADER","Endowment Header","AHC_ENDOWMENT","DEFAULT","ENDOWMENT_HEADER","C","1","6","DEFAULT","FIN_IMPL","2018/10/11 11:31:57.664","N","","","2018/10/11 11:32:08.063","77F20EFFD1CB67FFE0537990DF0ADB76","FIN_IMPL","-","","","","","","","L",""
"DEFAULT","ENDOWMENT_HEADER","Endowment Header","AHC_ENDOWMENT","DEFAULT","ENDOWMENT_HEADER","C","1","7","DEFAULT","FIN_IMPL","2018/10/11 11:31:57.704","N","","","2020/06/04 05:53:50.99","A72BCE560A653848E0539E90DF0AEF24","FIN_IMPL","","","DEPOSIT_DATE","","S","","","S","AHC_ENDOWMENT"
"DEFAULT","INSURANCE_LINE","Insurance Line","AHC_INSURANCE","DEFAULT","INSURANCE_LINE","C","1","1","DEFAULT","FIN_IMPL","2018/03/06 06:38:41.075","N","","","2018/03/06 06:38:46.551","66B8A4FCD0219AA4E053E9A7FD0A5DFE","FIN_IMPL","Policy Number:","","","","","","","L",""
"DEFAULT","INSURANCE_LINE","Insurance Line","AHC_INSURANCE","DEFAULT","INSURANCE_LINE","C","1","2","DEFAULT","FIN_IMPL","2018/03/06 06:38:41.089","N","","","2020/06/04 05:53:51.19","A72BCE560A653848E0539E90DF0AEF24","FIN_IMPL","","","POLICY_NUMBER","","S","","","S","AHC_INSURANCE"
"DEFAULT","INSURANCE_LINE","Insurance Line","AHC_INSURANCE","DEFAULT","INSURANCE_LINE","C","1","3","DEFAULT","FIN_IMPL","2018/03/06 06:38:41.104","N","","","2018/03/06 06:38:46.592","66B8A4FCD0219AA4E053E9A7FD0A5DFE","FIN_IMPL","State:","","","","","","","L",""
"DEFAULT","INSURANCE_LINE","Insurance Line","AHC_INSURANCE","DEFAULT","INSURANCE_LINE","C","1","4","DEFAULT","FIN_IMPL","2018/03/06 06:38:41.118","N","","","2020/06/04 05:53:51.216","A72BCE560A653848E0539E90DF0AEF24","FIN_IMPL","","","STATE_PROVINCE","","S","","","S","AHC_INSURANCE"
"DEFAULT","INSU_LINE_DAC_MPA","Insurance Line DAC Exp MPA","AHC_INSURANCE","DEFAULT","INSU_LINE_DAC_MPA","C","1","1","DEFAULT","FIN_IMPL","2018/03/06 06:39:25.096","N","","","2018/03/06 06:39:31.737","66B8A4FCD0219AA4E053E9A7FD0A5DFE","FIN_IMPL","DAC Expense MPA Line for Policy:","","","","","","","L",""
"DEFAULT","INSU_LINE_DAC_MPA","Insurance Line DAC Exp MPA","AHC_INSURANCE","DEFAULT","INSU_LINE_DAC_MPA","C","1","2","DEFAULT","FIN_IMPL","2018/03/06 06:39:25.111","N","","","2020/06/04 05:53:51.228","A72BCE560A653848E0539E90DF0AEF24","FIN_IMPL","","","POLICY_NUMBER","","S","","","S","AHC_INSURANCE"
"DEFAULT","INSU_LINE_DAC_MPA","Insurance Line DAC Exp MPA","AHC_INSURANCE","DEFAULT","INSU_LINE_DAC_MPA","C","1","3","DEFAULT","FIN_IMPL","2018/03/06 06:39:25.127","N","","","2018/03/06 06:39:31.767","66B8A4FCD0219AA4E053E9A7FD0A5DFE","FIN_IMPL","Policy Term in Months:","","","","","","","L",""
"DEFAULT","INSU_LINE_DAC_MPA","Insurance Line DAC Exp MPA","AHC_INSURANCE","DEFAULT","INSU_LINE_DAC_MPA","C","1","4","DEFAULT","FIN_IMPL","2018/03/06 06:39:25.142","N","","","2020/06/04 05:53:51.235","A72BCE560A653848E0539E90DF0AEF24","FIN_IMPL","","","POLICY_TERM_MO","","S","","","S","AHC_INSURANCE"
"DEFAULT","BILLING_HEADER_BY_INDUSTRY","Billing Header by Industry","AHC_BILLING","DEFAULT","BILLING_HEADER_BY_INDUSTRY","C","1","1","DEFAULT","FIN_IMPL","2020/11/19 06:15:22.917","N","","","2020/11/19 06:15:29.536","B46FC1C75B5D42C0E0539E90DF0AFE16","FIN_IMPL","Customer:","","","","","","","L",""
"DEFAULT","BILLING_HEADER_BY_INDUSTRY","Billing Header by Industry","AHC_BILLING","DEFAULT","BILLING_HEADER_BY_INDUSTRY","C","1","2","DEFAULT","FIN_IMPL","2020/11/19 06:15:23.307","N","","","2020/11/19 06:15:29.959","B46FC1C75B5D42C0E0539E90DF0AFE16","FIN_IMPL","","","CUSTOMER_NAME","","S","","","S","AHC_BILLING"
"DEFAULT","BILLING_HEADER_BY_INDUSTRY","Billing Header by Industry","AHC_BILLING","DEFAULT","BILLING_HEADER_BY_INDUSTRY","C","1","3","DEFAULT","FIN_IMPL","2020/11/19 06:15:25.156","N","","","2020/11/19 06:15:29.988","B46FC1C75B5D42C0E0539E90DF0AFE16","FIN_IMPL",", Customer Type:","","","","","","","L",""
"DEFAULT","BILLING_HEADER_BY_INDUSTRY","Billing Header by Industry","AHC_BILLING","DEFAULT","BILLING_HEADER_BY_INDUSTRY","C","1","4","DEFAULT","FIN_IMPL","2020/11/19 06:15:25.171","N","","","2020/11/19 06:15:30.012","B46FC1C75B5D42C0E0539E90DF0AFE16","FIN_IMPL","","","CUSTOMER_CATEGORY","","S","","","S","AHC_BILLING"
"DEFAULT","BILLING_HEADER_BY_INDUSTRY","Billing Header by Industry","AHC_BILLING","DEFAULT","BILLING_HEADER_BY_INDUSTRY","C","1","5","DEFAULT","FIN_IMPL","2020/11/19 06:15:25.188","N","","","2020/11/19 06:15:30.035","B46FC1C75B5D42C0E0539E90DF0AFE16","FIN_IMPL",", Oder #:","","","","","","","L",""
"DEFAULT","BILLING_HEADER_BY_INDUSTRY","Billing Header by Industry","AHC_BILLING","DEFAULT","BILLING_HEADER_BY_INDUSTRY","C","1","6","DEFAULT","FIN_IMPL","2020/11/19 06:15:25.202","N","","","2020/11/19 06:15:30.057","B46FC1C75B5D42C0E0539E90DF0AFE16","FIN_IMPL","","","ORDER_NUMBER","","S","","","S","AHC_BILLING"
"DEFAULT","BILLING_HEADER_BY_INDUSTRY","Billing Header by Industry","AHC_BILLING","DEFAULT","BILLING_HEADER_BY_INDUSTRY","C","1","7","DEFAULT","FIN_IMPL","2020/11/19 06:15:25.339","N","","","2020/11/19 06:15:30.128","B46FC1C75B5D42C0E0539E90DF0AFE16","FIN_IMPL",", Order Type:","","","","","","","L",""
"DEFAULT","BILLING_HEADER_BY_INDUSTRY","Billing Header by Industry","AHC_BILLING","DEFAULT","BILLING_HEADER_BY_INDUSTRY","C","1","10","DEFAULT","FIN_IMPL","2020/11/19 06:15:25.508","N","","","2020/11/19 06:15:30.198","B46FC1C75B5D42C0E0539E90DF0AFE16","FIN_IMPL","","","SERVICING_ENTITY","","S","","","S","AHC_BILLING"
"DEFAULT","BILLING_HEADER_BY_INDUSTRY","Billing Header by Industry","AHC_BILLING","DEFAULT","BILLING_HEADER_BY_INDUSTRY","C","1","8","DEFAULT","FIN_IMPL","2020/11/19 06:15:25.352","N","","","2020/11/19 06:15:30.151","B46FC1C75B5D42C0E0539E90DF0AFE16","FIN_IMPL","","","ORDER_TYPE","","S","","","S","AHC_BILLING"
"DEFAULT","BILLING_HEADER_BY_INDUSTRY","Billing Header by Industry","AHC_BILLING","DEFAULT","BILLING_HEADER_BY_INDUSTRY","C","1","9","DEFAULT","FIN_IMPL","2020/11/19 06:15:25.496","N","","","2020/11/19 06:15:30.175","B46FC1C75B5D42C0E0539E90DF0AFE16","FIN_IMPL",", Servicing Entity:","","","","","","","L",""
"DEFAULT","EMR_HEADER_RULE","EMR Header Rule","AHC_EMR","DEFAULT","EMR_HEADER_RULE","C","1","1","DEFAULT","FIN_IMPL","2020/06/04 05:53:49.868","N","","","2020/06/04 05:53:51.517","A72BCE560A653848E0539E90DF0AEF24","FIN_IMPL","Patient Revenue","","","","","","","L",""
"DEFAULT","BILLING_LINE_BY_INDUSTRY","Billing Line by Industry","AHC_BILLING","DEFAULT","BILLING_LINE_BY_INDUSTRY","C","3","1","DEFAULT","FIN_IMPL","2020/11/19 06:16:03.132","N","","","2020/11/19 06:17:19.014","B46FC1C75B5D42C0E0539E90DF0AFE16","FIN_IMPL","Product:","","","","","","","L",""
"DEFAULT","BILLING_LINE_BY_INDUSTRY","Billing Line by Industry","AHC_BILLING","DEFAULT","BILLING_LINE_BY_INDUSTRY","C","3","2","DEFAULT","FIN_IMPL","2020/11/19 06:16:03.155","N","","","2020/11/19 06:17:19.067","B46FC1C75B5D42C0E0539E90DF0AFE16","FIN_IMPL","","","PRODUCT_OFFERING_ID","","S","","","S","AHC_BILLING"
"DEFAULT","BILLING_LINE_BY_INDUSTRY","Billing Line by Industry","AHC_BILLING","DEFAULT","BILLING_LINE_BY_INDUSTRY","C","3","3","DEFAULT","FIN_IMPL","2020/11/19 06:16:03.305","N","","","2020/11/19 06:17:19.107","B46FC1C75B5D42C0E0539E90DF0AFE16","FIN_IMPL","","","PRODUCT_OFFERING_DESC","","S","","","S","AHC_BILLING"
"DEFAULT","BILLING_LINE_BY_INDUSTRY","Billing Line by Industry","AHC_BILLING","DEFAULT","BILLING_LINE_BY_INDUSTRY","C","3","4","DEFAULT","FIN_IMPL","2020/11/19 06:16:03.321","N","","","2020/11/19 06:17:19.128","B46FC1C75B5D42C0E0539E90DF0AFE16","FIN_IMPL",", Payment:","","","","","","","L",""
"DEFAULT","BILLING_LINE_BY_INDUSTRY","Billing Line by Industry","AHC_BILLING","DEFAULT","BILLING_LINE_BY_INDUSTRY","C","3","5","DEFAULT","FIN_IMPL","2020/11/19 06:16:03.342","N","","","2020/11/19 06:17:19.149","B46FC1C75B5D42C0E0539E90DF0AFE16","FIN_IMPL","","","PAYIN_PAYMENT_METHOD","","S","","","S","AHC_BILLING"
"DEFAULT","BILLING_LINE_BY_INDUSTRY","Billing Line by Industry","AHC_BILLING","DEFAULT","BILLING_LINE_BY_INDUSTRY","C","3","6","DEFAULT","FIN_IMPL","2020/11/19 06:16:03.359","N","","","2020/11/19 06:17:19.177","B46FC1C75B5D42C0E0539E90DF0AFE16","FIN_IMPL","","","PAYIN_PAYMENT_PROVIDER","","S","","","S","AHC_BILLING"
"DEFAULT","BILLING_LINE_BY_INDUSTRY","Billing Line by Industry","AHC_BILLING","DEFAULT","BILLING_LINE_BY_INDUSTRY","C","4","1","DEFAULT","FIN_IMPL","2020/11/19 06:17:00.633","N","","","2020/11/19 06:17:19.202","B46FC1C75B5D42C0E0539E90DF0AFE16","FIN_IMPL","Product:","","","","","","","L",""
"DEFAULT","BILLING_LINE_BY_INDUSTRY","Billing Line by Industry","AHC_BILLING","DEFAULT","BILLING_LINE_BY_INDUSTRY","C","4","2","DEFAULT","FIN_IMPL","2020/11/19 06:17:00.645","N","","","2020/11/19 06:17:19.228","B46FC1C75B5D42C0E0539E90DF0AFE16","FIN_IMPL","","","PRODUCT_OFFERING_ID","","S","","","S","AHC_BILLING"
"DEFAULT","BILLING_LINE_BY_INDUSTRY","Billing Line by Industry","AHC_BILLING","DEFAULT","BILLING_LINE_BY_INDUSTRY","C","4","3","DEFAULT","FIN_IMPL","2020/11/19 06:17:00.901","N","","","2020/11/19 06:17:19.251","B46FC1C75B5D42C0E0539E90DF0AFE16","FIN_IMPL","","","PRODUCT_OFFERING_DESC","","S","","","S","AHC_BILLING"
"DEFAULT","BILLING_LINE_BY_INDUSTRY","Billing Line by Industry","AHC_BILLING","DEFAULT","BILLING_LINE_BY_INDUSTRY","C","4","4","DEFAULT","FIN_IMPL","2020/11/19 06:17:01.042","N","","","2020/11/19 06:17:19.273","B46FC1C75B5D42C0E0539E90DF0AFE16","FIN_IMPL",",Fee Basis:","","","","","","","L",""
"DEFAULT","BILLING_LINE_BY_INDUSTRY","Billing Line by Industry","AHC_BILLING","DEFAULT","BILLING_LINE_BY_INDUSTRY","C","4","5","DEFAULT","FIN_IMPL","2020/11/19 06:17:01.056","N","","","2020/11/19 06:17:19.294","B46FC1C75B5D42C0E0539E90DF0AFE16","FIN_IMPL","","","FEE_BASIS","","S","","","S","AHC_BILLING"
"DEFAULT","EMR_LINE_RULE","EMR Line Rule","AHC_EMR","DEFAULT","EMR_LINE_RULE","C","1","1","DEFAULT","FIN_IMPL","2020/06/04 05:53:48.919","N","","","2020/06/04 05:53:51.314","A72BCE560A653848E0539E90DF0AEF24","FIN_IMPL","","","TRANS","","S","","","S","AHC_EMR"
"DEFAULT","EMR_LINE_RULE","EMR Line Rule","AHC_EMR","DEFAULT","EMR_LINE_RULE","C","1","2","DEFAULT","FIN_IMPL","2020/06/04 05:53:49.694","N","","","2020/06/04 05:53:51.43","A72BCE560A653848E0539E90DF0AEF24","FIN_IMPL","On","","","","","","","L",""
"DEFAULT","EMR_LINE_RULE","EMR Line Rule","AHC_EMR","DEFAULT","EMR_LINE_RULE","C","1","3","DEFAULT","FIN_IMPL","2020/06/04 05:53:49.734","N","","","2020/06/04 05:53:51.466","A72BCE560A653848E0539E90DF0AEF24","FIN_IMPL","","","DOS","","S","","","S","AHC_EMR"
"DEFAULT","CONCUR_EXP_LINE_DESC","Concur Expense Line Desc","AHC_EXT_ERP","DEFAULT","CONCUR_EXP_LINE_DESC","C","1","1","DEFAULT","anonymous","2021/05/25 16:11:29.857","N","","","2021/05/25 16:11:32.295","C2E6C514770D8EF0E0532C60FD0A080A","anonymous","","","SOURCE_LINE_DESCRIPTION","","S","","","S","AHC_EXT_ERP"
"DEFAULT","MANUAL_JE_LINE","Manual JE Line","AHC_EXT_ERP","DEFAULT","MANUAL_JE_LINE","C","1","1","DEFAULT","anonymous","2021/05/25 16:11:30.507","N","","","2021/05/25 16:11:32.936","C2E6C514770D8EF0E0532C60FD0A080A","anonymous","Source JE ID:","","","","","","","L",""
"DEFAULT","MANUAL_JE_LINE","Manual JE Line","AHC_EXT_ERP","DEFAULT","MANUAL_JE_LINE","C","1","2","DEFAULT","anonymous","2021/05/25 16:11:30.539","N","","","2021/05/25 16:11:32.959","C2E6C514770D8EF0E0532C60FD0A080A","anonymous","","","SOURCE_JE_ID","","S","","","S","AHC_EXT_ERP"
"DEFAULT","MANUAL_JE_LINE","Manual JE Line","AHC_EXT_ERP","DEFAULT","MANUAL_JE_LINE","C","1","3","DEFAULT","anonymous","2021/05/25 16:11:30.571","N","","","2021/05/25 16:11:32.982","C2E6C514770D8EF0E0532C60FD0A080A","anonymous",",","","","","","","","L",""
"DEFAULT","MANUAL_JE_LINE","Manual JE Line","AHC_EXT_ERP","DEFAULT","MANUAL_JE_LINE","C","1","4","DEFAULT","anonymous","2021/05/25 16:11:30.605","N","","","2021/05/25 16:11:33.004","C2E6C514770D8EF0E0532C60FD0A080A","anonymous","","","SOURCE_LINE_DESCRIPTION","","S","","","S","AHC_EXT_ERP"
"DEFAULT","MANUAL_JE_LINE","Manual JE Line","AHC_EXT_ERP","DEFAULT","MANUAL_JE_LINE","C","1","5","DEFAULT","anonymous","2021/05/25 16:11:30.636","N","","","2021/05/25 16:11:33.026","C2E6C514770D8EF0E0532C60FD0A080A","anonymous","","","SOURCE_GL_COA_STRING","","S","","","S","AHC_EXT_ERP"
"DEFAULT","AP_INV_JE_LINE","AP Invoice Journal Line","AHC_EXT_ERP","DEFAULT","AP_INV_JE_LINE","C","1","1","DEFAULT","anonymous","2021/05/25 16:11:28.652","N","","","2021/05/25 16:11:31.627","C2E6C514770D8EF0E0532C60FD0A080A","anonymous","Source JE ID:","","","","","","","L",""
"DEFAULT","AP_INV_JE_LINE","AP Invoice Journal Line","AHC_EXT_ERP","DEFAULT","AP_INV_JE_LINE","C","1","2","DEFAULT","anonymous","2021/05/25 16:11:28.688","N","","","2021/05/25 16:11:31.698","C2E6C514770D8EF0E0532C60FD0A080A","anonymous","","","SOURCE_JE_ID","","S","","","S","AHC_EXT_ERP"
"DEFAULT","AP_INV_JE_LINE","AP Invoice Journal Line","AHC_EXT_ERP","DEFAULT","AP_INV_JE_LINE","C","1","3","DEFAULT","anonymous","2021/05/25 16:11:28.724","N","","","2021/05/25 16:11:31.736","C2E6C514770D8EF0E0532C60FD0A080A","anonymous",",","","","","","","","L",""
"DEFAULT","AP_INV_JE_LINE","AP Invoice Journal Line","AHC_EXT_ERP","DEFAULT","AP_INV_JE_LINE","C","1","4","DEFAULT","anonymous","2021/05/25 16:11:28.775","N","","","2021/05/25 16:11:31.761","C2E6C514770D8EF0E0532C60FD0A080A","anonymous","","","SOURCE_LINE_DESCRIPTION","","S","","","S","AHC_EXT_ERP"
"DEFAULT","AP_INV_JE_LINE","AP Invoice Journal Line","AHC_EXT_ERP","DEFAULT","AP_INV_JE_LINE","C","1","5","DEFAULT","anonymous","2021/05/25 16:11:28.817","N","","","2021/05/25 16:11:31.786","C2E6C514770D8EF0E0532C60FD0A080A","anonymous","","","SOURCE_GL_COA_STRING","","S","","","S","AHC_EXT_ERP"
"DEFAULT","CONCUR_EXP_HEADER","Concur Expense Header","AHC_EXT_ERP","DEFAULT","CONCUR_EXP_HEADER","C","1","1","DEFAULT","anonymous","2021/05/25 16:11:29.033","N","","","2021/05/25 16:11:31.837","C2E6C514770D8EF0E0532C60FD0A080A","anonymous","Emp Name:","","","","","","","L",""
"DEFAULT","CONCUR_EXP_HEADER","Concur Expense Header","AHC_EXT_ERP","DEFAULT","CONCUR_EXP_HEADER","C","1","2","DEFAULT","anonymous","2021/05/25 16:11:29.07","N","","","2021/05/25 16:11:31.862","C2E6C514770D8EF0E0532C60FD0A080A","anonymous","","","ER_EMP_FULL_NAME","","S","","","S","AHC_EXT_ERP"
"DEFAULT","CONCUR_EXP_HEADER","Concur Expense Header","AHC_EXT_ERP","DEFAULT","CONCUR_EXP_HEADER","C","1","3","DEFAULT","anonymous","2021/05/25 16:11:29.1","N","","","2021/05/25 16:11:31.886","C2E6C514770D8EF0E0532C60FD0A080A","anonymous",", Report:","","","","","","","L",""
"DEFAULT","CONCUR_EXP_HEADER","Concur Expense Header","AHC_EXT_ERP","DEFAULT","CONCUR_EXP_HEADER","C","1","5","DEFAULT","anonymous","2021/05/25 16:11:29.152","N","","","2021/05/25 16:11:31.942","C2E6C514770D8EF0E0532C60FD0A080A","anonymous",", Concur Batch:","","","","","","","L",""
"DEFAULT","CONCUR_EXP_HEADER","Concur Expense Header","AHC_EXT_ERP","DEFAULT","CONCUR_EXP_HEADER","C","1","7","DEFAULT","anonymous","2021/05/25 16:11:29.213","N","","","2021/05/25 16:11:31.991","C2E6C514770D8EF0E0532C60FD0A080A","anonymous",", Concur Batch Date:","","","","","","","L",""
"DEFAULT","CONCUR_EXP_HEADER","Concur Expense Header","AHC_EXT_ERP","DEFAULT","CONCUR_EXP_HEADER","C","1","8","DEFAULT","anonymous","2021/05/25 16:11:29.254","N","","","2021/05/25 16:11:32.019","C2E6C514770D8EF0E0532C60FD0A080A","anonymous","","","SOURCE_BATCH_DATE","","S","","","S","AHC_EXT_ERP"
"DEFAULT","CONCUR_EXP_HEADER","Concur Expense Header","AHC_EXT_ERP","DEFAULT","CONCUR_EXP_HEADER","C","1","4","DEFAULT","anonymous","2021/05/25 16:11:29.126","N","","","2021/05/25 16:11:31.915","C2E6C514770D8EF0E0532C60FD0A080A","anonymous","","","EXP_REPORT_NAME","","S","","","S","AHC_EXT_ERP"
"DEFAULT","CONCUR_EXP_HEADER","Concur Expense Header","AHC_EXT_ERP","DEFAULT","CONCUR_EXP_HEADER","C","1","6","DEFAULT","anonymous","2021/05/25 16:11:29.185","N","","","2021/05/25 16:11:31.967","C2E6C514770D8EF0E0532C60FD0A080A","anonymous","","","SOURCE_BATCH_ID","","S","","","S","AHC_EXT_ERP"
"DEFAULT","AP_INV_JE_HEADER","AP Invoice Journal Header","AHC_EXT_ERP","DEFAULT","AP_INV_JE_HEADER","C","1","1","DEFAULT","anonymous","2021/05/25 16:11:27.004","N","","","2021/05/25 16:11:32.653","C2E6C514770D8EF0E0532C60FD0A080A","anonymous","Source:","","","","","","","L",""
"DEFAULT","AP_INV_JE_HEADER","AP Invoice Journal Header","AHC_EXT_ERP","DEFAULT","AP_INV_JE_HEADER","C","1","2","DEFAULT","anonymous","2021/05/25 16:11:28.221","N","","","2021/05/25 16:11:32.68","C2E6C514770D8EF0E0532C60FD0A080A","anonymous","","","SOURCE_SYSTEM","","S","","","S","AHC_EXT_ERP"
"DEFAULT","AP_INV_JE_HEADER","AP Invoice Journal Header","AHC_EXT_ERP","DEFAULT","AP_INV_JE_HEADER","C","1","3","DEFAULT","anonymous","2021/05/25 16:11:28.248","N","","","2021/05/25 16:11:32.701","C2E6C514770D8EF0E0532C60FD0A080A","anonymous",", Trx Type:","","","","","","","L",""
"DEFAULT","AP_INV_JE_HEADER","AP Invoice Journal Header","AHC_EXT_ERP","DEFAULT","AP_INV_JE_HEADER","C","1","4","DEFAULT","anonymous","2021/05/25 16:11:28.273","N","","","2021/05/25 16:11:32.722","C2E6C514770D8EF0E0532C60FD0A080A","anonymous","","","SOURCE_TRAN_TYPE","","S","","","S","AHC_EXT_ERP"
"DEFAULT","AP_INV_JE_HEADER","AP Invoice Journal Header","AHC_EXT_ERP","DEFAULT","AP_INV_JE_HEADER","C","1","5","DEFAULT","anonymous","2021/05/25 16:11:28.3","N","","","2021/05/25 16:11:32.743","C2E6C514770D8EF0E0532C60FD0A080A","anonymous",", Source Batch Date:","","","","","","","L",""
"DEFAULT","AP_INV_JE_HEADER","AP Invoice Journal Header","AHC_EXT_ERP","DEFAULT","AP_INV_JE_HEADER","C","1","6","DEFAULT","anonymous","2021/05/25 16:11:28.329","N","","","2021/05/25 16:11:32.766","C2E6C514770D8EF0E0532C60FD0A080A","anonymous","","","SOURCE_BATCH_DATE","","S","","","S","AHC_EXT_ERP"
"DEFAULT","AP_INV_JE_HEADER","AP Invoice Journal Header","AHC_EXT_ERP","DEFAULT","AP_INV_JE_HEADER","C","1","7","DEFAULT","anonymous","2021/05/25 16:11:28.356","N","","","2021/05/25 16:11:32.794","C2E6C514770D8EF0E0532C60FD0A080A","anonymous",", Source Approver:","","","","","","","L",""
"DEFAULT","AP_INV_JE_HEADER","AP Invoice Journal Header","AHC_EXT_ERP","DEFAULT","AP_INV_JE_HEADER","C","1","8","DEFAULT","anonymous","2021/05/25 16:11:28.39","N","","","2021/05/25 16:11:32.815","C2E6C514770D8EF0E0532C60FD0A080A","anonymous","","","SOURCE_APPROVER","","S","","","S","AHC_EXT_ERP"
"DEFAULT","AP_INV_JE_HEADER","AP Invoice Journal Header","AHC_EXT_ERP","DEFAULT","AP_INV_JE_HEADER","C","1","9","DEFAULT","anonymous","2021/05/25 16:11:28.411","N","","","2021/05/25 16:11:32.838","C2E6C514770D8EF0E0532C60FD0A080A","anonymous",", Document Type:","","","","","","","L",""
"DEFAULT","AP_INV_JE_HEADER","AP Invoice Journal Header","AHC_EXT_ERP","DEFAULT","AP_INV_JE_HEADER","C","1","10","DEFAULT","anonymous","2021/05/25 16:11:28.438","N","","","2021/05/25 16:11:32.861","C2E6C514770D8EF0E0532C60FD0A080A","anonymous","","","SOURCE_DOC_TYPE","","S","","","S","AHC_EXT_ERP"
"DEFAULT","AP_INV_JE_HEADER","AP Invoice Journal Header","AHC_EXT_ERP","DEFAULT","AP_INV_JE_HEADER","C","1","11","DEFAULT","anonymous","2021/05/25 16:11:28.471","N","","","2021/05/25 16:11:32.885","C2E6C514770D8EF0E0532C60FD0A080A","anonymous","","","SOURCE_DOC_NUMBER","","S","","","S","AHC_EXT_ERP"
"DEFAULT","MANUAL_JE_HEADER","Manual JE Header","AHC_EXT_ERP","DEFAULT","MANUAL_JE_HEADER","C","1","1","DEFAULT","anonymous","2021/05/25 16:11:30.004","N","","","2021/05/25 16:11:32.344","C2E6C514770D8EF0E0532C60FD0A080A","anonymous","Source:","","","","","","","L",""
"DEFAULT","MANUAL_JE_HEADER","Manual JE Header","AHC_EXT_ERP","DEFAULT","MANUAL_JE_HEADER","C","1","2","DEFAULT","anonymous","2021/05/25 16:11:30.036","N","","","2021/05/25 16:11:32.369","C2E6C514770D8EF0E0532C60FD0A080A","anonymous","","","SOURCE_SYSTEM","","S","","","S","AHC_EXT_ERP"
"DEFAULT","MANUAL_JE_HEADER","Manual JE Header","AHC_EXT_ERP","DEFAULT","MANUAL_JE_HEADER","C","1","3","DEFAULT","anonymous","2021/05/25 16:11:30.065","N","","","2021/05/25 16:11:32.394","C2E6C514770D8EF0E0532C60FD0A080A","anonymous",", Trx Type:","","","","","","","L",""
"DEFAULT","MANUAL_JE_HEADER","Manual JE Header","AHC_EXT_ERP","DEFAULT","MANUAL_JE_HEADER","C","1","4","DEFAULT","anonymous","2021/05/25 16:11:30.096","N","","","2021/05/25 16:11:32.418","C2E6C514770D8EF0E0532C60FD0A080A","anonymous","","","SOURCE_TRAN_TYPE","","S","","","S","AHC_EXT_ERP"
"DEFAULT","MANUAL_JE_HEADER","Manual JE Header","AHC_EXT_ERP","DEFAULT","MANUAL_JE_HEADER","C","1","5","DEFAULT","anonymous","2021/05/25 16:11:30.124","N","","","2021/05/25 16:11:32.446","C2E6C514770D8EF0E0532C60FD0A080A","anonymous",", Source Batch Date:","","","","","","","L",""
"DEFAULT","MANUAL_JE_HEADER","Manual JE Header","AHC_EXT_ERP","DEFAULT","MANUAL_JE_HEADER","C","1","6","DEFAULT","anonymous","2021/05/25 16:11:30.157","N","","","2021/05/25 16:11:32.478","C2E6C514770D8EF0E0532C60FD0A080A","anonymous","","","SOURCE_BATCH_DATE","","S","","","S","AHC_EXT_ERP"
"DEFAULT","MANUAL_JE_HEADER","Manual JE Header","AHC_EXT_ERP","DEFAULT","MANUAL_JE_HEADER","C","1","7","DEFAULT","anonymous","2021/05/25 16:11:30.186","N","","","2021/05/25 16:11:32.503","C2E6C514770D8EF0E0532C60FD0A080A","anonymous",", Source Approver:","","","","","","","L",""
"DEFAULT","MANUAL_JE_HEADER","Manual JE Header","AHC_EXT_ERP","DEFAULT","MANUAL_JE_HEADER","C","1","8","DEFAULT","anonymous","2021/05/25 16:11:30.219","N","","","2021/05/25 16:11:32.528","C2E6C514770D8EF0E0532C60FD0A080A","anonymous","","","SOURCE_APPROVER","","S","","","S","AHC_EXT_ERP"
"DEFAULT","MANUAL_JE_HEADER","Manual JE Header","AHC_EXT_ERP","DEFAULT","MANUAL_JE_HEADER","C","1","11","DEFAULT","anonymous","2021/05/25 16:11:30.314","N","","","2021/05/25 16:11:32.601","C2E6C514770D8EF0E0532C60FD0A080A","anonymous","","","SOURCE_DOC_NUMBER","","S","","","S","AHC_EXT_ERP"
"DEFAULT","MANUAL_JE_HEADER","Manual JE Header","AHC_EXT_ERP","DEFAULT","MANUAL_JE_HEADER","C","1","9","DEFAULT","anonymous","2021/05/25 16:11:30.262","N","","","2021/05/25 16:11:32.552","C2E6C514770D8EF0E0532C60FD0A080A","anonymous",", Document Type:","","","","","","","L",""
"DEFAULT","MANUAL_JE_HEADER","Manual JE Header","AHC_EXT_ERP","DEFAULT","MANUAL_JE_HEADER","C","1","10","DEFAULT","anonymous","2021/05/25 16:11:30.288","N","","","2021/05/25 16:11:32.577","C2E6C514770D8EF0E0532C60FD0A080A","anonymous","","","SOURCE_DOC_TYPE","","S","","","S","AHC_EXT_ERP"
"DEFAULT","CONCUR_EXP_LINE","Concur Expense Line","AHC_EXT_ERP","DEFAULT","CONCUR_EXP_LINE","C","1","1","DEFAULT","anonymous","2021/05/25 16:11:29.418","N","","","2021/05/25 16:11:32.07","C2E6C514770D8EF0E0532C60FD0A080A","anonymous","Exp Desc:","","","","","","","L",""
"DEFAULT","CONCUR_EXP_LINE","Concur Expense Line","AHC_EXT_ERP","DEFAULT","CONCUR_EXP_LINE","C","1","2","DEFAULT","anonymous","2021/05/25 16:11:29.456","N","","","2021/05/25 16:11:32.096","C2E6C514770D8EF0E0532C60FD0A080A","anonymous","","","SOURCE_LINE_DESCRIPTION","","S","","","S","AHC_EXT_ERP"
"DEFAULT","CONCUR_EXP_LINE","Concur Expense Line","AHC_EXT_ERP","DEFAULT","CONCUR_EXP_LINE","C","1","3","DEFAULT","anonymous","2021/05/25 16:11:29.492","N","","","2021/05/25 16:11:32.12","C2E6C514770D8EF0E0532C60FD0A080A","anonymous",", Merchant:","","","","","","","L",""
"DEFAULT","CONCUR_EXP_LINE","Concur Expense Line","AHC_EXT_ERP","DEFAULT","CONCUR_EXP_LINE","C","1","4","DEFAULT","anonymous","2021/05/25 16:11:29.526","N","","","2021/05/25 16:11:32.144","C2E6C514770D8EF0E0532C60FD0A080A","anonymous","","","SUPPLIER_MERCHANT","","S","","","S","AHC_EXT_ERP"
"DEFAULT","CONCUR_EXP_LINE","Concur Expense Line","AHC_EXT_ERP","DEFAULT","CONCUR_EXP_LINE","C","1","5","DEFAULT","anonymous","2021/05/25 16:11:29.558","N","","","2021/05/25 16:11:32.173","C2E6C514770D8EF0E0532C60FD0A080A","anonymous",", Expense Date:","","","","","","","L",""
"DEFAULT","CONCUR_EXP_LINE","Concur Expense Line","AHC_EXT_ERP","DEFAULT","CONCUR_EXP_LINE","C","1","6","DEFAULT","anonymous","2021/05/25 16:11:29.585","N","","","2021/05/25 16:11:32.201","C2E6C514770D8EF0E0532C60FD0A080A","anonymous","","","EXPENSE_DATE","","S","","","S","AHC_EXT_ERP"
"DEFAULT","CONCUR_EXP_LINE","Concur Expense Line","AHC_EXT_ERP","DEFAULT","CONCUR_EXP_LINE","C","1","7","DEFAULT","anonymous","2021/05/25 16:11:29.613","N","","","2021/05/25 16:11:32.224","C2E6C514770D8EF0E0532C60FD0A080A","anonymous",", Submitted:","","","","","","","L",""
"DEFAULT","CONCUR_EXP_LINE","Concur Expense Line","AHC_EXT_ERP","DEFAULT","CONCUR_EXP_LINE","C","1","8","DEFAULT","anonymous","2021/05/25 16:11:29.647","N","","","2021/05/25 16:11:32.245","C2E6C514770D8EF0E0532C60FD0A080A","anonymous","","","SUBMIT_DATE","","S","","","S","AHC_EXT_ERP"
