<MigrationProcessCSVMetadataVO>
   <MigrationProcessCSVMetadataVORow>
      <ProcessId>-999</ProcessId>
      <ProcessName>Manage Key Flexfields_20240902_030526_628</ProcessName>
      <ProcessDescription>Manage Key Flexfields_20240902_030526_628</ProcessDescription>
      <ProcessDate>2024-09-02 15:06:11.427</ProcessDate>
      <ObjectShortName>FND_MANAGE_KEY_FLEXFIELDS</ObjectShortName>
      <ObjectType>TASK</ObjectType>
      <CreatedByFlow>TASK_CSV_SERVICE</CreatedByFlow>
      <ProcessType>EXPORT</ProcessType>
      <ProcessStatus>COMPLETED</ProcessStatus>
      <ProcessEnv>esds-dev9</ProcessEnv>
      <ProcessStartDate>2024-09-02 15:05:26.293</ProcessStartDate>
      <ProcessEndDate>2024-09-02 15:06:11.427</ProcessEndDate>
      <ProcessRelease>11.13.24.07.0</ProcessRelease>
      <SubmittedBy>CURTIS.FEITTY</SubmittedBy>
      <ESSRequestId>8022065</ESSRequestId>
      <MigrationProcessBusinessObjectCSVMetadata1>
         <MigrationProcessBusinessObjectCSVMetadataVORow>
            <ProcessId>-999</ProcessId>
            <BusinessObjectShortName>FND_APP_KEY_FLEXFIELD</BusinessObjectShortName>
            <BatchName>4bc3f0c3-20e2-4b37-963c-8919f777c1f4/FND_APP_KEY_FLEXFIELD/KeyFlexfield</BatchName>
            <XmlAttributeList>ApplicationId,KeyFlexfieldCode</XmlAttributeList>
            <XmlAttributeTypeList>long,string</XmlAttributeTypeList>
            <XmlNodePath>/KeyFlexfieldVO/KeyFlexfieldVORow</XmlNodePath>
            <NodeSequence>1</NodeSequence>
         </MigrationProcessBusinessObjectCSVMetadataVORow>
         <MigrationProcessBusinessObjectCSVMetadataVORow>
            <ProcessId>-999</ProcessId>
            <BusinessObjectShortName>KEY_FLEXFIELD_STRUCTURE</BusinessObjectShortName>
            <BatchName>4bc3f0c3-20e2-4b37-963c-8919f777c1f4/FND_APP_KEY_FLEXFIELD/KeyFlexfield</BatchName>
            <XmlAttributeList>StructureCode,Name,Description,Delimiter,EnabledFlag,CreationDate,CreatedBy,LastUpdateDate,LastUpdatedBy,LastUpdateLogin</XmlAttributeList>
            <XmlAttributeTypeList>string,string,string,string,string,dateTime,string,dateTime,string,string</XmlAttributeTypeList>
            <XmlNodePath>/KeyFlexfieldVO/KeyFlexfieldVORow/StructureVO/StructureVORow</XmlNodePath>
            <NodeSequence>2</NodeSequence>
         </MigrationProcessBusinessObjectCSVMetadataVORow>
         <MigrationProcessBusinessObjectCSVMetadataVORow>
            <ProcessId>-999</ProcessId>
            <BusinessObjectShortName>ORA_FND_APP_KEY_FLEXFIELD_STRUCTURE_INSTANCE</BusinessObjectShortName>
            <BatchName>4bc3f0c3-20e2-4b37-963c-8919f777c1f4/FND_APP_KEY_FLEXFIELD/KeyFlexfield</BatchName>
            <XmlAttributeList>StructureInstanceCode,StructureInstanceIdentifier,Name,Description,EnabledFlag,DynamicCombinationCreationAllowed,ShorthandAliasEnabledFlag,CreationDate,CreatedBy,LastUpdateDate,LastUpdatedBy,LastUpdateLogin,StructureCode</XmlAttributeList>
            <XmlAttributeTypeList>string,string,string,string,string,string,string,dateTime,string,dateTime,string,string,string</XmlAttributeTypeList>
            <XmlNodePath>/KeyFlexfieldVO/KeyFlexfieldVORow/StructureInstanceVO/StructureInstanceVORow</XmlNodePath>
            <NodeSequence>6</NodeSequence>
         </MigrationProcessBusinessObjectCSVMetadataVORow>
         <MigrationProcessBusinessObjectCSVMetadataVORow>
            <ProcessId>-999</ProcessId>
            <BusinessObjectShortName>ORA_FND_APP_KEY_FLEXFIELD_STRUCTURE_INSTANCE_SEGMENT</BusinessObjectShortName>
            <BatchName>4bc3f0c3-20e2-4b37-963c-8919f777c1f4/FND_APP_KEY_FLEXFIELD/KeyFlexfield</BatchName>
            <XmlAttributeList>SegmentCode,TreeCode,RequiredFlag,DisplayFlag,DefaultType,DefaultValue,DefaultValueNumber,BIEnabledFlag,QueryRequiredType,CreationDate,CreatedBy,LastUpdateDate,LastUpdatedBy,LastUpdateLogin,ValueSetCode</XmlAttributeList>
            <XmlAttributeTypeList>string,string,string,string,string,string,decimal,string,string,dateTime,string,dateTime,string,string,string</XmlAttributeTypeList>
            <XmlNodePath>/KeyFlexfieldVO/KeyFlexfieldVORow/StructureInstanceVO/StructureInstanceVORow/SegmentInstanceVO/SegmentInstanceVORow</XmlNodePath>
            <NodeSequence>7</NodeSequence>
         </MigrationProcessBusinessObjectCSVMetadataVORow>
         <MigrationProcessBusinessObjectCSVMetadataVORow>
            <ProcessId>-999</ProcessId>
            <BusinessObjectShortName>ORA_FND_APP_KEY_FLEXFIELD_STRUCTURE_SEGMENT</BusinessObjectShortName>
            <BatchName>4bc3f0c3-20e2-4b37-963c-8919f777c1f4/FND_APP_KEY_FLEXFIELD/KeyFlexfield</BatchName>
            <XmlAttributeList>SegmentCode,SegmentIdentifier,ColumnName,Name,Description,Prompt,ShortPrompt,SequenceNumber,EnabledFlag,DisplayWidth,RangeType,CreationDate,CreatedBy,LastUpdateDate,LastUpdatedBy,LastUpdateLogin,DefaultValueSetCode</XmlAttributeList>
            <XmlAttributeTypeList>string,string,string,string,string,string,string,int,string,int,string,dateTime,string,dateTime,string,string,string</XmlAttributeTypeList>
            <XmlNodePath>/KeyFlexfieldVO/KeyFlexfieldVORow/StructureVO/StructureVORow/SegmentVO/SegmentVORow</XmlNodePath>
            <NodeSequence>3</NodeSequence>
         </MigrationProcessBusinessObjectCSVMetadataVORow>
         <MigrationProcessBusinessObjectCSVMetadataVORow>
            <ProcessId>-999</ProcessId>
            <BusinessObjectShortName>ORA_FND_APP_KEY_FLEXFIELD_STRUCTURE_SEGMENT_LABEL</BusinessObjectShortName>
            <BatchName>4bc3f0c3-20e2-4b37-963c-8919f777c1f4/FND_APP_KEY_FLEXFIELD/KeyFlexfield</BatchName>
            <XmlAttributeList>SegmentLabelCode,CreationDate,CreatedBy,LastUpdateDate,LastUpdatedBy,LastUpdateLogin</XmlAttributeList>
            <XmlAttributeTypeList>string,dateTime,string,dateTime,string,string</XmlAttributeTypeList>
            <XmlNodePath>/KeyFlexfieldVO/KeyFlexfieldVORow/StructureVO/StructureVORow/SegmentVO/SegmentVORow/LabelVO/LabelVORow</XmlNodePath>
            <NodeSequence>4</NodeSequence>
         </MigrationProcessBusinessObjectCSVMetadataVORow>
         <MigrationProcessBusinessObjectCSVMetadataVORow>
            <ProcessId>-999</ProcessId>
            <BusinessObjectShortName>ORA_FND_APP_KEY_FLEXFIELD_SEGMENT_LABEL</BusinessObjectShortName>
            <BatchName>4bc3f0c3-20e2-4b37-963c-8919f777c1f4/FND_APP_KEY_FLEXFIELD/KeyFlexfield</BatchName>
            <XmlAttributeList>SegmentLabelCode,Name,Description,BIObjectName,CreationDate,CreatedBy,LastUpdateDate,LastUpdatedBy,LastUpdateLogin</XmlAttributeList>
            <XmlAttributeTypeList>string,string,string,string,dateTime,string,dateTime,string,string</XmlAttributeTypeList>
            <XmlNodePath>/KeyFlexfieldVO/KeyFlexfieldVORow/SegmentLabelVO/SegmentLabelVORow</XmlNodePath>
            <NodeSequence>5</NodeSequence>
         </MigrationProcessBusinessObjectCSVMetadataVORow>
      </MigrationProcessBusinessObjectCSVMetadata1>
      <MigrationProcessBatchCSVMetadata>
         <MigrationProcessBatchCSVMetadataVORow>
            <ProcessId>-999</ProcessId>
            <BatchName>4bc3f0c3-20e2-4b37-963c-8919f777c1f4/FND_APP_KEY_FLEXFIELD/KeyFlexfield</BatchName>
            <ImportSequence>0</ImportSequence>
            <ServiceName>oracle.apps.fnd.applcore.flex.webservice.KeyFlexfieldWS</ServiceName>
            <BatchSize>500</BatchSize>
         </MigrationProcessBatchCSVMetadataVORow>
      </MigrationProcessBatchCSVMetadata>
      <MigrationProcessScopeValueCSVMetadata>
         <MigrationProcessScopeValueCSVMetadataVORow>
            <ProcessId>-999</ProcessId>
            <MigScopeValueSetId>100002088993503</MigScopeValueSetId>
            <BusinessObjectShortName>FND_APP_KEY_FLEXFIELD</BusinessObjectShortName>
            <ScopeValueBoAttributeId>mode</ScopeValueBoAttributeId>
            <ScopeValueBoAttributeValue>search</ScopeValueBoAttributeValue>
            <ScopeValueBoAttributeValueCode>search</ScopeValueBoAttributeValueCode>
         </MigrationProcessScopeValueCSVMetadataVORow>
      </MigrationProcessScopeValueCSVMetadata>
      <MigrationProcessMigrationObjectCSVMetadata>
         <MigrationProcessMigrationObjectCSVMetadataVORow>
            <ProcessId>-999</ProcessId>
            <BusinessObjectShortName>FND_APP_KEY_FLEXFIELD</BusinessObjectShortName>
            <MigrateFlag>Y</MigrateFlag>
            <IncludeExternalDataFlag>Y</IncludeExternalDataFlag>
         </MigrationProcessMigrationObjectCSVMetadataVORow>
      </MigrationProcessMigrationObjectCSVMetadata>
      <MigrationProcessTaskCSVMetadata null="true"/>
      <MigrationProcessServiceVersionCSVMetadata null="true"/>
   </MigrationProcessCSVMetadataVORow>
</MigrationProcessCSVMetadataVO>