"FND_APP_KEY_FLEXFIELD.KeyFlexfieldCode","FND_APP_KEY_FLEXFIELD.ApplicationId","StructureCode","Name","Description","Delimiter","EnabledFlag","CreationDate","CreatedBy","LastUpdateDate","LastUpdatedBy","LastUpdateLogin"
"VRM","10455","Customer Class & Product Group","Customer Class & Product Group","Customer Class & Product Group","-","Y","2017/01/20 19:01:53.0","CUSTOMIZED_USER","2017/01/20 19:02:20.848","CUSTOMIZED_USER","46894441822C71C8E0537AA3FD0A75A3"
"VRM","10455","Region Product & Sales Channel","Region Product & Sales Channel","Region Product & Sales Channel","-","Y","2017/01/20 19:19:57.0","CUSTOMIZED_USER","2017/01/20 19:20:12.407","CUSTOMIZED_USER","46894441822C71C8E0537AA3FD0A75A3"
"VRM","10455","Region and Sales Channel","Region and Sales Channel","Region and Sales Channel","-","Y","2017/01/19 21:05:52.0","CUSTOMIZED_USER","2017/01/19 21:07:04.199","CUSTOMIZED_USER","467866CAB18720FDE0537AA3FD0A67A5"
"VRM","10455","VRM- Country Zone","Revenue Management Country Zone","Revenue Management Country Zone Structure","-","Y","2013/12/31 06:22:35.16","SEED_DATA_FROM_APPLICATION","2013/12/31 06:22:40.955","SEED_DATA_FROM_APPLICATION","-1"
"VRM","10455","VRM- Country and Class","Revenue Management Country and Class","Revenue Management Country and Class Structure","-","Y","2013/12/31 06:22:36.695","SEED_DATA_FROM_APPLICATION","2013/12/31 06:22:40.972","SEED_DATA_FROM_APPLICATION","-1"
"VRM","10455","VRM- Value Band","Revenue Management Value Band","Revenue Management Value Band Structure","-","Y","2013/12/31 06:22:36.735","SEED_DATA_FROM_APPLICATION","2013/12/31 06:22:40.984","SEED_DATA_FROM_APPLICATION","-1"
"VRM","10455","VRM- Volume Band","Revenue Management Volume Band","Revenue Management Volume Band Structure","-","Y","2013/12/31 06:22:36.778","SEED_DATA_FROM_APPLICATION","2013/12/31 06:22:40.991","SEED_DATA_FROM_APPLICATION","-1"
"VRM","10455","VRM-Hardware and Software","Hardware and Software Business","Hardware and Software Business","-","Y","2014/01/22 21:53:43.002","CUSTOMIZED_USER","2014/01/22 21:53:58.25","CUSTOMIZED_USER","F0925FD5DA56267DE0436204548CC095"
"VRM","10455","VRM-Professional Services","Professional Services","Professional Services","-","Y","2014/01/22 21:50:30.0","CUSTOMIZED_USER","2014/01/22 21:50:44.954","CUSTOMIZED_USER","F0925FD5DA56267DE0436204548CC095"
