"FND_APP_KEY_FLEXFIELD.KeyFlexfieldCode","FND_APP_KEY_FLEXFIELD.ApplicationId","KEY_FLEXFIELD_STRUCTURE.StructureCode","ORA_FND_APP_KEY_FLEXFIELD_STRUCTURE_SEGMENT.SegmentCode","SegmentLabelCode","CreationDate","CreatedBy","LastUpdateDate","LastUpdatedBy","LastUpdateLogin"
"VRM","10455","Region Product & Sales Channel","Customer Region","VRM_SET_BAND","2017/01/20 19:23:55.871","CUSTOMIZED_USER","2017/01/20 19:23:58.074","CUSTOMIZED_USER","46894441822C71C8E0537AA3FD0A75A3"
"VRM","10455","Region and Sales Channel","Customer Region","VRM_SET_BAND","2017/01/19 21:13:23.264","CUSTOMIZED_USER","2017/01/19 21:13:25.577","CUSTOMIZED_USER","467866CAB18720FDE0537AA3FD0A67A5"
"VRM","10455","Region and Sales Channel","Deal Band","VRM_AMOUNT_BAND","2017/01/19 21:17:29.685","CUSTOMIZED_USER","2017/01/19 21:17:29.727","CUSTOMIZED_USER","467866CAB18720FDE0537AA3FD0A67A5"
"VRM","10455","VRM- Country Zone","Customer Zone","VRM_SET_BAND","2013/12/31 06:22:36.085","SEED_DATA_FROM_APPLICATION","2013/12/31 06:22:40.969","SEED_DATA_FROM_APPLICATION","-1"
"VRM","10455","VRM- Value Band","Value","VRM_AMOUNT_BAND","2013/12/31 06:22:36.775","SEED_DATA_FROM_APPLICATION","2013/12/31 06:22:40.991","SEED_DATA_FROM_APPLICATION","-1"
"VRM","10455","VRM- Volume Band","Volume","VRM_QUANTITY_BAND","2013/12/31 06:22:36.811","SEED_DATA_FROM_APPLICATION","2013/12/31 06:22:41.063","SEED_DATA_FROM_APPLICATION","-1"
"VRM","10455","VRM-Hardware and Software","CVS2-Deal Size Band","VRM_AMOUNT_BAND","2014/01/22 21:56:10.365","CUSTOMIZED_USER","2014/01/22 21:56:10.393","CUSTOMIZED_USER","F0925FD5DA56267DE0436204548CC095"
"VRM","10455","VRM-Hardware and Software","CVS2-Geographic Zone","VRM_SET_BAND","2014/01/22 21:55:31.684","CUSTOMIZED_USER","2014/01/22 21:55:31.719","CUSTOMIZED_USER","F0925FD5DA56267DE0436204548CC095"
"VRM","10455","VRM-Professional Services","CVS-Deal Size Band","VRM_AMOUNT_BAND","2014/01/22 21:53:18.678","CUSTOMIZED_USER","2014/01/22 21:53:18.73","CUSTOMIZED_USER","F0925FD5DA56267DE0436204548CC095"
"VRM","10455","VRM-Professional Services","CVS-Man Days Band","VRM_QUANTITY_BAND","2014/01/22 21:52:33.743","CUSTOMIZED_USER","2014/01/22 21:52:34.345","CUSTOMIZED_USER","F0925FD5DA56267DE0436204548CC095"
