"FND_APP_KEY_FLEXFIELD.KeyFlexfieldCode","FND_APP_KEY_FLEXFIELD.ApplicationId","KEY_FLEXFIELD_STRUCTURE.StructureCode","SegmentCode","SegmentIdentifier","ColumnName","Name","Description","Prompt","ShortPrompt","SequenceNumber","EnabledFlag","DisplayWidth","RangeType","CreationDate","CreatedBy","LastUpdateDate","LastUpdatedBy","LastUpdateLogin","DefaultValueSetCode"
"VRM","10455","Customer Class & Product Group","Customer Class","customerClass","SEGMENT1","Customer Class","Customer Classification","Customer Class","Customer Class","1","Y","30","","2017/01/20 19:02:33.288","CUSTOMIZED_USER","2017/01/20 19:05:09.309","CUSTOMIZED_USER","46894441822C71C8E0537AA3FD0A75A3","VRM Customer Class"
"VRM","10455","Customer Class & Product Group","Product Group","productGroup","SEGMENT2","Product Group","Product Group","Product Group","Product Group","2","Y","30","","2017/01/20 19:05:22.215","CUSTOMIZED_USER","2017/01/20 19:06:09.78","CUSTOMIZED_USER","46894441822C71C8E0537AA3FD0A75A3","30 Characters"
"VRM","10455","Region Product & Sales Channel","Customer Region","customerRegion","SEGMENT1","Customer Region","Customer Region","Customer Region","Customer Region","1","Y","30","","2017/01/20 19:22:41.453","CUSTOMIZED_USER","2017/01/20 19:23:58.053","CUSTOMIZED_USER","46894441822C71C8E0537AA3FD0A75A3","VRM Zone"
"VRM","10455","Region Product & Sales Channel","Product Group","productGroup","SEGMENT2","Product Group","Product Group","Product Group","Product Group","2","Y","30","","2017/01/20 19:24:07.202","CUSTOMIZED_USER","2017/01/20 19:24:32.367","CUSTOMIZED_USER","46894441822C71C8E0537AA3FD0A75A3","30 Characters"
"VRM","10455","Region Product & Sales Channel","Sales Channel","salesChannel","SEGMENT3","Sales Channel","Sales Channel","Sales Channel","Sales Channel","3","Y","30","","2017/01/20 19:24:39.05","CUSTOMIZED_USER","2017/01/20 19:25:11.931","CUSTOMIZED_USER","46894441822C71C8E0537AA3FD0A75A3","30 Characters"
"VRM","10455","Region and Sales Channel","Customer Region","customerRegion","SEGMENT1","Customer Region","Customer Region","Customer Region","Customer Region","1","Y","30","","2017/01/19 21:07:12.599","CUSTOMIZED_USER","2017/01/19 21:13:08.227","CUSTOMIZED_USER","467866CAB18720FDE0537AA3FD0A67A5","VRM Zone"
"VRM","10455","Region and Sales Channel","Deal Band","dealBand","SEGMENT3","Deal Band","Deal Band","Deal Band","Deal Band","3","Y","18","","2017/01/19 21:15:48.136","CUSTOMIZED_USER","2017/01/19 21:17:29.696","CUSTOMIZED_USER","467866CAB18720FDE0537AA3FD0A67A5","VRM Value"
"VRM","10455","Region and Sales Channel","Sales Channel","salesChannel","SEGMENT2","Sales Channel","Sales Channel","Sales Channel","Sales Channel","2","Y","30","","2017/01/19 21:14:20.632","CUSTOMIZED_USER","2017/01/19 21:15:44.617","CUSTOMIZED_USER","467866CAB18720FDE0537AA3FD0A67A5","30 Characters"
"VRM","10455","VRM- Country Zone","Customer Class","","SEGMENT1","Customer Class","Customer Class Description","Customer Class","Customer Class","1","Y","50","","2013/12/31 06:22:35.389","SEED_DATA_FROM_APPLICATION","2013/12/31 06:22:40.96","SEED_DATA_FROM_APPLICATION","-1","VRM Customer Class"
"VRM","10455","VRM- Country Zone","Customer Zone","","SEGMENT2","Customer Zone","Customer Zone Description","Customer Zone","Customer Zone","2","Y","50","","2013/12/31 06:22:35.458","SEED_DATA_FROM_APPLICATION","2013/12/31 06:22:40.967","SEED_DATA_FROM_APPLICATION","-1","VRM Zone"
"VRM","10455","VRM- Country and Class","Bill To Country","","SEGMENT1","Bill To Country","Bill To Country Description","Bill To Country","Bill To Country","1","Y","50","","2013/12/31 06:22:36.714","SEED_DATA_FROM_APPLICATION","2013/12/31 06:22:40.98","SEED_DATA_FROM_APPLICATION","-1","VRM Customer Country"
"VRM","10455","VRM- Country and Class","Customer Class","","SEGMENT2","Customer Class","Customer Class Description","Customer Class","Customer Class","2","Y","50","","2013/12/31 06:22:36.725","SEED_DATA_FROM_APPLICATION","2013/12/31 06:22:40.982","SEED_DATA_FROM_APPLICATION","-1","VRM Customer Class"
"VRM","10455","VRM- Value Band","Bill To Country","","SEGMENT1","Bill To Country","Bill To Country Description","Bill To Country","Bill To Country","1","Y","50","","2013/12/31 06:22:36.741","SEED_DATA_FROM_APPLICATION","2013/12/31 06:22:40.986","SEED_DATA_FROM_APPLICATION","-1","VRM Customer Country"
"VRM","10455","VRM- Value Band","Customer Class","","SEGMENT2","Customer Class","Customer Class Description","Customer Class","Customer Class","2","Y","50","","2013/12/31 06:22:36.757","SEED_DATA_FROM_APPLICATION","2013/12/31 06:22:40.988","SEED_DATA_FROM_APPLICATION","-1","VRM Customer Class"
"VRM","10455","VRM- Value Band","Value","","SEGMENT3","Value","Value Description","Value","Value","3","Y","50","","2013/12/31 06:22:36.767","SEED_DATA_FROM_APPLICATION","2013/12/31 06:22:40.989","SEED_DATA_FROM_APPLICATION","-1","VRM Value"
"VRM","10455","VRM- Volume Band","Bill To Country","","SEGMENT1","Bill To Country","Bill To Country Description","Bill To Country","Bill To Country","1","Y","50","","2013/12/31 06:22:36.783","SEED_DATA_FROM_APPLICATION","2013/12/31 06:22:40.993","SEED_DATA_FROM_APPLICATION","-1","VRM Customer Country"
"VRM","10455","VRM- Volume Band","Customer Class","","SEGMENT3","Customer Class","Customer Class Description","Customer Class","Customer Class","2","Y","50","","2013/12/31 06:22:36.793","SEED_DATA_FROM_APPLICATION","2013/12/31 06:22:41.001","SEED_DATA_FROM_APPLICATION","-1","VRM Customer Class"
"VRM","10455","VRM- Volume Band","Volume","","SEGMENT4","Volume","Volume Description","Volume","Volume","3","Y","50","","2013/12/31 06:22:36.801","SEED_DATA_FROM_APPLICATION","2013/12/31 06:22:41.006","SEED_DATA_FROM_APPLICATION","-1","VRM Volume"
"VRM","10455","VRM-Hardware and Software","CVS2-Customer Type","cvs2CustomerType","SEGMENT1","Customer Type","Customer Type","Customer Type","Customer Type","1","Y","30","","2014/01/22 21:54:20.42","CUSTOMIZED_USER","2014/01/22 21:54:49.247","CUSTOMIZED_USER","F0925FD5DA56267DE0436204548CC095","CV-Customer Type"
"VRM","10455","VRM-Hardware and Software","CVS2-Deal Size Band","cvs2DealSizeBand","SEGMENT3","Deal Size Band","Deal Size Band","Deal Size Band","Deal Size Band","3","Y","50","","2014/01/22 21:55:43.961","CUSTOMIZED_USER","2014/01/22 21:56:10.391","CUSTOMIZED_USER","F0925FD5DA56267DE0436204548CC095","CV1 Deal Size Band"
"VRM","10455","VRM-Hardware and Software","CVS2-Geographic Zone","cvs2GeographicZone","SEGMENT2","Geographic Zone","Geographic Zone","Geographic Zone","Geographic Zone","2","Y","50","","2014/01/22 21:55:01.659","CUSTOMIZED_USER","2014/01/22 21:55:31.716","CUSTOMIZED_USER","F0925FD5DA56267DE0436204548CC095","CV-Geographic Zone"
"VRM","10455","VRM-Professional Services","CVS-Country","cvsCountry","SEGMENT1","Country","Bill to Country","Country","Country","1","Y","30","","2014/01/22 21:50:47.065","CUSTOMIZED_USER","2014/01/22 21:51:45.975","CUSTOMIZED_USER","F0925FD5DA56267DE0436204548CC095","CV1-Country"
"VRM","10455","VRM-Professional Services","CVS-Deal Size Band","cvsDealSizeBand","SEGMENT3","Deal Size Band","Deal Size Band","Deal Size Band","Deal Size Band","3","Y","50","","2014/01/22 21:52:37.161","CUSTOMIZED_USER","2014/01/22 21:53:18.726","CUSTOMIZED_USER","F0925FD5DA56267DE0436204548CC095","CV1 Deal Size Band"
"VRM","10455","VRM-Professional Services","CVS-Man Days Band","cvsManDaysBand","SEGMENT2","Man Days Band","Man Days Band","Man Days Band","pt	 	","2","Y","50","","2014/01/22 21:51:49.693","CUSTOMIZED_USER","2014/01/22 21:52:34.342","CUSTOMIZED_USER","F0925FD5DA56267DE0436204548CC095","CV1-Man Days Band"
