"FND_APP_KEY_FLEXFIELD.KeyFlexfieldCode","FND_APP_KEY_FLEXFIELD.ApplicationId","StructureInstanceCode","StructureInstanceIdentifier","Name","Description","EnabledFlag","DynamicCombinationCreationAllowed","ShorthandAliasEnabledFlag","CreationDate","CreatedBy","LastUpdateDate","LastUpdatedBy","LastUpdateLogin","StructureCode"
"VRM","10455","Customer Class & Product Group","CustomerClassProductGroup","Customer Class & Product Group","Customer Class & Product Group","Y","Y","N","2017/01/20 19:12:48.67","CUSTOMIZED_USER","2017/01/20 19:13:31.147","CUSTOMIZED_USER","46894441822C71C8E0537AA3FD0A75A3","Customer Class & Product Group"
"VRM","10455","Hardware and Software Business","HardwareAndSoftwareBusiness","Hardware and Software Business","Hardware and Software Business","Y","Y","N","2014/01/22 21:56:51.253","CUSTOMIZED_USER","2014/01/22 21:57:16.545","CUSTOMIZED_USER","F0925FD5DA56267DE0436204548CC095","VRM-Hardware and Software"
"VRM","10455","Professional Services","ProfessionalServices","Professional Services","Professional Services","Y","Y","N","2014/01/22 21:57:21.562","CUSTOMIZED_USER","2014/01/22 21:57:36.16","CUSTOMIZED_USER","F0925FD5DA56267DE0436204548CC095","VRM-Professional Services"
"VRM","10455","Region Product & Sales Channel","RegionProductSalesChannel","Region Product & Sales Channel","Region Product & Sales Channel","Y","Y","N","2017/01/20 19:26:19.062","CUSTOMIZED_USER","2017/01/20 19:26:43.912","CUSTOMIZED_USER","46894441822C71C8E0537AA3FD0A75A3","Region Product & Sales Channel"
"VRM","10455","Region and Sales Channel","RegionAndSalesChannel","Region and Sales Channel","Region and Sales Channel","Y","Y","N","2017/01/20 12:55:01.0","CUSTOMIZED_USER","2017/01/20 12:55:55.312","CUSTOMIZED_USER","4684E199899F2A72E0537AA3FD0A5E09","Region and Sales Channel"
"VRM","10455","VRM- Country Zone","","Revenue Management Country Zone Name","Revenue Management Country Zone Description","Y","Y","N","2013/12/31 06:22:37.275","SEED_DATA_FROM_APPLICATION","2013/12/31 06:22:41.077","SEED_DATA_FROM_APPLICATION","-1","VRM- Country Zone"
"VRM","10455","VRM- Country and Class","","Revenue Management Country and Class Name","Revenue Management Country and Class Description","Y","Y","N","2013/12/31 06:22:38.434","SEED_DATA_FROM_APPLICATION","2013/12/31 06:22:41.089","SEED_DATA_FROM_APPLICATION","-1","VRM- Country and Class"
"VRM","10455","VRM- Value Band","","Revenue Management Value Band Name","Revenue Management Value Band Description","Y","Y","N","2013/12/31 06:22:38.454","SEED_DATA_FROM_APPLICATION","2013/12/31 06:22:41.092","SEED_DATA_FROM_APPLICATION","-1","VRM- Value Band"
"VRM","10455","VRM- Volume Band","","Revenue Management Volume Band Name","Revenue Management Volume Band Description","Y","Y","N","2013/12/31 06:22:38.476","SEED_DATA_FROM_APPLICATION","2013/12/31 06:22:41.096","SEED_DATA_FROM_APPLICATION","-1","VRM- Volume Band"
