"FND_APP_KEY_FLEXFIELD.KeyFlexfieldCode","FND_APP_KEY_FLEXFIELD.ApplicationId","ORA_FND_APP_KEY_FLEXFIELD_STRUCTURE_INSTANCE.StructureInstanceCode","SegmentCode","TreeCode","RequiredFlag","DisplayFlag","DefaultType","DefaultValue","DefaultValueNumber","BIEnabledFlag","QueryRequiredType","CreationDate","CreatedBy","LastUpdateDate","LastUpdatedBy","LastUpdateLogin","ValueSetCode"
"VRM","10455","Customer Class & Product Group","Customer Class","","N","Y","","","","Y","OPTIONAL","2017/01/20 19:13:05.106","CUSTOMIZED_USER","2017/01/20 19:13:31.176","CUSTOMIZED_USER","46894441822C71C8E0537AA3FD0A75A3","VRM Customer Class"
"VRM","10455","Customer Class & Product Group","Product Group","","N","Y","","","","Y","OPTIONAL","2017/01/20 19:13:05.16","CUSTOMIZED_USER","2020/10/26 19:00:52.0","CUSTOMIZED_USER","B2940E441D5927D2E0539E90DF0A51A7","GL_100_CHARACTERS"
"VRM","10455","Hardware and Software Business","CVS2-Customer Type","","N","Y","","","","Y","OPTIONAL","2014/01/22 21:57:05.708","CUSTOMIZED_USER","2014/01/22 21:57:16.557","CUSTOMIZED_USER","F0925FD5DA56267DE0436204548CC095","CV-Customer Type"
"VRM","10455","Hardware and Software Business","CVS2-Deal Size Band","","N","Y","","","","Y","OPTIONAL","2014/01/22 21:57:06.687","CUSTOMIZED_USER","2014/01/22 21:57:16.563","CUSTOMIZED_USER","F0925FD5DA56267DE0436204548CC095","CV1 Deal Size Band"
"VRM","10455","Hardware and Software Business","CVS2-Geographic Zone","","N","Y","","","","Y","OPTIONAL","2014/01/22 21:57:06.696","CUSTOMIZED_USER","2014/01/22 21:57:16.564","CUSTOMIZED_USER","F0925FD5DA56267DE0436204548CC095","CV-Geographic Zone"
"VRM","10455","Professional Services","CVS-Country","","N","Y","","","","Y","OPTIONAL","2014/01/22 21:57:33.619","CUSTOMIZED_USER","2014/01/22 21:57:36.162","CUSTOMIZED_USER","F0925FD5DA56267DE0436204548CC095","CV1-Country"
"VRM","10455","Professional Services","CVS-Deal Size Band","","N","Y","","","","Y","OPTIONAL","2014/01/22 21:57:33.748","CUSTOMIZED_USER","2014/01/22 21:57:36.163","CUSTOMIZED_USER","F0925FD5DA56267DE0436204548CC095","CV1 Deal Size Band"
"VRM","10455","Professional Services","CVS-Man Days Band","","N","Y","","","","Y","OPTIONAL","2014/01/22 21:57:33.757","CUSTOMIZED_USER","2014/01/22 21:57:36.164","CUSTOMIZED_USER","F0925FD5DA56267DE0436204548CC095","CV1-Man Days Band"
"VRM","10455","Region Product & Sales Channel","Customer Region","","N","Y","","","","Y","OPTIONAL","2017/01/20 19:26:31.18","CUSTOMIZED_USER","2017/01/20 19:26:43.94","CUSTOMIZED_USER","46894441822C71C8E0537AA3FD0A75A3","VRM Zone"
"VRM","10455","Region Product & Sales Channel","Product Group","","N","Y","","","","Y","OPTIONAL","2017/01/20 19:26:31.208","CUSTOMIZED_USER","2020/10/26 19:02:46.673","CUSTOMIZED_USER","B2940E441D5927D2E0539E90DF0A51A7","GL_100_CHARACTERS"
"VRM","10455","Region Product & Sales Channel","Sales Channel","","N","Y","","","","Y","OPTIONAL","2017/01/20 19:26:31.217","CUSTOMIZED_USER","2020/10/26 19:02:46.701","CUSTOMIZED_USER","B2940E441D5927D2E0539E90DF0A51A7","GL_100_CHARACTERS"
"VRM","10455","Region and Sales Channel","Customer Region","","N","Y","","","","Y","OPTIONAL","2017/01/20 12:55:27.036","CUSTOMIZED_USER","2017/01/20 12:55:55.462","CUSTOMIZED_USER","4684E199899F2A72E0537AA3FD0A5E09","VRM Zone"
"VRM","10455","Region and Sales Channel","Deal Band","","N","Y","","","","Y","OPTIONAL","2017/01/20 12:55:32.714","CUSTOMIZED_USER","2017/01/20 12:55:55.471","CUSTOMIZED_USER","4684E199899F2A72E0537AA3FD0A5E09","VRM Value"
"VRM","10455","Region and Sales Channel","Sales Channel","","N","Y","","","","Y","OPTIONAL","2017/01/20 12:55:32.754","CUSTOMIZED_USER","2020/10/26 19:04:11.0","CUSTOMIZED_USER","B2940E441D5927D2E0539E90DF0A51A7","GL_100_CHARACTERS"
"VRM","10455","VRM- Country Zone","Customer Class","","Y","Y","","","","Y","OPTIONAL","2013/12/31 06:22:37.915","SEED_DATA_FROM_APPLICATION","2016/04/06 11:58:01.007","SEED_DATA_FROM_APPLICATION","-1","VRM Customer Class"
"VRM","10455","VRM- Country Zone","Customer Zone","","Y","Y","","","","Y","OPTIONAL","2013/12/31 06:22:37.917","SEED_DATA_FROM_APPLICATION","2016/04/06 11:58:01.008","SEED_DATA_FROM_APPLICATION","-1","VRM Zone"
"VRM","10455","VRM- Country and Class","Bill To Country","","Y","Y","","","","Y","OPTIONAL","2013/12/31 06:22:38.442","SEED_DATA_FROM_APPLICATION","2016/04/06 11:58:01.0","SEED_DATA_FROM_APPLICATION","-1","VRM Customer Country"
"VRM","10455","VRM- Country and Class","Customer Class","","Y","Y","","","","Y","OPTIONAL","2013/12/31 06:22:38.442","SEED_DATA_FROM_APPLICATION","2016/04/06 11:58:01.004","SEED_DATA_FROM_APPLICATION","-1","VRM Customer Class"
"VRM","10455","VRM- Value Band","Bill To Country","","Y","Y","","","","Y","OPTIONAL","2013/12/31 06:22:38.461","SEED_DATA_FROM_APPLICATION","2016/04/06 11:58:01.143","SEED_DATA_FROM_APPLICATION","-1","VRM Customer Country"
"VRM","10455","VRM- Value Band","Customer Class","","Y","Y","","","","Y","OPTIONAL","2013/12/31 06:22:38.462","SEED_DATA_FROM_APPLICATION","2016/04/06 11:58:01.144","SEED_DATA_FROM_APPLICATION","-1","VRM Customer Class"
"VRM","10455","VRM- Value Band","Value","","Y","Y","","","","Y","OPTIONAL","2013/12/31 06:22:38.462","SEED_DATA_FROM_APPLICATION","2016/04/06 11:58:01.145","SEED_DATA_FROM_APPLICATION","-1","VRM Value"
"VRM","10455","VRM- Volume Band","Bill To Country","","Y","Y","","","","Y","OPTIONAL","2013/12/31 06:22:38.482","SEED_DATA_FROM_APPLICATION","2016/04/06 11:58:01.14","SEED_DATA_FROM_APPLICATION","-1","VRM Customer Country"
"VRM","10455","VRM- Volume Band","Customer Class","","Y","Y","","","","Y","OPTIONAL","2013/12/31 06:22:38.483","SEED_DATA_FROM_APPLICATION","2016/04/06 11:58:01.141","SEED_DATA_FROM_APPLICATION","-1","VRM Customer Class"
"VRM","10455","VRM- Volume Band","Volume","","Y","Y","","","","Y","OPTIONAL","2013/12/31 06:22:38.484","SEED_DATA_FROM_APPLICATION","2016/04/06 11:58:01.142","SEED_DATA_FROM_APPLICATION","-1","VRM Volume"
