{
    "openapi": "3.0.0",
    "info": {
        "title": "Line Of Business LOV Service",
        "version": "1.0.0"
    },
    "servers": [
        {
            "url": "https://intgdev1-atp.mcd.com/ords/xxmcd_erpintg/lookupcodemodule",
            "description": "Ords Xxmcd Erpintg",
            "x-vb": {
                "authentication": {
                    "authenticated": {
                        "type": "oauth2_client_credentials",
                        "clientIdCredentials": "vb_329e9ed2-71b6-4dab-8c1b-d116dc2eb7e7",
                        "authUrl": "https://intgdev1-atp.mcd.com/ords/xxmcd_erpintg/oauth/token"
                    }
                }
            }
        }
    ],
    "paths": {
        "/distinctlookupcode/": {
            "post": {
                "operationId": "postDistinctlookupcode",
                "requestBody": {
                    "description": "Request for application/json",
                    "content": {
                        "application/json": {
                            "schema": {
                                "$ref": "#/components/schemas/PostDistinctlookupcodeRequest"
                            },
                            "examples": {
                                "vb": {
                                    "summary": "Example stored by VB User",
                                    "externalValue": "./examples/postDistinctlookupcode/request_application_json_vb.json"
                                }
                            }
                        }
                    }
                },
                "responses": {
                    "default": {
                        "description": "Response for default",
                        "content": {
                            "application/json": {
                                "schema": {
                                    "$ref": "#/components/schemas/PostDistinctlookupcodeResponse"
                                },
                                "examples": {
                                    "vb": {
                                        "summary": "Example stored by VB User",
                                        "externalValue": "./examples/postDistinctlookupcode/response_default_application_json_vb.json"
                                    }
                                }
                            }
                        }
                    }
                },
                "x-vb": {
                    "actionHint": "create"
                }
            }
        }
    },
    "components": {
        "schemas": {
            "PostDistinctlookupcodeRequest": {
                "type": "object",
                "properties": {
                    "lookuptypes": {
                        "type": "string"
                    }
                }
            },
            "PostDistinctlookupcodeResponse": {
                "type": "object",
                "properties": {
                    "lookupcodelist": {
                        "type": "array",
                        "items": {
                            "type": "object",
                            "properties": {
                                "lookup_code": {
                                    "type": "string"
                                }
                            }
                        }
                    }
                }
            }
        }
    }
}