<MigrationProcessCSVMetadataVO>
   <MigrationProcessCSVMetadataVORow>
      <ProcessId>-999</ProcessId>
      <ProcessName>Manage Tax Rules_20240905_073609_980</ProcessName>
      <ProcessDescription>Manage Tax Rules_20240905_073609_980</ProcessDescription>
      <ProcessDate>2024-09-05 07:40:58.65</ProcessDate>
      <ObjectShortName>ZX_MANAGE_TAX_RULES</ObjectShortName>
      <ObjectType>TASK</ObjectType>
      <CreatedByFlow>TASK_CSV_SERVICE</CreatedByFlow>
      <ProcessType>EXPORT</ProcessType>
      <ProcessStatus>COMPLETED</ProcessStatus>
      <ProcessEnv>esds-dev9</ProcessEnv>
      <ProcessStartDate>2024-09-05 07:36:09.466</ProcessStartDate>
      <ProcessEndDate>2024-09-05 07:40:58.65</ProcessEndDate>
      <ProcessRelease>11.13.24.07.0</ProcessRelease>
      <SubmittedBy>CURTIS.FEITTY</SubmittedBy>
      <ESSRequestId>8030199</ESSRequestId>
      <MigrationProcessBusinessObjectCSVMetadata1>
         <MigrationProcessBusinessObjectCSVMetadataVORow>
            <ProcessId>-999</ProcessId>
            <BusinessObjectShortName>ORA_TAX_DETERMINANT_DEFAULTS</BusinessObjectShortName>
            <BatchName>TaxDeterminantDefaultVO</BatchName>
            <XmlAttributeList>AccountSegmentCode,AccountSegmentValue,ActiveFlag,Attribute1,Attribute10,Attribute11,Attribute12,Attribute13,Attribute14,Attribute15,Attribute2,Attribute3,Attribute4,Attribute5,Attribute6,Attribute7,Attribute8,Attribute9,AttributeCategory,AttributeDate1,AttributeDate2,AttributeDate3,AttributeDate4,AttributeDate5,AttributeNumber1,AttributeNumber2,AttributeNumber3,AttributeNumber4,AttributeNumber5,ColumnName,CreatedBy,CreationDate,DefaultMappingCode,DefaultingNumericValue,DefaultingTypeCode,DefaultingValue,EffectiveEndDate,EffectiveStartDate,LastUpdateDate,LastUpdateLogin,LastUpdatedBy,RecordTypeCode,ApplicationShortName,Name</XmlAttributeList>
            <XmlAttributeTypeList>string,string,string,string,string,string,string,string,string,string,string,string,string,string,string,string,string,string,string,date,date,date,date,date,decimal,decimal,decimal,decimal,decimal,string,string,dateTime,string,decimal,string,string,date,date,dateTime,string,string,string,string,string</XmlAttributeTypeList>
            <XmlNodePath>/TaxDeterminantDefaultVO/TaxDeterminantDefaultVORow</XmlNodePath>
            <NodeSequence>14</NodeSequence>
         </MigrationProcessBusinessObjectCSVMetadataVORow>
         <MigrationProcessBusinessObjectCSVMetadataVORow>
            <ProcessId>-999</ProcessId>
            <BusinessObjectShortName>ZX_RATE_DETERMINATION_RULE</BusinessObjectShortName>
            <BatchName>TaxDeterminingFactor</BatchName>
            <XmlAttributeList>CreatedBy,CreationDate,DataTypeCode,DeterminingFactorClassCode,DeterminingFactorCode,DeterminingFactorDesc,DeterminingFactorName,InternalFlag,LastUpdateDate,LastUpdateLogin,LastUpdatedBy,ProgramAppName,ProgramName,RecordOnlyFlag,RecordTypeCode,TaxCalculationFlag,TaxFunctionCode,TaxParameterCode,TaxRegimeDetFlag,TaxRulesFlag,TaxSummarizationFlag,TaxableBasisFlag,ValueSet,ReportingUsageFlag,DefaultingUsageFlag</XmlAttributeList>
            <XmlAttributeTypeList>string,dateTime,string,string,string,string,string,string,dateTime,string,string,string,string,string,string,string,string,string,string,string,string,string,string,string,string</XmlAttributeTypeList>
            <XmlNodePath>/TaxDeterminingFactorVO/TaxDeterminingFactorVORow</XmlNodePath>
            <NodeSequence>1</NodeSequence>
         </MigrationProcessBusinessObjectCSVMetadataVORow>
         <MigrationProcessBusinessObjectCSVMetadataVORow>
            <ProcessId>-999</ProcessId>
            <BusinessObjectShortName>ZX_RATE_DETERMINATION_RULE_TRANSLATION</BusinessObjectShortName>
            <BatchName>TaxDeterminingFactor</BatchName>
            <XmlAttributeList>CreatedBy,CreationDate,DeterminingFactorDesc,DeterminingFactorName,Language,LastUpdateDate,LastUpdateLogin,LastUpdatedBy,SourceLang</XmlAttributeList>
            <XmlAttributeTypeList>string,dateTime,string,string,string,dateTime,string,string,string</XmlAttributeTypeList>
            <XmlNodePath>/TaxDeterminingFactorVO/TaxDeterminingFactorVORow/TaxDeterminingFactorTranslation/TaxDeterminingFactorTranslationVORow</XmlNodePath>
            <NodeSequence>1</NodeSequence>
         </MigrationProcessBusinessObjectCSVMetadataVORow>
         <MigrationProcessBusinessObjectCSVMetadataVORow>
            <ProcessId>-999</ProcessId>
            <BusinessObjectShortName>ZX_TAX_RULE_SUPERTYPE</BusinessObjectShortName>
            <BatchName>TaxRule1</BatchName>
            <XmlAttributeList>TaxRuleCode,Tax,TaxRegimeCode,ServiceTypeCode,RecoveryTypeCode,Priority,DetFactorTemplCode,SystemDefaultFlag,EffectiveFrom,EffectiveTo,EnabledFlag,RecordTypeCode,TaxEventClassCode,CreatedBy,CreationDate,LastUpdatedBy,LastUpdateDate,LastUpdateLogin,TaxRuleName,TaxRuleDesc,DeterminingFactorCqCode,GeographyType,TaxLawRefCode,TaxLawRefDesc,LastUpdateModeFlag,NeverBeenEnabledFlag,ProgramAppName,ProgramName,BuName,PartyName,ApplicationShortName,GeographyName,GeographyType1,GeographyUse,GeographyCode,EntityCode,EventClassCode,ContentOwnerPartyTypeCode,CountryCode,ContentOwnerPartyNumber,EnterpriseId,TaxStatusCode,RegimeTypeFlag,ReportingTypeCode,PeriodicityCode,LegalEntityIdentifier,IndirectTaxOrWhtFlag</XmlAttributeList>
            <XmlAttributeTypeList>string,string,string,string,string,int,string,string,date,date,string,string,string,string,dateTime,string,dateTime,string,string,string,string,string,string,string,string,string,string,string,string,string,string,string,string,string,string,string,string,string,string,string,long,string,string,string,string,string,string</XmlAttributeTypeList>
            <XmlNodePath>/TaxRuleVO/TaxRuleVORow</XmlNodePath>
            <NodeSequence>10</NodeSequence>
         </MigrationProcessBusinessObjectCSVMetadataVORow>
         <MigrationProcessBusinessObjectCSVMetadataVORow>
            <ProcessId>-999</ProcessId>
            <BusinessObjectShortName>ZX_TAX_RULE_SUPERTYPE_TRANSLATION</BusinessObjectShortName>
            <BatchName>TaxRule1</BatchName>
            <XmlAttributeList>CreatedBy,CreationDate,Language,LastUpdateDate,LastUpdateLogin,LastUpdatedBy,SourceLang,TaxLawRefDesc,TaxRuleDesc,TaxRuleName</XmlAttributeList>
            <XmlAttributeTypeList>string,dateTime,string,dateTime,string,string,string,string,string,string</XmlAttributeTypeList>
            <XmlNodePath>/TaxRuleVO/TaxRuleVORow/TaxRuleTranslation/TaxRuleTranslationVORow</XmlNodePath>
            <NodeSequence>10</NodeSequence>
         </MigrationProcessBusinessObjectCSVMetadataVORow>
         <MigrationProcessBusinessObjectCSVMetadataVORow>
            <ProcessId>-999</ProcessId>
            <BusinessObjectShortName>ORA_TAX_RULE_RESULT_DETAILS</BusinessObjectShortName>
            <BatchName>TaxRuleResult1</BatchName>
            <XmlAttributeList>AlphanumericValue,CreatedBy,DateValue,LastUpdatedBy,RecordTypeCode,ServiceTypeCode,SignFlag,ValueTypeCode,ReportingTypeCodeNum,TaxRegimeCodeNum,TaxNum,SignFlagNum,ReportingCodeNumValueNum,ReportingCodeDateValueNum,ReportingCodeCharValueNum,EffectiveFromNum</XmlAttributeList>
            <XmlAttributeTypeList>string,string,date,string,string,string,string,string,string,string,string,string,string,string,string,date</XmlAttributeTypeList>
            <XmlNodePath>/TaxRuleResultVO/TaxRuleResultVORow/TaxRuleResultDetails/TaxRuleResultDetailsVORow</XmlNodePath>
            <NodeSequence>13</NodeSequence>
         </MigrationProcessBusinessObjectCSVMetadataVORow>
         <MigrationProcessBusinessObjectCSVMetadataVORow>
            <ProcessId>-999</ProcessId>
            <BusinessObjectShortName>ORA_ZX_TAX_RULE_CONDITION</BusinessObjectShortName>
            <BatchName>TaxRuleConditionSet</BatchName>
            <XmlAttributeList>ConditionGroupCode,TaxParameterCode,DataTypeCode,DeterminingFactorClassCode,DeterminingFactorCqCode,OperatorCode,RecordTypeCode,IgnoreFlag,DateValue,AlphanumericValue,ValueLow,ValueHigh,CreationDate,LastUpdateDate,CreatedBy,LastUpdatedBy,LastUpdateLogin,ProgramAppName,ProgramName,DeterminingFactorCode,NumericValueTrans,FlexFilterValue</XmlAttributeList>
            <XmlAttributeTypeList>string,string,string,string,string,string,string,string,date,string,string,string,dateTime,dateTime,string,string,string,string,string,string,string,clob</XmlAttributeTypeList>
            <XmlNodePath>/TaxRuleConditionSetVO/TaxRuleConditionSetVORow/TaxRuleConditionVO/TaxRuleConditionVORow</XmlNodePath>
            <NodeSequence>8</NodeSequence>
         </MigrationProcessBusinessObjectCSVMetadataVORow>
         <MigrationProcessBusinessObjectCSVMetadataVORow>
            <ProcessId>-999</ProcessId>
            <BusinessObjectShortName>ORA_ZX_TAX_RULE_CONDITION_DETAIL</BusinessObjectShortName>
            <BatchName>TaxRuleConditionSet</BatchName>
            <XmlAttributeList>AlphanumericValue,ConditionGroupCode,CreatedBy,CreationDate,DataTypeCode,DateValue,DeterminingFactorClassCode,DeterminingFactorCode,DeterminingFactorCqCode,LastUpdateDate,LastUpdateLogin,LastUpdatedBy,OperatorCode,ProgramAppName,ProgramName,RecordTypeCode,TaxParameterCode,TaxRegimeCode</XmlAttributeList>
            <XmlAttributeTypeList>string,string,string,dateTime,string,date,string,string,string,dateTime,string,string,string,string,string,string,string,string</XmlAttributeTypeList>
            <XmlNodePath>/TaxRuleConditionSetVO/TaxRuleConditionSetVORow/TaxRuleConditionVO/TaxRuleConditionVORow/TaxRuleConditionDetails/TaxRuleConditionDetailsVORow</XmlNodePath>
            <NodeSequence>9</NodeSequence>
         </MigrationProcessBusinessObjectCSVMetadataVORow>
         <MigrationProcessBusinessObjectCSVMetadataVORow>
            <ProcessId>-999</ProcessId>
            <BusinessObjectShortName>ORA_ZX_TAX_RULE_CONDITION_SET</BusinessObjectShortName>
            <BatchName>TaxRuleConditionSet</BatchName>
            <XmlAttributeList>LastUpdatedBy,LastUpdateDate,LastUpdateLogin,CountryCode,ConditionGroupCode,DetFactorTemplCode,MoreThanMaxCondFlag,EnabledFlag,DeterminingFactorCode1,TaxParameterCode1,DataType1Code,DeterminingFactorClass1Code,DeterminingFactorCq1Code,Operator1Code,DateValue1,AlphanumericValue1,ValueLow1,ValueHigh1,DeterminingFactorCode2,TaxParameterCode2,DataType2Code,DeterminingFactorClass2Code,DeterminingFactorCq2Code,Operator2Code,DateValue2,AlphanumericValue2,ValueLow2,ValueHigh2,DeterminingFactorCode3,TaxParameterCode3,DataType3Code,DeterminingFactorClass3Code,DeterminingFactorCq3Code,Operator3Code,DateValue3,AlphanumericValue3,ValueLow3,ValueHigh3,DeterminingFactorCode4,TaxParameterCode4,DataType4Code,DeterminingFactorClass4Code,DeterminingFactorCq4Code,Operator4Code,DateValue4,AlphanumericValue4,ValueLow4,ValueHigh4,DeterminingFactorCode5,TaxParameterCode5,DataType5Code,DeterminingFactorClass5Code,DeterminingFactorCq5Code,Operator5Code,DateValue5,AlphanumericValue5,ValueLow5,ValueHigh5,DeterminingFactorCode6,TaxParameterCode6,DataType6Code,DeterminingFactorClass6Code,DeterminingFactorCq6Code,Operator6Code,DateValue6,AlphanumericValue6,ValueLow6,ValueHigh6,DeterminingFactorCode7,TaxParameterCode7,DataType7Code,DeterminingFactorClass7Code,DeterminingFactorCq7Code,Operator7Code,DateValue7,AlphanumericValue7,ValueLow7,ValueHigh7,DeterminingFactorCode8,TaxParameterCode8,DataType8Code,DeterminingFactorClass8Code,DeterminingFactorCq8Code,Operator8Code,DateValue8,AlphanumericValue8,ValueLow8,ValueHigh8,DeterminingFactorCode9,TaxParameterCode9,DataType9Code,DeterminingFactorClass9Code,DeterminingFactorCq9Code,Operator9Code,DateValue9,AlphanumericValue9,ValueLow9,ValueHigh9,DeterminingFactorCode10,TaxParameterCode10,DataType10Code,DeterminingFactorClas10Code,DeterminingFactorCq10Code,Operator10Code,DateValue10,AlphanumericValue10,ValueLow10,ValueHigh10,CreationDate,RecordTypeCode,CreatedBy,ConditionGroupName,ConditionGroupDesc,ProgramAppName,ProgramName,Name,NumericValue1Trans,NumericValue2Trans,NumericValue3Trans,NumericValue4Trans,NumericValue5Trans,NumericValue6Trans,NumericValue7Trans,NumericValue8Trans,NumericValue9Trans,NumericValue10Trans,FlexFilterValue,DupCondToken,TaxRegimeCode</XmlAttributeList>
            <XmlAttributeTypeList>string,dateTime,string,string,string,string,string,string,string,string,string,string,string,string,date,string,string,string,string,string,string,string,string,string,date,string,string,string,string,string,string,string,string,string,date,string,string,string,string,string,string,string,string,string,date,string,string,string,string,string,string,string,string,string,date,string,string,string,string,string,string,string,string,string,date,string,string,string,string,string,string,string,string,string,date,string,string,string,string,string,string,string,string,string,date,string,string,string,string,string,string,string,string,string,date,string,string,string,string,string,string,string,string,string,date,string,string,string,dateTime,string,string,string,string,string,string,string,string,string,string,string,string,string,string,string,string,string,clob,string,string</XmlAttributeTypeList>
            <XmlNodePath>/TaxRuleConditionSetVO/TaxRuleConditionSetVORow</XmlNodePath>
            <NodeSequence>6</NodeSequence>
         </MigrationProcessBusinessObjectCSVMetadataVORow>
         <MigrationProcessBusinessObjectCSVMetadataVORow>
            <ProcessId>-999</ProcessId>
            <BusinessObjectShortName>ORA_ZX_TAX_RULE_CONDITION_SET_TRANSLATION</BusinessObjectShortName>
            <BatchName>TaxRuleConditionSet</BatchName>
            <XmlAttributeList>ConditionGroupDesc,ConditionGroupName,CreatedBy,CreationDate,Language,LastUpdateDate,LastUpdateLogin,LastUpdatedBy,SourceLang</XmlAttributeList>
            <XmlAttributeTypeList>string,string,string,dateTime,string,dateTime,string,string,string</XmlAttributeTypeList>
            <XmlNodePath>/TaxRuleConditionSetVO/TaxRuleConditionSetVORow/TaxRuleConditionSetTranslationVO/TaxRuleConditionSetTranslationVORow</XmlNodePath>
            <NodeSequence>6</NodeSequence>
         </MigrationProcessBusinessObjectCSVMetadataVORow>
         <MigrationProcessBusinessObjectCSVMetadataVORow>
            <ProcessId>-999</ProcessId>
            <BusinessObjectShortName>ORA_ZX_TAX_RULE_COND_DETAIL_TEMP</BusinessObjectShortName>
            <BatchName>TaxRuleConditionSetTemplate</BatchName>
            <XmlAttributeList>DeterminingFactorClassCode,DeterminingFactorCqCode,DeterminingFactorCode,RequiredFlag,RecordTypeCode,CreationDate,LastUpdateDate,TaxRegimeDetLevelCode,TaxParameterCode,CreatedBy,LastUpdatedBy,LastUpdateLogin,ProgramAppName,ProgramName</XmlAttributeList>
            <XmlAttributeTypeList>string,string,string,string,string,dateTime,dateTime,string,string,string,string,string,string,string</XmlAttributeTypeList>
            <XmlNodePath>/TaxRuleConditionSetTemplateVO/TaxRuleConditionSetTemplateVORow/TaxRuleConditionSetTemplateDetail/TaxRuleConditionSetTemplateDetailVORow</XmlNodePath>
            <NodeSequence>5</NodeSequence>
         </MigrationProcessBusinessObjectCSVMetadataVORow>
         <MigrationProcessBusinessObjectCSVMetadataVORow>
            <ProcessId>-999</ProcessId>
            <BusinessObjectShortName>ORA_ZX_TAX_RULE_RESULT</BusinessObjectShortName>
            <BatchName>TaxRuleResult1</BatchName>
            <XmlAttributeList>ConditionGroupCode,Priority,ResultTypeCode,TaxStatusCode,NumericResult,AlphanumericResult,StatusResult,RateResult,LegalMessageCode,MinTaxAmt,MaxTaxAmt,MinTaxableBasis,MaxTaxableBasis,MinTaxRate,MaxTaxRate,EnabledFlag,AllowExemptionsFlag,AllowExceptionsFlag,RecordTypeCode,CreationDate,LastUpdateDate,CreatedBy,LastUpdatedBy,LastUpdateLogin,ResultApi,DetFactorTemplCode,BuName,ConditionGroupCode1,DetFactorTemplCode1,EnabledFlag1,ContentOwnerPartyTypeCode,PartyName,EnterpriseId,ContentOwnerPartyNumber,TaxPointBasisResult,TaxAmtThrshldCode,TaxableAmtThrshldCode,TaxRateThrshldCode,SelfAssesedFlag,InclusiveTaxFlag,AlphanumericValue1,AlphanumericValue10,AlphanumericValue2,AlphanumericValue3,AlphanumericValue4,AlphanumericValue5,AlphanumericValue6,AlphanumericValue7,AlphanumericValue8,AlphanumericValue9,DeterminingFactorClas10Code,DeterminingFactorClass1Code,DeterminingFactorClass2Code,DeterminingFactorClass3Code,DeterminingFactorClass4Code,DeterminingFactorClass5Code,DeterminingFactorClass6Code,DeterminingFactorClass7Code,DeterminingFactorClass8Code,DeterminingFactorClass9Code,DeterminingFactorCode1,DeterminingFactorCode10,DeterminingFactorCode2,DeterminingFactorCode3,DeterminingFactorCode4,DeterminingFactorCode5,DeterminingFactorCode6,DeterminingFactorCode7,DeterminingFactorCode8,DeterminingFactorCode9,DeterminingFactorCq10Code,DeterminingFactorCq1Code,DeterminingFactorCq2Code,DeterminingFactorCq3Code,DeterminingFactorCq4Code,DeterminingFactorCq5Code,DeterminingFactorCq6Code,DeterminingFactorCq7Code,DeterminingFactorCq8Code,DeterminingFactorCq9Code,Operator10Code,Operator1Code,Operator2Code,Operator3Code,Operator4Code,Operator5Code,Operator6Code,Operator7Code,Operator8Code,Operator9Code,TaxRegimeCode,Tax,ServiceTypeCode,EffectiveFrom,RecoveryTypeCode,TaxRuleCode,Priority1,TaxableBasisFormulaResult,LegalEntityIdentifier,NumericValue1,NumericValue10,NumericValue2,NumericValue3,NumericValue4,NumericValue5,NumericValue6,NumericValue7,NumericValue8,NumericValue9</XmlAttributeList>
            <XmlAttributeTypeList>string,decimal,string,string,long,string,string,string,string,int,int,int,int,int,int,string,string,string,string,dateTime,dateTime,string,string,string,string,string,string,string,string,string,string,string,long,string,string,string,string,string,string,string,string,string,string,string,string,string,string,string,string,string,string,string,string,string,string,string,string,string,string,string,string,string,string,string,string,string,string,string,string,string,string,string,string,string,string,string,string,string,string,string,string,string,string,string,string,string,string,string,string,string,string,string,string,date,string,string,int,string,string,long,long,long,long,long,long,long,long,long,long</XmlAttributeTypeList>
            <XmlNodePath>/TaxRuleResultVO/TaxRuleResultVORow</XmlNodePath>
            <NodeSequence>12</NodeSequence>
         </MigrationProcessBusinessObjectCSVMetadataVORow>
         <MigrationProcessBusinessObjectCSVMetadataVORow>
            <ProcessId>-999</ProcessId>
            <BusinessObjectShortName>ORA_ZX_TAX_RULE_TEMPLATE</BusinessObjectShortName>
            <BatchName>TaxRuleConditionSetTemplate</BatchName>
            <XmlAttributeList>DetFactorTemplCode,TaxRegimeCode,TemplateUsageCode,RecordTypeCode,CreatedBy,CreationDate,LastUpdatedBy,LastUpdateDate,LastUpdateLogin,DetFactorTemplName,DetFactorTemplDesc,ProgramAppName,ProgramName,Tax,ServiceTypeCode,Name,UsageTypeFlag</XmlAttributeList>
            <XmlAttributeTypeList>string,string,string,string,string,dateTime,string,dateTime,string,string,string,string,string,string,string,string,string</XmlAttributeTypeList>
            <XmlNodePath>/TaxRuleConditionSetTemplateVO/TaxRuleConditionSetTemplateVORow</XmlNodePath>
            <NodeSequence>3</NodeSequence>
         </MigrationProcessBusinessObjectCSVMetadataVORow>
         <MigrationProcessBusinessObjectCSVMetadataVORow>
            <ProcessId>-999</ProcessId>
            <BusinessObjectShortName>ORA_ZX_TAX_RULE_TEMPLATE_TRANSLATION</BusinessObjectShortName>
            <BatchName>TaxRuleConditionSetTemplate</BatchName>
            <XmlAttributeList>CreatedBy,CreationDate,DetFactorTemplDesc,DetFactorTemplName,Language,LastUpdateDate,LastUpdateLogin,LastUpdatedBy,SourceLang</XmlAttributeList>
            <XmlAttributeTypeList>string,dateTime,string,string,string,dateTime,string,string,string</XmlAttributeTypeList>
            <XmlNodePath>/TaxRuleConditionSetTemplateVO/TaxRuleConditionSetTemplateVORow/TaxRuleConditionSetTemplateTranslation/TaxRuleConditionSetTemplateTranslationVORow</XmlNodePath>
            <NodeSequence>3</NodeSequence>
         </MigrationProcessBusinessObjectCSVMetadataVORow>
      </MigrationProcessBusinessObjectCSVMetadata1>
      <MigrationProcessBatchCSVMetadata>
         <MigrationProcessBatchCSVMetadataVORow>
            <ProcessId>-999</ProcessId>
            <BatchName>TaxDeterminingFactor</BatchName>
            <ImportSequence>0</ImportSequence>
            <ServiceName>oracle.apps.financials.tax.configuration.rule.ruleService.RuleService</ServiceName>
            <BatchSize>100</BatchSize>
         </MigrationProcessBatchCSVMetadataVORow>
         <MigrationProcessBatchCSVMetadataVORow>
            <ProcessId>-999</ProcessId>
            <BatchName>TaxRuleConditionSetTemplate</BatchName>
            <ImportSequence>1</ImportSequence>
            <ServiceName>oracle.apps.financials.tax.configuration.rule.ruleService.RuleService</ServiceName>
            <BatchSize>100</BatchSize>
         </MigrationProcessBatchCSVMetadataVORow>
         <MigrationProcessBatchCSVMetadataVORow>
            <ProcessId>-999</ProcessId>
            <BatchName>TaxRuleConditionSet</BatchName>
            <ImportSequence>2</ImportSequence>
            <ServiceName>oracle.apps.financials.tax.configuration.rule.ruleService.RuleService</ServiceName>
            <BatchSize>100</BatchSize>
         </MigrationProcessBatchCSVMetadataVORow>
         <MigrationProcessBatchCSVMetadataVORow>
            <ProcessId>-999</ProcessId>
            <BatchName>TaxRule1</BatchName>
            <ImportSequence>3</ImportSequence>
            <ServiceName>oracle.apps.financials.tax.configuration.rule.ruleService.RuleService</ServiceName>
            <BatchSize>100</BatchSize>
         </MigrationProcessBatchCSVMetadataVORow>
         <MigrationProcessBatchCSVMetadataVORow>
            <ProcessId>-999</ProcessId>
            <BatchName>TaxRuleResult1</BatchName>
            <ImportSequence>4</ImportSequence>
            <ServiceName>oracle.apps.financials.tax.configuration.rule.ruleService.RuleService</ServiceName>
            <BatchSize>100</BatchSize>
         </MigrationProcessBatchCSVMetadataVORow>
         <MigrationProcessBatchCSVMetadataVORow>
            <ProcessId>-999</ProcessId>
            <BatchName>TaxDeterminantDefaultVO</BatchName>
            <ImportSequence>5</ImportSequence>
            <ServiceName>oracle.apps.financials.tax.configuration.rule.ruleService.RuleService</ServiceName>
            <BatchSize>100</BatchSize>
         </MigrationProcessBatchCSVMetadataVORow>
      </MigrationProcessBatchCSVMetadata>
      <MigrationProcessScopeValueCSVMetadata>
         <MigrationProcessScopeValueCSVMetadataVORow>
            <ProcessId>-999</ProcessId>
            <MigScopeValueSetId>100002090993470</MigScopeValueSetId>
            <BusinessObjectShortName>ORA_TAX_RULE_RESULT_DETAILS</BusinessObjectShortName>
            <ScopeValueBoAttributeId>TaxQuickSetupFlag</ScopeValueBoAttributeId>
            <ScopeValueBoAttributeValue>Y</ScopeValueBoAttributeValue>
            <ScopeValueBoAttributeValueCode>Y</ScopeValueBoAttributeValueCode>
         </MigrationProcessScopeValueCSVMetadataVORow>
         <MigrationProcessScopeValueCSVMetadataVORow>
            <ProcessId>-999</ProcessId>
            <MigScopeValueSetId>100002090993468</MigScopeValueSetId>
            <BusinessObjectShortName>ORA_TAX_DETERMINANT_DEFAULTS</BusinessObjectShortName>
            <ScopeValueBoAttributeId>TaxQuickSetupFlag</ScopeValueBoAttributeId>
            <ScopeValueBoAttributeValue>Y</ScopeValueBoAttributeValue>
            <ScopeValueBoAttributeValueCode>Y</ScopeValueBoAttributeValueCode>
         </MigrationProcessScopeValueCSVMetadataVORow>
         <MigrationProcessScopeValueCSVMetadataVORow>
            <ProcessId>-999</ProcessId>
            <MigScopeValueSetId>100002090993466</MigScopeValueSetId>
            <BusinessObjectShortName>ORA_ZX_TAX_RULE_TEMPLATE</BusinessObjectShortName>
            <ScopeValueBoAttributeId>TaxQuickSetupFlag</ScopeValueBoAttributeId>
            <ScopeValueBoAttributeValue>Y</ScopeValueBoAttributeValue>
            <ScopeValueBoAttributeValueCode>Y</ScopeValueBoAttributeValueCode>
         </MigrationProcessScopeValueCSVMetadataVORow>
         <MigrationProcessScopeValueCSVMetadataVORow>
            <ProcessId>-999</ProcessId>
            <MigScopeValueSetId>100002090993464</MigScopeValueSetId>
            <BusinessObjectShortName>ORA_ZX_TAX_RULE_RESULT</BusinessObjectShortName>
            <ScopeValueBoAttributeId>TaxQuickSetupFlag</ScopeValueBoAttributeId>
            <ScopeValueBoAttributeValue>Y</ScopeValueBoAttributeValue>
            <ScopeValueBoAttributeValueCode>Y</ScopeValueBoAttributeValueCode>
         </MigrationProcessScopeValueCSVMetadataVORow>
         <MigrationProcessScopeValueCSVMetadataVORow>
            <ProcessId>-999</ProcessId>
            <MigScopeValueSetId>100002090993462</MigScopeValueSetId>
            <BusinessObjectShortName>ORA_ZX_TAX_RULE_COND_DETAIL_TEMP</BusinessObjectShortName>
            <ScopeValueBoAttributeId>TaxQuickSetupFlag</ScopeValueBoAttributeId>
            <ScopeValueBoAttributeValue>Y</ScopeValueBoAttributeValue>
            <ScopeValueBoAttributeValueCode>Y</ScopeValueBoAttributeValueCode>
         </MigrationProcessScopeValueCSVMetadataVORow>
         <MigrationProcessScopeValueCSVMetadataVORow>
            <ProcessId>-999</ProcessId>
            <MigScopeValueSetId>100002090993460</MigScopeValueSetId>
            <BusinessObjectShortName>ORA_ZX_TAX_RULE_CONDITION_SET</BusinessObjectShortName>
            <ScopeValueBoAttributeId>TaxQuickSetupFlag</ScopeValueBoAttributeId>
            <ScopeValueBoAttributeValue>Y</ScopeValueBoAttributeValue>
            <ScopeValueBoAttributeValueCode>Y</ScopeValueBoAttributeValueCode>
         </MigrationProcessScopeValueCSVMetadataVORow>
         <MigrationProcessScopeValueCSVMetadataVORow>
            <ProcessId>-999</ProcessId>
            <MigScopeValueSetId>100002090993458</MigScopeValueSetId>
            <BusinessObjectShortName>ORA_ZX_TAX_RULE_CONDITION_DETAIL</BusinessObjectShortName>
            <ScopeValueBoAttributeId>TaxQuickSetupFlag</ScopeValueBoAttributeId>
            <ScopeValueBoAttributeValue>Y</ScopeValueBoAttributeValue>
            <ScopeValueBoAttributeValueCode>Y</ScopeValueBoAttributeValueCode>
         </MigrationProcessScopeValueCSVMetadataVORow>
         <MigrationProcessScopeValueCSVMetadataVORow>
            <ProcessId>-999</ProcessId>
            <MigScopeValueSetId>100002090993456</MigScopeValueSetId>
            <BusinessObjectShortName>ORA_ZX_TAX_RULE_CONDITION</BusinessObjectShortName>
            <ScopeValueBoAttributeId>TaxQuickSetupFlag</ScopeValueBoAttributeId>
            <ScopeValueBoAttributeValue>Y</ScopeValueBoAttributeValue>
            <ScopeValueBoAttributeValueCode>Y</ScopeValueBoAttributeValueCode>
         </MigrationProcessScopeValueCSVMetadataVORow>
         <MigrationProcessScopeValueCSVMetadataVORow>
            <ProcessId>-999</ProcessId>
            <MigScopeValueSetId>100002090993454</MigScopeValueSetId>
            <BusinessObjectShortName>ZX_TAX_RULE_SUPERTYPE</BusinessObjectShortName>
            <ScopeValueBoAttributeId>TaxQuickSetupFlag</ScopeValueBoAttributeId>
            <ScopeValueBoAttributeValue>Y</ScopeValueBoAttributeValue>
            <ScopeValueBoAttributeValueCode>Y</ScopeValueBoAttributeValueCode>
         </MigrationProcessScopeValueCSVMetadataVORow>
         <MigrationProcessScopeValueCSVMetadataVORow>
            <ProcessId>-999</ProcessId>
            <MigScopeValueSetId>100002090993452</MigScopeValueSetId>
            <BusinessObjectShortName>ZX_RATE_DETERMINATION_RULE</BusinessObjectShortName>
            <ScopeValueBoAttributeId>TaxQuickSetupFlag</ScopeValueBoAttributeId>
            <ScopeValueBoAttributeValue>Y</ScopeValueBoAttributeValue>
            <ScopeValueBoAttributeValueCode>Y</ScopeValueBoAttributeValueCode>
         </MigrationProcessScopeValueCSVMetadataVORow>
      </MigrationProcessScopeValueCSVMetadata>
      <MigrationProcessMigrationObjectCSVMetadata>
         <MigrationProcessMigrationObjectCSVMetadataVORow>
            <ProcessId>-999</ProcessId>
            <BusinessObjectShortName>ORA_TAX_DETERMINANT_DEFAULTS</BusinessObjectShortName>
            <MigrateFlag>Y</MigrateFlag>
            <IncludeExternalDataFlag>Y</IncludeExternalDataFlag>
         </MigrationProcessMigrationObjectCSVMetadataVORow>
         <MigrationProcessMigrationObjectCSVMetadataVORow>
            <ProcessId>-999</ProcessId>
            <BusinessObjectShortName>ORA_TAX_RULE_RESULT_DETAILS</BusinessObjectShortName>
            <MigrateFlag>Y</MigrateFlag>
            <IncludeExternalDataFlag>Y</IncludeExternalDataFlag>
         </MigrationProcessMigrationObjectCSVMetadataVORow>
         <MigrationProcessMigrationObjectCSVMetadataVORow>
            <ProcessId>-999</ProcessId>
            <BusinessObjectShortName>ORA_ZX_TAX_RULE_CONDITION</BusinessObjectShortName>
            <MigrateFlag>Y</MigrateFlag>
            <IncludeExternalDataFlag>Y</IncludeExternalDataFlag>
         </MigrationProcessMigrationObjectCSVMetadataVORow>
         <MigrationProcessMigrationObjectCSVMetadataVORow>
            <ProcessId>-999</ProcessId>
            <BusinessObjectShortName>ORA_ZX_TAX_RULE_CONDITION_DETAIL</BusinessObjectShortName>
            <MigrateFlag>Y</MigrateFlag>
            <IncludeExternalDataFlag>Y</IncludeExternalDataFlag>
         </MigrationProcessMigrationObjectCSVMetadataVORow>
         <MigrationProcessMigrationObjectCSVMetadataVORow>
            <ProcessId>-999</ProcessId>
            <BusinessObjectShortName>ORA_ZX_TAX_RULE_CONDITION_SET</BusinessObjectShortName>
            <MigrateFlag>Y</MigrateFlag>
            <IncludeExternalDataFlag>Y</IncludeExternalDataFlag>
         </MigrationProcessMigrationObjectCSVMetadataVORow>
         <MigrationProcessMigrationObjectCSVMetadataVORow>
            <ProcessId>-999</ProcessId>
            <BusinessObjectShortName>ORA_ZX_TAX_RULE_COND_DETAIL_TEMP</BusinessObjectShortName>
            <MigrateFlag>Y</MigrateFlag>
            <IncludeExternalDataFlag>Y</IncludeExternalDataFlag>
         </MigrationProcessMigrationObjectCSVMetadataVORow>
         <MigrationProcessMigrationObjectCSVMetadataVORow>
            <ProcessId>-999</ProcessId>
            <BusinessObjectShortName>ORA_ZX_TAX_RULE_RESULT</BusinessObjectShortName>
            <MigrateFlag>Y</MigrateFlag>
            <IncludeExternalDataFlag>Y</IncludeExternalDataFlag>
         </MigrationProcessMigrationObjectCSVMetadataVORow>
         <MigrationProcessMigrationObjectCSVMetadataVORow>
            <ProcessId>-999</ProcessId>
            <BusinessObjectShortName>ORA_ZX_TAX_RULE_TEMPLATE</BusinessObjectShortName>
            <MigrateFlag>Y</MigrateFlag>
            <IncludeExternalDataFlag>Y</IncludeExternalDataFlag>
         </MigrationProcessMigrationObjectCSVMetadataVORow>
         <MigrationProcessMigrationObjectCSVMetadataVORow>
            <ProcessId>-999</ProcessId>
            <BusinessObjectShortName>ZX_RATE_DETERMINATION_RULE</BusinessObjectShortName>
            <MigrateFlag>Y</MigrateFlag>
            <IncludeExternalDataFlag>Y</IncludeExternalDataFlag>
         </MigrationProcessMigrationObjectCSVMetadataVORow>
         <MigrationProcessMigrationObjectCSVMetadataVORow>
            <ProcessId>-999</ProcessId>
            <BusinessObjectShortName>ZX_TAX_RULE_SUPERTYPE</BusinessObjectShortName>
            <MigrateFlag>Y</MigrateFlag>
            <IncludeExternalDataFlag>Y</IncludeExternalDataFlag>
         </MigrationProcessMigrationObjectCSVMetadataVORow>
      </MigrationProcessMigrationObjectCSVMetadata>
      <MigrationProcessTaskCSVMetadata null="true"/>
      <MigrationProcessServiceVersionCSVMetadata null="true"/>
   </MigrationProcessCSVMetadataVORow>
</MigrationProcessCSVMetadataVO>