"ORA_ZX_TAX_RULE_RESULT.ConditionGroupCode","ORA_ZX_TAX_RULE_RESULT.Priority","ORA_ZX_TAX_RULE_RESULT.TaxStatusCode","ORA_ZX_TAX_RULE_RESULT.EnabledFlag","ORA_ZX_TAX_RULE_RESULT.TaxRegimeCode","ORA_ZX_TAX_RULE_RESULT.Tax","ORA_ZX_TAX_RULE_RESULT.TaxRuleCode","ORA_ZX_TAX_RULE_RESULT.ServiceTypeCode","ORA_ZX_TAX_RULE_RESULT.RecoveryTypeCode","ORA_ZX_TAX_RULE_RESULT.Priority1","ORA_ZX_TAX_RULE_RESULT.EffectiveFrom","ORA_ZX_TAX_RULE_RESULT.ContentOwnerPartyTypeCode","ORA_ZX_TAX_RULE_RESULT.BuName","ORA_ZX_TAX_RULE_RESULT.LegalEntityIdentifier","AlphanumericValue","SignFlag","ValueTypeCode","CreatedBy","DateValue","LastUpdatedBy","RecordTypeCode","ServiceTypeCode","ReportingTypeCodeNum","TaxRegimeCodeNum","TaxNum","SignFlagNum","ReportingCodeNumValueNum","ReportingCodeDateValueNum","ReportingCodeCharValueNum","EffectiveFromNum"
"GB TBA AR INV STD RATE","1","","Y","GB VAT TAX","GB VAT TAX","GB TBA TAX RATE_LINE CLASS","DET_TAX_BOX","","10","1951/01/01","GCO","","","6","P","REC_TAXABLE_BOX","FIN_IMPL","","FIN_IMPL","USER_DEFINED","DET_TAX_BOX","GB TBA PERIODIC TAX BOXES","","","P","","","6","1951/01/01"
"GB TBA AR INV STD RATE","1","","Y","GB VAT TAX","GB VAT TAX","GB TBA TAX RATE_LINE CLASS","DET_TAX_BOX","","10","1951/01/01","GCO","","","1","P","REC_TAX_BOX","FIN_IMPL","","FIN_IMPL","USER_DEFINED","DET_TAX_BOX","GB TBA PERIODIC TAX BOXES","","","P","","","1","1951/01/01"
"GB TBA AR CM STD RATE","2","","Y","GB VAT TAX","GB VAT TAX","GB TBA TAX RATE_LINE CLASS","DET_TAX_BOX","","10","1951/01/01","GCO","","","6","P","REC_TAXABLE_BOX","FIN_IMPL","","FIN_IMPL","USER_DEFINED","DET_TAX_BOX","GB TBA PERIODIC TAX BOXES","","","P","","","6","1951/01/01"
"GB TBA AR CM STD RATE","2","","Y","GB VAT TAX","GB VAT TAX","GB TBA TAX RATE_LINE CLASS","DET_TAX_BOX","","10","1951/01/01","GCO","","","1","P","REC_TAX_BOX","FIN_IMPL","","FIN_IMPL","USER_DEFINED","DET_TAX_BOX","GB TBA PERIODIC TAX BOXES","","","P","","","1","1951/01/01"
"GB TBA AR INV REDUCED RATE","3","","Y","GB VAT TAX","GB VAT TAX","GB TBA TAX RATE_LINE CLASS","DET_TAX_BOX","","10","1951/01/01","GCO","","","6","P","REC_TAXABLE_BOX","FIN_IMPL","","FIN_IMPL","USER_DEFINED","DET_TAX_BOX","GB TBA PERIODIC TAX BOXES","","","P","","","6","1951/01/01"
"GB TBA AR INV REDUCED RATE","3","","Y","GB VAT TAX","GB VAT TAX","GB TBA TAX RATE_LINE CLASS","DET_TAX_BOX","","10","1951/01/01","GCO","","","1","P","REC_TAX_BOX","FIN_IMPL","","FIN_IMPL","USER_DEFINED","DET_TAX_BOX","GB TBA PERIODIC TAX BOXES","","","P","","","1","1951/01/01"
"GB TBA AR CM REDUCED RATE","4","","Y","GB VAT TAX","GB VAT TAX","GB TBA TAX RATE_LINE CLASS","DET_TAX_BOX","","10","1951/01/01","GCO","","","6","P","REC_TAXABLE_BOX","FIN_IMPL","","FIN_IMPL","USER_DEFINED","DET_TAX_BOX","GB TBA PERIODIC TAX BOXES","","","P","","","6","1951/01/01"
"GB TBA AR CM REDUCED RATE","4","","Y","GB VAT TAX","GB VAT TAX","GB TBA TAX RATE_LINE CLASS","DET_TAX_BOX","","10","1951/01/01","GCO","","","1","P","REC_TAX_BOX","FIN_IMPL","","FIN_IMPL","USER_DEFINED","DET_TAX_BOX","GB TBA PERIODIC TAX BOXES","","","P","","","1","1951/01/01"
"GB TBA AR INV ZERO  RATE","5","","Y","GB VAT TAX","GB VAT TAX","GB TBA TAX RATE_LINE CLASS","DET_TAX_BOX","","10","1951/01/01","GCO","","","6","P","REC_TAXABLE_BOX","FIN_IMPL","","FIN_IMPL","USER_DEFINED","DET_TAX_BOX","GB TBA PERIODIC TAX BOXES","","","P","","","6","1951/01/01"
"GB TBA AR CM ZERO RATE","6","","Y","GB VAT TAX","GB VAT TAX","GB TBA TAX RATE_LINE CLASS","DET_TAX_BOX","","10","1951/01/01","GCO","","","6","P","REC_TAXABLE_BOX","FIN_IMPL","","FIN_IMPL","USER_DEFINED","DET_TAX_BOX","GB TBA PERIODIC TAX BOXES","","","P","","","6","1951/01/01"
"GB TBA AR INV EXEMPT RATE","7","","Y","GB VAT TAX","GB VAT TAX","GB TBA TAX RATE_LINE CLASS","DET_TAX_BOX","","10","1951/01/01","GCO","","","6","P","REC_TAXABLE_BOX","FIN_IMPL","","FIN_IMPL","USER_DEFINED","DET_TAX_BOX","GB TBA PERIODIC TAX BOXES","","","P","","","6","1951/01/01"
"GB TBA AR CM EXEMPT RATE","8","","Y","GB VAT TAX","GB VAT TAX","GB TBA TAX RATE_LINE CLASS","DET_TAX_BOX","","10","1951/01/01","GCO","","","6","P","REC_TAXABLE_BOX","FIN_IMPL","","FIN_IMPL","USER_DEFINED","DET_TAX_BOX","GB TBA PERIODIC TAX BOXES","","","P","","","6","1951/01/01"
"GB TBA INV MISSING TRADER SALE","9","","Y","GB VAT TAX","GB VAT TAX","GB TBA TAX RATE_LINE CLASS","DET_TAX_BOX","","10","1951/01/01","GCO","","","6","P","REC_TAXABLE_BOX","FIN_IMPL","","FIN_IMPL","USER_DEFINED","DET_TAX_BOX","GB TBA PERIODIC TAX BOXES","","","P","","","6","1951/01/01"
"GB TBA CM MISSING TRADER SALE","10","","Y","GB VAT TAX","GB VAT TAX","GB TBA TAX RATE_LINE CLASS","DET_TAX_BOX","","10","1951/01/01","GCO","","","6","P","REC_TAXABLE_BOX","FIN_IMPL","","FIN_IMPL","USER_DEFINED","DET_TAX_BOX","GB TBA PERIODIC TAX BOXES","","","P","","","6","1951/01/01"
"GB TBA INV INTRA EU SALE GOODS","11","","Y","GB VAT TAX","GB VAT TAX","GB TBA TAX RATE_LINE CLASS","DET_TAX_BOX","","10","1951/01/01","GCO","","","6","P","REC_TAXABLE_BOX","FIN_IMPL","","FIN_IMPL","USER_DEFINED","DET_TAX_BOX","GB TBA PERIODIC TAX BOXES","","","P","","","6","1951/01/01"
"GB TBA INV INTRA EU SALE GOODS","11","","Y","GB VAT TAX","GB VAT TAX","GB TBA TAX RATE_LINE CLASS","DET_TAX_BOX","","10","1951/01/01","GCO","","","8","P","REC_TAXABLE_BOX","FIN_IMPL","","FIN_IMPL","USER_DEFINED","DET_TAX_BOX","GB TBA PERIODIC TAX BOXES","","","P","","","8","1951/01/01"
"GB TBA CM  INTRA EU SALE GOODS","12","","Y","GB VAT TAX","GB VAT TAX","GB TBA TAX RATE_LINE CLASS","DET_TAX_BOX","","10","1951/01/01","GCO","","","6","P","REC_TAXABLE_BOX","FIN_IMPL","","FIN_IMPL","USER_DEFINED","DET_TAX_BOX","GB TBA PERIODIC TAX BOXES","","","P","","","6","1951/01/01"
"GB TBA CM  INTRA EU SALE GOODS","12","","Y","GB VAT TAX","GB VAT TAX","GB TBA TAX RATE_LINE CLASS","DET_TAX_BOX","","10","1951/01/01","GCO","","","8","P","REC_TAXABLE_BOX","FIN_IMPL","","FIN_IMPL","USER_DEFINED","DET_TAX_BOX","GB TBA PERIODIC TAX BOXES","","","P","","","8","1951/01/01"
"GB TBA INV INTRA EU SALE SERVICES","13","","Y","GB VAT TAX","GB VAT TAX","GB TBA TAX RATE_LINE CLASS","DET_TAX_BOX","","10","1951/01/01","GCO","","","6","P","REC_TAXABLE_BOX","FIN_IMPL","","FIN_IMPL","USER_DEFINED","DET_TAX_BOX","GB TBA PERIODIC TAX BOXES","","","P","","","6","1951/01/01"
"GB TBA CM INTRA EU SALE SERVICES","14","","Y","GB VAT TAX","GB VAT TAX","GB TBA TAX RATE_LINE CLASS","DET_TAX_BOX","","10","1951/01/01","GCO","","","6","P","REC_TAXABLE_BOX","FIN_IMPL","","FIN_IMPL","USER_DEFINED","DET_TAX_BOX","GB TBA PERIODIC TAX BOXES","","","P","","","6","1951/01/01"
"GB TBA AP INV STD RATE","15","","Y","GB VAT TAX","GB VAT TAX","GB TBA TAX RATE_LINE CLASS","DET_TAX_BOX","","10","1951/01/01","GCO","","","7","P","REC_TAXABLE_BOX","FIN_IMPL","","FIN_IMPL","USER_DEFINED","DET_TAX_BOX","GB TBA PERIODIC TAX BOXES","","","P","","","7","1951/01/01"
"GB TBA AP INV STD RATE","15","","Y","GB VAT TAX","GB VAT TAX","GB TBA TAX RATE_LINE CLASS","DET_TAX_BOX","","10","1951/01/01","GCO","","","4","P","REC_TAX_BOX","FIN_IMPL","","FIN_IMPL","USER_DEFINED","DET_TAX_BOX","GB TBA PERIODIC TAX BOXES","","","P","","","4","1951/01/01"
"GB TBA AP CM STD RATE","16","","Y","GB VAT TAX","GB VAT TAX","GB TBA TAX RATE_LINE CLASS","DET_TAX_BOX","","10","1951/01/01","GCO","","","7","P","REC_TAXABLE_BOX","FIN_IMPL","","FIN_IMPL","USER_DEFINED","DET_TAX_BOX","GB TBA PERIODIC TAX BOXES","","","P","","","7","1951/01/01"
"GB TBA AP CM STD RATE","16","","Y","GB VAT TAX","GB VAT TAX","GB TBA TAX RATE_LINE CLASS","DET_TAX_BOX","","10","1951/01/01","GCO","","","4","P","REC_TAX_BOX","FIN_IMPL","","FIN_IMPL","USER_DEFINED","DET_TAX_BOX","GB TBA PERIODIC TAX BOXES","","","P","","","4","1951/01/01"
"GB TBA AP INV REDUCED  RATE","17","","Y","GB VAT TAX","GB VAT TAX","GB TBA TAX RATE_LINE CLASS","DET_TAX_BOX","","10","1951/01/01","GCO","","","7","P","REC_TAXABLE_BOX","FIN_IMPL","","FIN_IMPL","USER_DEFINED","DET_TAX_BOX","GB TBA PERIODIC TAX BOXES","","","P","","","7","1951/01/01"
"GB TBA AP INV REDUCED  RATE","17","","Y","GB VAT TAX","GB VAT TAX","GB TBA TAX RATE_LINE CLASS","DET_TAX_BOX","","10","1951/01/01","GCO","","","4","P","REC_TAX_BOX","FIN_IMPL","","FIN_IMPL","USER_DEFINED","DET_TAX_BOX","GB TBA PERIODIC TAX BOXES","","","P","","","4","1951/01/01"
"GB TBA AP CM REDUCED  RATE","18","","Y","GB VAT TAX","GB VAT TAX","GB TBA TAX RATE_LINE CLASS","DET_TAX_BOX","","10","1951/01/01","GCO","","","7","P","REC_TAXABLE_BOX","FIN_IMPL","","FIN_IMPL","USER_DEFINED","DET_TAX_BOX","GB TBA PERIODIC TAX BOXES","","","P","","","7","1951/01/01"
"GB TBA AP CM REDUCED  RATE","18","","Y","GB VAT TAX","GB VAT TAX","GB TBA TAX RATE_LINE CLASS","DET_TAX_BOX","","10","1951/01/01","GCO","","","4","P","REC_TAX_BOX","FIN_IMPL","","FIN_IMPL","USER_DEFINED","DET_TAX_BOX","GB TBA PERIODIC TAX BOXES","","","P","","","4","1951/01/01"
"GB TBA AP INV ZERO  RATE","19","","Y","GB VAT TAX","GB VAT TAX","GB TBA TAX RATE_LINE CLASS","DET_TAX_BOX","","10","1951/01/01","GCO","","","7","P","REC_TAXABLE_BOX","FIN_IMPL","","FIN_IMPL","USER_DEFINED","DET_TAX_BOX","GB TBA PERIODIC TAX BOXES","","","P","","","7","1951/01/01"
"GB TBA AP CM ZERO  RATE","20","","Y","GB VAT TAX","GB VAT TAX","GB TBA TAX RATE_LINE CLASS","DET_TAX_BOX","","10","1951/01/01","GCO","","","7","P","REC_TAXABLE_BOX","FIN_IMPL","","FIN_IMPL","USER_DEFINED","DET_TAX_BOX","GB TBA PERIODIC TAX BOXES","","","P","","","7","1951/01/01"
"GB TBA AP INV EXEMPT RATE","21","","Y","GB VAT TAX","GB VAT TAX","GB TBA TAX RATE_LINE CLASS","DET_TAX_BOX","","10","1951/01/01","GCO","","","7","P","REC_TAXABLE_BOX","FIN_IMPL","","FIN_IMPL","USER_DEFINED","DET_TAX_BOX","GB TBA PERIODIC TAX BOXES","","","P","","","7","1951/01/01"
"GB TBA AP CM EXEMPT RATE","22","","Y","GB VAT TAX","GB VAT TAX","GB TBA TAX RATE_LINE CLASS","DET_TAX_BOX","","10","1951/01/01","GCO","","","7","P","REC_TAXABLE_BOX","FIN_IMPL","","FIN_IMPL","USER_DEFINED","DET_TAX_BOX","GB TBA PERIODIC TAX BOXES","","","P","","","7","1951/01/01"
"FR TBA AP CM DOM NON FIXED ASSET RED 2","12","","Y","FR VAT TAX","FR VAT TAX","FR TBA ASSET_LINE CLASS","DET_TAX_BOX","","12","1951/01/01","GCO","","","2002 NON IMMOB TVA DEDUCT","P","REC_TAX_BOX","FIN_IMPL","","FIN_IMPL","USER_DEFINED","DET_TAX_BOX","FR TBA PERIODIC TAX BOX","","","P","","","2002 NON IMMOB TVA DEDUCT","1951/01/01"
"FR TBA AP CM DOM NON FIXED ASSET RED 2","12","","Y","FR VAT TAX","FR VAT TAX","FR TBA ASSET_LINE CLASS","DET_TAX_BOX","","12","1951/01/01","GCO","","","2302 TOTAL TVA DEDUCT","P","REC_TAX_BOX","FIN_IMPL","","FIN_IMPL","USER_DEFINED","DET_TAX_BOX","FR TBA PERIODIC TAX BOXES","","","P","","","2302 TOTAL TVA DEDUCT","1951/01/01"
"AU G11 TBA AP INV NON CAPITAL PURCHASES","70","","Y","AU GST TAX","AU GST TAX","AU TBA BAS TAX BOXES","DET_TAX_BOX","","10","2000/01/07","GCO","","","G11","P","REC_TAXABLE_BOX","FIN_IMPL","","FIN_IMPL","USER_DEFINED","DET_TAX_BOX","AU BAS TBA TAX BOXES","","","P","","","G11","2000/07/01"
"AU G11 TBA AP CM NON CAPITAL PURCHASES","80","","Y","AU GST TAX","AU GST TAX","AU TBA BAS TAX BOXES","DET_TAX_BOX","","10","2000/01/07","GCO","","","G11","P","REC_TAXABLE_BOX","FIN_IMPL","","FIN_IMPL","USER_DEFINED","DET_TAX_BOX","AU BAS TBA TAX BOXES","","","P","","","G11","2000/07/01"
"FR TBA AR INV STD RATE","1","","Y","FR VAT TAX","FR VAT TAX","FR TBA VAT RATE_LINE CLASS","DET_TAX_BOX","","10","1951/01/01","GCO","","","0101 IMPOSABLE  DOM VENTE","P","REC_TAXABLE_BOX","FIN_IMPL","","FIN_IMPL","USER_DEFINED","DET_TAX_BOX","FR TBA PERIODIC TAX BOX","","","P","","","0101 IMPOSABLE  DOM VENTE","1951/01/01"
"FR TBA AR INV STD RATE","1","","Y","FR VAT TAX","FR VAT TAX","FR TBA VAT RATE_LINE CLASS","DET_TAX_BOX","","10","1951/01/01","GCO","","","0801 DOM STD HT","P","REC_TAXABLE_BOX","FIN_IMPL","","FIN_IMPL","USER_DEFINED","DET_TAX_BOX","FR TBA PERIODIC TAX BOX","","","P","","","0801 DOM STD HT","1951/01/01"
"FR TBA AR INV STD RATE","1","","Y","FR VAT TAX","FR VAT TAX","FR TBA VAT RATE_LINE CLASS","DET_TAX_BOX","","10","1951/01/01","GCO","","","0802 DOM STD TAXE DUE","P","REC_TAX_BOX","FIN_IMPL","","FIN_IMPL","USER_DEFINED","DET_TAX_BOX","FR TBA PERIODIC TAX BOX","","","P","","","0802 DOM STD TAXE DUE","1951/01/01"
"FR TBA AR INV STD RATE","1","","Y","FR VAT TAX","FR VAT TAX","FR TBA VAT RATE_LINE CLASS","DET_TAX_BOX","","10","1951/01/01","GCO","","","1602 TOTAL TAXE DUE","P","REC_TAX_BOX","FIN_IMPL","","FIN_IMPL","USER_DEFINED","DET_TAX_BOX","FR TBA PERIODIC TAX BOXES","","","P","","","1602 TOTAL TAXE DUE","1951/01/01"
"FR TBA AR INV REDUCED RATE1","2","","Y","FR VAT TAX","FR VAT TAX","FR TBA VAT RATE_LINE CLASS","DET_TAX_BOX","","10","1951/01/01","GCO","","","0101 IMPOSABLE  DOM VENTE","P","REC_TAXABLE_BOX","FIN_IMPL","","FIN_IMPL","USER_DEFINED","DET_TAX_BOX","FR TBA PERIODIC TAX BOX","","","P","","","0101 IMPOSABLE  DOM VENTE","1951/01/01"
"FR TBA AR INV REDUCED RATE1","2","","Y","FR VAT TAX","FR VAT TAX","FR TBA VAT RATE_LINE CLASS","DET_TAX_BOX","","10","1951/01/01","GCO","","","0901 DOM RED1 HT","P","REC_TAXABLE_BOX","FIN_IMPL","","FIN_IMPL","USER_DEFINED","DET_TAX_BOX","FR TBA PERIODIC TAX BOX","","","P","","","0901 DOM RED1 HT","1951/01/01"
"FR TBA AR INV REDUCED RATE1","2","","Y","FR VAT TAX","FR VAT TAX","FR TBA VAT RATE_LINE CLASS","DET_TAX_BOX","","10","1951/01/01","GCO","","","0902 DOM RED1 TAXE DUE","P","REC_TAX_BOX","FIN_IMPL","","FIN_IMPL","USER_DEFINED","DET_TAX_BOX","FR TBA PERIODIC TAX BOX","","","P","","","0902 DOM RED1 TAXE DUE","1951/01/01"
"FR TBA AR INV REDUCED RATE1","2","","Y","FR VAT TAX","FR VAT TAX","FR TBA VAT RATE_LINE CLASS","DET_TAX_BOX","","10","1951/01/01","GCO","","","1602 TOTAL TAXE DUE","P","REC_TAX_BOX","FIN_IMPL","","FIN_IMPL","USER_DEFINED","DET_TAX_BOX","FR TBA PERIODIC TAX BOXES","","","P","","","1602 TOTAL TAXE DUE","1951/01/01"
"FR TBA AR INV REDUCED RATE2","3","","Y","FR VAT TAX","FR VAT TAX","FR TBA VAT RATE_LINE CLASS","DET_TAX_BOX","","10","1951/01/01","GCO","","","9B02 DOM RED2 TAXE DUE","P","REC_TAX_BOX","FIN_IMPL","","FIN_IMPL","USER_DEFINED","DET_TAX_BOX","FR TBA PERIODIC TAX BOX","","","P","","","9B02 DOM RED2 TAXE DUE","1951/01/01"
"FR TBA AR INV REDUCED RATE2","3","","Y","FR VAT TAX","FR VAT TAX","FR TBA VAT RATE_LINE CLASS","DET_TAX_BOX","","10","1951/01/01","GCO","","","1602 TOTAL TAXE DUE","P","REC_TAX_BOX","FIN_IMPL","","FIN_IMPL","USER_DEFINED","DET_TAX_BOX","FR TBA PERIODIC TAX BOXES","","","P","","","1602 TOTAL TAXE DUE","1951/01/01"
"FR TBA AR INV REDUCED RATE2","3","","Y","FR VAT TAX","FR VAT TAX","FR TBA VAT RATE_LINE CLASS","DET_TAX_BOX","","10","1951/01/01","GCO","","","0101 IMPOSABLE  DOM VENTE","P","REC_TAXABLE_BOX","FIN_IMPL","","FIN_IMPL","USER_DEFINED","DET_TAX_BOX","FR TBA PERIODIC TAX BOX","","","P","","","0101 IMPOSABLE  DOM VENTE","1951/01/01"
"FR TBA AR INV REDUCED RATE2","3","","Y","FR VAT TAX","FR VAT TAX","FR TBA VAT RATE_LINE CLASS","DET_TAX_BOX","","10","1951/01/01","GCO","","","9B01 DOM RED2 HT","P","REC_TAXABLE_BOX","FIN_IMPL","","FIN_IMPL","USER_DEFINED","DET_TAX_BOX","FR TBA PERIODIC TAX BOX","","","P","","","9B01 DOM RED2 HT","1951/01/01"
"FR TBA AR CM STD RATE","4","","Y","FR VAT TAX","FR VAT TAX","FR TBA VAT RATE_LINE CLASS","DET_TAX_BOX","","10","1951/01/01","GCO","","","3C01 IMPOSABLE  ADJ","M","REC_TAXABLE_BOX","FIN_IMPL","","FIN_IMPL","USER_DEFINED","DET_TAX_BOX","FR TBA PERIODIC TAX BOX","","","M","","","3C01 IMPOSABLE  ADJ","1951/01/01"
"FR TBA AR CM STD RATE","4","","Y","FR VAT TAX","FR VAT TAX","FR TBA VAT RATE_LINE CLASS","DET_TAX_BOX","","10","1951/01/01","GCO","","","2102 OTHER TVA DEDUCT","M","REC_TAX_BOX","FIN_IMPL","","FIN_IMPL","USER_DEFINED","DET_TAX_BOX","FR TBA PERIODIC TAX BOXES","","","M","","","2102 OTHER TVA DEDUCT","1951/01/01"
"FR TBA AR CM STD RATE","4","","Y","FR VAT TAX","FR VAT TAX","FR TBA VAT RATE_LINE CLASS","DET_TAX_BOX","","10","1951/01/01","GCO","","","2302 TOTAL TVA DEDUCT","P","REC_TAX_BOX","FIN_IMPL","","FIN_IMPL","USER_DEFINED","DET_TAX_BOX","FR TBA PERIODIC TAX BOXES","","","P","","","2302 TOTAL TVA DEDUCT","1951/01/01"
"FR TBA AR CM REDUCED RATE1","5","","Y","FR VAT TAX","FR VAT TAX","FR TBA VAT RATE_LINE CLASS","DET_TAX_BOX","","10","1951/01/01","GCO","","","3C01 IMPOSABLE  ADJ","M","REC_TAXABLE_BOX","FIN_IMPL","","FIN_IMPL","USER_DEFINED","DET_TAX_BOX","FR TBA PERIODIC TAX BOX","","","M","","","3C01 IMPOSABLE  ADJ","1951/01/01"
"FR TBA AR CM REDUCED RATE1","5","","Y","FR VAT TAX","FR VAT TAX","FR TBA VAT RATE_LINE CLASS","DET_TAX_BOX","","10","1951/01/01","GCO","","","2102 OTHER TVA DEDUCT","M","REC_TAX_BOX","FIN_IMPL","","FIN_IMPL","USER_DEFINED","DET_TAX_BOX","FR TBA PERIODIC TAX BOXES","","","M","","","2102 OTHER TVA DEDUCT","1951/01/01"
"FR TBA AR CM REDUCED RATE1","5","","Y","FR VAT TAX","FR VAT TAX","FR TBA VAT RATE_LINE CLASS","DET_TAX_BOX","","10","1951/01/01","GCO","","","2302 TOTAL TVA DEDUCT","P","REC_TAX_BOX","FIN_IMPL","","FIN_IMPL","USER_DEFINED","DET_TAX_BOX","FR TBA PERIODIC TAX BOXES","","","P","","","2302 TOTAL TVA DEDUCT","1951/01/01"
"FR TBA AR CM REDUCED RATE2","6","","Y","FR VAT TAX","FR VAT TAX","FR TBA VAT RATE_LINE CLASS","DET_TAX_BOX","","10","1951/01/01","GCO","","","3C01 IMPOSABLE  ADJ","M","REC_TAXABLE_BOX","FIN_IMPL","","FIN_IMPL","USER_DEFINED","DET_TAX_BOX","FR TBA PERIODIC TAX BOX","","","M","","","3C01 IMPOSABLE  ADJ","1951/01/01"
"FR TBA AR CM REDUCED RATE2","6","","Y","FR VAT TAX","FR VAT TAX","FR TBA VAT RATE_LINE CLASS","DET_TAX_BOX","","10","1951/01/01","GCO","","","2102 OTHER TVA DEDUCT","M","REC_TAX_BOX","FIN_IMPL","","FIN_IMPL","USER_DEFINED","DET_TAX_BOX","FR TBA PERIODIC TAX BOXES","","","M","","","2102 OTHER TVA DEDUCT","1951/01/01"
"FR TBA AR CM REDUCED RATE2","6","","Y","FR VAT TAX","FR VAT TAX","FR TBA VAT RATE_LINE CLASS","DET_TAX_BOX","","10","1951/01/01","GCO","","","2302 TOTAL TVA DEDUCT","P","REC_TAX_BOX","FIN_IMPL","","FIN_IMPL","USER_DEFINED","DET_TAX_BOX","FR TBA PERIODIC TAX BOXES","","","P","","","2302 TOTAL TVA DEDUCT","1951/01/01"
"FR TBA AR DM STD RATE","7","","Y","FR VAT TAX","FR VAT TAX","FR TBA VAT RATE_LINE CLASS","DET_TAX_BOX","","10","1951/01/01","GCO","","","3C01 IMPOSABLE  ADJ","M","REC_TAXABLE_BOX","FIN_IMPL","","FIN_IMPL","USER_DEFINED","DET_TAX_BOX","FR TBA PERIODIC TAX BOX","","","M","","","3C01 IMPOSABLE  ADJ","1951/01/01"
"FR TBA AR DM STD RATE","7","","Y","FR VAT TAX","FR VAT TAX","FR TBA VAT RATE_LINE CLASS","DET_TAX_BOX","","10","1951/01/01","GCO","","","2102 OTHER TVA DEDUCT","M","REC_TAX_BOX","FIN_IMPL","","FIN_IMPL","USER_DEFINED","DET_TAX_BOX","FR TBA PERIODIC TAX BOXES","","","M","","","2102 OTHER TVA DEDUCT","1951/01/01"
"FR TBA AR DM STD RATE","7","","Y","FR VAT TAX","FR VAT TAX","FR TBA VAT RATE_LINE CLASS","DET_TAX_BOX","","10","1951/01/01","GCO","","","2302 TOTAL TVA DEDUCT","P","REC_TAX_BOX","FIN_IMPL","","FIN_IMPL","USER_DEFINED","DET_TAX_BOX","FR TBA PERIODIC TAX BOXES","","","P","","","2302 TOTAL TVA DEDUCT","1951/01/01"
"FR TBA AR DM REDUCED RATE1","8","","Y","FR VAT TAX","FR VAT TAX","FR TBA VAT RATE_LINE CLASS","DET_TAX_BOX","","10","1951/01/01","GCO","","","3C01 IMPOSABLE  ADJ","M","REC_TAXABLE_BOX","FIN_IMPL","","FIN_IMPL","USER_DEFINED","DET_TAX_BOX","FR TBA PERIODIC TAX BOX","","","M","","","3C01 IMPOSABLE  ADJ","1951/01/01"
"FR TBA AR DM REDUCED RATE1","8","","Y","FR VAT TAX","FR VAT TAX","FR TBA VAT RATE_LINE CLASS","DET_TAX_BOX","","10","1951/01/01","GCO","","","2102 OTHER TVA DEDUCT","M","REC_TAX_BOX","FIN_IMPL","","FIN_IMPL","USER_DEFINED","DET_TAX_BOX","FR TBA PERIODIC TAX BOXES","","","M","","","2102 OTHER TVA DEDUCT","1951/01/01"
"FR TBA AR DM REDUCED RATE1","8","","Y","FR VAT TAX","FR VAT TAX","FR TBA VAT RATE_LINE CLASS","DET_TAX_BOX","","10","1951/01/01","GCO","","","2302 TOTAL TVA DEDUCT","P","REC_TAX_BOX","FIN_IMPL","","FIN_IMPL","USER_DEFINED","DET_TAX_BOX","FR TBA PERIODIC TAX BOXES","","","P","","","2302 TOTAL TVA DEDUCT","1951/01/01"
"FR TBA AR DM REDUCED RATE2","9","","Y","FR VAT TAX","FR VAT TAX","FR TBA VAT RATE_LINE CLASS","DET_TAX_BOX","","10","1951/01/01","GCO","","","3C01 IMPOSABLE  ADJ","M","REC_TAXABLE_BOX","FIN_IMPL","","FIN_IMPL","USER_DEFINED","DET_TAX_BOX","FR TBA PERIODIC TAX BOX","","","M","","","3C01 IMPOSABLE  ADJ","1951/01/01"
"FR TBA AR DM REDUCED RATE2","9","","Y","FR VAT TAX","FR VAT TAX","FR TBA VAT RATE_LINE CLASS","DET_TAX_BOX","","10","1951/01/01","GCO","","","2102 OTHER TVA DEDUCT","M","REC_TAX_BOX","FIN_IMPL","","FIN_IMPL","USER_DEFINED","DET_TAX_BOX","FR TBA PERIODIC TAX BOXES","","","M","","","2102 OTHER TVA DEDUCT","1951/01/01"
"FR TBA AR DM REDUCED RATE2","9","","Y","FR VAT TAX","FR VAT TAX","FR TBA VAT RATE_LINE CLASS","DET_TAX_BOX","","10","1951/01/01","GCO","","","2302 TOTAL TVA DEDUCT","P","REC_TAX_BOX","FIN_IMPL","","FIN_IMPL","USER_DEFINED","DET_TAX_BOX","FR TBA PERIODIC TAX BOXES","","","P","","","2302 TOTAL TVA DEDUCT","1951/01/01"
"FR TBA AR INV EXPORT SALE","10","","Y","FR VAT TAX","FR VAT TAX","FR TBA VAT RATE_LINE CLASS","DET_TAX_BOX","","10","1951/01/01","GCO","","","0401 N IMP EXPORT","P","REC_TAXABLE_BOX","FIN_IMPL","","FIN_IMPL","USER_DEFINED","DET_TAX_BOX","FR TBA PERIODIC TAX BOX","","","P","","","0401 N IMP EXPORT","1951/01/01"
"FR TBA AR  INV EU GOODS","11","","Y","FR VAT TAX","FR VAT TAX","FR TBA VAT RATE_LINE CLASS","DET_TAX_BOX","","10","1951/01/01","GCO","","","0601 N IMP EU VENTE BIEN","P","REC_TAXABLE_BOX","FIN_IMPL","","FIN_IMPL","USER_DEFINED","DET_TAX_BOX","FR TBA PERIODIC TAX BOX","","","P","","","0601 N IMP EU VENTE BIEN","1951/01/01"
"FR TBA AR INV EU SERVICES","12","","Y","FR VAT TAX","FR VAT TAX","FR TBA VAT RATE_LINE CLASS","DET_TAX_BOX","","10","1951/01/01","GCO","","","0501 N IMP NDOM VENTE SRV","P","REC_TAXABLE_BOX","FIN_IMPL","","FIN_IMPL","USER_DEFINED","DET_TAX_BOX","FR TBA PERIODIC TAX BOX","","","P","","","0501 N IMP NDOM VENTE SRV","1951/01/01"
"FR TBA AR CM ZERO RATE","13","","Y","FR VAT TAX","FR VAT TAX","FR TBA VAT RATE_LINE CLASS","DET_TAX_BOX","","10","1951/01/01","GCO","","","7B01 N IMP ADJ","M","REC_TAXABLE_BOX","FIN_IMPL","","FIN_IMPL","USER_DEFINED","DET_TAX_BOX","FR TBA PERIODIC TAX BOX","","","M","","","7B01 N IMP ADJ","1951/01/01"
"FR TBA AR CM EXPORT SALE","14","","Y","FR VAT TAX","FR VAT TAX","FR TBA VAT RATE_LINE CLASS","DET_TAX_BOX","","10","1951/01/01","GCO","","","7B01 N IMP ADJ","M","REC_TAXABLE_BOX","FIN_IMPL","","FIN_IMPL","USER_DEFINED","DET_TAX_BOX","FR TBA PERIODIC TAX BOX","","","M","","","7B01 N IMP ADJ","1951/01/01"
"FR TBA AR CM EU GOODS","15","","Y","FR VAT TAX","FR VAT TAX","FR TBA VAT RATE_LINE CLASS","DET_TAX_BOX","","10","1951/01/01","GCO","","","7B01 N IMP ADJ","M","REC_TAXABLE_BOX","FIN_IMPL","","FIN_IMPL","USER_DEFINED","DET_TAX_BOX","FR TBA PERIODIC TAX BOX","","","M","","","7B01 N IMP ADJ","1951/01/01"
"FR TBA AR CM EU SERVICES","16","","Y","FR VAT TAX","FR VAT TAX","FR TBA VAT RATE_LINE CLASS","DET_TAX_BOX","","10","1951/01/01","GCO","","","7B01 N IMP ADJ","M","REC_TAXABLE_BOX","FIN_IMPL","","FIN_IMPL","USER_DEFINED","DET_TAX_BOX","FR TBA PERIODIC TAX BOX","","","M","","","7B01 N IMP ADJ","1951/01/01"
"FR TBA AP INV SUSP RATE","1","","Y","FR VAT TAX","FR VAT TAX","FR TBA TAX RATE_LINE CLASS","DET_TAX_BOX","","11","1951/01/01","GCO","","","0701 N IMP SUSP ACHAT","P","REC_TAXABLE_BOX","FIN_IMPL","","FIN_IMPL","USER_DEFINED","DET_TAX_BOX","FR TBA PERIODIC TAX BOX","","","P","","","0701 N IMP SUSP ACHAT","1951/01/01"
"FR TBA AP CM SUSP RATE","2","","Y","FR VAT TAX","FR VAT TAX","FR TBA TAX RATE_LINE CLASS","DET_TAX_BOX","","11","1951/01/01","GCO","","","7B01 N IMP ADJ","M","REC_TAXABLE_BOX","FIN_IMPL","","FIN_IMPL","USER_DEFINED","DET_TAX_BOX","FR TBA PERIODIC TAX BOX","","","M","","","7B01 N IMP ADJ","1951/01/01"
"FR TBA AP INV DOM FIXED ASSET STD","1","","Y","FR VAT TAX","FR VAT TAX","FR TBA ASSET_LINE CLASS","DET_TAX_BOX","","12","1951/01/01","GCO","","","1902 IMMOB TVA DEDUCT","P","REC_TAX_BOX","FIN_IMPL","","FIN_IMPL","USER_DEFINED","DET_TAX_BOX","FR TBA PERIODIC TAX BOXES","","","P","","","1902 IMMOB TVA DEDUCT","1951/01/01"
"FR TBA AP INV DOM FIXED ASSET STD","1","","Y","FR VAT TAX","FR VAT TAX","FR TBA ASSET_LINE CLASS","DET_TAX_BOX","","12","1951/01/01","GCO","","","2302 TOTAL TVA DEDUCT","P","REC_TAX_BOX","FIN_IMPL","","FIN_IMPL","USER_DEFINED","DET_TAX_BOX","FR TBA PERIODIC TAX BOXES","","","P","","","2302 TOTAL TVA DEDUCT","1951/01/01"
"FR TBA AP INV DOM FIXED ASSET RED 1","2","","Y","FR VAT TAX","FR VAT TAX","FR TBA ASSET_LINE CLASS","DET_TAX_BOX","","12","1951/01/01","GCO","","","1902 IMMOB TVA DEDUCT","P","REC_TAX_BOX","FIN_IMPL","","FIN_IMPL","USER_DEFINED","DET_TAX_BOX","FR TBA PERIODIC TAX BOXES","","","P","","","1902 IMMOB TVA DEDUCT","1951/01/01"
"FR TBA AP INV DOM FIXED ASSET RED 1","2","","Y","FR VAT TAX","FR VAT TAX","FR TBA ASSET_LINE CLASS","DET_TAX_BOX","","12","1951/01/01","GCO","","","2302 TOTAL TVA DEDUCT","P","REC_TAX_BOX","FIN_IMPL","","FIN_IMPL","USER_DEFINED","DET_TAX_BOX","FR TBA PERIODIC TAX BOXES","","","P","","","2302 TOTAL TVA DEDUCT","1951/01/01"
"FR TBA AP INV DOM FIXED ASSET RED 2","3","","Y","FR VAT TAX","FR VAT TAX","FR TBA ASSET_LINE CLASS","DET_TAX_BOX","","12","1951/01/01","GCO","","","1902 IMMOB TVA DEDUCT","P","REC_TAX_BOX","FIN_IMPL","","FIN_IMPL","USER_DEFINED","DET_TAX_BOX","FR TBA PERIODIC TAX BOXES","","","P","","","1902 IMMOB TVA DEDUCT","1951/01/01"
"FR TBA AP INV DOM FIXED ASSET RED 2","3","","Y","FR VAT TAX","FR VAT TAX","FR TBA ASSET_LINE CLASS","DET_TAX_BOX","","12","1951/01/01","GCO","","","2302 TOTAL TVA DEDUCT","P","REC_TAX_BOX","FIN_IMPL","","FIN_IMPL","USER_DEFINED","DET_TAX_BOX","FR TBA PERIODIC TAX BOXES","","","P","","","2302 TOTAL TVA DEDUCT","1951/01/01"
"FR TBA AP CM DOM FIXED ASSET STD","4","","Y","FR VAT TAX","FR VAT TAX","FR TBA ASSET_LINE CLASS","DET_TAX_BOX","","12","1951/01/01","GCO","","","1902 IMMOB TVA DEDUCT","P","REC_TAX_BOX","FIN_IMPL","","FIN_IMPL","USER_DEFINED","DET_TAX_BOX","FR TBA PERIODIC TAX BOXES","","","P","","","1902 IMMOB TVA DEDUCT","1951/01/01"
"FR TBA AP CM DOM FIXED ASSET STD","4","","Y","FR VAT TAX","FR VAT TAX","FR TBA ASSET_LINE CLASS","DET_TAX_BOX","","12","1951/01/01","GCO","","","2302 TOTAL TVA DEDUCT","P","REC_TAX_BOX","FIN_IMPL","","FIN_IMPL","USER_DEFINED","DET_TAX_BOX","FR TBA PERIODIC TAX BOXES","","","P","","","2302 TOTAL TVA DEDUCT","1951/01/01"
"FR TBA AP CM DOM FIXED ASSET RED 1","5","","Y","FR VAT TAX","FR VAT TAX","FR TBA ASSET_LINE CLASS","DET_TAX_BOX","","12","1951/01/01","GCO","","","1902 IMMOB TVA DEDUCT","P","REC_TAX_BOX","FIN_IMPL","","FIN_IMPL","USER_DEFINED","DET_TAX_BOX","FR TBA PERIODIC TAX BOXES","","","P","","","1902 IMMOB TVA DEDUCT","1951/01/01"
"FR TBA AP CM DOM FIXED ASSET RED 1","5","","Y","FR VAT TAX","FR VAT TAX","FR TBA ASSET_LINE CLASS","DET_TAX_BOX","","12","1951/01/01","GCO","","","2302 TOTAL TVA DEDUCT","P","REC_TAX_BOX","FIN_IMPL","","FIN_IMPL","USER_DEFINED","DET_TAX_BOX","FR TBA PERIODIC TAX BOXES","","","P","","","2302 TOTAL TVA DEDUCT","1951/01/01"
"FR TBA AP CM DOM FIXED ASSET RED 2","6","","Y","FR VAT TAX","FR VAT TAX","FR TBA ASSET_LINE CLASS","DET_TAX_BOX","","12","1951/01/01","GCO","","","1902 IMMOB TVA DEDUCT","P","REC_TAX_BOX","FIN_IMPL","","FIN_IMPL","USER_DEFINED","DET_TAX_BOX","FR TBA PERIODIC TAX BOXES","","","P","","","1902 IMMOB TVA DEDUCT","1951/01/01"
"FR TBA AP CM DOM FIXED ASSET RED 2","6","","Y","FR VAT TAX","FR VAT TAX","FR TBA ASSET_LINE CLASS","DET_TAX_BOX","","12","1951/01/01","GCO","","","2302 TOTAL TVA DEDUCT","P","REC_TAX_BOX","FIN_IMPL","","FIN_IMPL","USER_DEFINED","DET_TAX_BOX","FR TBA PERIODIC TAX BOXES","","","P","","","2302 TOTAL TVA DEDUCT","1951/01/01"
"FR TBA AP INV DOM NON  FIXED ASSET STD","7","","Y","FR VAT TAX","FR VAT TAX","FR TBA ASSET_LINE CLASS","DET_TAX_BOX","","12","1951/01/01","GCO","","","2002 NON IMMOB TVA DEDUCT","P","REC_TAX_BOX","FIN_IMPL","","FIN_IMPL","USER_DEFINED","DET_TAX_BOX","FR TBA PERIODIC TAX BOXES","","","P","","","2002 NON IMMOB TVA DEDUCT","1951/01/01"
"FR TBA AP INV DOM NON  FIXED ASSET STD","7","","Y","FR VAT TAX","FR VAT TAX","FR TBA ASSET_LINE CLASS","DET_TAX_BOX","","12","1951/01/01","GCO","","","2302 TOTAL TVA DEDUCT","P","REC_TAX_BOX","FIN_IMPL","","FIN_IMPL","USER_DEFINED","DET_TAX_BOX","FR TBA PERIODIC TAX BOXES","","","P","","","2302 TOTAL TVA DEDUCT","1951/01/01"
"FR TBA AP INV DOM NON  FIXED ASSET RED 1","8","","Y","FR VAT TAX","FR VAT TAX","FR TBA ASSET_LINE CLASS","DET_TAX_BOX","","12","1951/01/01","GCO","","","2002 NON IMMOB TVA DEDUCT","P","REC_TAX_BOX","FIN_IMPL","","FIN_IMPL","USER_DEFINED","DET_TAX_BOX","FR TBA PERIODIC TAX BOXES","","","P","","","2002 NON IMMOB TVA DEDUCT","1951/01/01"
"FR TBA AP INV DOM NON  FIXED ASSET RED 1","8","","Y","FR VAT TAX","FR VAT TAX","FR TBA ASSET_LINE CLASS","DET_TAX_BOX","","12","1951/01/01","GCO","","","2302 TOTAL TVA DEDUCT","P","REC_TAX_BOX","FIN_IMPL","","FIN_IMPL","USER_DEFINED","DET_TAX_BOX","FR TBA PERIODIC TAX BOXES","","","P","","","2302 TOTAL TVA DEDUCT","1951/01/01"
"FR TBA AP INV DOM NON  FIXED ASSET RED 2","9","","Y","FR VAT TAX","FR VAT TAX","FR TBA ASSET_LINE CLASS","DET_TAX_BOX","","12","1951/01/01","GCO","","","2002 NON IMMOB TVA DEDUCT","P","REC_TAX_BOX","FIN_IMPL","","FIN_IMPL","USER_DEFINED","DET_TAX_BOX","FR TBA PERIODIC TAX BOXES","","","P","","","2002 NON IMMOB TVA DEDUCT","1951/01/01"
"FR TBA AP INV DOM NON  FIXED ASSET RED 2","9","","Y","FR VAT TAX","FR VAT TAX","FR TBA ASSET_LINE CLASS","DET_TAX_BOX","","12","1951/01/01","GCO","","","2302 TOTAL TVA DEDUCT","P","REC_TAX_BOX","FIN_IMPL","","FIN_IMPL","USER_DEFINED","DET_TAX_BOX","FR TBA PERIODIC TAX BOXES","","","P","","","2302 TOTAL TVA DEDUCT","1951/01/01"
"FR TBA AP CM DOM NON FIXED ASSET STD","10","","Y","FR VAT TAX","FR VAT TAX","FR TBA ASSET_LINE CLASS","DET_TAX_BOX","","12","1951/01/01","GCO","","","2002 NON IMMOB TVA DEDUCT","P","REC_TAX_BOX","FIN_IMPL","","FIN_IMPL","USER_DEFINED","DET_TAX_BOX","FR TBA PERIODIC TAX BOXES","","","P","","","2002 NON IMMOB TVA DEDUCT","1951/01/01"
"FR TBA AP CM DOM NON FIXED ASSET STD","10","","Y","FR VAT TAX","FR VAT TAX","FR TBA ASSET_LINE CLASS","DET_TAX_BOX","","12","1951/01/01","GCO","","","2302 TOTAL TVA DEDUCT","P","REC_TAX_BOX","FIN_IMPL","","FIN_IMPL","USER_DEFINED","DET_TAX_BOX","FR TBA PERIODIC TAX BOXES","","","P","","","2302 TOTAL TVA DEDUCT","1951/01/01"
"FR TBA AP CM DOM NON FIXED ASSET RED 1","11","","Y","FR VAT TAX","FR VAT TAX","FR TBA ASSET_LINE CLASS","DET_TAX_BOX","","12","1951/01/01","GCO","","","2002 NON IMMOB TVA DEDUCT","P","REC_TAX_BOX","FIN_IMPL","","FIN_IMPL","USER_DEFINED","DET_TAX_BOX","FR TBA PERIODIC TAX BOXES","","","P","","","2002 NON IMMOB TVA DEDUCT","1951/01/01"
"FR TBA AP CM DOM NON FIXED ASSET RED 1","11","","Y","FR VAT TAX","FR VAT TAX","FR TBA ASSET_LINE CLASS","DET_TAX_BOX","","12","1951/01/01","GCO","","","2302 TOTAL TVA DEDUCT","P","REC_TAX_BOX","FIN_IMPL","","FIN_IMPL","USER_DEFINED","DET_TAX_BOX","FR TBA PERIODIC TAX BOXES","","","P","","","2302 TOTAL TVA DEDUCT","1951/01/01"
"NL TBA AR INV STD RATE","10","","Y","NL VAT TAX","NL VAT TAX","NL TBA VAT RATE_LINE CLASS","DET_TAX_BOX","","10","2015/01/01","GCO","","","1A01 DOMESTIC STANDARD RATE","P","REC_TAXABLE_BOX","JAMES.BIRD","","JAMES.BIRD","USER_DEFINED","DET_TAX_BOX","NL TBA PERIODIC TAX BOXES","","","P","","","1A01 DOMESTIC STANDARD RATE","2015/01/01"
"NL TBA AR INV STD RATE","10","","Y","NL VAT TAX","NL VAT TAX","NL TBA VAT RATE_LINE CLASS","DET_TAX_BOX","","10","2015/01/01","GCO","","","1A02 DOMESTIC STANDARD RATE","P","REC_TAX_BOX","JAMES.BIRD","","JAMES.BIRD","USER_DEFINED","DET_TAX_BOX","NL TBA PERIODIC TAX BOXES","","","P","","","1A02 DOMESTIC STANDARD RATE","2015/01/01"
"NL TBA AR INV STD RATE","10","","Y","NL VAT TAX","NL VAT TAX","NL TBA VAT RATE_LINE CLASS","DET_TAX_BOX","","10","2015/01/01","GCO","","","5A02 VAT PAYABLE","P","REC_TAX_BOX","JAMES.BIRD","","JAMES.BIRD","USER_DEFINED","DET_TAX_BOX","NL TBA PERIODIC TAX BOXES","","","P","","","5A02 VAT PAYABLE","2015/01/01"
"NL TBA AR INV STD RATE","10","","Y","NL VAT TAX","NL VAT TAX","NL TBA VAT RATE_LINE CLASS","DET_TAX_BOX","","10","2015/01/01","GCO","","","5C02 SUBTOTAL (5A-5B)","P","REC_TAX_BOX","JAMES.BIRD","","JAMES.BIRD","USER_DEFINED","DET_TAX_BOX","NL TBA PERIODIC TAX BOXES","","","P","","","5C02 SUBTOTAL (5A-5B)","2015/01/01"
"NL TBA AR CM STD RATE","20","","Y","NL VAT TAX","NL VAT TAX","NL TBA VAT RATE_LINE CLASS","DET_TAX_BOX","","10","2015/01/01","GCO","","","1A01 DOMESTIC STANDARD RATE","P","REC_TAXABLE_BOX","JAMES.BIRD","","JAMES.BIRD","USER_DEFINED","DET_TAX_BOX","NL TBA PERIODIC TAX BOXES","","","P","","","1A01 DOMESTIC STANDARD RATE","2015/01/01"
"NL TBA AR CM STD RATE","20","","Y","NL VAT TAX","NL VAT TAX","NL TBA VAT RATE_LINE CLASS","DET_TAX_BOX","","10","2015/01/01","GCO","","","1A02 DOMESTIC STANDARD RATE","P","REC_TAX_BOX","JAMES.BIRD","","JAMES.BIRD","USER_DEFINED","DET_TAX_BOX","NL TBA PERIODIC TAX BOXES","","","P","","","1A02 DOMESTIC STANDARD RATE","2015/01/01"
"NL TBA AR CM STD RATE","20","","Y","NL VAT TAX","NL VAT TAX","NL TBA VAT RATE_LINE CLASS","DET_TAX_BOX","","10","2015/01/01","GCO","","","5A02 VAT PAYABLE","P","REC_TAX_BOX","JAMES.BIRD","","JAMES.BIRD","USER_DEFINED","DET_TAX_BOX","NL TBA PERIODIC TAX BOXES","","","P","","","5A02 VAT PAYABLE","2015/01/01"
"NL TBA AR CM STD RATE","20","","Y","NL VAT TAX","NL VAT TAX","NL TBA VAT RATE_LINE CLASS","DET_TAX_BOX","","10","2015/01/01","GCO","","","5C02 SUBTOTAL (5A-5B)","P","REC_TAX_BOX","JAMES.BIRD","","JAMES.BIRD","USER_DEFINED","DET_TAX_BOX","NL TBA PERIODIC TAX BOXES","","","P","","","5C02 SUBTOTAL (5A-5B)","2015/01/01"
"NL TBA AR DM STD RATE","30","","Y","NL VAT TAX","NL VAT TAX","NL TBA VAT RATE_LINE CLASS","DET_TAX_BOX","","10","2015/01/01","GCO","","","1A01 DOMESTIC STANDARD RATE","P","REC_TAXABLE_BOX","JAMES.BIRD","","JAMES.BIRD","USER_DEFINED","DET_TAX_BOX","NL TBA PERIODIC TAX BOXES","","","P","","","1A01 DOMESTIC STANDARD RATE","2015/01/01"
"NL TBA AR DM STD RATE","30","","Y","NL VAT TAX","NL VAT TAX","NL TBA VAT RATE_LINE CLASS","DET_TAX_BOX","","10","2015/01/01","GCO","","","1A02 DOMESTIC STANDARD RATE","P","REC_TAX_BOX","JAMES.BIRD","","JAMES.BIRD","USER_DEFINED","DET_TAX_BOX","NL TBA PERIODIC TAX BOXES","","","P","","","1A02 DOMESTIC STANDARD RATE","2015/01/01"
"NL TBA AR DM STD RATE","30","","Y","NL VAT TAX","NL VAT TAX","NL TBA VAT RATE_LINE CLASS","DET_TAX_BOX","","10","2015/01/01","GCO","","","5A02 VAT PAYABLE","P","REC_TAX_BOX","JAMES.BIRD","","JAMES.BIRD","USER_DEFINED","DET_TAX_BOX","NL TBA PERIODIC TAX BOXES","","","P","","","5A02 VAT PAYABLE","2015/01/01"
"NL TBA AR DM STD RATE","30","","Y","NL VAT TAX","NL VAT TAX","NL TBA VAT RATE_LINE CLASS","DET_TAX_BOX","","10","2015/01/01","GCO","","","5C02 SUBTOTAL (5A-5B)","P","REC_TAX_BOX","JAMES.BIRD","","JAMES.BIRD","USER_DEFINED","DET_TAX_BOX","NL TBA PERIODIC TAX BOXES","","","P","","","5C02 SUBTOTAL (5A-5B)","2015/01/01"
"NL TBA AR INV REDUCED RATE","40","","Y","NL VAT TAX","NL VAT TAX","NL TBA VAT RATE_LINE CLASS","DET_TAX_BOX","","10","2015/01/01","GCO","","","1B01 DOMESTIC REDUCED RATE","P","REC_TAXABLE_BOX","JAMES.BIRD","","JAMES.BIRD","USER_DEFINED","DET_TAX_BOX","NL TBA PERIODIC TAX BOXES","","","P","","","1B01 DOMESTIC REDUCED RATE","2015/01/01"
"NL TBA AR INV REDUCED RATE","40","","Y","NL VAT TAX","NL VAT TAX","NL TBA VAT RATE_LINE CLASS","DET_TAX_BOX","","10","2015/01/01","GCO","","","1B02 DOMESTIC REDUCED RATE","P","REC_TAX_BOX","JAMES.BIRD","","JAMES.BIRD","USER_DEFINED","DET_TAX_BOX","NL TBA PERIODIC TAX BOXES","","","P","","","1B02 DOMESTIC REDUCED RATE","2015/01/01"
"NL TBA AR INV REDUCED RATE","40","","Y","NL VAT TAX","NL VAT TAX","NL TBA VAT RATE_LINE CLASS","DET_TAX_BOX","","10","2015/01/01","GCO","","","5A02 VAT PAYABLE","P","REC_TAX_BOX","JAMES.BIRD","","JAMES.BIRD","USER_DEFINED","DET_TAX_BOX","NL TBA PERIODIC TAX BOXES","","","P","","","5A02 VAT PAYABLE","2015/01/01"
"NL TBA AR INV REDUCED RATE","40","","Y","NL VAT TAX","NL VAT TAX","NL TBA VAT RATE_LINE CLASS","DET_TAX_BOX","","10","2015/01/01","GCO","","","5C02 SUBTOTAL (5A-5B)","P","REC_TAX_BOX","JAMES.BIRD","","JAMES.BIRD","USER_DEFINED","DET_TAX_BOX","NL TBA PERIODIC TAX BOXES","","","P","","","5C02 SUBTOTAL (5A-5B)","2015/01/01"
"NL TBA AR CM REDUCED RATE","50","","Y","NL VAT TAX","NL VAT TAX","NL TBA VAT RATE_LINE CLASS","DET_TAX_BOX","","10","2015/01/01","GCO","","","1B01 DOMESTIC REDUCED RATE","P","REC_TAXABLE_BOX","JAMES.BIRD","","JAMES.BIRD","USER_DEFINED","DET_TAX_BOX","NL TBA PERIODIC TAX BOXES","","","P","","","1B01 DOMESTIC REDUCED RATE","2015/01/01"
"NL TBA AR CM REDUCED RATE","50","","Y","NL VAT TAX","NL VAT TAX","NL TBA VAT RATE_LINE CLASS","DET_TAX_BOX","","10","2015/01/01","GCO","","","1B02 DOMESTIC REDUCED RATE","P","REC_TAX_BOX","JAMES.BIRD","","JAMES.BIRD","USER_DEFINED","DET_TAX_BOX","NL TBA PERIODIC TAX BOXES","","","P","","","1B02 DOMESTIC REDUCED RATE","2015/01/01"
"NL TBA AR CM REDUCED RATE","50","","Y","NL VAT TAX","NL VAT TAX","NL TBA VAT RATE_LINE CLASS","DET_TAX_BOX","","10","2015/01/01","GCO","","","5A02 VAT PAYABLE","P","REC_TAX_BOX","JAMES.BIRD","","JAMES.BIRD","USER_DEFINED","DET_TAX_BOX","NL TBA PERIODIC TAX BOXES","","","P","","","5A02 VAT PAYABLE","2015/01/01"
"NL TBA AR CM REDUCED RATE","50","","Y","NL VAT TAX","NL VAT TAX","NL TBA VAT RATE_LINE CLASS","DET_TAX_BOX","","10","2015/01/01","GCO","","","5C02 SUBTOTAL (5A-5B)","P","REC_TAX_BOX","JAMES.BIRD","","JAMES.BIRD","USER_DEFINED","DET_TAX_BOX","NL TBA PERIODIC TAX BOXES","","","P","","","5C02 SUBTOTAL (5A-5B)","2015/01/01"
"NL TBA AR DM REDUCED RATE","60","","Y","NL VAT TAX","NL VAT TAX","NL TBA VAT RATE_LINE CLASS","DET_TAX_BOX","","10","2015/01/01","GCO","","","1B01 DOMESTIC REDUCED RATE","P","REC_TAXABLE_BOX","JAMES.BIRD","","JAMES.BIRD","USER_DEFINED","DET_TAX_BOX","NL TBA PERIODIC TAX BOXES","","","P","","","1B01 DOMESTIC REDUCED RATE","2015/01/01"
"NL TBA AR DM REDUCED RATE","60","","Y","NL VAT TAX","NL VAT TAX","NL TBA VAT RATE_LINE CLASS","DET_TAX_BOX","","10","2015/01/01","GCO","","","1B02 DOMESTIC REDUCED RATE","P","REC_TAX_BOX","JAMES.BIRD","","JAMES.BIRD","USER_DEFINED","DET_TAX_BOX","NL TBA PERIODIC TAX BOXES","","","P","","","1B02 DOMESTIC REDUCED RATE","2015/01/01"
"NL TBA AR DM REDUCED RATE","60","","Y","NL VAT TAX","NL VAT TAX","NL TBA VAT RATE_LINE CLASS","DET_TAX_BOX","","10","2015/01/01","GCO","","","5A02 VAT PAYABLE","P","REC_TAX_BOX","JAMES.BIRD","","JAMES.BIRD","USER_DEFINED","DET_TAX_BOX","NL TBA PERIODIC TAX BOXES","","","P","","","5A02 VAT PAYABLE","2015/01/01"
"NL TBA AR DM REDUCED RATE","60","","Y","NL VAT TAX","NL VAT TAX","NL TBA VAT RATE_LINE CLASS","DET_TAX_BOX","","10","2015/01/01","GCO","","","5C02 SUBTOTAL (5A-5B)","P","REC_TAX_BOX","JAMES.BIRD","","JAMES.BIRD","USER_DEFINED","DET_TAX_BOX","NL TBA PERIODIC TAX BOXES","","","P","","","5C02 SUBTOTAL (5A-5B)","2015/01/01"
"NL TBA AR INV ZERO  RATE","70","","Y","NL VAT TAX","NL VAT TAX","NL TBA VAT RATE_LINE CLASS","DET_TAX_BOX","","10","2015/01/01","GCO","","","1E01 DOMESTIC ZERO RATE","P","REC_TAXABLE_BOX","JAMES.BIRD","","JAMES.BIRD","USER_DEFINED","DET_TAX_BOX","NL TBA PERIODIC TAX BOXES","","","P","","","1E01 DOMESTIC ZERO RATE","2015/01/01"
"NL TBA AR INV ZERO  RATE","70","","Y","NL VAT TAX","NL VAT TAX","NL TBA VAT RATE_LINE CLASS","DET_TAX_BOX","","10","2015/01/01","GCO","","","5A02 VAT PAYABLE","P","REC_TAX_BOX","JAMES.BIRD","","JAMES.BIRD","USER_DEFINED","DET_TAX_BOX","NL TBA PERIODIC TAX BOXES","","","P","","","5A02 VAT PAYABLE","2015/01/01"
"NL TBA AR INV ZERO  RATE","70","","Y","NL VAT TAX","NL VAT TAX","NL TBA VAT RATE_LINE CLASS","DET_TAX_BOX","","10","2015/01/01","GCO","","","5C02 SUBTOTAL (5A-5B)","P","REC_TAX_BOX","JAMES.BIRD","","JAMES.BIRD","USER_DEFINED","DET_TAX_BOX","NL TBA PERIODIC TAX BOXES","","","P","","","5C02 SUBTOTAL (5A-5B)","2015/01/01"
"NL TBA AR CM ZERO RATE","80","","Y","NL VAT TAX","NL VAT TAX","NL TBA VAT RATE_LINE CLASS","DET_TAX_BOX","","10","2015/01/01","GCO","","","1E01 DOMESTIC ZERO RATE","P","REC_TAXABLE_BOX","JAMES.BIRD","","JAMES.BIRD","USER_DEFINED","DET_TAX_BOX","NL TBA PERIODIC TAX BOXES","","","P","","","1E01 DOMESTIC ZERO RATE","2015/01/01"
"NL TBA AR CM ZERO RATE","80","","Y","NL VAT TAX","NL VAT TAX","NL TBA VAT RATE_LINE CLASS","DET_TAX_BOX","","10","2015/01/01","GCO","","","5A02 VAT PAYABLE","P","REC_TAX_BOX","JAMES.BIRD","","JAMES.BIRD","USER_DEFINED","DET_TAX_BOX","NL TBA PERIODIC TAX BOXES","","","P","","","5A02 VAT PAYABLE","2015/01/01"
"NL TBA AR CM ZERO RATE","80","","Y","NL VAT TAX","NL VAT TAX","NL TBA VAT RATE_LINE CLASS","DET_TAX_BOX","","10","2015/01/01","GCO","","","5C02 SUBTOTAL (5A-5B)","P","REC_TAX_BOX","JAMES.BIRD","","JAMES.BIRD","USER_DEFINED","DET_TAX_BOX","NL TBA PERIODIC TAX BOXES","","","P","","","5C02 SUBTOTAL (5A-5B)","2015/01/01"
"NL TBA AR INV EXPORT SALE","90","","Y","NL VAT TAX","NL VAT TAX","NL TBA VAT RATE_LINE CLASS","DET_TAX_BOX","","10","2015/01/01","GCO","","","3A01 NON-EU EXPORT","P","REC_TAXABLE_BOX","JAMES.BIRD","","JAMES.BIRD","USER_DEFINED","DET_TAX_BOX","NL TBA PERIODIC TAX BOXES","","","P","","","3A01 NON-EU EXPORT","2015/01/01"
"NL TBA AR INV EXPORT SALE","90","","Y","NL VAT TAX","NL VAT TAX","NL TBA VAT RATE_LINE CLASS","DET_TAX_BOX","","10","2015/01/01","GCO","","","5A02 VAT PAYABLE","P","REC_TAX_BOX","JAMES.BIRD","","JAMES.BIRD","USER_DEFINED","DET_TAX_BOX","NL TBA PERIODIC TAX BOXES","","","P","","","5A02 VAT PAYABLE","2015/01/01"
"NL TBA AR INV EXPORT SALE","90","","Y","NL VAT TAX","NL VAT TAX","NL TBA VAT RATE_LINE CLASS","DET_TAX_BOX","","10","2015/01/01","GCO","","","5C02 SUBTOTAL (5A-5B)","P","REC_TAX_BOX","JAMES.BIRD","","JAMES.BIRD","USER_DEFINED","DET_TAX_BOX","NL TBA PERIODIC TAX BOXES","","","P","","","5C02 SUBTOTAL (5A-5B)","2015/01/01"
"NL TBA AR CM EXPORT SALE","100","","Y","NL VAT TAX","NL VAT TAX","NL TBA VAT RATE_LINE CLASS","DET_TAX_BOX","","10","2015/01/01","GCO","","","3A01 NON-EU EXPORT","P","REC_TAXABLE_BOX","JAMES.BIRD","","JAMES.BIRD","USER_DEFINED","DET_TAX_BOX","NL TBA PERIODIC TAX BOXES","","","P","","","3A01 NON-EU EXPORT","2015/01/01"
"NL TBA AR CM EXPORT SALE","100","","Y","NL VAT TAX","NL VAT TAX","NL TBA VAT RATE_LINE CLASS","DET_TAX_BOX","","10","2015/01/01","GCO","","","5A02 VAT PAYABLE","P","REC_TAX_BOX","JAMES.BIRD","","JAMES.BIRD","USER_DEFINED","DET_TAX_BOX","NL TBA PERIODIC TAX BOXES","","","P","","","5A02 VAT PAYABLE","2015/01/01"
"NL TBA AR CM EXPORT SALE","100","","Y","NL VAT TAX","NL VAT TAX","NL TBA VAT RATE_LINE CLASS","DET_TAX_BOX","","10","2015/01/01","GCO","","","5C02 SUBTOTAL (5A-5B)","P","REC_TAX_BOX","JAMES.BIRD","","JAMES.BIRD","USER_DEFINED","DET_TAX_BOX","NL TBA PERIODIC TAX BOXES","","","P","","","5C02 SUBTOTAL (5A-5B)","2015/01/01"
"NL TBA AR  INV EU GOODS","110","","Y","NL VAT TAX","NL VAT TAX","NL TBA VAT RATE_LINE CLASS","DET_TAX_BOX","","10","2015/01/01","GCO","","","3B01 INTRA EU SALES","P","REC_TAXABLE_BOX","JAMES.BIRD","","JAMES.BIRD","USER_DEFINED","DET_TAX_BOX","NL TBA PERIODIC TAX BOXES","","","P","","","3B01 INTRA EU SALES","2015/01/01"
"NL TBA AR  INV EU GOODS","110","","Y","NL VAT TAX","NL VAT TAX","NL TBA VAT RATE_LINE CLASS","DET_TAX_BOX","","10","2015/01/01","GCO","","","5A02 VAT PAYABLE","P","REC_TAX_BOX","JAMES.BIRD","","JAMES.BIRD","USER_DEFINED","DET_TAX_BOX","NL TBA PERIODIC TAX BOXES","","","P","","","5A02 VAT PAYABLE","2015/01/01"
"NL TBA AR  INV EU GOODS","110","","Y","NL VAT TAX","NL VAT TAX","NL TBA VAT RATE_LINE CLASS","DET_TAX_BOX","","10","2015/01/01","GCO","","","5C02 SUBTOTAL (5A-5B)","P","REC_TAX_BOX","JAMES.BIRD","","JAMES.BIRD","USER_DEFINED","DET_TAX_BOX","NL TBA PERIODIC TAX BOXES","","","P","","","5C02 SUBTOTAL (5A-5B)","2015/01/01"
"NL TBA AR CM EU GOODS","120","","Y","NL VAT TAX","NL VAT TAX","NL TBA VAT RATE_LINE CLASS","DET_TAX_BOX","","10","2015/01/01","GCO","","","3B01 INTRA EU SALES","P","REC_TAXABLE_BOX","JAMES.BIRD","","JAMES.BIRD","USER_DEFINED","DET_TAX_BOX","NL TBA PERIODIC TAX BOXES","","","P","","","3B01 INTRA EU SALES","2015/01/01"
"NL TBA AR CM EU GOODS","120","","Y","NL VAT TAX","NL VAT TAX","NL TBA VAT RATE_LINE CLASS","DET_TAX_BOX","","10","2015/01/01","GCO","","","5A02 VAT PAYABLE","P","REC_TAX_BOX","JAMES.BIRD","","JAMES.BIRD","USER_DEFINED","DET_TAX_BOX","NL TBA PERIODIC TAX BOXES","","","P","","","5A02 VAT PAYABLE","2015/01/01"
"NL TBA AR CM EU GOODS","120","","Y","NL VAT TAX","NL VAT TAX","NL TBA VAT RATE_LINE CLASS","DET_TAX_BOX","","10","2015/01/01","GCO","","","5C02 SUBTOTAL (5A-5B)","P","REC_TAX_BOX","JAMES.BIRD","","JAMES.BIRD","USER_DEFINED","DET_TAX_BOX","NL TBA PERIODIC TAX BOXES","","","P","","","5C02 SUBTOTAL (5A-5B)","2015/01/01"
"NL TBA AR INV EU SERVICES","130","","Y","NL VAT TAX","NL VAT TAX","NL TBA VAT RATE_LINE CLASS","DET_TAX_BOX","","10","2015/01/01","GCO","","","3B01 INTRA EU SALES","P","REC_TAXABLE_BOX","JAMES.BIRD","","JAMES.BIRD","USER_DEFINED","DET_TAX_BOX","NL TBA PERIODIC TAX BOXES","","","P","","","3B01 INTRA EU SALES","2015/01/01"
"NL TBA AR INV EU SERVICES","130","","Y","NL VAT TAX","NL VAT TAX","NL TBA VAT RATE_LINE CLASS","DET_TAX_BOX","","10","2015/01/01","GCO","","","5A02 VAT PAYABLE","P","REC_TAX_BOX","JAMES.BIRD","","JAMES.BIRD","USER_DEFINED","DET_TAX_BOX","NL TBA PERIODIC TAX BOXES","","","P","","","5A02 VAT PAYABLE","2015/01/01"
"NL TBA AR INV EU SERVICES","130","","Y","NL VAT TAX","NL VAT TAX","NL TBA VAT RATE_LINE CLASS","DET_TAX_BOX","","10","2015/01/01","GCO","","","5C02 SUBTOTAL (5A-5B)","P","REC_TAX_BOX","JAMES.BIRD","","JAMES.BIRD","USER_DEFINED","DET_TAX_BOX","NL TBA PERIODIC TAX BOXES","","","P","","","5C02 SUBTOTAL (5A-5B)","2015/01/01"
"NL TBA AR CM EU SERVICES","140","","Y","NL VAT TAX","NL VAT TAX","NL TBA VAT RATE_LINE CLASS","DET_TAX_BOX","","10","2015/01/01","GCO","","","3B01 INTRA EU SALES","P","REC_TAXABLE_BOX","JAMES.BIRD","","JAMES.BIRD","USER_DEFINED","DET_TAX_BOX","NL TBA PERIODIC TAX BOXES","","","P","","","3B01 INTRA EU SALES","2015/01/01"
"NL TBA AR CM EU SERVICES","140","","Y","NL VAT TAX","NL VAT TAX","NL TBA VAT RATE_LINE CLASS","DET_TAX_BOX","","10","2015/01/01","GCO","","","5A02 VAT PAYABLE","P","REC_TAX_BOX","JAMES.BIRD","","JAMES.BIRD","USER_DEFINED","DET_TAX_BOX","NL TBA PERIODIC TAX BOXES","","","P","","","5A02 VAT PAYABLE","2015/01/01"
"NL TBA AR CM EU SERVICES","140","","Y","NL VAT TAX","NL VAT TAX","NL TBA VAT RATE_LINE CLASS","DET_TAX_BOX","","10","2015/01/01","GCO","","","5C02 SUBTOTAL (5A-5B)","P","REC_TAX_BOX","JAMES.BIRD","","JAMES.BIRD","USER_DEFINED","DET_TAX_BOX","NL TBA PERIODIC TAX BOXES","","","P","","","5C02 SUBTOTAL (5A-5B)","2015/01/01"
"NL TBA AP INV STD RATE","150","","Y","NL VAT TAX","NL VAT TAX","NL TBA VAT RATE_LINE CLASS","DET_TAX_BOX","","10","2015/01/01","GCO","","","5B02 VAT RECEIVABLE","P","REC_TAX_BOX","JAMES.BIRD","","JAMES.BIRD","USER_DEFINED","DET_TAX_BOX","NL TBA PERIODIC TAX BOXES","","","P","","","5B02 VAT RECEIVABLE","2015/01/01"
"NL TBA AP INV STD RATE","150","","Y","NL VAT TAX","NL VAT TAX","NL TBA VAT RATE_LINE CLASS","DET_TAX_BOX","","10","2015/01/01","GCO","","","5C02 SUBTOTAL (5A-5B)","P","REC_TAX_BOX","JAMES.BIRD","","JAMES.BIRD","USER_DEFINED","DET_TAX_BOX","NL TBA PERIODIC TAX BOXES","","","P","","","5C02 SUBTOTAL (5A-5B)","2015/01/01"
"NL TBA AP CM STD RATE","160","","Y","NL VAT TAX","NL VAT TAX","NL TBA VAT RATE_LINE CLASS","DET_TAX_BOX","","10","2015/01/01","GCO","","","5B02 VAT RECEIVABLE","P","REC_TAX_BOX","JAMES.BIRD","","JAMES.BIRD","USER_DEFINED","DET_TAX_BOX","NL TBA PERIODIC TAX BOXES","","","P","","","5B02 VAT RECEIVABLE","2015/01/01"
"NL TBA AP CM STD RATE","160","","Y","NL VAT TAX","NL VAT TAX","NL TBA VAT RATE_LINE CLASS","DET_TAX_BOX","","10","2015/01/01","GCO","","","5C02 SUBTOTAL (5A-5B)","P","REC_TAX_BOX","JAMES.BIRD","","JAMES.BIRD","USER_DEFINED","DET_TAX_BOX","NL TBA PERIODIC TAX BOXES","","","P","","","5C02 SUBTOTAL (5A-5B)","2015/01/01"
"NL TBA AP INV RED RATE","170","","Y","NL VAT TAX","NL VAT TAX","NL TBA VAT RATE_LINE CLASS","DET_TAX_BOX","","10","2015/01/01","GCO","","","5B02 VAT RECEIVABLE","P","REC_TAX_BOX","JAMES.BIRD","","JAMES.BIRD","USER_DEFINED","DET_TAX_BOX","NL TBA PERIODIC TAX BOXES","","","P","","","5B02 VAT RECEIVABLE","2015/01/01"
"NL TBA AP INV RED RATE","170","","Y","NL VAT TAX","NL VAT TAX","NL TBA VAT RATE_LINE CLASS","DET_TAX_BOX","","10","2015/01/01","GCO","","","5C02 SUBTOTAL (5A-5B)","P","REC_TAX_BOX","JAMES.BIRD","","JAMES.BIRD","USER_DEFINED","DET_TAX_BOX","NL TBA PERIODIC TAX BOXES","","","P","","","5C02 SUBTOTAL (5A-5B)","2015/01/01"
"NL TBA AP CM RED RATE","180","","Y","NL VAT TAX","NL VAT TAX","NL TBA VAT RATE_LINE CLASS","DET_TAX_BOX","","10","2015/01/01","GCO","","","5B02 VAT RECEIVABLE","P","REC_TAX_BOX","JAMES.BIRD","","JAMES.BIRD","USER_DEFINED","DET_TAX_BOX","NL TBA PERIODIC TAX BOXES","","","P","","","5B02 VAT RECEIVABLE","2015/01/01"
"NL TBA AP CM RED RATE","180","","Y","NL VAT TAX","NL VAT TAX","NL TBA VAT RATE_LINE CLASS","DET_TAX_BOX","","10","2015/01/01","GCO","","","5C02 SUBTOTAL (5A-5B)","P","REC_TAX_BOX","JAMES.BIRD","","JAMES.BIRD","USER_DEFINED","DET_TAX_BOX","NL TBA PERIODIC TAX BOXES","","","P","","","5C02 SUBTOTAL (5A-5B)","2015/01/01"
"NL TBA AP INV ZERO RATE","190","","Y","NL VAT TAX","NL VAT TAX","NL TBA VAT RATE_LINE CLASS","DET_TAX_BOX","","10","2015/01/01","GCO","","","5B02 VAT RECEIVABLE","P","REC_TAX_BOX","JAMES.BIRD","","JAMES.BIRD","USER_DEFINED","DET_TAX_BOX","NL TBA PERIODIC TAX BOXES","","","P","","","5B02 VAT RECEIVABLE","2015/01/01"
"NL TBA AP INV ZERO RATE","190","","Y","NL VAT TAX","NL VAT TAX","NL TBA VAT RATE_LINE CLASS","DET_TAX_BOX","","10","2015/01/01","GCO","","","5C02 SUBTOTAL (5A-5B)","P","REC_TAX_BOX","JAMES.BIRD","","JAMES.BIRD","USER_DEFINED","DET_TAX_BOX","NL TBA PERIODIC TAX BOXES","","","P","","","5C02 SUBTOTAL (5A-5B)","2015/01/01"
"NL TBA AP CM ZERO RATE","200","","Y","NL VAT TAX","NL VAT TAX","NL TBA VAT RATE_LINE CLASS","DET_TAX_BOX","","10","2015/01/01","GCO","","","5B02 VAT RECEIVABLE","P","REC_TAX_BOX","JAMES.BIRD","","JAMES.BIRD","USER_DEFINED","DET_TAX_BOX","NL TBA PERIODIC TAX BOXES","","","P","","","5B02 VAT RECEIVABLE","2015/01/01"
"NL TBA AP CM ZERO RATE","200","","Y","NL VAT TAX","NL VAT TAX","NL TBA VAT RATE_LINE CLASS","DET_TAX_BOX","","10","2015/01/01","GCO","","","5C02 SUBTOTAL (5A-5B)","P","REC_TAX_BOX","JAMES.BIRD","","JAMES.BIRD","USER_DEFINED","DET_TAX_BOX","NL TBA PERIODIC TAX BOXES","","","P","","","5C02 SUBTOTAL (5A-5B)","2015/01/01"
"AU G1 TBA AR INV","10","","Y","AU GST TAX","AU GST TAX","AU TBA BAS TAX BOXES","DET_TAX_BOX","","10","2000/01/07","GCO","","","G1.1","P","REC_TAXABLE_BOX","FIN_IMPL","","FIN_IMPL","USER_DEFINED","DET_TAX_BOX","AU BAS TBA TAX BOXES","","","P","","","G1.1","2000/07/01"
"AU G1 TBA AR INV","10","","Y","AU GST TAX","AU GST TAX","AU TBA BAS TAX BOXES","DET_TAX_BOX","","10","2000/01/07","GCO","","","G1.2","P","REC_TAX_BOX","FIN_IMPL","","FIN_IMPL","USER_DEFINED","DET_TAX_BOX","AU BAS TBA TAX BOXES","","","P","","","G1.2","2000/07/01"
"AU G1 TBA AR INV","10","","Y","AU GST TAX","AU GST TAX","AU TBA BAS TAX BOXES","DET_TAX_BOX","","10","2000/01/07","GCO","","","G1","P","TOTAL_BOX","FIN_IMPL","","FIN_IMPL","USER_DEFINED","DET_TAX_BOX","AU BAS TBA TAX BOXES","","","P","","","G1","2000/07/01"
"AU G1 TBA AR CM","20","","Y","AU GST TAX","AU GST TAX","AU TBA BAS TAX BOXES","DET_TAX_BOX","","10","2000/01/07","GCO","","","G1.1","P","REC_TAXABLE_BOX","FIN_IMPL","","FIN_IMPL","USER_DEFINED","DET_TAX_BOX","AU BAS TBA TAX BOXES","","","P","","","G1.1","2000/07/01"
"AU G1 TBA AR CM","20","","Y","AU GST TAX","AU GST TAX","AU TBA BAS TAX BOXES","DET_TAX_BOX","","10","2000/01/07","GCO","","","G1.2","P","REC_TAX_BOX","FIN_IMPL","","FIN_IMPL","USER_DEFINED","DET_TAX_BOX","AU BAS TBA TAX BOXES","","","P","","","G1.2","2000/07/01"
"AU G1 TBA AR CM","20","","Y","AU GST TAX","AU GST TAX","AU TBA BAS TAX BOXES","DET_TAX_BOX","","10","2000/01/07","GCO","","","G1","P","TOTAL_BOX","FIN_IMPL","","FIN_IMPL","USER_DEFINED","DET_TAX_BOX","AU BAS TBA TAX BOXES","","","P","","","G1","2000/07/01"
"AU G3 TBA AR CM GST FREE SALES","30","","Y","AU GST TAX","AU GST TAX","AU TBA BAS TAX BOXES","DET_TAX_BOX","","10","2000/01/07","GCO","","","G3","P","REC_TAXABLE_BOX","FIN_IMPL","","FIN_IMPL","USER_DEFINED","DET_TAX_BOX","AU BAS TBA TAX BOXES","","","P","","","G3","2000/07/01"
"AU G3 TBA AR CM GST FREE SALES","30","","Y","AU GST TAX","AU GST TAX","AU TBA BAS TAX BOXES","DET_TAX_BOX","","10","2000/01/07","GCO","","","G1","P","TOTAL_BOX","FIN_IMPL","","FIN_IMPL","USER_DEFINED","DET_TAX_BOX","AU BAS TBA TAX BOXES","","","P","","","G1","2000/07/01"
"AU G3 TBA AR INV GST FREE SALES","40","","Y","AU GST TAX","AU GST TAX","AU TBA BAS TAX BOXES","DET_TAX_BOX","","10","2000/01/07","GCO","","","G3","P","REC_TAXABLE_BOX","FIN_IMPL","","FIN_IMPL","USER_DEFINED","DET_TAX_BOX","AU BAS TBA TAX BOXES","","","P","","","G3","2000/07/01"
"AU G3 TBA AR INV GST FREE SALES","40","","Y","AU GST TAX","AU GST TAX","AU TBA BAS TAX BOXES","DET_TAX_BOX","","10","2000/01/07","GCO","","","G1","P","TOTAL_BOX","FIN_IMPL","","FIN_IMPL","USER_DEFINED","DET_TAX_BOX","AU BAS TBA TAX BOXES","","","P","","","G1","2000/07/01"
"AU G10 TBA AP CM CAPITAL PURCHASES","50","","Y","AU GST TAX","AU GST TAX","AU TBA BAS TAX BOXES","DET_TAX_BOX","","10","2000/01/07","GCO","","","G10","P","REC_TAXABLE_BOX","FIN_IMPL","","FIN_IMPL","USER_DEFINED","DET_TAX_BOX","AU BAS TBA TAX BOXES","","","P","","","G10","2000/07/01"
"AU G10 TBA AP INV CAPITAL PURCHASES","60","","Y","AU GST TAX","AU GST TAX","AU TBA BAS TAX BOXES","DET_TAX_BOX","","10","2000/01/07","GCO","","","G10","P","REC_TAXABLE_BOX","FIN_IMPL","","FIN_IMPL","USER_DEFINED","DET_TAX_BOX","AU BAS TBA TAX BOXES","","","P","","","G10","2000/07/01"
"AU G3 TBA COUNCIL AR INV GST FREE SALES_1.0","3","","Y","AU COUNCIL","AU GST","AU COUNCIL TBA BAS TAX BOXES","DET_TAX_BOX","","10","2017/01/01","GCO","","","G1","P","TOTAL_BOX","FIN_IMPL","","FIN_IMPL","USER_DEFINED","DET_TAX_BOX","AU BAS TBA TAX BOXES","","","P","","","G1","2000/07/01"
"AU G3 TBA COUNCIL AR INV GST FREE SALES_1.0","3","","Y","AU COUNCIL","AU GST","AU COUNCIL TBA BAS TAX BOXES","DET_TAX_BOX","","10","2017/01/01","GCO","","","G3","P","REC_TAXABLE_BOX","FIN_IMPL","","FIN_IMPL","USER_DEFINED","DET_TAX_BOX","AU BAS TBA TAX BOXES","","","P","","","G3","2000/07/01"
"AU G3 TBA COUNCIL AR CM GST FREE SALES_1.0","4","","Y","AU COUNCIL","AU GST","AU COUNCIL TBA BAS TAX BOXES","DET_TAX_BOX","","10","2017/01/01","GCO","","","G1","P","TOTAL_BOX","FIN_IMPL","","FIN_IMPL","USER_DEFINED","DET_TAX_BOX","AU BAS TBA TAX BOXES","","","P","","","G1","2000/07/01"
"AU G3 TBA COUNCIL AR CM GST FREE SALES_1.0","4","","Y","AU COUNCIL","AU GST","AU COUNCIL TBA BAS TAX BOXES","DET_TAX_BOX","","10","2017/01/01","GCO","","","G3","P","REC_TAXABLE_BOX","FIN_IMPL","","FIN_IMPL","USER_DEFINED","DET_TAX_BOX","AU BAS TBA TAX BOXES","","","P","","","G3","2000/07/01"
"AU G11 TBA COUNCIL AP INV NON CAPITAL PURCHASE_1.0","7","","Y","AU COUNCIL","AU GST","AU COUNCIL TBA BAS TAX BOXES","DET_TAX_BOX","","10","2017/01/01","GCO","","","G11","P","REC_TAXABLE_BOX","FIN_IMPL","","FIN_IMPL","USER_DEFINED","DET_TAX_BOX","AU BAS TBA TAX BOXES","","","P","","","G11","2000/07/01"
"AU G11 TBA COUNCIL AP CM NON CAPITAL PURCHASE_1.0","8","","Y","AU COUNCIL","AU GST","AU COUNCIL TBA BAS TAX BOXES","DET_TAX_BOX","","10","2017/01/01","GCO","","","G11","P","REC_TAXABLE_BOX","FIN_IMPL","","FIN_IMPL","USER_DEFINED","DET_TAX_BOX","AU BAS TBA TAX BOXES","","","P","","","G11","2000/07/01"
"AU G10 TBA COUNCIL AP INV CAPITAL PURCHASES_1.0","6","","Y","AU COUNCIL","AU GST","AU COUNCIL TBA BAS TAX BOXES","DET_TAX_BOX","","10","2017/01/01","GCO","","","G10","P","REC_TAXABLE_BOX","FIN_IMPL","","FIN_IMPL","USER_DEFINED","DET_TAX_BOX","AU BAS TBA TAX BOXES","","","P","","","G10","2000/07/01"
"AU G10 TBA COUNCIL AP CM CAPITAL PURCHASES_1.0","5","","Y","AU COUNCIL","AU GST","AU COUNCIL TBA BAS TAX BOXES","DET_TAX_BOX","","10","2017/01/01","GCO","","","G10","P","REC_TAXABLE_BOX","FIN_IMPL","","FIN_IMPL","USER_DEFINED","DET_TAX_BOX","AU BAS TBA TAX BOXES","","","P","","","G10","2000/07/01"
"AU G1 TBA COUNCIL AR INV_1.0","1","","Y","AU COUNCIL","AU GST","AU COUNCIL TBA BAS TAX BOXES","DET_TAX_BOX","","10","2017/01/01","GCO","","","G1","P","TOTAL_BOX","FIN_IMPL","","FIN_IMPL","USER_DEFINED","DET_TAX_BOX","AU BAS TBA TAX BOXES","","","P","","","G1","2000/07/01"
"AU G1 TBA COUNCIL AR INV_1.0","1","","Y","AU COUNCIL","AU GST","AU COUNCIL TBA BAS TAX BOXES","DET_TAX_BOX","","10","2017/01/01","GCO","","","G1.1","P","REC_TAXABLE_BOX","FIN_IMPL","","FIN_IMPL","USER_DEFINED","DET_TAX_BOX","AU BAS TBA TAX BOXES","","","P","","","G1.1","2000/07/01"
"AU G1 TBA COUNCIL AR INV_1.0","1","","Y","AU COUNCIL","AU GST","AU COUNCIL TBA BAS TAX BOXES","DET_TAX_BOX","","10","2017/01/01","GCO","","","G1.2","P","REC_TAX_BOX","FIN_IMPL","","FIN_IMPL","USER_DEFINED","DET_TAX_BOX","AU BAS TBA TAX BOXES","","","P","","","G1.2","2000/07/01"
"AU G1 TBA COUNCIL AR CM_1.0","2","","Y","AU COUNCIL","AU GST","AU COUNCIL TBA BAS TAX BOXES","DET_TAX_BOX","","10","2017/01/01","GCO","","","G1","P","TOTAL_BOX","FIN_IMPL","","FIN_IMPL","USER_DEFINED","DET_TAX_BOX","AU BAS TBA TAX BOXES","","","P","","","G1","2000/07/01"
"AU G1 TBA COUNCIL AR CM_1.0","2","","Y","AU COUNCIL","AU GST","AU COUNCIL TBA BAS TAX BOXES","DET_TAX_BOX","","10","2017/01/01","GCO","","","G1.1","P","REC_TAXABLE_BOX","FIN_IMPL","","FIN_IMPL","USER_DEFINED","DET_TAX_BOX","AU BAS TBA TAX BOXES","","","P","","","G1.1","2000/07/01"
"AU G1 TBA COUNCIL AR CM_1.0","2","","Y","AU COUNCIL","AU GST","AU COUNCIL TBA BAS TAX BOXES","DET_TAX_BOX","","10","2017/01/01","GCO","","","G1.2","P","REC_TAX_BOX","FIN_IMPL","","FIN_IMPL","USER_DEFINED","DET_TAX_BOX","AU BAS TBA TAX BOXES","","","P","","","G1.2","2000/07/01"
