"DetFactorTemplCode","TaxRegimeCode","TemplateUsageCode","RecordTypeCode","CreatedBy","CreationDate","LastUpdatedBy","LastUpdateDate","LastUpdateLogin","DetFactorTemplName","DetFactorTemplDesc","ProgramAppName","ProgramName","Tax","ServiceTypeCode","Name","UsageTypeFlag"
"194Q 0.1% TAX DETERMINATION","INDIA TDS","WHT_TAX_RULES","USER_DEFINED","FIN_IMPL","2021/11/19 09:30:46.0","FIN_IMPL","2021/11/19 09:32:51.958","D04407C54F547FBAE0530364FD0ABB13","194Q 0.1% TAX DETERMINATION","","","","","","India Primary Ledger","W"
"AU G1 AR RULE COUNCIL SET CODE","AU COUNCIL","TAX_RULES","USER_DEFINED","FIN_IMPL","2021/02/12 06:21:26.0","FIN_IMPL","2021/02/12 06:22:14.602","BB1DB857B2D49CE7E0539E90DF0AB03A","AU G1 AR RULE COUNCIL SET CODE","","","","","","AU Council Primary Ledger","I"
"AU G1 AR RULE FCT SET CODE","AU GST TAX","TAX_RULES","USER_DEFINED","FIN_IMPL","2016/08/17 12:30:21.0","FIN_IMPL","2016/08/17 12:31:02.345","3A3E8D8AE61555DCE0537AA3FD0A6445","AU G1 AR RULE FCT SET CODE","","","","","","Australia Primary Ledger","I"
"AU G1 COUNCIL SET CODE","AU COUNCIL","TAX_RULES","USER_DEFINED","FIN_IMPL","2021/02/12 06:22:14.706","FIN_IMPL","2021/02/12 06:23:18.091","BB1DB857B2D49CE7E0539E90DF0AB03A","AU G1 COUNCIL SET CODE","","","","","","AU Council Primary Ledger","I"
"AU G1 FACTOR SET CODE","AU GST TAX","TAX_RULES","USER_DEFINED","FIN_IMPL","2016/08/17 11:11:50.0","FIN_IMPL","2016/08/17 11:12:43.226","3A3E8D8AE61555DCE0537AA3FD0A6445","AU G1 FACTOR SET NAME","","","","","","Australia Primary Ledger","I"
"AU G10 COUNCIL SET CODE","AU COUNCIL","TAX_RULES","USER_DEFINED","FIN_IMPL","2021/02/12 06:23:18.156","FIN_IMPL","2021/02/12 06:24:07.901","BB1DB857B2D49CE7E0539E90DF0AB03A","AU G10 COUNCIL SET CODE","","","","","","AU Council Primary Ledger","I"
"AU G10 FACTOR SET CODE","AU GST TAX","TAX_RULES","USER_DEFINED","FIN_IMPL","2016/08/17 11:20:06.0","FIN_IMPL","2016/08/17 11:21:12.54","3A3E8D8AE61555DCE0537AA3FD0A6445","AU G10 FACTOR SET NAME","","","","","","Australia Primary Ledger","I"
"AU G10.15910 COUNCIL SET CODE","AU COUNCIL","TAX_RULES","USER_DEFINED","FIN_IMPL","2021/02/12 06:24:07.955","FIN_IMPL","2021/02/12 06:25:09.343","BB1DB857B2D49CE7E0539E90DF0AB03A","AU G10.15910 COUNCIL SET CODE","","","","","","AU Council Primary Ledger","I"
"AU G10.15910 FCT SET CODE","AU GST TAX","TAX_RULES","USER_DEFINED","FIN_IMPL","2016/08/17 12:36:33.0","FIN_IMPL","2016/08/17 12:37:14.185","3A3E8D8AE61555DCE0537AA3FD0A6445","AU G10.15910 FCT SET CODE","","","","","","Australia Primary Ledger","I"
"AU G10.75 COUNCIL SET CODE","AU COUNCIL","TAX_RULES","USER_DEFINED","FIN_IMPL","2021/02/12 06:25:09.392","FIN_IMPL","2021/02/12 06:25:57.637","BB1DB857B2D49CE7E0539E90DF0AB03A","AU G10.75 COUNCIL SET CODE","","","","","","AU Council Primary Ledger","I"
"AU G10.75 FACTOR SET CODE","AU GST TAX","TAX_RULES","USER_DEFINED","FIN_IMPL","2016/08/17 11:00:33.0","FIN_IMPL","2016/08/17 11:01:36.769","3A3E8D8AE61555DCE0537AA3FD0A6445","AU G10.75 FACTOR SET CODE","","","","","","Australia Primary Ledger","I"
"AU G11 COUNCIL SET CODE","AU COUNCIL","TAX_RULES","USER_DEFINED","FIN_IMPL","2021/02/12 06:25:57.69","FIN_IMPL","2021/02/12 06:27:00.811","BB1DB857B2D49CE7E0539E90DF0AB03A","AU G11 COUNCIL SET CODE","","","","","","AU Council Primary Ledger","I"
"AU G11 FACTOR SET CODE","AU GST TAX","TAX_RULES","USER_DEFINED","FIN_IMPL","2016/08/17 12:23:33.0","FIN_IMPL","2016/08/17 12:24:18.9","3A3E8D8AE61555DCE0537AA3FD0A6445","AU G11 FACTOR SET NAME","","","","","","Australia Primary Ledger","I"
"AU G3 COUNCIL SET CODE","AU COUNCIL","TAX_RULES","USER_DEFINED","FIN_IMPL","2021/02/12 06:27:00.865","FIN_IMPL","2021/02/12 06:28:03.728","BB1DB857B2D49CE7E0539E90DF0AB03A","AU G3 COUNCIL SET CODE","","","","","","AU Council Primary Ledger","I"
"AU G3 FACTOR SET CODE","AU GST TAX","TAX_RULES","USER_DEFINED","FIN_IMPL","2016/08/17 11:16:29.0","FIN_IMPL","2016/08/17 11:17:06.211","3A3E8D8AE61555DCE0537AA3FD0A6445","AU G3 FACTOR SET NAME","","","","","","Australia Primary Ledger","I"
"AU TBA RATE CODE LINE CLASS","AU GST TAX","TAX_BOX_RULES","USER_DEFINED","FIN_IMPL","2017/05/23 10:41:34.0","FIN_IMPL","2017/05/23 10:43:44.32","502D5CBB42EE04D3E053C4AEFD0A362B","AU TBA RATE CODE LINE CLASS","","","","","","Australia Primary Ledger","I"
"AU TBA RATE CODE LINE CLS","AU COUNCIL","TAX_BOX_RULES","USER_DEFINED","FIN_IMPL","2021/02/12 06:28:29.548","FIN_IMPL","2021/02/12 06:29:42.285","BB1DB857B2D49CE7E0539E90DF0AB03A","AU TBA RATE CODE LINE CLS","","","","","","Australia Primary Ledger","I"
"AU TBA RATE CODE LINE CLS_1.0","AU COUNCIL","TAX_BOX_RULES","USER_DEFINED","FIN_IMPL","2021/11/16 18:21:37.0","FIN_IMPL","2021/11/16 18:24:15.479","D0469499BCC68018E0530364FD0A29E0","AU TBA RATE CODE LINE CLS_1.0","","","","","","AU Council Primary Ledger","I"
"CA GST ACCT","CA GST","TAX_RULES","USER_DEFINED","FIN_IMPL","2021/09/22 12:45:45.0","FIN_IMPL","2021/09/22 12:46:32.158","CC42B43634F36195E0530264FD0A0655","GST Line Account","","","","","","Canada Primary Ledger","I"
"CA GST USER","CA GST","TAX_RULES","USER_DEFINED","FIN_IMPL","2021/09/22 12:48:15.072","FIN_IMPL","2021/09/22 12:49:08.507","CC42B43634F36195E0530264FD0A0655","GST User Defined Fiscal","","","","","","Canada Primary Ledger","I"
"CA HST ACCT","CA HST","TAX_RULES","USER_DEFINED","FIN_IMPL","2021/09/22 12:46:32.519","FIN_IMPL","2021/09/22 12:47:08.122","CC42B43634F36195E0530264FD0A0655","HST Line Account","","","","","","Canada Primary Ledger","I"
"CA HST USER","CA HST","TAX_RULES","USER_DEFINED","FIN_IMPL","2021/09/22 12:49:08.565","FIN_IMPL","2021/09/22 12:49:53.69","CC42B43634F36195E0530264FD0A0655","HST User Defined Fiscal","","","","","","Canada Primary Ledger","I"
"CA PST ACCT","CA PST","TAX_RULES","USER_DEFINED","FIN_IMPL","2021/09/22 12:47:08.173","FIN_IMPL","2021/09/22 12:47:42.139","CC42B43634F36195E0530264FD0A0655","PST Line Account","","","","","","Canada Primary Ledger","I"
"CA PST USER","CA PST","TAX_RULES","USER_DEFINED","FIN_IMPL","2021/09/22 12:49:53.728","FIN_IMPL","2021/09/22 12:50:35.414","CC42B43634F36195E0530264FD0A0655","PST User Defined Fiscal","","","","","","Canada Primary Ledger","I"
"CA QST ACCT","CA QST","TAX_RULES","USER_DEFINED","FIN_IMPL","2021/09/22 12:47:42.2","FIN_IMPL","2021/09/22 12:48:14.997","CC42B43634F36195E0530264FD0A0655","QST Line Account","","","","","","Canada Primary Ledger","I"
"CA QST USER","CA QST","TAX_RULES","USER_DEFINED","FIN_IMPL","2021/09/22 12:50:35.504","FIN_IMPL","2021/09/22 12:51:07.724","CC42B43634F36195E0530264FD0A0655","QST User Defined Fiscal","","","","","","Canada Primary Ledger","I"
"CH VAT RATE EXPORT SALES","","TAX_RULES","USER_DEFINED","FIN_IMPL","2019/11/29 09:26:17.104","FIN_IMPL","2019/11/29 09:27:14.261","9878CA3FC6BD1A62E053C390DF0A7240","CH VAT RATE EXPORT SALES","","","","","","","I"
"CH VAT RATE-TAX","CH VAT TAX","TAX_RULES","USER_DEFINED","FIN_IMPL","2019/11/29 09:24:27.0","FIN_IMPL","2019/11/29 09:26:17.051","9878CA3FC6BD1A62E053C390DF0A7240","CH VAT RATE-TAX","","","","","","","I"
"CHINA_EXPORT_SALES","CN VAT TAX","TAX_RULES","USER_DEFINED","FIN_IMPL","2014/06/17 04:11:21.0","FIN_IMPL","2014/06/17 04:13:37.248","FC0159B6E969783DE0436204548CCA81","China Export Sales","","","","","","China Primary Ledger","I"
"DE EXPORTS NON INV","DE VAT TAX","TAX_RULES","USER_DEFINED","FIN_IMPL","2016/10/25 08:04:03.515","FIN_IMPL","2016/10/25 08:07:23.954","3FAB8D53061E4984E0537AA3FD0AD106","DE EXPORTS NON INV","","","","","","Germany Primary Ledger","I"
"DE INTRA EU PURCHASES","DE VAT TAX","TAX_RULES","USER_DEFINED","FIN_IMPL","2016/10/24 11:13:07.339","FIN_IMPL","2016/10/24 11:15:42.388","3F9A8DF0CD9B16FCE0537AA3FD0A3374","DE INTRA EU PURCHASES","","","","","","Germany Primary Ledger","I"
"DE INTRA EU SALES","DE VAT TAX","TAX_RULES","USER_DEFINED","FIN_IMPL","2016/10/24 11:17:21.542","FIN_IMPL","2016/10/24 11:22:11.97","3F9A8DF0CD9B16FCE0537AA3FD0A3374","DE INTRA EU SALES","","","","","","Germany Primary Ledger","I"
"DE INTRA EU SALES NON INV","DE VAT TAX","TAX_RULES","USER_DEFINED","FIN_IMPL","2016/10/25 08:00:27.979","FIN_IMPL","2016/10/25 08:04:03.453","3FAB8D53061E4984E0537AA3FD0AD106","DE INTRA EU SALES NON INV","","","","","","Germany Primary Ledger","I"
"DE NON EU EXPORT SALES","DE VAT TAX","TAX_RULES","USER_DEFINED","FIN_IMPL","2016/10/24 11:22:12.02","FIN_IMPL","2016/10/24 11:40:43.551","3F9A8DF0CD9B16FCE0537AA3FD0A3374","DE NON EU EXPORT SALES","","","","","","Germany Primary Ledger","I"
"DE NON INV SALES","DE VAT TAX","TAX_RULES","USER_DEFINED","FIN_IMPL","2016/10/24 11:15:42.444","FIN_IMPL","2016/10/24 11:17:07.915","3F9A8DF0CD9B16FCE0537AA3FD0A3374","DE NON INV SALES","","","","","","Germany Primary Ledger","I"
"DE NON STD NON INV PURCHASES","DE VAT TAX","TAX_RULES","USER_DEFINED","FIN_IMPL","2020/11/08 06:27:27.0","FIN_IMPL","2020/11/08 06:28:34.779","B3861E30F6A134C7E0539E90DF0AF3D0","DE NON STD NON INV PURCHASES","","","","","","Germany Primary Ledger","I"
"DE NON STD RATE NON INV SALE","DE VAT TAX","TAX_RULES","USER_DEFINED","FIN_IMPL","2016/10/25 08:07:24.007","FIN_IMPL","2016/10/25 08:09:28.555","3FAB8D53061E4984E0537AA3FD0AD106","DE NON STD RATE NON INV SALE","","","","","","Germany Primary Ledger","I"
"DE VAT IMPORT","DE VAT TAX","TAX_RULES","USER_DEFINED","FIN_IMPL","2020/11/08 06:16:51.0","FIN_IMPL","2020/11/08 06:18:28.833","B3861E30F6A134C7E0539E90DF0AF3D0","DE VAT IMPORT","","","","","","Germany Primary Ledger","I"
"DE VAT PURCHASES COUNTRY SET","DE VAT TAX","TAX_RULES","USER_DEFINED","FIN_IMPL","2020/11/08 06:09:24.0","FIN_IMPL","2020/11/08 06:10:59.122","B3861E30F6A134C7E0539E90DF0AF3D0","DE VAT PURCHASES COUNTRY SET","","","","","","Germany Primary Ledger","I"
"DE VAT RATE-TAX","DE VAT TAX","TAX_RULES","USER_DEFINED","FIN_IMPL","2016/10/25 07:58:39.0","FIN_IMPL","2016/10/25 08:00:15.47","3FAB8D53061E4984E0537AA3FD0AD106","DE VAT RATE-TAX","","","","","","Germany Primary Ledger","I"
"DE VAT REGIS REV CHGR","DE VAT TAX","TAX_RULES","USER_DEFINED","FIN_IMPL","2016/10/24 11:09:09.961","FIN_IMPL","2016/10/24 11:13:07.294","3F9A8DF0CD9B16FCE0537AA3FD0A3374","DE VAT REGIS REV CHGR","","","","","","Germany Primary Ledger","I"
"DE VAT TAX APPLICABILITY","DE VAT TAX","TAX_RULES","USER_DEFINED","FIN_IMPL","2016/10/24 11:07:19.0","FIN_IMPL","2016/10/24 11:09:09.848","3F9A8DF0CD9B16FCE0537AA3FD0A3374","DE VAT TAX APPLICABILITY","","","","","","Germany Primary Ledger","I"
"ES EXPORTS NON INV","ES VAT TAX","TAX_RULES","USER_DEFINED","FIN_IMPL","2016/08/31 11:39:21.792","FIN_IMPL","2016/08/31 11:42:45.324","3B58DC2DF8D06928E0537AA3FD0AA33D","ES EXPORTS NON INV","","","","","","Spain Primary Ledger","I"
"ES INTRA EU PURCHASE-VAT","ES VAT TAX","TAX_RULES","USER_DEFINED","FIN_IMPL","2016/08/31 11:06:11.0","FIN_IMPL","2016/08/31 11:08:26.169","3B58DC2DF8D06928E0537AA3FD0AA33D","ES INTRA EU PURCHASE-VAT","","","","","","Spain Primary Ledger","I"
"ES INTRA EU SALES NON INV","ES VAT TAX","TAX_RULES","USER_DEFINED","FIN_IMPL","2016/08/31 11:30:13.444","FIN_IMPL","2016/08/31 11:37:07.217","3B58DC2DF8D06928E0537AA3FD0AA33D","ES INTRA EU SALES NON INV","","","","","","Spain Primary Ledger","I"
"ES NON INV SALES","ES VAT TAX","TAX_RULES","USER_DEFINED","FIN_IMPL","2016/08/31 11:08:26.257","FIN_IMPL","2016/08/31 11:10:03.074","3B58DC2DF8D06928E0537AA3FD0AA33D","ES NON INV SALES","","","","","","Spain Primary Ledger","I"
"ES NON STANDARD RATE NON INV","ES VAT TAX","TAX_RULES","USER_DEFINED","FIN_IMPL","2016/08/31 11:46:55.016","FIN_IMPL","2016/08/31 11:48:34.265","3B58DC2DF8D06928E0537AA3FD0AA33D","ES NON STANDARD RATE NON INV","","","","","","Spain Primary Ledger","I"
"ES VAT APPLICABILITY","ES VAT TAX","TAX_RULES","USER_DEFINED","FIN_IMPL","2016/08/31 11:10:03.118","FIN_IMPL","2016/08/31 11:12:17.434","3B58DC2DF8D06928E0537AA3FD0AA33D","ES VAT APPLICABILITY","","","","","","Spain Primary Ledger","I"
"ES VAT RATE EXPORT SALES","ES VAT TAX","TAX_RULES","USER_DEFINED","FIN_IMPL","2016/08/31 11:37:07.271","FIN_IMPL","2016/08/31 11:39:21.743","3B58DC2DF8D06928E0537AA3FD0AA33D","ES VAT RATE EXPORT SALES","","","","","","Spain Primary Ledger","I"
"ES VAT RATE TRN1-TAX","ES VAT TAX","TAX_RULES","USER_DEFINED","FIN_IMPL","2016/08/31 11:14:41.231","FIN_IMPL","2016/08/31 11:30:13.391","3B58DC2DF8D06928E0537AA3FD0AA33D","ES VAT RATE TRN1-TAX","","","","","","Spain Primary Ledger","I"
"ES VAT RATE-TAX","ES VAT TAX","TAX_RULES","USER_DEFINED","FIN_IMPL","2016/08/31 11:45:12.492","FIN_IMPL","2016/08/31 11:46:54.982","3B58DC2DF8D06928E0537AA3FD0AA33D","ES VAT RATE-TAX","","","","","","Spain Primary Ledger","I"
"ES VAT REGIS - REV CHRG","ES VAT TAX","TAX_RULES","USER_DEFINED","FIN_IMPL","2016/08/31 11:12:17.494","FIN_IMPL","2016/08/31 11:14:41.18","3B58DC2DF8D06928E0537AA3FD0AA33D","ES VAT REGIS - REV CHRG","","","","","","Spain Primary Ledger","I"
"ES VAT SUSP PURCH","ES VAT TAX","TAX_RULES","USER_DEFINED","FIN_IMPL","2016/10/28 11:25:59.0","FIN_IMPL","2016/10/28 11:29:28.845","3FE68ED64E9E3CA3E0537AA3FD0A64F6","ES VAT SUSP PURCH","","","","","","Spain Primary Ledger","I"
"FR INTRA EU EXCEP SRV SAL-TAX","FR VAT TAX","TAX_RULES","USER_DEFINED","FIN_IMPL","2014/06/23 05:17:53.925","FIN_IMPL","2014/06/23 05:17:54.428","FC7AB6FDD95D5EDBE0436204548C22A0","FR INTRA EU EXCEP SRV SAL-TAX","","","","","","","I"
"FR INTRA EU EXCEP SRV TRN-TAX","FR VAT TAX","TAX_RULES","USER_DEFINED","FIN_IMPL","2014/06/23 05:17:53.94","FIN_IMPL","2014/06/23 05:17:54.43","FC7AB6FDD95D5EDBE0436204548C22A0","FR INTRA EU EXCEP SRV TRN-TAX","","","","","","","I"
"FR INTRA EU PURCHASE-VAT","FR VAT TAX","TAX_RULES","USER_DEFINED","FIN_IMPL","2015/06/15 09:46:23.0","FIN_IMPL","2015/06/15 09:49:35.008","1887515DE9C17BCBE0536204548C1901","FR INTRA EU PURCHASE-VAT","","","","","","France Primary Ledger","I"
"FR INTRA EU SRV PURCH GEO-TAX","FR VAT TAX","TAX_RULES","USER_DEFINED","FIN_IMPL","2014/06/23 05:17:54.081","FIN_IMPL","2014/06/23 05:17:54.458","FC7AB6FDD95D5EDBE0436204548C22A0","FR INTRA EU SRV PURCH GEO-TAX","","","","","","","I"
"FR INTRA EU SRV PURCH REG-TAX","FR VAT TAX","TAX_RULES","USER_DEFINED","FIN_IMPL","2014/06/23 05:17:54.105","FIN_IMPL","2014/06/23 05:17:54.463","FC7AB6FDD95D5EDBE0436204548C22A0","FR INTRA EU SRV PURCH REG-TAX","","","","","","","I"
"FR INTRA EU SRV PURCH-TAX","FR VAT TAX","TAX_RULES","USER_DEFINED","FIN_IMPL","2015/06/15 07:01:46.0","FIN_IMPL","2015/06/15 07:04:38.036","1889BFD91EA23303E0536204548CDB58","FR Intra EU Service Purchase Tax","","","","","","France Primary Ledger","I"
"FR INTRA EU SRV PURCHASE-TAX","FR VAT TAX","TAX_RULES","USER_DEFINED","FIN_IMPL","2014/06/23 05:17:53.079","FIN_IMPL","2014/06/23 05:17:54.387","FC7AB6FDD95D5EDBE0436204548C22A0","FR INTRA EU SRV PURCHASE-TAX","","","","","","","I"
"FR INTRA EU SRV SALES GEO-TAX","FR VAT TAX","TAX_RULES","USER_DEFINED","FIN_IMPL","2014/06/23 05:17:53.992","FIN_IMPL","2014/06/23 05:17:54.439","FC7AB6FDD95D5EDBE0436204548C22A0","FR INTRA EU SRV SALES GEO-TAX","","","","","","","I"
"FR INTRA EU SRV SALES-TAX","FR VAT TAX","TAX_RULES","USER_DEFINED","FIN_IMPL","2014/06/23 05:17:53.968","FIN_IMPL","2014/06/23 05:17:54.435","FC7AB6FDD95D5EDBE0436204548C22A0","FR INTRA EU SRV SALES-TAX","","","","","","","I"
"FR NON INV SALES","FR VAT TAX","TAX_RULES","USER_DEFINED","FIN_IMPL","2015/11/12 08:57:15.0","FIN_IMPL","2015/11/12 08:58:30.199","244E2326137770BFE053790B548CC253","FR NON INV SALES","","","","","","France Primary Ledger","I"
"FR PROJECT INVOICE TAX","","TAX_RULES","USER_DEFINED","FIN_IMPL","2015/05/15 10:10:19.167","FIN_IMPL","2015/05/15 10:11:03.224","16188808FB696CEDE0536204548CB09C","France Project Invoice Tax","","","","","","","I"
"FR TBA FIXED ASSET PURCH","FR VAT TAX","TAX_BOX_RULES","USER_DEFINED","FIN_IMPL","2015/06/18 09:21:48.617","FIN_IMPL","2015/06/18 09:23:01.316","18C848DC0E9E0884E0536204548C601E","FR Purchase Of Fixed assets","","","","","","France Primary Ledger","I"
"FR TBA RATE CODE LINE CLASS","FR VAT TAX","TAX_BOX_RULES","USER_DEFINED","FIN_IMPL","2015/06/18 09:20:16.0","FIN_IMPL","2015/06/18 09:21:48.56","18C848DC0E9E0884E0536204548C601E","FR Tax Rate Name and Line Class","","","","","","France Primary Ledger","I"
"FR VAT APPLICABILITY","FR VAT TAX","TAX_RULES","USER_DEFINED","FIN_IMPL","2015/06/15 09:49:57.008","FIN_IMPL","2015/06/15 09:51:50.094","1887515DE9C17BCBE0536204548C1901","FR VAT APPLICABILITY","","","","","","France Primary Ledger","I"
"FR VAT APPLICABILITY TRN-TAX","FR VAT TAX","TAX_RULES","USER_DEFINED","FIN_IMPL","2014/06/23 05:17:53.912","FIN_IMPL","2014/06/23 05:17:54.427","FC7AB6FDD95D5EDBE0436204548C22A0","FR VAT APPLICABILITY TRN-TAX","","","","","","","I"
"FR VAT APPLICABILITY-TAX","FR VAT TAX","TAX_RULES","USER_DEFINED","FIN_IMPL","2014/06/23 05:17:53.894","FIN_IMPL","2014/06/23 05:17:54.423","FC7AB6FDD95D5EDBE0436204548C22A0","FR VAT APPLICABILITY-TAX","","","","","","","I"
"FR VAT PLACE OF SUPPLY-TAX","FR VAT TAX","TAX_RULES","USER_DEFINED","FIN_IMPL","2014/06/23 05:17:53.839","FIN_IMPL","2014/06/23 05:17:54.409","FC7AB6FDD95D5EDBE0436204548C22A0","FR VAT PLACE OF SUPPLY-TAX","","","","","","","I"
"FR VAT RATE EXPORT SALES","FR VAT TAX","TAX_RULES","USER_DEFINED","FIN_IMPL","2015/06/15 09:59:10.783","FIN_IMPL","2015/06/15 10:01:11.728","1887515DE9C17BCBE0536204548C1901","FR VAT RATE EXPORT SALES","","","","","","France Primary Ledger","I"
"FR VAT RATE SUSP PURCH","FR VAT TAX","TAX_RULES","USER_DEFINED","FIN_IMPL","2015/06/15 10:01:11.773","FIN_IMPL","2015/06/15 10:04:40.163","1887515DE9C17BCBE0536204548C1901","FR VAT RATE SUSP PURCH","","","","","","France Primary Ledger","I"
"FR VAT RATE TRN-TAX","FR VAT TAX","TAX_RULES","USER_DEFINED","FIN_IMPL","2014/06/23 05:17:54.034","FIN_IMPL","2014/06/23 05:17:54.446","FC7AB6FDD95D5EDBE0436204548C22A0","FR VAT RATE TRN-TAX","","","","","","","I"
"FR VAT RATE TRN1-TAX","FR VAT TAX","TAX_RULES","USER_DEFINED","FIN_IMPL","2014/06/23 05:17:54.056","FIN_IMPL","2014/06/23 05:17:54.451","FC7AB6FDD95D5EDBE0436204548C22A0","FR VAT RATE TRN1-TAX","","","","","","","I"
"FR VAT RATE-TAX","FR VAT TAX","TAX_RULES","USER_DEFINED","FIN_IMPL","2014/06/23 05:17:54.02","FIN_IMPL","2014/06/23 05:17:54.444","FC7AB6FDD95D5EDBE0436204548C22A0","FR VAT RATE-TAX","","","","","","","I"
"FR VAT RECOVERY RATE PRD-TAX","FR VAT TAX","TAX_RULES","USER_DEFINED","FIN_IMPL","2014/06/23 05:17:53.879","FIN_IMPL","2014/06/23 05:17:54.421","FC7AB6FDD95D5EDBE0436204548C22A0","FR VAT RECOVERY RATE PRD-TAX","","","","","","","I"
"FR VAT RECOVERY RATE-TAX","FR VAT TAX","TAX_RULES","USER_DEFINED","FIN_IMPL","2014/06/23 05:17:53.862","FIN_IMPL","2014/06/23 05:17:54.418","FC7AB6FDD95D5EDBE0436204548C22A0","FR VAT RECOVERY RATE-TAX","","","","","","","I"
"FR VAT REGIS - REV CHGR","FR VAT TAX","TAX_RULES","USER_DEFINED","FIN_IMPL","2015/06/15 10:04:40.208","FIN_IMPL","2015/06/15 10:07:01.997","1887515DE9C17BCBE0536204548C1901","FR VAT REGIS - REV CHGR","","","","","","France Primary Ledger","I"
"FR VAT REGISTRATION-TAX","FR VAT TAX","TAX_RULES","USER_DEFINED","FIN_IMPL","2014/06/23 05:17:54.124","FIN_IMPL","2014/06/23 05:17:54.467","FC7AB6FDD95D5EDBE0436204548C22A0","FR VAT REGISTRATION-TAX","","","","","","","I"
"FR VAT TAX DEFERED FS","FR VAT TAX","TAX_RULES","USER_DEFINED","FIN_IMPL","2014/11/14 09:15:38.0","FIN_IMPL","2014/11/14 09:17:09.843","07CE72FC125B2C0EE0536204548C65B7","FR VAT TAX DEFFERED FS","","","","","","","I"
"GB EXPORT NON INV","GB VAT TAX","TAX_RULES","USER_DEFINED","FIN_IMPL","2021/07/09 13:02:29.0","FIN_IMPL","2021/07/09 13:03:58.391","C5076C6C1CF57D43E0530264FD0A3DB5","GB EXPORT NON INV","","","","","","UK Primary Ledger","I"
"GB EXPORTS NON INV","GB VAT TAX","TAX_RULES","USER_DEFINED","FIN_IMPL","2015/05/15 06:24:23.33","FIN_IMPL","2015/05/15 06:27:41.939","1619B3593D9F31BAE0536204548CBBD0","GB EXPORTS NON INV","","","","","","UK Primary Ledger","I"
"GB EXPORTS NON INV_NEW","GB VAT TAX","TAX_RULES","USER_DEFINED","FIN_IMPL","2021/07/09 12:54:53.0","FIN_IMPL","2021/07/09 12:57:43.525","C5076C6C1CF57D43E0530264FD0A3DB5","GB EXPORTS NON INV_NEW","","","","","","UK Primary Ledger","I"
"GB INTRA EU EXCEP SRV SAL-TAX","GB VAT TAX","TAX_RULES","USER_DEFINED","FIN_IMPL","2014/06/23 05:19:01.152","FIN_IMPL","2014/06/23 05:19:01.505","FC7AB6FDD95E5EDBE0436204548C22A0","GB INTRA EU EXCEP SRV SAL-TAX","","","","","","","I"
"GB INTRA EU EXCEP SRV TRN-TAX","GB VAT TAX","TAX_RULES","USER_DEFINED","FIN_IMPL","2014/06/23 05:19:01.178","FIN_IMPL","2014/06/23 05:19:01.509","FC7AB6FDD95E5EDBE0436204548C22A0","GB INTRA EU EXCEP SRV TRN-TAX","","","","","","","I"
"GB INTRA EU PURCHASE-VAT","GB VAT TAX","TAX_RULES","USER_DEFINED","FIN_IMPL","2015/04/02 09:51:22.0","FIN_IMPL","2015/04/02 09:55:02.32","12B9EEA5237C69B1E0536204548C4D13","GB Intra EU Purchase VAT","","","","","","UK Primary Ledger","I"
"GB INTRA EU SALES NON INV","GB VAT TAX","TAX_RULES","USER_DEFINED","FIN_IMPL","2015/05/15 06:20:23.0","FIN_IMPL","2015/05/15 06:24:19.853","1619B3593D9E31BAE0536204548CBBD0","GB INTRA EU SALES NON INVENTORY","","","","","","UK Primary Ledger","I"
"GB INTRA EU SRV PURC GEO1-TAX","GB VAT TAX","TAX_RULES","USER_DEFINED","FIN_IMPL","2014/06/23 05:19:01.375","FIN_IMPL","2014/06/23 05:19:01.547","FC7AB6FDD95E5EDBE0436204548C22A0","GB INTRA EU SRV PURC GEO1-TAX","","","","","","","I"
"GB INTRA EU SRV PURC GEO2-TAX","GB VAT TAX","TAX_RULES","USER_DEFINED","FIN_IMPL","2014/06/23 05:19:01.403","FIN_IMPL","2014/06/23 05:19:01.552","FC7AB6FDD95E5EDBE0436204548C22A0","GB INTRA EU SRV PURC GEO2-TAX","","","","","","","I"
"GB INTRA EU SRV PURCHASE-TAX","GB VAT TAX","TAX_RULES","USER_DEFINED","FIN_IMPL","2014/06/23 05:19:01.027","FIN_IMPL","2014/06/23 05:19:01.485","FC7AB6FDD95E5EDBE0436204548C22A0","GB INTRA EU SRV PURCHASE-TAX","","","","","","","I"
"GB INTRA EU SRV SALES GEO-TAX","GB VAT TAX","TAX_RULES","USER_DEFINED","FIN_IMPL","2014/06/23 05:19:01.236","FIN_IMPL","2014/06/23 05:19:01.52","FC7AB6FDD95E5EDBE0436204548C22A0","GB INTRA EU SRV SALES GEO-TAX","","","","","","","I"
"GB INTRA EU SRV SALES-TAX","GB VAT TAX","TAX_RULES","USER_DEFINED","FIN_IMPL","2014/06/23 05:19:01.206","FIN_IMPL","2014/06/23 05:19:01.515","FC7AB6FDD95E5EDBE0436204548C22A0","GB INTRA EU SRV SALES-TAX","","","","","","","I"
"GB MISSING TRADER SALE-TAX","GB VAT TAX","TAX_RULES","USER_DEFINED","FIN_IMPL","2015/04/30 04:33:33.0","FIN_IMPL","2015/04/30 04:39:05.627","14EA56D90D7C5D5CE0536204548CE4C4","GB MISSING TRADER SALE-TAX","","","","","","UK Primary Ledger","I"
"GB MISSING TRADER-TAX","GB VAT TAX","TAX_RULES","USER_DEFINED","FIN_IMPL","2014/06/23 05:19:01.299","FIN_IMPL","2014/06/23 05:19:01.532","FC7AB6FDD95E5EDBE0436204548C22A0","GB MISSING TRADER-TAX","","","","","","","I"
"GB NON INV SALES","GB VAT TAX","TAX_RULES","USER_DEFINED","CASEY.BROWN","2015/05/15 04:43:35.0","CASEY.BROWN","2015/05/15 04:46:15.155","161528149981722CE0536204548C1734","GB NON INVENTORY SALES","","","","","","UK Primary Ledger","I"
"GB PROGRESS ACCOUNT","GB PROGRESS VAT","TAX_RULES","USER_DEFINED","FIN_IMPL","2021/08/19 17:49:11.0","FIN_IMPL","2021/08/19 17:50:43.615","C831AEF3750FB8C5E0530364FD0A3B03","GB PROGRESS ACCOUNT","","","","","","Progress UK GB","I"
"GB PROGRESS EXEMPT","GB PROGRESS VAT","TAX_RULES","USER_DEFINED","FIN_IMPL","2021/08/19 17:50:43.851","FIN_IMPL","2021/08/19 17:51:44.819","C831AEF3750FB8C5E0530364FD0A3B03","GB PROGRESS EXEMPT","","","","","","Progress UK GB","I"
"GB PROGRESS NONREC","GB PROGRESS VAT","TAX_RULES","USER_DEFINED","FIN_IMPL","2021/08/19 17:51:45.381","FIN_IMPL","2021/08/19 17:53:09.479","C831AEF3750FB8C5E0530364FD0A3B03","GB PROGRESS NONREC","","","","","","Progress UK GB","I"
"GB PROGRESS PARTIAL","GB PROGRESS VAT","TAX_RULES","USER_DEFINED","FIN_IMPL","2021/08/19 17:53:09.55","FIN_IMPL","2021/08/19 17:54:05.693","C831AEF3750FB8C5E0530364FD0A3B03","GB PROGRESS PARTIAL","","","","","","Progress UK GB","I"
"GB PROJECT INVOICE TAX","GB VAT TAX","TAX_RULES","USER_DEFINED","FIN_IMPL","2015/05/15 10:09:08.0","FIN_IMPL","2015/05/15 10:10:19.122","16188808FB696CEDE0536204548CB09C","GB Project Invoice Tax","","","","","","UK Primary Ledger","I"
"GB TBA RATE CODE LINE CLASS","GB VAT TAX","TAX_BOX_RULES","USER_DEFINED","FIN_IMPL","2015/05/05 06:49:51.0","FIN_IMPL","2015/05/05 06:51:56.927","1550C506AD167142E0536204548CC80A","GB Tax Rate Name and Line Class","","","","","","UK Primary Ledger","I"
"GB VAT APPLICABILITY","GB VAT TAX","TAX_RULES","USER_DEFINED","FIN_IMPL","2015/04/02 09:41:49.0","FIN_IMPL","2015/04/02 09:44:19.1","12B9EEA5237C69B1E0536204548C4D13","GB VAT APPLICABILITY","","","","","","UK Primary Ledger","I"
"GB VAT APPLICABILITY-TAX","GB VAT TAX","TAX_RULES","USER_DEFINED","FIN_IMPL","2014/06/23 05:19:01.13","FIN_IMPL","2014/06/23 05:19:01.501","FC7AB6FDD95E5EDBE0436204548C22A0","GB VAT APPLICABILITY-TAX","","","","","","","I"
"GB VAT PLACE OF SUPPLY-TAX","GB VAT TAX","TAX_RULES","USER_DEFINED","FIN_IMPL","2014/06/23 05:19:01.073","FIN_IMPL","2014/06/23 05:19:01.491","FC7AB6FDD95E5EDBE0436204548C22A0","GB VAT PLACE OF SUPPLY-TAX","","","","","","","I"
"GB VAT RATE EXPORT NON EU","GB VAT TAX","TAX_RULES","USER_DEFINED","FIN_IMPL","2015/04/23 10:17:56.0","FIN_IMPL","2015/04/23 10:21:24.522","146280DEF4F73F70E0536204548CE7EE","GB VAT RATE EXPORT NON EU","","","","","","UK Primary Ledger","I"
"GB VAT RATE EXPORT NON EU_NEW","GB VAT TAX","TAX_RULES","USER_DEFINED","FIN_IMPL","2021/07/09 12:38:47.0","FIN_IMPL","2021/07/09 12:50:56.184","C5076C6C1CF57D43E0530264FD0A3DB5","GB VAT RATE EXPORT NON EU_NEW","","","","","","UK Primary Ledger","I"
"GB VAT RATE TRN-TAX","GB VAT TAX","TAX_RULES","USER_DEFINED","FIN_IMPL","2014/06/23 05:19:01.277","FIN_IMPL","2014/06/23 05:19:01.528","FC7AB6FDD95E5EDBE0436204548C22A0","GB VAT RATE TRN-TAX","","","","","","","I"
"GB VAT RATE TRN1-TAX","GB VAT TAX","TAX_RULES","USER_DEFINED","FIN_IMPL","2014/06/23 05:19:01.324","FIN_IMPL","2014/06/23 05:19:01.537","FC7AB6FDD95E5EDBE0436204548C22A0","GB VAT RATE TRN1-TAX","","","","","","","I"
"GB VAT RATE TRN2-TAX","GB VAT TAX","TAX_RULES","USER_DEFINED","FIN_IMPL","2014/06/23 05:19:01.35","FIN_IMPL","2014/06/23 05:19:01.542","FC7AB6FDD95E5EDBE0436204548C22A0","GB VAT RATE TRN2-TAX","","","","","","","I"
"GB VAT RATE TRN3-TAX","GB VAT TAX","TAX_RULES","USER_DEFINED","FIN_IMPL","2015/05/01 03:28:36.0","FIN_IMPL","2015/05/01 03:34:20.458","14FD940BFCCE3A12E0536204548CD352","GB VAT RATE TRN3-TAX","","","","","","UK Primary Ledger","I"
"GB VAT RATE-TAX","GB VAT TAX","TAX_RULES","USER_DEFINED","FIN_IMPL","2014/06/23 05:19:01.262","FIN_IMPL","2014/06/23 05:19:01.526","FC7AB6FDD95E5EDBE0436204548C22A0","GB VAT RATE-TAX","","","","","","","I"
"GB VAT RECOVERY RATE TRN-TAX","GB VAT TAX","TAX_RULES","USER_DEFINED","FIN_IMPL","2014/06/23 05:19:01.09","FIN_IMPL","2014/06/23 05:19:01.495","FC7AB6FDD95E5EDBE0436204548C22A0","GB VAT RECOVERY RATE TRN-TAX","","","","","","","I"
"GB VAT RECOVERY RATE-TAX","GB VAT TAX","TAX_RULES","USER_DEFINED","FIN_IMPL","2014/06/23 05:19:01.104","FIN_IMPL","2014/06/23 05:19:01.496","FC7AB6FDD95E5EDBE0436204548C22A0","GB VAT RECOVERY RATE-TAX","","","","","","","I"
"GB VAT REGIS - REV CHGR","GB VAT TAX","TAX_RULES","USER_DEFINED","FIN_IMPL","2015/04/02 09:24:28.0","FIN_IMPL","2015/04/02 09:27:40.524","12B9EEA5237C69B1E0536204548C4D13","GB VAT REGIS - REV CHGR","","","","","","UK Primary Ledger","I"
"GB VAT REGISTRATION-TAX","GB VAT TAX","TAX_RULES","USER_DEFINED","FIN_IMPL","2014/06/23 05:19:01.437","FIN_IMPL","2014/06/23 05:19:01.557","FC7AB6FDD95E5EDBE0436204548C22A0","GB VAT REGISTRATION-TAX","","","","","","","I"
"INDIA_GST_HSN","India GST","TAX_RULES","USER_DEFINED","FIN_IMPL","2019/12/04 11:10:19.0","FIN_IMPL","2019/12/04 11:11:14.426","98DF663A1B0D78ABE053C390DF0A87D3","INDIA_GST_HSN","","","","","","","I"
"IND_CGST_1PRS_EQ_SFS_01","India GST","TAX_RULES","USER_DEFINED","FIN_IMPL","2019/09/04 12:13:06.0","FIN_IMPL","2019/09/04 12:14:15.825","91B82F75A660FFB3E053C390DF0AF77A","IND_CGST_1PRS_EQ_SFS_01","","","","","","","I"
"IND_CGST_2.5_RATE_AP_AR_RULE","India GST","TAX_RULES","USER_DEFINED","FIN_IMPL","2019/09/04 12:30:13.0","FIN_IMPL","2019/09/04 12:30:45.668","91B82F75A660FFB3E053C390DF0AF77A","IND_CGST_2.5_RATE_AP_AR_RULE","","","","","","","I"
"IND_CGST_6_RATE_AP_AR_RULE","India GST","TAX_RULES","USER_DEFINED","FIN_IMPL","2019/09/04 12:43:56.0","FIN_IMPL","2019/09/04 12:44:14.251","91B82F75A660FFB3E053C390DF0AF77A","IND_CGST_6_RATE_AP_AR_RULE","","","","","","","I"
"IND_CGST_AR_BFS_EQ_BTS_01","India GST","TAX_RULES","USER_DEFINED","FIN_IMPL","2019/09/05 14:30:58.0","FIN_IMPL","2019/09/05 14:31:51.053","91CF9D1E87A7249AE053C390DF0A49AD","IND_CGST_AR_BFS_EQ_BTS_01","","","","","","","I"
"IND_IGST_12_RATE_AP_AR_RULE","India GST","TAX_RULES","USER_DEFINED","FIN_IMPL","2019/09/04 12:38:56.0","FIN_IMPL","2019/09/04 12:39:16.648","91B82F75A660FFB3E053C390DF0AF77A","IND_IGST_12_RATE_AP_AR_RULE","","","","","","","I"
"IND_IGST_1PRNS_NEQ_SFS_01","India GST","TAX_RULES","USER_DEFINED","FIN_IMPL","2019/09/04 10:48:38.0","FIN_IMPL","2019/09/04 10:49:34.075","91B82F75A660FFB3E053C390DF0AF77A","IND_IGST_1PRNS_NEQ_SFS_01","","","","","","","I"
"IND_IGST_5_RATE_AP_AR_RULE","India GST","TAX_RULES","USER_DEFINED","FIN_IMPL","2019/09/04 11:53:13.0","FIN_IMPL","2019/09/04 11:53:56.876","91B82F75A660FFB3E053C390DF0AF77A","IND_IGST_5_RATE_AP_AR_RULE","","","","","","","I"
"IND_IGST_AR_BFS_NOT_BTS_01","India GST","TAX_RULES","USER_DEFINED","FIN_IMPL","2019/09/06 06:45:05.0","FIN_IMPL","2019/09/06 06:45:54.713","91DCB24DFB400C4DE053C390DF0AF632","IND_IGST_AR_BFS_NOT_BTS_01","","","","","","","I"
"IND_SGST_1PRS_EQ_SFS_01","India GST","TAX_RULES","USER_DEFINED","FIN_IMPL","2019/09/04 12:22:38.0","FIN_IMPL","2019/09/04 12:23:38.192","91B82F75A660FFB3E053C390DF0AF77A","IND_SGST_1PRS_EQ_SFS_01","","","","","","","I"
"IND_SGST_2.5_RATE_AP_AR_RULE","India GST","TAX_RULES","USER_DEFINED","FIN_IMPL","2019/09/04 12:34:19.0","FIN_IMPL","2019/09/04 12:34:43.239","91B82F75A660FFB3E053C390DF0AF77A","IND_SGST_2.5_RATE_AP_AR_RULE","","","","","","","I"
"IND_SGST_6_RATE_AP_AR_RULE","India GST","TAX_RULES","USER_DEFINED","FIN_IMPL","2019/09/04 12:47:05.0","FIN_IMPL","2019/09/04 12:47:22.861","91B82F75A660FFB3E053C390DF0AF77A","IND_SGST_6_RATE_AP_AR_RULE","","","","","","","I"
"IND_SGST_AR_BFS_EQ_BTS_01","India GST","TAX_RULES","USER_DEFINED","FIN_IMPL","2019/09/06 06:40:50.0","FIN_IMPL","2019/09/06 06:42:01.252","91DCB24DFB400C4DE053C390DF0AF632","IND_SGST_AR_BFS_EQ_BTS_01","","","","","","","I"
"IT EXPORTS NON INV","IT VAT TAX","TAX_RULES","USER_DEFINED","FIN_IMPL","2016/06/14 03:44:59.197","FIN_IMPL","2016/06/14 03:47:19.599","3533F2F41CE804ADE053CFFBE70A175B","IT EXPORTS NON INV","","","","","","Italy Primary Ledger","I"
"IT INTRA EU PURCHASE-VAT","IT VAT TAX","TAX_RULES","USER_DEFINED","FIN_IMPL","2015/10/27 10:34:05.0","FIN_IMPL","2015/10/27 10:36:28.168","230BB289E2C47152E053790B548C6F4E","IT INTRA EU PURCHASE-VAT","","","","","","Italy Primary Ledger","I"
"IT INTRA EU SALES NON INV","IT VAT TAX","TAX_RULES","USER_DEFINED","FIN_IMPL","2016/06/14 03:41:23.313","FIN_IMPL","2016/06/14 03:44:59.153","3533F2F41CE804ADE053CFFBE70A175B","IT INTRA EU SALES NON INV","","","","","","Italy Primary Ledger","I"
"IT NON INV SALES","IT VAT TAX","TAX_RULES","USER_DEFINED","FIN_IMPL","2016/06/14 03:39:01.0","FIN_IMPL","2016/06/14 03:41:23.156","3533F2F41CE804ADE053CFFBE70A175B","IT NON INV SALES","","","","","","Italy Primary Ledger","I"
"IT NON STANDARD RATE NON INV","IT VAT TAX","TAX_RULES","USER_DEFINED","FIN_IMPL","2016/06/14 03:51:28.297","FIN_IMPL","2016/06/14 03:52:49.548","3533F2F41CE804ADE053CFFBE70A175B","IT NON STANDARD RATE NON INV","","","","","","Italy Primary Ledger","I"
"IT VAT AP DOMESTIC VAT PLAFOND","IT VAT TAX","TAX_RULES","USER_DEFINED","FIN_IMPL","2015/10/27 10:40:27.019","FIN_IMPL","2015/10/27 10:42:34.425","230BB289E2C47152E053790B548C6F4E","IT VAT AP DOMESTIC VAT PLAFOND","","","","","","Italy Primary Ledger","I"
"IT VAT APPLICABILITY","IT VAT TAX","TAX_RULES","USER_DEFINED","FIN_IMPL","2015/10/27 10:36:28.223","FIN_IMPL","2015/10/27 10:38:20.258","230BB289E2C47152E053790B548C6F4E","IT VAT APPLICABILITY","","","","","","Italy Primary Ledger","I"
"IT VAT AR DOMESTIC VAT PLAFOND","IT VAT TAX","TAX_RULES","USER_DEFINED","FIN_IMPL","2015/10/28 10:16:50.0","FIN_IMPL","2015/10/28 10:18:35.827","231F83DAC5586E92E053790B548CB8A4","IT VAT AR DOMESTIC VAT PLAFOND","","","","","","Italy Primary Ledger","I"
"IT VAT AR SALES DEFERR NON INV","IT VAT TAX","TAX_RULES","USER_DEFINED","FIN_IMPL","2016/06/14 03:49:17.771","FIN_IMPL","2016/06/14 03:51:11.757","3533F2F41CE804ADE053CFFBE70A175B","IT VAT AR SALES DEFERR NON INV","","","","","","Italy Primary Ledger","I"
"IT VAT AR VAT PLADOND NON INV","IT VAT TAX","TAX_RULES","USER_DEFINED","FIN_IMPL","2016/06/14 03:47:19.648","FIN_IMPL","2016/06/14 03:49:17.725","3533F2F41CE804ADE053CFFBE70A175B","IT VAT AR VAT PLADOND NON INV","","","","","","Italy Primary Ledger","I"
"IT VAT RATE EXPORT SALES","IT VAT TAX","TAX_RULES","USER_DEFINED","FIN_IMPL","2015/10/27 10:47:32.494","FIN_IMPL","2015/10/27 10:49:19.263","230BB289E2C47152E053790B548C6F4E","IT VAT RATE EXPORT SALES","","","","","","Italy Primary Ledger","I"
"IT VAT RATE TRN1-TAX","IT VAT TAX","TAX_RULES","USER_DEFINED","FIN_IMPL","2015/10/27 10:44:31.103","FIN_IMPL","2015/10/27 10:47:32.455","230BB289E2C47152E053790B548C6F4E","IT VAT RATE TRN1-TAX","","","","","","Italy Primary Ledger","I"
"IT VAT RATE-TAX","IT VAT TAX","TAX_RULES","USER_DEFINED","FIN_IMPL","2015/10/27 10:49:19.298","FIN_IMPL","2015/10/27 10:51:21.928","230BB289E2C47152E053790B548C6F4E","IT VAT RATE-TAX","","","","","","Italy Primary Ledger","I"
"IT VAT REGIS - REV CHRG","IT VAT TAX","TAX_RULES","USER_DEFINED","FIN_IMPL","2015/10/27 10:38:20.294","FIN_IMPL","2015/10/27 10:40:22.818","230BB289E2C47152E053790B548C6F4E","IT VAT REGIS - REV CHRG","","","","","","Italy Primary Ledger","I"
"IT VAT SALES DEFERRED RATE","IT VAT TAX","TAX_RULES","USER_DEFINED","FIN_IMPL","2015/10/27 10:42:34.462","FIN_IMPL","2015/10/27 10:44:31.067","230BB289E2C47152E053790B548C6F4E","IT VAT SALES DEFERRED RATE","","","","","","Italy Primary Ledger","I"
"JP_STCC","JP CT","TAX_RULES","USER_DEFINED","FIN_IMPL","2015/04/13 08:49:50.0","FIN_IMPL","2015/04/13 08:51:15.018","139781FD3A783D51E0536204548CB199","JP_STCC","","","","","","Japan Primary Ledger","I"
"NL INTRA EU PURCHASE-VAT","NL VAT TAX","TAX_RULES","USER_DEFINED","FIN_IMPL","2016/10/18 06:02:35.0","FIN_IMPL","2016/10/18 06:13:57.975","3F1E3BFF34DB1B5AE0537AA3FD0A4F5F","NL INTRA EU PURCHASE-VAT","","","","","","","I"
"NL TBA RATE CODE LINE CLASS","NL VAT TAX","TAX_BOX_RULES","USER_DEFINED","FIN_IMPL","2016/10/05 06:08:36.0","FIN_IMPL","2016/10/05 06:10:54.023","3E17B499F6B25E86E0537AA3FD0A6D2A","NL Tax Rate Name and Line Class","","","","","","","I"
"NL VAT APPLICABILITY","NL VAT TAX","TAX_RULES","USER_DEFINED","FIN_IMPL","2016/10/18 06:48:11.0","FIN_IMPL","2016/10/18 06:49:56.617","3F1E3BFF34DB1B5AE0537AA3FD0A4F5F","NL VAT APPLICABILITY","","","","","","","I"
"NL VAT RATE EU SALES","NL VAT TAX","TAX_RULES","USER_DEFINED","FIN_IMPL","2016/10/18 06:17:01.035","FIN_IMPL","2016/10/18 06:20:32.774","3F1E3BFF34DB1B5AE0537AA3FD0A4F5F","NL VAT RATE EU SALES","","","","","","","I"
"NL VAT RATE EXPORT SALES","NL VAT TAX","TAX_RULES","USER_DEFINED","FIN_IMPL","2016/10/18 06:20:32.834","FIN_IMPL","2016/10/18 06:22:35.272","3F1E3BFF34DB1B5AE0537AA3FD0A4F5F","NL VAT RATE EXPORT SALES","","","","","","","I"
"NL VAT RATE-TAX","NL VAT TAX","TAX_RULES","USER_DEFINED","FIN_IMPL","2016/10/18 06:22:35.324","FIN_IMPL","2016/10/18 06:24:13.651","3F1E3BFF34DB1B5AE0537AA3FD0A4F5F","NL VAT RATE-TAX","","","","","","","I"
"NL VAT REGIS - REV CHGR","NL VAT TAX","TAX_RULES","USER_DEFINED","FIN_IMPL","2016/10/18 06:13:58.309","FIN_IMPL","2016/10/18 06:17:00.962","3F1E3BFF34DB1B5AE0537AA3FD0A4F5F","NL VAT REGIS - REV CHGR","","","","","","","I"
"PREPAYMENT AP 194C 2%","INDIA TDS","WHT_TAX_RULES","USER_DEFINED","FIN_IMPL","2021/11/18 10:24:59.0","FIN_IMPL","2021/11/18 10:26:52.451","D040314174E162E9E0530264FD0AEF04","PREPAYMENT AP 194C 2%","","","","","","India Primary Ledger","W"
"SELF ASSESSMENT TAX US","US SALES AND USE TAX","TAX_RULES","USER_DEFINED","FIN_IMPL","2016/09/13 08:23:27.0","FIN_IMPL","2016/09/13 08:24:53.678","3C6047582C333012E0537AA3FD0A7294","Self Assessment Tax US","","","","","","US Primary Ledger","I"
"TDS DETERMINE FACTOR SET","INDIA TDS","WHT_TAX_RULES","USER_DEFINED","FIN_IMPL","2021/11/18 10:12:57.0","FIN_IMPL","2021/11/18 10:14:37.992","D040314174E162E9E0530264FD0AEF04","TDS Determine Factor Set","","","","","","India Primary Ledger","W"
"TDS REDUCED RATE","INDIA TDS","WHT_TAX_RULES","USER_DEFINED","FIN_IMPL","2021/11/22 14:23:22.0","FIN_IMPL","2021/11/22 14:24:17.574","D132DCD93CB32368E0530364FD0A9696","TDS Reduced Rate","","","","","","India Primary Ledger","W"
"US_IMPORT_EXE_CITY","US SALES AND USE TAX","TAX_RULES","USER_DEFINED","FIN_IMPL","2014/09/25 12:16:06.0","FIN_IMPL","2014/09/25 12:16:47.627","03E22800784159C6E0536204548CD291","US IMPORT EXEMPTION CITY TAX","","","","","","","I"
"US_IMPORT_EXE_PURCHASE_COUNTY","US SALES AND USE TAX","TAX_RULES","USER_DEFINED","FIN_IMPL","2014/09/25 12:08:50.0","FIN_IMPL","2014/09/25 12:10:28.679","03E22800784159C6E0536204548CD291","US IMPORT EXEMPTION PURCHASE COUNTY","","","","","","","I"
"US_IMPORT_EXE_STATE","US SALES AND USE TAX","TAX_RULES","USER_DEFINED","FIN_IMPL","2014/09/25 12:13:26.0","FIN_IMPL","2014/09/25 12:14:07.781","03E22800784159C6E0536204548CD291","US IMPORT EXEMPTION STATE TAX","","","","","","","I"
"US_JVM_AR_EXEMPT","US SALES AND USE TAX","TAX_RULES","USER_DEFINED","FIN_IMPL","2020/07/31 11:06:42.444","FIN_IMPL","2020/07/31 11:09:08.323","ABBB5BC0873CE76CE0539E90DF0A8F0F","US JVM AR EXEMPT TAX","","","","","","","I"
