"DeterminingFactorClassCode","DeterminingFactorCode","CreatedBy","CreationDate","DataTypeCode","DeterminingFactorDesc","DeterminingFactorName","InternalFlag","LastUpdateDate","LastUpdateLogin","LastUpdatedBy","ProgramAppName","ProgramName","RecordOnlyFlag","RecordTypeCode","TaxCalculationFlag","TaxFunctionCode","TaxParameterCode","TaxRegimeDetFlag","TaxRulesFlag","TaxSummarizationFlag","TaxableBasisFlag","ValueSet","ReportingUsageFlag","DefaultingUsageFlag"
"PARTY_FISCAL_CLASS","VAT PACKAGE 2010 CLIC","FIN_IMPL","2014/01/14 15:59:17.636","ALPHANUMERIC","","Vat Package 2010 EU Registration","Y","2014/01/14 15:59:17.719","EFF145BF2D6929F2E0436204548CF6B7","FIN_IMPL","","","N","USER_DEFINED","N","","","N","Y","N","N","","",""
"PARTY_FISCAL_CLASS","GB MTIC CLIC","FIN_IMPL","2014/01/14 15:59:17.712","ALPHANUMERIC","","GB Missing Trader Intra Community ","Y","2014/01/14 15:59:17.74","EFF145BF2D6929F2E0436204548CF6B7","FIN_IMPL","","","N","USER_DEFINED","N","","","N","Y","N","N","","",""
"GEOGRAPHY","COUNTRY","FIN_IMPL","2014/06/17 04:13:36.448","NUMERIC","","COUNTRY","Y","2014/06/17 04:13:37.28","FC0159B6E969783DE0436204548CCA81","FIN_IMPL","","","N","USER_DEFINED","N","","","N","Y","N","N","","",""
"GEOGRAPHY","COUNTY","FIN_IMPL","2015/06/15 09:49:34.787","NUMERIC","","COUNTY","Y","2015/06/15 09:49:35.059","1887515DE9C17BCBE0536204548C1901","FIN_IMPL","","","N","USER_DEFINED","N","","","N","Y","N","N","","Y","Y"
"GEOGRAPHY","STATE","FIN_IMPL","2019/09/04 10:49:33.253","NUMERIC","","State","Y","2019/09/04 10:49:34.11","91B82F75A660FFB3E053C390DF0AF77A","FIN_IMPL","","","N","USER_DEFINED","N","","","N","Y","N","N","","Y","Y"
"PRODUCT_FISCAL_CLASS","CH VAT PRODUCT LEVEL 1 CLIC","FIN_IMPL","2019/11/29 09:24:00.373","ALPHANUMERIC","","CH Vat Product Level 1","Y","2019/11/29 09:24:00.522","9878CA3FC6BD1A62E053C390DF0A7240","FIN_IMPL","","","N","USER_DEFINED","N","","","N","Y","N","N","","Y","Y"
"PRODUCT_FISCAL_CLASS","CH VAT PRODUCT LEVEL 2 CLIC","FIN_IMPL","2019/11/29 09:24:00.482","ALPHANUMERIC","","CH Vat Product Level 2","Y","2019/11/29 09:24:00.547","9878CA3FC6BD1A62E053C390DF0A7240","FIN_IMPL","","","N","USER_DEFINED","N","","","N","Y","N","N","","Y","Y"
"PRODUCT_FISCAL_CLASS","AT VAT PRODUCT LEVEL 1 CLIC","FIN_IMPL","2014/01/14 15:59:25.73","ALPHANUMERIC","","AT VAT Product Level 1","Y","2014/01/14 15:59:26.81","EFF145707D0B29E9E0436204548C9304","FIN_IMPL","","","N","USER_DEFINED","N","","","N","Y","N","N","","",""
"PRODUCT_FISCAL_CLASS","AT VAT PRODUCT LEVEL 2 CLIC","FIN_IMPL","2014/01/14 15:59:25.741","ALPHANUMERIC","","AT VAT Product Level 2","Y","2014/01/14 15:59:26.816","EFF145707D0B29E9E0436204548C9304","FIN_IMPL","","","N","USER_DEFINED","N","","","N","Y","N","N","","",""
"PRODUCT_FISCAL_CLASS","AT VAT RECOVERY CLIC","FIN_IMPL","2014/01/14 15:59:25.749","ALPHANUMERIC","","AT VAT Recovery","Y","2014/01/14 15:59:26.82","EFF145707D0B29E9E0436204548C9304","FIN_IMPL","","","N","USER_DEFINED","N","","","N","Y","N","N","","",""
"PRODUCT_FISCAL_CLASS","AT2010 CLIC","FIN_IMPL","2014/01/14 15:59:25.757","ALPHANUMERIC","","VAT Package 2010 Services","Y","2014/01/14 15:59:26.824","EFF145707D0B29E9E0436204548C9304","FIN_IMPL","","","N","USER_DEFINED","N","","","N","Y","N","N","","",""
"PRODUCT_FISCAL_CLASS","AT2010 SERVICE TYPES CLIC","FIN_IMPL","2014/01/14 15:59:25.767","ALPHANUMERIC","","AT 2010 Service Types","Y","2014/01/14 15:59:26.833","EFF145707D0B29E9E0436204548C9304","FIN_IMPL","","","N","USER_DEFINED","N","","","N","Y","N","N","","",""
"PRODUCT_FISCAL_CLASS","AT2010 SUB-SERVICE TYPES CLIC","FIN_IMPL","2014/01/14 15:59:25.775","ALPHANUMERIC","","AT 2010 Specific Service Types","Y","2014/01/14 15:59:26.838","EFF145707D0B29E9E0436204548C9304","FIN_IMPL","","","N","USER_DEFINED","N","","","N","Y","N","N","","",""
"PRODUCT_FISCAL_CLASS","BE VAT PRODUCT LEVEL 1 CLIC","FIN_IMPL","2014/01/14 15:59:25.784","ALPHANUMERIC","","BE VAT Product Level 1","Y","2014/01/14 15:59:26.842","EFF145707D0B29E9E0436204548C9304","FIN_IMPL","","","N","USER_DEFINED","N","","","N","Y","N","N","","",""
"PRODUCT_FISCAL_CLASS","BE VAT PRODUCT LEVEL 2 CLIC","FIN_IMPL","2014/01/14 15:59:25.793","ALPHANUMERIC","","BE VAT Product Level 2","Y","2014/01/14 15:59:26.846","EFF145707D0B29E9E0436204548C9304","FIN_IMPL","","","N","USER_DEFINED","N","","","N","Y","N","N","","",""
"PRODUCT_FISCAL_CLASS","BE VAT RECOVERY CLIC","FIN_IMPL","2014/01/14 15:59:25.802","ALPHANUMERIC","","BE VAT Recovery","Y","2014/01/14 15:59:26.85","EFF145707D0B29E9E0436204548C9304","FIN_IMPL","","","N","USER_DEFINED","N","","","N","Y","N","N","","",""
"PRODUCT_FISCAL_CLASS","BE2010 CLIC","FIN_IMPL","2014/01/14 15:59:25.81","ALPHANUMERIC","","VAT Package 2010 Services","Y","2014/01/14 15:59:26.855","EFF145707D0B29E9E0436204548C9304","FIN_IMPL","","","N","USER_DEFINED","N","","","N","Y","N","N","","",""
"PRODUCT_FISCAL_CLASS","BE2010 SERVICE TYPES CLIC","FIN_IMPL","2014/01/14 15:59:25.818","ALPHANUMERIC","","BE 2010 Service Types","Y","2014/01/14 15:59:26.861","EFF145707D0B29E9E0436204548C9304","FIN_IMPL","","","N","USER_DEFINED","N","","","N","Y","N","N","","",""
"PRODUCT_FISCAL_CLASS","BE2010 SUB-SERVICE TYPES CLIC","FIN_IMPL","2014/01/14 15:59:25.828","ALPHANUMERIC","","BE 2010 Specific Service Types","Y","2014/01/14 15:59:26.866","EFF145707D0B29E9E0436204548C9304","FIN_IMPL","","","N","USER_DEFINED","N","","","N","Y","N","N","","",""
"PRODUCT_FISCAL_CLASS","CZ VAT PRODUCT LEVEL 1 CLIC","FIN_IMPL","2014/01/14 15:59:25.837","ALPHANUMERIC","","CZ VAT Product Level 1","Y","2014/01/14 15:59:26.87","EFF145707D0B29E9E0436204548C9304","FIN_IMPL","","","N","USER_DEFINED","N","","","N","Y","N","N","","",""
"PRODUCT_FISCAL_CLASS","CZ VAT PRODUCT LEVEL 2 CLIC","FIN_IMPL","2014/01/14 15:59:25.845","ALPHANUMERIC","","CZ VAT Product Level 2","Y","2014/01/14 15:59:26.874","EFF145707D0B29E9E0436204548C9304","FIN_IMPL","","","N","USER_DEFINED","N","","","N","Y","N","N","","",""
"PRODUCT_FISCAL_CLASS","CZ VAT RECOVERY CLIC","FIN_IMPL","2014/01/14 15:59:25.855","ALPHANUMERIC","","CZ VAT Recovery","Y","2014/01/14 15:59:26.878","EFF145707D0B29E9E0436204548C9304","FIN_IMPL","","","N","USER_DEFINED","N","","","N","Y","N","N","","",""
"PRODUCT_FISCAL_CLASS","CZ2010 CLIC","FIN_IMPL","2014/01/14 15:59:25.864","ALPHANUMERIC","","VAT Package 2010 Services","Y","2014/01/14 15:59:26.884","EFF145707D0B29E9E0436204548C9304","FIN_IMPL","","","N","USER_DEFINED","N","","","N","Y","N","N","","",""
"PRODUCT_FISCAL_CLASS","CZ2010 SERVICE TYPES CLIC","FIN_IMPL","2014/01/14 15:59:25.897","ALPHANUMERIC","","CZ 2010 Service Types","Y","2014/01/14 15:59:26.889","EFF145707D0B29E9E0436204548C9304","FIN_IMPL","","","N","USER_DEFINED","N","","","N","Y","N","N","","",""
"PRODUCT_FISCAL_CLASS","CZ2010 SUB-SERVICE TYPES CLIC","FIN_IMPL","2014/01/14 15:59:25.909","ALPHANUMERIC","","CZ 2010 Specific Service Types","Y","2014/01/14 15:59:26.893","EFF145707D0B29E9E0436204548C9304","FIN_IMPL","","","N","USER_DEFINED","N","","","N","Y","N","N","","",""
"PRODUCT_FISCAL_CLASS","DE VAT PRODUCT LEVEL 1 CLIC","FIN_IMPL","2014/01/14 15:59:25.916","ALPHANUMERIC","","DE VAT Product Level 1","Y","2014/01/14 15:59:26.897","EFF145707D0B29E9E0436204548C9304","FIN_IMPL","","","N","USER_DEFINED","N","","","N","Y","N","N","","",""
"PRODUCT_FISCAL_CLASS","DE VAT PRODUCT LEVEL 2 CLIC","FIN_IMPL","2014/01/14 15:59:25.924","ALPHANUMERIC","","DE VAT Product Level 2","Y","2014/01/14 15:59:26.901","EFF145707D0B29E9E0436204548C9304","FIN_IMPL","","","N","USER_DEFINED","N","","","N","Y","N","N","","",""
"PRODUCT_FISCAL_CLASS","DE VAT RECOVERY CLIC","FIN_IMPL","2014/01/14 15:59:25.93","ALPHANUMERIC","","DE VAT Recovery","Y","2014/01/14 15:59:26.905","EFF145707D0B29E9E0436204548C9304","FIN_IMPL","","","N","USER_DEFINED","N","","","N","Y","N","N","","",""
"PRODUCT_FISCAL_CLASS","DE2010 CLIC","FIN_IMPL","2014/01/14 15:59:25.937","ALPHANUMERIC","","VAT Package 2010 Services","Y","2014/01/14 15:59:26.909","EFF145707D0B29E9E0436204548C9304","FIN_IMPL","","","N","USER_DEFINED","N","","","N","Y","N","N","","",""
"PRODUCT_FISCAL_CLASS","DE2010 SERVICE TYPES CLIC","FIN_IMPL","2014/01/14 15:59:25.945","ALPHANUMERIC","","DE 2010 Service Types","Y","2014/01/14 15:59:26.913","EFF145707D0B29E9E0436204548C9304","FIN_IMPL","","","N","USER_DEFINED","N","","","N","Y","N","N","","",""
"PRODUCT_FISCAL_CLASS","DE2010 SUB-SERVICE TYPES CLIC","FIN_IMPL","2014/01/14 15:59:25.953","ALPHANUMERIC","","DE 2010 Specific Service Types","Y","2014/01/14 15:59:26.917","EFF145707D0B29E9E0436204548C9304","FIN_IMPL","","","N","USER_DEFINED","N","","","N","Y","N","N","","",""
"PRODUCT_FISCAL_CLASS","DK VAT PRODUCT LEVEL 1 CLIC","FIN_IMPL","2014/01/14 15:59:25.96","ALPHANUMERIC","","DK VAT Product Level 1","Y","2014/01/14 15:59:26.921","EFF145707D0B29E9E0436204548C9304","FIN_IMPL","","","N","USER_DEFINED","N","","","N","Y","N","N","","",""
"PRODUCT_FISCAL_CLASS","DK VAT PRODUCT LEVEL 2 CLIC","FIN_IMPL","2014/01/14 15:59:25.968","ALPHANUMERIC","","DK VAT Product Level 2","Y","2014/01/14 15:59:26.925","EFF145707D0B29E9E0436204548C9304","FIN_IMPL","","","N","USER_DEFINED","N","","","N","Y","N","N","","",""
"PRODUCT_FISCAL_CLASS","DK VAT RECOVERY CLIC","FIN_IMPL","2014/01/14 15:59:25.976","ALPHANUMERIC","","DK VAT Recovery","Y","2014/01/14 15:59:26.93","EFF145707D0B29E9E0436204548C9304","FIN_IMPL","","","N","USER_DEFINED","N","","","N","Y","N","N","","",""
"PRODUCT_FISCAL_CLASS","DK2010 CLIC","FIN_IMPL","2014/01/14 15:59:25.982","ALPHANUMERIC","","VAT Package 2010 Services","Y","2014/01/14 15:59:26.935","EFF145707D0B29E9E0436204548C9304","FIN_IMPL","","","N","USER_DEFINED","N","","","N","Y","N","N","","",""
"PRODUCT_FISCAL_CLASS","DK2010 SERVICE TYPES CLIC","FIN_IMPL","2014/01/14 15:59:25.989","ALPHANUMERIC","","DK 2010 Service Types","Y","2014/01/14 15:59:26.939","EFF145707D0B29E9E0436204548C9304","FIN_IMPL","","","N","USER_DEFINED","N","","","N","Y","N","N","","",""
"PRODUCT_FISCAL_CLASS","DK2010 SUB-SERVICE TYPES CLIC","FIN_IMPL","2014/01/14 15:59:25.999","ALPHANUMERIC","","DK 2010 Specific Service Types","Y","2014/01/14 15:59:26.945","EFF145707D0B29E9E0436204548C9304","FIN_IMPL","","","N","USER_DEFINED","N","","","N","Y","N","N","","",""
"PRODUCT_FISCAL_CLASS","ES VAT PRODUCT LEVEL 1 CLIC","FIN_IMPL","2014/01/14 15:59:26.009","ALPHANUMERIC","","ES VAT Product Level 1","Y","2014/01/14 15:59:26.951","EFF145707D0B29E9E0436204548C9304","FIN_IMPL","","","N","USER_DEFINED","N","","","N","Y","N","N","","",""
"PRODUCT_FISCAL_CLASS","ES VAT PRODUCT LEVEL 2 CLIC","FIN_IMPL","2014/01/14 15:59:26.02","ALPHANUMERIC","","ES VAT Product Level 2","Y","2014/01/14 15:59:26.956","EFF145707D0B29E9E0436204548C9304","FIN_IMPL","","","N","USER_DEFINED","N","","","N","Y","N","N","","",""
"PRODUCT_FISCAL_CLASS","ES VAT RECOVERY CLIC","FIN_IMPL","2014/01/14 15:59:26.028","ALPHANUMERIC","","ES VAT Recovery","Y","2014/01/14 15:59:26.961","EFF145707D0B29E9E0436204548C9304","FIN_IMPL","","","N","USER_DEFINED","N","","","N","Y","N","N","","",""
"PRODUCT_FISCAL_CLASS","ES2010 CLIC","FIN_IMPL","2014/01/14 15:59:26.036","ALPHANUMERIC","","VAT Package 2010 Services","Y","2014/01/14 15:59:26.966","EFF145707D0B29E9E0436204548C9304","FIN_IMPL","","","N","USER_DEFINED","N","","","N","Y","N","N","","",""
"PRODUCT_FISCAL_CLASS","ES2010 SERVICE TYPES CLIC","FIN_IMPL","2014/01/14 15:59:26.042","ALPHANUMERIC","","ES 2010 Service Types","Y","2014/01/14 15:59:26.97","EFF145707D0B29E9E0436204548C9304","FIN_IMPL","","","N","USER_DEFINED","N","","","N","Y","N","N","","",""
"PRODUCT_FISCAL_CLASS","ES2010 SUB-SERVICE TYPES CLIC","FIN_IMPL","2014/01/14 15:59:26.05","ALPHANUMERIC","","ES 2010 Specific Service Types","Y","2014/01/14 15:59:26.975","EFF145707D0B29E9E0436204548C9304","FIN_IMPL","","","N","USER_DEFINED","N","","","N","Y","N","N","","",""
"PRODUCT_FISCAL_CLASS","FI VAT PRODUCT LEVEL 1 CLIC","FIN_IMPL","2014/01/14 15:59:26.058","ALPHANUMERIC","","FI VAT Product Level 1","Y","2014/01/14 15:59:26.979","EFF145707D0B29E9E0436204548C9304","FIN_IMPL","","","N","USER_DEFINED","N","","","N","Y","N","N","","",""
"PRODUCT_FISCAL_CLASS","FI VAT PRODUCT LEVEL 2 CLIC","FIN_IMPL","2014/01/14 15:59:26.066","ALPHANUMERIC","","FI VAT Product Level 2","Y","2014/01/14 15:59:26.983","EFF145707D0B29E9E0436204548C9304","FIN_IMPL","","","N","USER_DEFINED","N","","","N","Y","N","N","","",""
"PRODUCT_FISCAL_CLASS","FI VAT RECOVERY CLIC","FIN_IMPL","2014/01/14 15:59:26.075","ALPHANUMERIC","","FI VAT Recovery","Y","2014/01/14 15:59:26.986","EFF145707D0B29E9E0436204548C9304","FIN_IMPL","","","N","USER_DEFINED","N","","","N","Y","N","N","","",""
"PRODUCT_FISCAL_CLASS","FI2010 CLIC","FIN_IMPL","2014/01/14 15:59:26.083","ALPHANUMERIC","","VAT Package 2010 Services","Y","2014/01/14 15:59:26.99","EFF145707D0B29E9E0436204548C9304","FIN_IMPL","","","N","USER_DEFINED","N","","","N","Y","N","N","","",""
"PRODUCT_FISCAL_CLASS","FI2010 SERVICE TYPES CLIC","FIN_IMPL","2014/01/14 15:59:26.091","ALPHANUMERIC","","FI 2010 Service Types","Y","2014/01/14 15:59:26.995","EFF145707D0B29E9E0436204548C9304","FIN_IMPL","","","N","USER_DEFINED","N","","","N","Y","N","N","","",""
"PRODUCT_FISCAL_CLASS","FI2010 SUB-SERVICE TYPES CLIC","FIN_IMPL","2014/01/14 15:59:26.098","ALPHANUMERIC","","FI 2010 Specific Service Types","Y","2014/01/14 15:59:26.999","EFF145707D0B29E9E0436204548C9304","FIN_IMPL","","","N","USER_DEFINED","N","","","N","Y","N","N","","",""
"PRODUCT_FISCAL_CLASS","FR VAT PRODUCT LEVEL 1 CLIC","FIN_IMPL","2014/01/14 15:59:26.106","ALPHANUMERIC","","FR VAT Product Level 1","Y","2014/01/14 15:59:27.005","EFF145707D0B29E9E0436204548C9304","FIN_IMPL","","","N","USER_DEFINED","N","","","N","Y","N","N","","",""
"PRODUCT_FISCAL_CLASS","FR VAT PRODUCT LEVEL 2 CLIC","FIN_IMPL","2014/01/14 15:59:26.113","ALPHANUMERIC","","FR VAT Product Level 2","Y","2014/01/14 15:59:27.008","EFF145707D0B29E9E0436204548C9304","FIN_IMPL","","","N","USER_DEFINED","N","","","N","Y","N","N","","",""
"PRODUCT_FISCAL_CLASS","FR VAT RECOVERY CLIC","FIN_IMPL","2014/01/14 15:59:26.12","ALPHANUMERIC","","FR VAT Recovery","Y","2014/01/14 15:59:27.011","EFF145707D0B29E9E0436204548C9304","FIN_IMPL","","","N","USER_DEFINED","N","","","N","Y","N","N","","",""
"PRODUCT_FISCAL_CLASS","FR2010 CLIC","FIN_IMPL","2014/01/14 15:59:26.127","ALPHANUMERIC","","VAT Package 2010 Services","Y","2014/01/14 15:59:27.015","EFF145707D0B29E9E0436204548C9304","FIN_IMPL","","","N","USER_DEFINED","N","","","N","Y","N","N","","",""
"PRODUCT_FISCAL_CLASS","FR2010 SERVICE TYPES CLIC","FIN_IMPL","2014/01/14 15:59:26.135","ALPHANUMERIC","","FR 2010 Service Types","Y","2014/01/14 15:59:27.018","EFF145707D0B29E9E0436204548C9304","FIN_IMPL","","","N","USER_DEFINED","N","","","N","Y","N","N","","",""
"PRODUCT_FISCAL_CLASS","FR2010 SUB-SERVICE TYPES CLIC","FIN_IMPL","2014/01/14 15:59:26.143","ALPHANUMERIC","","FR 2010 Specific Service Types","Y","2014/01/14 15:59:27.023","EFF145707D0B29E9E0436204548C9304","FIN_IMPL","","","N","USER_DEFINED","N","","","N","Y","N","N","","",""
"PRODUCT_FISCAL_CLASS","GB VAT PRODUCT LEVEL 1 CLIC","FIN_IMPL","2014/01/14 15:59:26.151","ALPHANUMERIC","","GB VAT Product Level 1","Y","2014/01/14 15:59:27.027","EFF145707D0B29E9E0436204548C9304","FIN_IMPL","","","N","USER_DEFINED","N","","","N","Y","N","N","","",""
"PRODUCT_FISCAL_CLASS","GB VAT PRODUCT LEVEL 2 CLIC","FIN_IMPL","2014/01/14 15:59:26.159","ALPHANUMERIC","","GB VAT Product Level 2","Y","2014/01/14 15:59:27.03","EFF145707D0B29E9E0436204548C9304","FIN_IMPL","","","N","USER_DEFINED","N","","","N","Y","N","N","","",""
"PRODUCT_FISCAL_CLASS","GB VAT RECOVERY CLIC","FIN_IMPL","2014/01/14 15:59:26.169","ALPHANUMERIC","","GB VAT Recovery","Y","2014/01/14 15:59:27.034","EFF145707D0B29E9E0436204548C9304","FIN_IMPL","","","N","USER_DEFINED","N","","","N","Y","N","N","","",""
"PRODUCT_FISCAL_CLASS","GB2010 CLIC","FIN_IMPL","2014/01/14 15:59:26.182","ALPHANUMERIC","","VAT Package 2010 Services","Y","2014/01/14 15:59:27.037","EFF145707D0B29E9E0436204548C9304","FIN_IMPL","","","N","USER_DEFINED","N","","","N","Y","N","N","","",""
"PRODUCT_FISCAL_CLASS","GB2010 SERVICE TYPES CLIC","FIN_IMPL","2014/01/14 15:59:26.193","ALPHANUMERIC","","GB 2010 Service Types","Y","2014/01/14 15:59:27.04","EFF145707D0B29E9E0436204548C9304","FIN_IMPL","","","N","USER_DEFINED","N","","","N","Y","N","N","","",""
"PRODUCT_FISCAL_CLASS","GB2010 SUB-SERVICE TYPES CLIC","FIN_IMPL","2014/01/14 15:59:26.2","ALPHANUMERIC","","GB 2010 Specific Service Types","Y","2014/01/14 15:59:27.044","EFF145707D0B29E9E0436204548C9304","FIN_IMPL","","","N","USER_DEFINED","N","","","N","Y","N","N","","",""
"PRODUCT_FISCAL_CLASS","GBMTIC CLIC","FIN_IMPL","2014/01/14 15:59:26.207","ALPHANUMERIC","","Missing Trader (MTIC) Goods","Y","2014/01/14 15:59:27.047","EFF145707D0B29E9E0436204548C9304","FIN_IMPL","","","N","USER_DEFINED","N","","","N","Y","N","N","","",""
"PRODUCT_FISCAL_CLASS","HU VAT PRODUCT LEVEL 1 CLIC","FIN_IMPL","2014/01/14 15:59:26.215","ALPHANUMERIC","","HU VAT Product Level 1","Y","2014/01/14 15:59:27.05","EFF145707D0B29E9E0436204548C9304","FIN_IMPL","","","N","USER_DEFINED","N","","","N","Y","N","N","","",""
"PRODUCT_FISCAL_CLASS","HU VAT PRODUCT LEVEL 2 CLIC","FIN_IMPL","2014/01/14 15:59:26.224","ALPHANUMERIC","","HU VAT Product Level 2","Y","2014/01/14 15:59:27.053","EFF145707D0B29E9E0436204548C9304","FIN_IMPL","","","N","USER_DEFINED","N","","","N","Y","N","N","","",""
"PRODUCT_FISCAL_CLASS","HU VAT RECOVERY CLIC","FIN_IMPL","2014/01/14 15:59:26.234","ALPHANUMERIC","","HU VAT Recovery","Y","2014/01/14 15:59:27.056","EFF145707D0B29E9E0436204548C9304","FIN_IMPL","","","N","USER_DEFINED","N","","","N","Y","N","N","","",""
"PRODUCT_FISCAL_CLASS","HU2010 CLIC","FIN_IMPL","2014/01/14 15:59:26.243","ALPHANUMERIC","","VAT Package 2010 Services","Y","2014/01/14 15:59:27.059","EFF145707D0B29E9E0436204548C9304","FIN_IMPL","","","N","USER_DEFINED","N","","","N","Y","N","N","","",""
"PRODUCT_FISCAL_CLASS","HU2010 SERVICE TYPES CLIC","FIN_IMPL","2014/01/14 15:59:26.251","ALPHANUMERIC","","HU 2010 Service Types","Y","2014/01/14 15:59:27.062","EFF145707D0B29E9E0436204548C9304","FIN_IMPL","","","N","USER_DEFINED","N","","","N","Y","N","N","","",""
"PRODUCT_FISCAL_CLASS","HU2010 SUB-SERVICE TYPES CLIC","FIN_IMPL","2014/01/14 15:59:26.258","ALPHANUMERIC","","HU 2010 Specific Service Types","Y","2014/01/14 15:59:27.065","EFF145707D0B29E9E0436204548C9304","FIN_IMPL","","","N","USER_DEFINED","N","","","N","Y","N","N","","",""
"PRODUCT_FISCAL_CLASS","IE VAT PRODUCT LEVEL 1 CLIC","FIN_IMPL","2014/01/14 15:59:26.268","ALPHANUMERIC","","IE VAT Product Level 1","Y","2014/01/14 15:59:27.068","EFF145707D0B29E9E0436204548C9304","FIN_IMPL","","","N","USER_DEFINED","N","","","N","Y","N","N","","",""
"PRODUCT_FISCAL_CLASS","IE VAT PRODUCT LEVEL 2 CLIC","FIN_IMPL","2014/01/14 15:59:26.276","ALPHANUMERIC","","IE VAT Product Level 2","Y","2014/01/14 15:59:27.071","EFF145707D0B29E9E0436204548C9304","FIN_IMPL","","","N","USER_DEFINED","N","","","N","Y","N","N","","",""
"PRODUCT_FISCAL_CLASS","IE VAT RECOVERY CLIC","FIN_IMPL","2014/01/14 15:59:26.285","ALPHANUMERIC","","IE VAT Recovery","Y","2014/01/14 15:59:27.074","EFF145707D0B29E9E0436204548C9304","FIN_IMPL","","","N","USER_DEFINED","N","","","N","Y","N","N","","",""
"PRODUCT_FISCAL_CLASS","IE2010 CLIC","FIN_IMPL","2014/01/14 15:59:26.293","ALPHANUMERIC","","VAT Package 2010 Services","Y","2014/01/14 15:59:27.077","EFF145707D0B29E9E0436204548C9304","FIN_IMPL","","","N","USER_DEFINED","N","","","N","Y","N","N","","",""
"PRODUCT_FISCAL_CLASS","IE2010 SERVICE TYPES CLIC","FIN_IMPL","2014/01/14 15:59:26.303","ALPHANUMERIC","","IE 2010 Service Types","Y","2014/01/14 15:59:27.08","EFF145707D0B29E9E0436204548C9304","FIN_IMPL","","","N","USER_DEFINED","N","","","N","Y","N","N","","",""
"PRODUCT_FISCAL_CLASS","IE2010 SUB-SERVICE TYPES CLIC","FIN_IMPL","2014/01/14 15:59:26.313","ALPHANUMERIC","","IE 2010 Specific Service Types","Y","2014/01/14 15:59:27.083","EFF145707D0B29E9E0436204548C9304","FIN_IMPL","","","N","USER_DEFINED","N","","","N","Y","N","N","","",""
"PRODUCT_FISCAL_CLASS","IT VAT PRODUCT LEVEL 1 CLIC","FIN_IMPL","2014/01/14 15:59:26.322","ALPHANUMERIC","","IT VAT Product Level 1","Y","2014/01/14 15:59:27.09","EFF145707D0B29E9E0436204548C9304","FIN_IMPL","","","N","USER_DEFINED","N","","","N","Y","N","N","","",""
"PRODUCT_FISCAL_CLASS","IT VAT PRODUCT LEVEL 2 CLIC","FIN_IMPL","2014/01/14 15:59:26.333","ALPHANUMERIC","","IT VAT Product Level 2","Y","2014/01/14 15:59:27.095","EFF145707D0B29E9E0436204548C9304","FIN_IMPL","","","N","USER_DEFINED","N","","","N","Y","N","N","","",""
"PRODUCT_FISCAL_CLASS","IT VAT RECOVERY CLIC","FIN_IMPL","2014/01/14 15:59:26.342","ALPHANUMERIC","","IT VAT Recovery","Y","2014/01/14 15:59:27.099","EFF145707D0B29E9E0436204548C9304","FIN_IMPL","","","N","USER_DEFINED","N","","","N","Y","N","N","","",""
"PRODUCT_FISCAL_CLASS","IT2010 CLIC","FIN_IMPL","2014/01/14 15:59:26.351","ALPHANUMERIC","","VAT Package 2010 Services","Y","2014/01/14 15:59:27.103","EFF145707D0B29E9E0436204548C9304","FIN_IMPL","","","N","USER_DEFINED","N","","","N","Y","N","N","","",""
"PRODUCT_FISCAL_CLASS","IT2010 SERVICE TYPES CLIC","FIN_IMPL","2014/01/14 15:59:26.36","ALPHANUMERIC","","IT 2010 Service Types","Y","2014/01/14 15:59:27.106","EFF145707D0B29E9E0436204548C9304","FIN_IMPL","","","N","USER_DEFINED","N","","","N","Y","N","N","","",""
"PRODUCT_FISCAL_CLASS","IT2010 SUB-SERVICE TYPES CLIC","FIN_IMPL","2014/01/14 15:59:26.369","ALPHANUMERIC","","IT 2010 Specific Service Types","Y","2014/01/14 15:59:27.11","EFF145707D0B29E9E0436204548C9304","FIN_IMPL","","","N","USER_DEFINED","N","","","N","Y","N","N","","",""
"PRODUCT_FISCAL_CLASS","LU VAT PRODUCT LEVEL 1 CLIC","FIN_IMPL","2014/01/14 15:59:26.377","ALPHANUMERIC","","LU VAT Product Level 1","Y","2014/01/14 15:59:27.112","EFF145707D0B29E9E0436204548C9304","FIN_IMPL","","","N","USER_DEFINED","N","","","N","Y","N","N","","",""
"PRODUCT_FISCAL_CLASS","LU VAT PRODUCT LEVEL 2 CLIC","FIN_IMPL","2014/01/14 15:59:26.385","ALPHANUMERIC","","LU VAT Product Level 2","Y","2014/01/14 15:59:27.115","EFF145707D0B29E9E0436204548C9304","FIN_IMPL","","","N","USER_DEFINED","N","","","N","Y","N","N","","",""
"PRODUCT_FISCAL_CLASS","LU VAT RECOVERY CLIC","FIN_IMPL","2014/01/14 15:59:26.393","ALPHANUMERIC","","LU VAT Recovery","Y","2014/01/14 15:59:27.118","EFF145707D0B29E9E0436204548C9304","FIN_IMPL","","","N","USER_DEFINED","N","","","N","Y","N","N","","",""
"PRODUCT_FISCAL_CLASS","LU2010 CLIC","FIN_IMPL","2014/01/14 15:59:26.403","ALPHANUMERIC","","VAT Package 2010 Services","Y","2014/01/14 15:59:27.123","EFF145707D0B29E9E0436204548C9304","FIN_IMPL","","","N","USER_DEFINED","N","","","N","Y","N","N","","",""
"PRODUCT_FISCAL_CLASS","LU2010 SERVICE TYPES CLIC","FIN_IMPL","2014/01/14 15:59:26.411","ALPHANUMERIC","","LU 2010 Service Types","Y","2014/01/14 15:59:27.127","EFF145707D0B29E9E0436204548C9304","FIN_IMPL","","","N","USER_DEFINED","N","","","N","Y","N","N","","",""
"PRODUCT_FISCAL_CLASS","LU2010 SUB-SERVICE TYPES CLIC","FIN_IMPL","2014/01/14 15:59:26.42","ALPHANUMERIC","","LU 2010 Specific Service Types","Y","2014/01/14 15:59:27.132","EFF145707D0B29E9E0436204548C9304","FIN_IMPL","","","N","USER_DEFINED","N","","","N","Y","N","N","","",""
"PRODUCT_FISCAL_CLASS","NL VAT PRODUCT LEVEL 1 CLIC","FIN_IMPL","2014/01/14 15:59:26.431","ALPHANUMERIC","","NL VAT Product Level 1","Y","2014/01/14 15:59:27.135","EFF145707D0B29E9E0436204548C9304","FIN_IMPL","","","N","USER_DEFINED","N","","","N","Y","N","N","","",""
"PRODUCT_FISCAL_CLASS","NL VAT PRODUCT LEVEL 2 CLIC","FIN_IMPL","2014/01/14 15:59:26.443","ALPHANUMERIC","","NL VAT Product Level 2","Y","2014/01/14 15:59:27.139","EFF145707D0B29E9E0436204548C9304","FIN_IMPL","","","N","USER_DEFINED","N","","","N","Y","N","N","","",""
"PRODUCT_FISCAL_CLASS","NL VAT RECOVERY CLIC","FIN_IMPL","2014/01/14 15:59:26.456","ALPHANUMERIC","","NL VAT Recovery","Y","2014/01/14 15:59:27.141","EFF145707D0B29E9E0436204548C9304","FIN_IMPL","","","N","USER_DEFINED","N","","","N","Y","N","N","","",""
"PRODUCT_FISCAL_CLASS","NL2010 CLIC","FIN_IMPL","2014/01/14 15:59:26.468","ALPHANUMERIC","","VAT Package 2010 Services","Y","2014/01/14 15:59:27.144","EFF145707D0B29E9E0436204548C9304","FIN_IMPL","","","N","USER_DEFINED","N","","","N","Y","N","N","","",""
"PRODUCT_FISCAL_CLASS","NL2010 SERVICE TYPES CLIC","FIN_IMPL","2014/01/14 15:59:26.482","ALPHANUMERIC","","NL 2010 Service Types","Y","2014/01/14 15:59:27.146","EFF145707D0B29E9E0436204548C9304","FIN_IMPL","","","N","USER_DEFINED","N","","","N","Y","N","N","","",""
"PRODUCT_FISCAL_CLASS","NL2010 SUB-SERVICE TYPES CLIC","FIN_IMPL","2014/01/14 15:59:26.492","ALPHANUMERIC","","NL 2010 Specific Service Types","Y","2014/01/14 15:59:27.149","EFF145707D0B29E9E0436204548C9304","FIN_IMPL","","","N","USER_DEFINED","N","","","N","Y","N","N","","",""
"PRODUCT_FISCAL_CLASS","PL VAT PRODUCT LEVEL 1 CLIC","FIN_IMPL","2014/01/14 15:59:26.5","ALPHANUMERIC","","PL VAT Product Level 1","Y","2014/01/14 15:59:27.151","EFF145707D0B29E9E0436204548C9304","FIN_IMPL","","","N","USER_DEFINED","N","","","N","Y","N","N","","",""
"PRODUCT_FISCAL_CLASS","PL VAT PRODUCT LEVEL 2 CLIC","FIN_IMPL","2014/01/14 15:59:26.51","ALPHANUMERIC","","PL VAT Product Level 2","Y","2014/01/14 15:59:27.154","EFF145707D0B29E9E0436204548C9304","FIN_IMPL","","","N","USER_DEFINED","N","","","N","Y","N","N","","",""
"PRODUCT_FISCAL_CLASS","PL VAT RECOVERY CLIC","FIN_IMPL","2014/01/14 15:59:26.521","ALPHANUMERIC","","PL VAT Recovery","Y","2014/01/14 15:59:27.157","EFF145707D0B29E9E0436204548C9304","FIN_IMPL","","","N","USER_DEFINED","N","","","N","Y","N","N","","",""
"PRODUCT_FISCAL_CLASS","PL2010 CLIC","FIN_IMPL","2014/01/14 15:59:26.533","ALPHANUMERIC","","VAT Package 2010 Services","Y","2014/01/14 15:59:27.159","EFF145707D0B29E9E0436204548C9304","FIN_IMPL","","","N","USER_DEFINED","N","","","N","Y","N","N","","",""
"PRODUCT_FISCAL_CLASS","PL2010 SERVICE TYPES CLIC","FIN_IMPL","2014/01/14 15:59:26.542","ALPHANUMERIC","","PL 2010 Service Types","Y","2014/01/14 15:59:27.162","EFF145707D0B29E9E0436204548C9304","FIN_IMPL","","","N","USER_DEFINED","N","","","N","Y","N","N","","",""
"PRODUCT_FISCAL_CLASS","PL2010 SUB-SERVICE TYPES CLIC","FIN_IMPL","2014/01/14 15:59:26.551","ALPHANUMERIC","","PL 2010 Specific Service Types","Y","2014/01/14 15:59:27.164","EFF145707D0B29E9E0436204548C9304","FIN_IMPL","","","N","USER_DEFINED","N","","","N","Y","N","N","","",""
"PRODUCT_FISCAL_CLASS","PT VAT PRODUCT LEVEL 1 CLIC","FIN_IMPL","2014/01/14 15:59:26.563","ALPHANUMERIC","","PT VAT Product Level 1","Y","2014/01/14 15:59:27.167","EFF145707D0B29E9E0436204548C9304","FIN_IMPL","","","N","USER_DEFINED","N","","","N","Y","N","N","","",""
"PRODUCT_FISCAL_CLASS","PT VAT PRODUCT LEVEL 2 CLIC","FIN_IMPL","2014/01/14 15:59:26.575","ALPHANUMERIC","","PT VAT Product Level 2","Y","2014/01/14 15:59:27.169","EFF145707D0B29E9E0436204548C9304","FIN_IMPL","","","N","USER_DEFINED","N","","","N","Y","N","N","","",""
"PRODUCT_FISCAL_CLASS","PT VAT RECOVERY CLIC","FIN_IMPL","2014/01/14 15:59:26.586","ALPHANUMERIC","","PT VAT Recovery","Y","2014/01/14 15:59:27.173","EFF145707D0B29E9E0436204548C9304","FIN_IMPL","","","N","USER_DEFINED","N","","","N","Y","N","N","","",""
"PRODUCT_FISCAL_CLASS","PT2010 CLIC","FIN_IMPL","2014/01/14 15:59:26.597","ALPHANUMERIC","","VAT Package 2010 Services","Y","2014/01/14 15:59:27.176","EFF145707D0B29E9E0436204548C9304","FIN_IMPL","","","N","USER_DEFINED","N","","","N","Y","N","N","","",""
"PRODUCT_FISCAL_CLASS","PT2010 SERVICE TYPES CLIC","FIN_IMPL","2014/01/14 15:59:26.612","ALPHANUMERIC","","PT 2010 Service Types","Y","2014/01/14 15:59:27.177","EFF145707D0B29E9E0436204548C9304","FIN_IMPL","","","N","USER_DEFINED","N","","","N","Y","N","N","","",""
"PRODUCT_FISCAL_CLASS","PT2010 SUB-SERVICE TYPES CLIC","FIN_IMPL","2014/01/14 15:59:26.63","ALPHANUMERIC","","PT 2010 Specific Service Types","Y","2014/01/14 15:59:27.18","EFF145707D0B29E9E0436204548C9304","FIN_IMPL","","","N","USER_DEFINED","N","","","N","Y","N","N","","",""
"PRODUCT_FISCAL_CLASS","SE VAT PRODUCT LEVEL 1 CLIC","FIN_IMPL","2014/01/14 15:59:26.645","ALPHANUMERIC","","SE VAT Product Level 1","Y","2014/01/14 15:59:27.184","EFF145707D0B29E9E0436204548C9304","FIN_IMPL","","","N","USER_DEFINED","N","","","N","Y","N","N","","",""
"PRODUCT_FISCAL_CLASS","SE VAT PRODUCT LEVEL 2 CLIC","FIN_IMPL","2014/01/14 15:59:26.657","ALPHANUMERIC","","SE VAT Product Level 2","Y","2014/01/14 15:59:27.187","EFF145707D0B29E9E0436204548C9304","FIN_IMPL","","","N","USER_DEFINED","N","","","N","Y","N","N","","",""
"PRODUCT_FISCAL_CLASS","SE VAT RECOVERY CLIC","FIN_IMPL","2014/01/14 15:59:26.672","ALPHANUMERIC","","SE VAT Recovery","Y","2014/01/14 15:59:27.19","EFF145707D0B29E9E0436204548C9304","FIN_IMPL","","","N","USER_DEFINED","N","","","N","Y","N","N","","",""
"PRODUCT_FISCAL_CLASS","SE2010 CLIC","FIN_IMPL","2014/01/14 15:59:26.684","ALPHANUMERIC","","VAT Package 2010 Services","Y","2014/01/14 15:59:27.192","EFF145707D0B29E9E0436204548C9304","FIN_IMPL","","","N","USER_DEFINED","N","","","N","Y","N","N","","",""
"PRODUCT_FISCAL_CLASS","SE2010 SERVICE TYPES CLIC","FIN_IMPL","2014/01/14 15:59:26.695","ALPHANUMERIC","","SE 2010 Service Types","Y","2014/01/14 15:59:27.193","EFF145707D0B29E9E0436204548C9304","FIN_IMPL","","","N","USER_DEFINED","N","","","N","Y","N","N","","",""
"PRODUCT_FISCAL_CLASS","SE2010 SUB-SERVICE TYPES CLIC","FIN_IMPL","2014/01/14 15:59:26.704","ALPHANUMERIC","","SE 2010 Specific Service Types","Y","2014/01/14 15:59:27.196","EFF145707D0B29E9E0436204548C9304","FIN_IMPL","","","N","USER_DEFINED","N","","","N","Y","N","N","","",""
"PRODUCT_FISCAL_CLASS","SK VAT PRODUCT LEVEL 1 CLIC","FIN_IMPL","2014/01/14 15:59:26.718","ALPHANUMERIC","","SK VAT Product Level 1","Y","2014/01/14 15:59:27.197","EFF145707D0B29E9E0436204548C9304","FIN_IMPL","","","N","USER_DEFINED","N","","","N","Y","N","N","","",""
"PRODUCT_FISCAL_CLASS","SK VAT PRODUCT LEVEL 2 CLIC","FIN_IMPL","2014/01/14 15:59:26.733","ALPHANUMERIC","","SK VAT Product Level 2","Y","2014/01/14 15:59:27.199","EFF145707D0B29E9E0436204548C9304","FIN_IMPL","","","N","USER_DEFINED","N","","","N","Y","N","N","","",""
"PRODUCT_FISCAL_CLASS","SK VAT RECOVERY CLIC","FIN_IMPL","2014/01/14 15:59:26.748","ALPHANUMERIC","","SK VAT Recovery","Y","2014/01/14 15:59:27.201","EFF145707D0B29E9E0436204548C9304","FIN_IMPL","","","N","USER_DEFINED","N","","","N","Y","N","N","","",""
"PRODUCT_FISCAL_CLASS","SK2010 CLIC","FIN_IMPL","2014/01/14 15:59:26.76","ALPHANUMERIC","","VAT Package 2010 Services","Y","2014/01/14 15:59:27.203","EFF145707D0B29E9E0436204548C9304","FIN_IMPL","","","N","USER_DEFINED","N","","","N","Y","N","N","","",""
"PRODUCT_FISCAL_CLASS","SK2010 SERVICE TYPES CLIC","FIN_IMPL","2014/01/14 15:59:26.773","ALPHANUMERIC","","SK 2010 Service Types","Y","2014/01/14 15:59:27.204","EFF145707D0B29E9E0436204548C9304","FIN_IMPL","","","N","USER_DEFINED","N","","","N","Y","N","N","","",""
"PRODUCT_FISCAL_CLASS","SK2010 SUB-SERVICE TYPES CLIC","FIN_IMPL","2014/01/14 15:59:26.787","ALPHANUMERIC","","SK 2010 Specific Service Types","Y","2014/01/14 15:59:27.206","EFF145707D0B29E9E0436204548C9304","FIN_IMPL","","","N","USER_DEFINED","N","","","N","Y","N","N","","",""
"PARTY_FISCAL_CLASS","IT VAT PARTY CLASSIFICATION","FIN_IMPL","2015/09/25 14:53:07.987","ALPHANUMERIC","","IT VAT Party Classification","Y","2015/09/25 14:53:08.083","2092B884C1FB7AE9E053790B548C09F7","FIN_IMPL","","","N","USER_DEFINED","N","","","N","Y","N","N","","Y","Y"
"USER_DEFINED_GEOGRAPHY","ECONOMIC REGIONS","FIN_IMPL","2014/09/25 12:10:13.769","NUMERIC","","ECONOMIC REGIONS","Y","2014/09/25 12:10:28.777","03E22800784159C6E0536204548CD291","FIN_IMPL","","","N","USER_DEFINED","N","","","N","Y","N","N","","Y","Y"
"PARTY_FISCAL_CLASS","ES VAT PARTY CLASSIFICATION","FIN_IMPL","2016/10/18 09:24:12.79","ALPHANUMERIC","","ES VAT PARTY CLASSIFICATION","Y","2016/10/18 09:24:12.847","3F20B23A66026810E0537AA3FD0AA88F","FIN_IMPL","","","N","USER_DEFINED","N","","","N","Y","N","N","","Y","Y"
"PARTY_FISCAL_CLASS","EXPORTS INDIA","FIN_IMPL","2019/09/05 14:18:41.476","ALPHANUMERIC","","Exports India","Y","2019/09/05 14:18:41.531","91CF9D1E87A7249AE053C390DF0A49AD","FIN_IMPL","","","N","USER_DEFINED","N","","","N","Y","N","N","","Y","Y"
"PRODUCT_FISCAL_CLASS","GST_RATE","FIN_IMPL","2019/12/04 11:08:05.304","ALPHANUMERIC","","The first two digits of the category code represent the GST rate","Y","2019/12/04 11:08:07.571","98DF663A1B0D78ABE053C390DF0A87D3","FIN_IMPL","","","N","USER_DEFINED","N","","","N","Y","N","N","","Y","Y"
"PARTY_FISCAL_CLASS","INDIA SUPPLIER TYPE","FIN_IMPL","2021/11/18 17:21:15.671","ALPHANUMERIC","","Supplier Types for India","Y","2021/11/18 17:21:15.847","D040705DC4866480E0530264FD0A9889","FIN_IMPL","","","N","USER_DEFINED","N","","","N","Y","N","N","","Y","Y"
"PARTY_FISCAL_CLASS","INDIA REDUCED TDS","FIN_IMPL","2021/11/22 14:06:54.169","ALPHANUMERIC","","INDIA REDUCED TDS","Y","2021/11/22 14:06:54.329","D132DCD93CB32368E0530364FD0A9696","FIN_IMPL","","","N","USER_DEFINED","N","","","N","Y","N","N","","Y","Y"
