"TaxRegimeCode","Tax","TaxRuleCode","ServiceTypeCode","RecoveryTypeCode","Priority","EffectiveFrom","ContentOwnerPartyTypeCode","ContentOwnerPartyNumber","BuName","LegalEntityIdentifier","DetFactorTemplCode","SystemDefaultFlag","EffectiveTo","EnabledFlag","RecordTypeCode","TaxEventClassCode","CreatedBy","CreationDate","LastUpdatedBy","LastUpdateDate","LastUpdateLogin","TaxRuleName","TaxRuleDesc","DeterminingFactorCqCode","GeographyType","TaxLawRefCode","TaxLawRefDesc","LastUpdateModeFlag","NeverBeenEnabledFlag","ProgramAppName","ProgramName","PartyName","ApplicationShortName","GeographyName","GeographyType1","GeographyUse","GeographyCode","EntityCode","EventClassCode","CountryCode","EnterpriseId","TaxStatusCode","RegimeTypeFlag","ReportingTypeCode","PeriodicityCode","IndirectTaxOrWhtFlag"
"WHT-University US Busine-62136","1099 WHT UNIV","1099 WHT UNIV","DET_DIRECT_RATE_STCC","","1","2014/01/01","OU","","University US Business Unit","","WHTSTCC","N","","Y","USER_DEFINED","","FIN_IMPL","2015/05/13 19:13:32.883038","FIN_IMPL","2015/05/13 19:13:32.883038","0","1099 Wht Univ","","","","","","","","","","","","","","","","","","","1","","W","","",""
"WHT-Progress US Business-88561","1099-PRG","1099-PRG-10-PCT","DET_DIRECT_RATE_STCC","","1","1951/01/01","OU","","Progress US Business Unit","","WHTSTCC","N","","Y","USER_DEFINED","","FIN_IMPL","2018/03/01 09:37:28.889933","FIN_IMPL","2018/03/01 09:37:28.889933","0","1099-Prg-10-Pct","","","","","","","","","","","","","","","","","","","1","","W","","",""
"WHT-SUPREMO US BUSINESS-10546","1099 SUPREMO","1099-SUPREMO","DET_DIRECT_RATE_STCC","","1","2017/01/01","OU","","Supremo US Business Unit","","WHTSTCC","N","","Y","USER_DEFINED","","FIN_IMPL","2019/11/25 06:56:57.340308","FIN_IMPL","2019/11/25 06:56:57.340308","0","1099-Supremo","","","","","","","","","","","","","","","","","","","1","","W","","",""
"WHT-US1 Business Unit-87012","1099","1099-WHT","DET_DIRECT_RATE_STCC","","1","1951/01/01","OU","","US1 Business Unit","","WHTSTCC","Y","","Y","FUSION_WHT_MIGRATED","","anonymous","2014/07/16 16:13:26.929685","anonymous","2014/07/16 16:13:26.929685","-1","1099-Wht","1099-Wht","","","","","","N","","","","","","","","","","","","1","","W","","",""
"INDIA TDS","194C REDUCED RATE","194C 1% REDUCED RATE","DET_APPLICABLE_TAXES","","10","2019/04/01","GCO","","","","TDS REDUCED RATE","N","","Y","USER_DEFINED","","FIN_IMPL","2021/11/22 14:25:33.0","FIN_IMPL","2021/11/22 14:27:34.259","D132DCD93CB32368E0530364FD0A9696","194C 1% Reduced Rate","","","","Reduced Tax Law","","","N","","","","","","","","","","","","","","W","","",""
"INDIA TDS","194C 2% OTHERS","194C RULE","DET_APPLICABLE_TAXES","","10","2019/04/01","GCO","","","","TDS DETERMINE FACTOR SET","N","","Y","USER_DEFINED","PURCHASE_TRANSACTION","FIN_IMPL","2021/11/18 10:17:13.0","FIN_IMPL","2021/11/18 10:35:18.96","D040314174E162E9E0530264FD0AEF04","194C RULE","","","","","","","N","","","","AP","","","","","AP_INVOICES","STANDARD INVOICES","","","","W","","","W"
"INDIA TDS","194Q - 206AB 5%","194Q - 206AB 5%","DET_APPLICABLE_TAXES","","10","2019/04/01","GCO","","","","194Q 0.1% TAX DETERMINATION","N","","Y","USER_DEFINED","","FIN_IMPL","2021/11/19 09:59:48.0","FIN_IMPL","2021/11/19 10:03:22.969","D04407C54F547FBAE0530364FD0ABB13","194Q - 206AB 5%","","","","194Q - 206AB 5%","","","N","","","","","","","","","","","","","","W","","",""
"INDIA TDS","194Q 0.1%","194Q 0.1%","DET_DIRECT_RATE_STCC","","1","2019/04/01","OU","","India Business Unit","","WHTSTCC","N","","Y","USER_DEFINED","","FIN_IMPL","2021/11/19 06:44:24.068095","FIN_IMPL","2021/11/19 06:44:24.068095","0","194q 0.1%","","","","","","","","","","","","","","","","","","","1","","W","","",""
"INDIA TDS","194Q","194Q 0.1% RULE","DET_APPLICABLE_TAXES","","10","2019/04/01","GCO","","","","194Q 0.1% TAX DETERMINATION","N","","Y","USER_DEFINED","","FIN_IMPL","2021/11/19 09:40:37.0","FIN_IMPL","2021/11/19 09:43:21.316","D04407C54F547FBAE0530364FD0ABB13","194Q 0.1% Rule","","","","","","","N","","","","","","","","","","","","","","W","","",""
"AU COUNCIL","AU GST","AU COUNCIL TBA BAS TAX BOXES","DET_TAX_BOX","","10","2017/01/01","GCO","","","","AU TBA RATE CODE LINE CLS_1.0","N","","Y","USER_DEFINED","","FIN_IMPL","2021/11/16 18:43:12.0","FIN_IMPL","2021/11/16 18:55:18.554","D0469499BCC68018E0530364FD0A29E0","AU COUNCIL TBA BAS TAX BOXES","","","","","","","N","","","","","","","","","","","","","","I","AU BAS TBA TAX BOXES","PERIODIC",""
"AU COUNCIL","AU GST","AU G1 AR COUNCIL RULE","DET_TAX_RATE","","10001","2017/01/01","GCO","","","","AU G1 AR RULE COUNCIL SET CODE","N","","Y","FUSION_RI_UPLOAD","","FIN_IMPL","2021/02/12 07:06:57.926527","FIN_IMPL","2021/02/12 07:24:21.075","BB1DB857B2D49CE7E0539E90DF0AB03A","AU G1 AR COUNCIL RULE","","","","","","","N","","","","","","","","","","","","","AU GST STATUS","I","","",""
"AU GST TAX","AU GST TAX","AU G1 AR TAX RULE","DET_TAX_RATE","","10","2000/07/01","GCO","","","","AU G1 AR RULE FCT SET CODE","N","","Y","USER_DEFINED","","FIN_IMPL","2016/08/17 12:29:27.285","FIN_IMPL","2016/08/17 12:40:57.22","3A3E8D8AE61555DCE0537AA3FD0A6445","AU G1 AR TAX RULE","","","","","","","N","","","","","","","","","","","","","AU GST TAX STATUS","I","","",""
"AU COUNCIL","AU GST","AU G1 COUNCIL RULE","DET_TAX_RATE","","10002","2017/01/01","GCO","","","","AU G1 COUNCIL SET CODE","N","","Y","FUSION_RI_UPLOAD","","FIN_IMPL","2021/02/12 07:06:57.926527","FIN_IMPL","2021/02/12 07:24:21.077","BB1DB857B2D49CE7E0539E90DF0AB03A","AU G1 COUNCIL RULE","","","","","","","N","","","","","","","","","","","","","AU GST STATUS","I","","",""
"AU GST TAX","AU GST TAX","AU G1 TAX RULE","DET_TAX_RATE","","20","2000/07/01","GCO","","","","AU G1 FACTOR SET CODE","N","","Y","USER_DEFINED","","FIN_IMPL","2016/08/17 11:10:43.0","FIN_IMPL","2016/08/17 12:40:57.221","3A3E8D8AE61555DCE0537AA3FD0A6445","AU G1 TAX RULE","","","","","","","N","","","","","","","","","","","","","AU GST TAX STATUS","I","","",""
"AU COUNCIL","AU GST","AU G10 COUNCIL RULE","DET_TAX_RATE","","10004","2017/01/01","GCO","","","","AU G10 COUNCIL SET CODE","N","","Y","FUSION_RI_UPLOAD","","FIN_IMPL","2021/02/12 07:06:57.926527","FIN_IMPL","2021/02/12 07:24:21.081","BB1DB857B2D49CE7E0539E90DF0AB03A","AU G10 COUNCIL RULE","","","","","","","N","","","","","","","","","","","","","AU GST STATUS","I","","",""
"AU GST TAX","AU GST TAX","AU G10 TAX RULE","DET_TAX_RATE","","40","2000/07/01","GCO","","","","AU G10 FACTOR SET CODE","N","","Y","USER_DEFINED","","FIN_IMPL","2016/08/17 11:19:19.031","FIN_IMPL","2016/08/17 12:40:57.225","3A3E8D8AE61555DCE0537AA3FD0A6445","AU G10 TAX RULE","","","","","","","N","","","","","","","","","","","","","AU GST TAX STATUS","I","","",""
"AU GST TAX","AU GST TAX","AU G10.15910 TAX RULE","DET_TAX_RATE","","5","2000/07/01","GCO","","","","AU G10.15910 FCT SET CODE","N","","Y","USER_DEFINED","","FIN_IMPL","2016/08/17 12:35:33.864","FIN_IMPL","2016/08/17 12:40:57.207","3A3E8D8AE61555DCE0537AA3FD0A6445","AU G10.15910 TAX RULE","","","","","","","N","","","","","","","","","","","","","AU GST TAX STATUS","I","","",""
"AU COUNCIL","AU GST","AU G10.75 COUNCIL RULE","DET_RECOVERY_RATE","STANDARD","10","2017/01/01","GCO","","","","AU G10.75 COUNCIL SET CODE","N","","Y","USER_DEFINED","","FIN_IMPL","2021/02/12 07:40:42.055","FIN_IMPL","2021/02/12 07:43:39.607","BB1DB857B2D49CE7E0539E90DF0AB03A","AU G10.75 COUNCIL RULE","","","","","","","N","","","","","","","","","","","","","","I","","",""
"AU GST TAX","AU GST TAX","AU G10.75 TAX RULE","DET_RECOVERY_RATE","STANDARD","10","2000/07/01","GCO","","","","AU G10.75 FACTOR SET CODE","N","","Y","USER_DEFINED","","FIN_IMPL","2016/08/17 10:58:54.0","FIN_IMPL","2016/08/17 11:05:25.732","3A3E8D8AE61555DCE0537AA3FD0A6445","AU G10.75 TAX RULE","","","","","","","N","","","","","","","","","","","","","","I","","",""
"AU COUNCIL","AU GST","AU G10.ASSET TAX RULE","DET_TAX_RATE","","10000","2017/01/01","GCO","","","","AU G10.15910 COUNCIL SET CODE","N","","Y","USER_DEFINED","","FIN_IMPL","2021/02/12 07:11:34.0","FIN_IMPL","2021/02/12 07:24:21.07","BB1DB857B2D49CE7E0539E90DF0AB03A","AU G10.ASSET TAX RULE","","","","","","","N","","","","","","","","","","","","","AU GST STATUS","I","","",""
"AU COUNCIL","AU GST","AU G11 COUNCIL RULE","DET_TAX_RATE","","10005","2017/01/01","GCO","","","","AU G11 COUNCIL SET CODE","N","","Y","FUSION_RI_UPLOAD","","FIN_IMPL","2021/02/12 07:06:57.926527","FIN_IMPL","2021/02/12 07:24:21.073","BB1DB857B2D49CE7E0539E90DF0AB03A","AU G11 COUNCIL RULE","","","","","","","N","","","","","","","","","","","","","AU GST STATUS","I","","",""
"AU GST TAX","AU GST TAX","AU G11 TAX RULE","DET_TAX_RATE","","50","2000/07/01","GCO","","","","AU G11 FACTOR SET CODE","N","","Y","USER_DEFINED","","FIN_IMPL","2016/08/17 12:22:34.0","FIN_IMPL","2016/08/17 12:27:50.792","3A3E8D8AE61555DCE0537AA3FD0A6445","AU G11 TAX RULE","","","","","","","N","","","","","","","","","","","","","AU GST TAX STATUS","I","","",""
"AU COUNCIL","AU GST","AU G3 COUNCIL RULE","DET_TAX_RATE","","10003","2017/01/01","GCO","","","","AU G3 COUNCIL SET CODE","N","","Y","FUSION_RI_UPLOAD","","FIN_IMPL","2021/02/12 07:06:57.926527","FIN_IMPL","2021/02/12 07:24:21.079","BB1DB857B2D49CE7E0539E90DF0AB03A","AU G3 COUNCIL RULE","","","","","","","N","","","","","","","","","","","","","AU GST STATUS","I","","",""
"AU GST TAX","AU GST TAX","AU G3 TAX RULE","DET_TAX_RATE","","30","2000/07/01","GCO","","","","AU G3 FACTOR SET CODE","N","","Y","USER_DEFINED","","FIN_IMPL","2016/08/17 11:15:32.315","FIN_IMPL","2016/08/17 12:40:57.223","3A3E8D8AE61555DCE0537AA3FD0A6445","AU G3 TAX RULE","","","","","","","N","","","","","","","","","","","","","AU GST TAX STATUS","I","","",""
"AU GST TAX","AU GST TAX","AU TBA BAS TAX BOXES","DET_TAX_BOX","","10","2000/01/07","GCO","","","","AU TBA RATE CODE LINE CLASS","N","","Y","USER_DEFINED","","FIN_IMPL","2017/05/23 13:52:18.0","FIN_IMPL","2017/05/23 14:21:22.047","502D5CBB42EE04D3E053C4AEFD0A362B","AU TBA BAS based on Tax Rate and Line Class","","","","","","","N","","","","","","","","","","","","","AU GST TAX STATUS","I","AU BAS TBA TAX BOXES","PERIODIC",""
"CA GST","CA GST","CA GST CC130 50%","DET_RECOVERY_RATE","STANDARD","5","2015/01/01","GCO","","","","CA GST ACCT","N","","Y","USER_DEFINED","","FIN_IMPL","2021/09/22 13:20:21.0","FIN_IMPL","2021/09/22 13:22:25.152","CC42B43634F36195E0530264FD0A0655","GST Cost Centre 130 50%","","","","","","","N","","","","","","","","","","","","","","I","","",""
"CA GST","CA GST","CA GST ZERO%","DET_DIRECT_RATE","","5","2015/01/01","GCO","","","","CA GST USER","N","","Y","USER_DEFINED","","FIN_IMPL","2021/09/22 13:29:14.572","FIN_IMPL","2021/09/22 13:32:21.0","CC42B43634F36195E0530264FD0A0655","GST Zero%","","","","","","","N","","","","","","","","","","","","","","I","","",""
"CA HST","CA HST","CA HST CC130 50%","DET_RECOVERY_RATE","STANDARD","6","2015/01/01","GCO","","","","CA HST ACCT","N","","Y","USER_DEFINED","","FIN_IMPL","2021/09/22 13:22:31.179","FIN_IMPL","2021/09/22 13:24:20.687","CC42B43634F36195E0530264FD0A0655","HST Cost Centre 130 50%","","","","","","","N","","","","","","","","","","","","","","I","","",""
"CA HST","CA HST","CA HST ZERO%","DET_DIRECT_RATE","","6","2015/01/01","GCO","","","","CA HST USER","N","","Y","USER_DEFINED","","FIN_IMPL","2021/09/22 13:32:24.548","FIN_IMPL","2021/09/22 13:33:55.778","CC42B43634F36195E0530264FD0A0655","HST Zero%","","","","","","","N","","","","","","","","","","","","","","I","","",""
"CA PST","CA PST","CA PST CC130 50%","DET_RECOVERY_RATE","STANDARD","7","2015/01/01","GCO","","","","CA PST ACCT","N","","Y","USER_DEFINED","","FIN_IMPL","2021/09/22 13:24:25.876","FIN_IMPL","2021/09/22 13:26:22.617","CC42B43634F36195E0530264FD0A0655","PST Cost Centre 130 50%","","","","","","","N","","","","","","","","","","","","","","I","","",""
"CA PST","CA PST","CA PST ZERO%","DET_DIRECT_RATE","","7","2015/01/01","GCO","","","","CA PST USER","N","","Y","USER_DEFINED","","FIN_IMPL","2021/09/22 13:33:59.399","FIN_IMPL","2021/09/22 13:35:15.769","CC42B43634F36195E0530264FD0A0655","PST Zero%","","","","","","","N","","","","","","","","","","","","","","I","","",""
"CA QST","CA QST","CA QST CC130 50%","DET_RECOVERY_RATE","STANDARD","8","2015/01/01","GCO","","","","CA QST ACCT","N","","Y","USER_DEFINED","","FIN_IMPL","2021/09/22 13:27:28.739","FIN_IMPL","2021/09/22 13:28:55.62","CC42B43634F36195E0530264FD0A0655","QST Cost Centre 130 50%","","","","","","","N","","","","","","","","","","","","","","I","","",""
"CA QST","CA QST","CA QST ZERO%","DET_DIRECT_RATE","","8","2015/01/01","GCO","","","","CA QST USER","N","","Y","USER_DEFINED","","FIN_IMPL","2021/09/22 13:35:19.565","FIN_IMPL","2021/09/22 13:36:36.543","CC42B43634F36195E0530264FD0A0655","QST Zero%","","","","","","","N","","","","","","","","","","","","","","I","","",""
"CH VAT TAX","CH VAT TAX","CH EXPORT SALES","DET_TAX_RATE","","10","1989/12/25","GCO","","","","CH VAT RATE EXPORT SALES","N","","N","USER_DEFINED","","FIN_IMPL","2019/11/29 09:34:44.0","FIN_IMPL","2019/12/10 09:24:49.067","9956461B8EBDFAA9E053C390DF0A6A5E","CH Export Sales VAT Rate","","","","","","","N","","","","","","","","","","","","","CH VAT TAX STATUS","I","","",""
"CH VAT TAX","CH VAT TAX","CH VAT TAX RATE","DET_TAX_RATE","","11","1989/12/25","GCO","","","","CH VAT RATE-TAX","N","","Y","USER_DEFINED","","FIN_IMPL","2019/11/29 09:39:09.486","FIN_IMPL","2019/11/29 09:44:49.302","9878CA3FC6BD1A62E053C390DF0A7240","CH VAT TAX RATE","","","","","","","N","","","","","","","","","","","","","CH VAT TAX STATUS","I","","",""
"CN VAT TAX","CN VAT TAX","CHINA_EXPORT_SALES","DET_APPLICABLE_TAXES","","10","1994/01/01","GCO","","","","CHINA_EXPORT_SALES","N","","Y","USER_DEFINED","","FIN_IMPL","2014/06/17 04:08:00.0","FIN_IMPL","2014/06/17 04:15:37.446","FC0159B6E969783DE0436204548CCA81","China Export Sales","","","","","","","N","","","","","","","","","","","","","","I","","",""
"DE VAT TAX","DE VAT TAX","DE EXPORT SALES","DET_TAX_RATE","","40","2010/01/01","GCO","","","","DE NON EU EXPORT SALES","N","","Y","USER_DEFINED","","FIN_IMPL","2016/10/26 04:27:53.466","FIN_IMPL","2016/10/26 04:29:47.405","3FBBFD4322A31DBBE0537AA3FD0A114F","DE Export Sales","","","","","","","N","","","","","","","","","","","","","DE VAT TAX STATUS","I","","",""
"DE VAT TAX","DE VAT TAX","DE EXPORTS NON INV","DET_TAX_RATE","","30","2010/01/01","GCO","","","","DE EXPORTS NON INV","N","","Y","USER_DEFINED","","FIN_IMPL","2016/10/26 04:35:37.695","FIN_IMPL","2016/10/26 04:37:21.764","3FBBFD4322A31DBBE0537AA3FD0A114F","DE EXPORTS NON INV","","","","","","","N","","","","","","","","","","","","","DE VAT TAX STATUS","I","","",""
"DE VAT TAX","DE VAT TAX","DE INTRA EU SALES","DET_TAX_RATE","","20","2010/01/01","GCO","","","","DE INTRA EU SALES","N","","Y","USER_DEFINED","","FIN_IMPL","2016/10/26 04:23:43.699","FIN_IMPL","2016/10/26 04:27:46.808","3FBBFD4322A31DBBE0537AA3FD0A114F","DE Intra EU Sales Goods and Services","","","","","","","N","","","","","","","","","","","","","DE VAT TAX STATUS","I","","",""
"DE VAT TAX","DE VAT TAX","DE INTRA EU SALES NON INV","DET_TAX_RATE","","10","2010/01/01","GCO","","","","DE INTRA EU SALES NON INV","N","","Y","USER_DEFINED","","FIN_IMPL","2016/10/26 04:33:16.952","FIN_IMPL","2016/10/26 04:35:24.482","3FBBFD4322A31DBBE0537AA3FD0A114F","DE INTRA EU SALES NON INVENTORY","","","","","","","N","","","","","","","","","","","","","DE VAT TAX STATUS","I","","",""
"DE VAT TAX","DE VAT TAX","DE NON EU PURCHASES","DET_TAX_RATE","","51","2010/01/01","GCO","","","","DE VAT IMPORT","N","","Y","USER_DEFINED","","FIN_IMPL","2020/11/08 06:21:06.0","FIN_IMPL","2020/11/08 06:24:10.869","B3861E30F6A134C7E0539E90DF0AF3D0","DE NON EU PURCHASES","","","","","","","N","","","","","","","","","","","","","DE VAT TAX STATUS","I","","",""
"DE VAT TAX","DE VAT TAX","DE NON STD NON INV PURCHASES","DET_TAX_RATE","","52","2010/01/01","GCO","","","","DE NON STD NON INV PURCHASES","N","","Y","USER_DEFINED","","FIN_IMPL","2020/11/08 06:33:27.0","FIN_IMPL","2020/11/08 06:58:09.387","B3861E30F6A134C7E0539E90DF0AF3D0","DE NON STD NON INV PURCHASES","","","","","","","N","","","","","","","","","","","","","DE VAT TAX STATUS","I","","",""
"DE VAT TAX","DE VAT TAX","DE NON STD RATE NON INV SALE","DET_TAX_RATE","","50","2010/01/01","GCO","","","","DE NON STD RATE NON INV SALE","N","","Y","USER_DEFINED","","FIN_IMPL","2016/10/26 04:37:35.336","FIN_IMPL","2016/10/26 04:40:33.671","3FBBFD4322A31DBBE0537AA3FD0A114F","DE NON STD RATE NON INV SALE","","","","","","","N","","","","","","","","","","","","","DE VAT TAX STATUS","I","","",""
"DE VAT TAX","DE VAT TAX","DE VAT APPLICABILITY","DET_APPLICABLE_TAXES","","10","2010/01/01","GCO","","","","DE VAT TAX APPLICABILITY","N","","Y","USER_DEFINED","","FIN_IMPL","2016/10/26 04:06:31.0","FIN_IMPL","2016/10/26 04:11:21.877","3FBBFD4322A31DBBE0537AA3FD0A114F","DE VAT Applicability","","","","","","","N","","","","","","","","","","","","","","I","","",""
"DE VAT TAX","DE VAT TAX","DE VAT POS INTRA EU","DET_PLACE_OF_SUPPLY","","20","2010/01/01","GCO","","","","DE INTRA EU PURCHASES","N","","N","USER_DEFINED","","FIN_IMPL","2016/10/26 04:14:20.741","FIN_IMPL","2020/11/08 06:16:13.119","B3861E30F6A134C7E0539E90DF0AF3D0","DE VAT Place of Supply","","","","","","","N","","","","","","","","","","","","","","I","","",""
"DE VAT TAX","DE VAT TAX","DE VAT POS NON INVENTORY SALES","DET_PLACE_OF_SUPPLY","","10","2010/01/01","GCO","","","","DE NON INV SALES","N","","Y","USER_DEFINED","","FIN_IMPL","2016/10/26 04:20:24.096","FIN_IMPL","2016/10/26 04:23:30.095","3FBBFD4322A31DBBE0537AA3FD0A114F","DE VAT POS NON INVENTORY SALES","","","","","","","N","","","","","","","","","","","","","","I","","",""
"DE VAT TAX","DE VAT TAX","DE VAT POS PURCHASES","DET_PLACE_OF_SUPPLY","","21","2010/01/01","GCO","","","","DE VAT PURCHASES COUNTRY SET","N","","Y","USER_DEFINED","","FIN_IMPL","2020/11/08 06:13:12.0","FIN_IMPL","2020/11/08 06:16:12.818","B3861E30F6A134C7E0539E90DF0AF3D0","DE VAT POS PURCHASES","","","","","","","N","","","","","","","","","","","","","","I","","",""
"DE VAT TAX","DE VAT TAX","DE VAT TAX RATE","DET_TAX_RATE","","50","2010/01/01","GCO","","","","DE VAT RATE-TAX","N","","Y","USER_DEFINED","","FIN_IMPL","2016/10/26 04:29:51.562","FIN_IMPL","2016/10/26 04:40:33.667","3FBBFD4322A31DBBE0537AA3FD0A114F","DE VAT Rate","","","","","","","N","","","","","","","","","","","","","DE VAT TAX STATUS","I","","",""
"DE VAT TAX","DE VAT TAX","DE VAT TAX REGIS REVERSE CHRG","DET_TAX_REGISTRATION","","10","2010/01/01","GCO","","","","DE VAT REGIS REV CHGR","N","","Y","USER_DEFINED","","FIN_IMPL","2016/10/26 04:11:45.782","FIN_IMPL","2016/10/26 04:14:03.945","3FBBFD4322A31DBBE0537AA3FD0A114F","DE VAT Registration Reverse Charge","","","","","","","N","","","","","","","","","","","","","","I","","",""
"ES VAT TAX","ES VAT TAX","ES EXPORT SALES","DET_TAX_RATE","","300","2015/01/01","GCO","","","","ES VAT RATE EXPORT SALES","N","","Y","USER_DEFINED","","FIN_IMPL","2016/09/01 10:49:13.0","FIN_IMPL","2016/09/01 10:53:31.594","3B6C65ABDF2349B5E0537AA3FD0A2DC9","ES Export Sales VAT Rate","","","","","","","N","","","","","","","","","","","","","ES VAT TAX STATUS","I","","",""
"ES VAT TAX","ES VAT TAX","ES EXPORTS SALES NON INV","DET_TAX_RATE","","350","2015/01/01","GCO","","","","ES EXPORTS NON INV","N","","Y","USER_DEFINED","","FIN_IMPL","2016/09/01 10:53:43.907","FIN_IMPL","2016/09/01 10:55:01.383","3B6C65ABDF2349B5E0537AA3FD0A2DC9","ES Export Sales Non Inventory","","","","","","","N","","","","","","","","","","","","","ES VAT TAX STATUS","I","","",""
"ES VAT TAX","ES VAT TAX","ES INTRA EU SALES","DET_TAX_RATE","","200","2015/01/01","GCO","","","","ES VAT RATE TRN1-TAX","N","","Y","USER_DEFINED","","FIN_IMPL","2016/09/01 09:57:06.766","FIN_IMPL","2016/09/01 10:00:12.249","3B6C65ABDF2349B5E0537AA3FD0A2DC9","ES INTRA EU SALES","","","","","","","N","","","","","","","","","","","","","ES VAT TAX STATUS","I","","",""
"ES VAT TAX","ES VAT TAX","ES INTRA EU SALES NON INV","DET_TAX_RATE","","250","2015/01/01","GCO","","","","ES INTRA EU SALES NON INV","N","","Y","USER_DEFINED","","FIN_IMPL","2016/09/01 10:00:28.289","FIN_IMPL","2016/09/01 10:02:53.477","3B6C65ABDF2349B5E0537AA3FD0A2DC9","ES Intra EU SALES Non Inventory","","","","","","","N","","","","","","","","","","","","","ES VAT TAX STATUS","I","","",""
"ES VAT TAX","ES VAT TAX","ES NON STD RATE NON INV SALE","DET_TAX_RATE","","1300","2016/01/01","GCO","","","","ES NON STANDARD RATE NON INV","N","","Y","USER_DEFINED","","FIN_IMPL","2016/09/01 10:58:35.292","FIN_IMPL","2016/09/01 11:00:24.005","3B6C65ABDF2349B5E0537AA3FD0A2DC9","ES Non Standard Rate Non Inv","","","","","","","N","","","","","","","","","","","","","ES VAT TAX STATUS","I","","",""
"ES VAT TAX","ES VAT TAX","ES VAT APPLICABILITY","DET_APPLICABLE_TAXES","","100","2015/01/01","GCO","","","","ES VAT APPLICABILITY","N","","Y","USER_DEFINED","","FIN_IMPL","2016/09/01 09:53:20.916","FIN_IMPL","2016/09/01 09:55:00.697","3B6C65ABDF2349B5E0537AA3FD0A2DC9","ES VAT APPLICABILITY","","","","","","","N","","","","","","","","","","","","","","I","","",""
"ES VAT TAX","ES VAT TAX","ES VAT POS INTRA EU","DET_PLACE_OF_SUPPLY","","100","2014/01/01","GCO","","","","ES INTRA EU PURCHASE-VAT","N","","Y","USER_DEFINED","","FIN_IMPL","2016/09/01 09:46:46.0","FIN_IMPL","2016/09/01 09:48:48.419","3B6C65ABDF2349B5E0537AA3FD0A2DC9","ES VAT POS INTRA EU","","","","","","","N","","","","","","","","","","","","","","I","","",""
"ES VAT TAX","ES VAT TAX","ES VAT POS NON INVENTORY SALES","DET_PLACE_OF_SUPPLY","","200","2014/01/01","GCO","","","","ES NON INV SALES","N","","Y","USER_DEFINED","","FIN_IMPL","2016/09/01 09:49:10.97","FIN_IMPL","2016/09/01 09:53:04.12","3B6C65ABDF2349B5E0537AA3FD0A2DC9","ES VAT POS NON INVENTORY SALES","","","","","","","N","","","","","","","","","","","","","","I","","",""
"ES VAT TAX","ES VAT TAX","ES VAT SUSPENDED PURCH","DET_TAX_RATE","","500","2015/01/01","GCO","","","","ES VAT SUSP PURCH","N","","Y","USER_DEFINED","","FIN_IMPL","2016/10/28 11:32:22.0","FIN_IMPL","2016/10/28 11:35:16.007","3FE68ED64E9E3CA3E0537AA3FD0A64F6","ES Suspended Purch VAT Rate","","","","","","","N","","","","","","","","","","","","","ES VAT TAX STATUS","I","","",""
"ES VAT TAX","ES VAT TAX","ES VAT TAX RATE","DET_TAX_RATE","","1000","2015/01/01","GCO","","","","ES VAT RATE-TAX","N","","Y","USER_DEFINED","","FIN_IMPL","2016/09/01 10:55:11.261","FIN_IMPL","2016/09/01 10:58:25.762","3B6C65ABDF2349B5E0537AA3FD0A2DC9","ES VAT Rate","","","","","","","N","","","","","","","","","","","","","ES VAT TAX STATUS","I","","",""
"ES VAT TAX","ES VAT TAX","ES VAT TAX REGIS REVERSE CHRG","DET_TAX_REGISTRATION","","100","2015/01/01","GCO","","","","ES VAT REGIS - REV CHRG","N","","Y","USER_DEFINED","","FIN_IMPL","2016/09/01 09:55:12.269","FIN_IMPL","2016/09/01 09:56:46.826","3B6C65ABDF2349B5E0537AA3FD0A2DC9","ES VAT TAX REGIS REVERSE CHRG","","","","","","","N","","","","","","","","","","","","","","I","","",""
"FR VAT TAX","FR VAT TAX","FR EXPORT SALES","DET_TAX_RATE","","216","2015/01/01","GCO","","","","FR VAT RATE EXPORT SALES","N","","Y","USER_DEFINED","","FIN_IMPL","2015/06/17 08:32:31.0","FIN_IMPL","2015/06/17 08:34:40.74","18B378D56CEE6F68E0536204548CE8A2","FR Export Sales VAT Rate","","","","","","","N","","","","","","","","","","","","","FR VAT TAX STATUS","I","","",""
"FR VAT TAX","FR VAT TAX","FR INTRA EU SALES","DET_TAX_RATE","","207","2015/01/01","GCO","","","","FR VAT RATE TRN1-TAX","N","","Y","USER_DEFINED","","FIN_IMPL","2015/06/16 08:38:20.391","FIN_IMPL","2015/06/16 08:41:24.199","189D7D2990720FA8E0536204548CD792","FR Intra EU  Sales  VAT Rate","","","","","","","N","","","","","","","","","","","","","FR VAT TAX STATUS","I","","",""
"FR VAT TAX","FR VAT TAX","FR POS PROJECT BILLING","DET_PLACE_OF_SUPPLY","","22","2015/01/01","GCO","","","","FR PROJECT INVOICE TAX","N","","Y","USER_DEFINED","","FIN_IMPL","2015/05/15 10:16:42.728","FIN_IMPL","2015/05/15 10:18:27.601","16188808FB696CEDE0536204548CB09C","FR POS PROJECT BILLING","","","","","","","N","","","","","","","","","","","","","","I","","",""
"FR VAT TAX","FR VAT TAX","FR TBA ASSET_LINE CLASS","DET_TAX_BOX","","12","1951/01/01","GCO","","","","FR TBA FIXED ASSET PURCH","N","","Y","USER_DEFINED","","FIN_IMPL","2015/06/22 11:33:18.243","FIN_IMPL","2015/06/22 11:37:05.726","191938EF1FA60151E0536204548CB482","FR AP based on Line Asset Flag and Line Class","","","","","","","N","","","","","","","","","","","","","","I","FR TBA PERIODIC TAX BOX","PERIODIC",""
"FR VAT TAX","FR VAT TAX","FR TBA TAX RATE_LINE CLASS","DET_TAX_BOX","","11","1951/01/01","GCO","","","","FR TBA RATE CODE LINE CLASS","N","","Y","USER_DEFINED","","FIN_IMPL","2015/06/22 11:29:49.793","FIN_IMPL","2015/06/22 11:33:14.799","191938EF1FA60151E0536204548CB482","FR TBA based on VAT Rate and Line Class","","","","","","","N","","","","","","","","","","","","","","I","FR TBA PERIODIC TAX BOX","PERIODIC",""
"FR VAT TAX","FR VAT TAX","FR TBA VAT RATE_LINE CLASS","DET_TAX_BOX","","10","1951/01/01","GCO","","","","FR TBA RATE CODE LINE CLASS","N","","Y","USER_DEFINED","","FIN_IMPL","2015/06/22 11:06:50.0","FIN_IMPL","2015/06/22 11:29:44.447","191938EF1FA60151E0536204548CB482","FR TBA based on VAT Rate and Line Class","","","","","","","N","","","","","","","","","","","","","","I","FR TBA PERIODIC TAX BOX","PERIODIC",""
"FR VAT TAX","FR VAT TAX","FR VAT APPLICABILITY","DET_APPLICABLE_TAXES","","10","2015/01/01","GCO","","","","FR VAT APPLICABILITY","N","","Y","USER_DEFINED","","FIN_IMPL","2015/06/16 08:34:40.117","FIN_IMPL","2015/06/16 08:37:33.311","189D7D2990720FA8E0536204548CD792","FR VAT Applicability","","","","","","","N","","","","","","","","","","","","","","I","","",""
"FR VAT TAX","FR VAT TAX","FR VAT B2B INTRA EU EXCEP SERV","DET_TAX_RATE","","209","2010/01/01","GCO","","","","FR INTRA EU EXCEP SRV SAL-TAX","N","2010/01/01","N","USER_DEFINED","","FIN_IMPL","2014/06/23 05:18:16.042","FIN_IMPL","2015/06/18 05:31:41.062","18C1760537DB409BE0536204548C3C5D","FR VAT B2B Intra EU Excep Service","","","","","","","","","","","","","","","","","","","","FR VAT TAX STATUS","I","","",""
"FR VAT TAX","FR VAT TAX","FR VAT B2B INTRA EU SERV","DET_TAX_RATE","","207","2010/01/01","GCO","","","","FR INTRA EU SRV SALES-TAX","N","2010/01/01","N","USER_DEFINED","","FIN_IMPL","2014/06/23 05:18:16.25","FIN_IMPL","2015/06/18 05:31:41.063","18C1760537DB409BE0536204548C3C5D","FR VAT B2B Intra EU Service","","","","","","","","","","","","","","","","","","","","FR VAT TAX STATUS","I","","",""
"FR VAT TAX","FR VAT TAX","FR VAT POS","DET_PLACE_OF_SUPPLY","","21","2003/01/01","GCO","","","","FR VAT PLACE OF SUPPLY-TAX","N","2003/01/01","N","USER_DEFINED","","FIN_IMPL","2014/06/23 05:18:15.919","FIN_IMPL","2015/06/16 08:57:58.916","189D7D2990720FA8E0536204548CD792","FR VAT Place of Supply","","","","","","","","","","","","","","","","","","","","","I","","",""
"FR VAT TAX","FR VAT TAX","FR VAT POS 2010","DET_PLACE_OF_SUPPLY","","20","2010/01/01","GCO","","","","FR INTRA EU SRV PURCHASE-TAX","N","2010/01/01","N","USER_DEFINED","","FIN_IMPL","2014/06/23 05:18:15.033","FIN_IMPL","2015/06/18 05:22:38.0","18C1760537DB409BE0536204548C3C5D","FR VAT Place of Supply 2010","","","","","","","","","","","","","","","","","","","","","I","","",""
"FR VAT TAX","FR VAT TAX","FR VAT POS INTRA EU","DET_PLACE_OF_SUPPLY","","20","2015/01/01","GCO","","","","FR INTRA EU PURCHASE-VAT","N","","Y","USER_DEFINED","","FIN_IMPL","2015/06/16 08:30:06.0","FIN_IMPL","2015/06/16 08:33:57.567","189D7D2990720FA8E0536204548CD792","FR VAT Place of Supply","","","","","","","N","","","","","","","","","","","","","","I","","",""
"FR VAT TAX","FR VAT TAX","FR VAT POS NON INVENTORY SALES","DET_PLACE_OF_SUPPLY","","23","2014/01/01","GCO","","","","FR NON INV SALES","N","","Y","USER_DEFINED","","FIN_IMPL","2015/11/12 08:56:16.0","FIN_IMPL","2015/11/12 09:01:41.324","244E2326137770BFE053790B548CC253","FR VAT POS NON INVENTORY SALES","","","","","","","N","","","","","","","","","","","","","","I","","",""
"FR VAT TAX","FR VAT TAX","FR VAT SUSPENDED PURCH","DET_TAX_RATE","","219","2015/01/01","GCO","","","","FR VAT RATE SUSP PURCH","N","","Y","USER_DEFINED","","FIN_IMPL","2015/06/17 08:34:58.907","FIN_IMPL","2015/06/17 08:37:20.529","18B378D56CEE6F68E0536204548CE8A2","FR Suspended Purch VAT Rate","","","","","","","N","","","","","","","","","","","","","FR VAT TAX STATUS","I","","",""
"FR VAT TAX","FR VAT TAX","FR VAT TAX APPLICABILITY","DET_APPLICABLE_TAXES","","10","1954/04/10","GCO","","","","FR VAT APPLICABILITY-TAX","N","1954/04/10","N","USER_DEFINED","","FIN_IMPL","2014/06/23 05:18:16.033","FIN_IMPL","2015/06/18 05:26:07.479","18C1760537DB409BE0536204548C3C5D","FR VAT Applicability","","","","","","","","","","","","","","","","","","","","","I","","",""
"FR VAT TAX","FR VAT TAX","FR VAT TAX DEF RATE","DET_TAX_RATE","","217","2001/01/01","GCO","","","","FR VAT TAX DEFERED FS","N","","Y","USER_DEFINED","","FIN_IMPL","2014/11/14 09:13:54.0","FIN_IMPL","2014/11/14 09:20:44.124","07CE72FC125B2C0EE0536204548C65B7","FR VAT TAX  Def Rate","","","","","","","N","","","","","","","","","","","","","FR VAT TAX STATUS","I","","",""
"FR VAT TAX","FR VAT TAX","FR VAT TAX RATE","DET_TAX_RATE","","218","1954/04/10","GCO","","","","FR VAT RATE-TAX","N","","Y","USER_DEFINED","","FIN_IMPL","2014/06/23 05:18:16.258","FIN_IMPL","2015/06/18 05:54:10.464","18C1760537DB409BE0536204548C3C5D","FR VAT Rate","","","","","","","N","","","","","","","","","","","","","FR VAT TAX STATUS","I","","",""
"FR VAT TAX","FR VAT TAX","FR VAT TAX RECOVERY RATE","DET_RECOVERY_RATE","STANDARD","10","1954/04/10","GCO","","","","FR VAT RECOVERY RATE-TAX","N","2014/12/31","N","USER_DEFINED","","FIN_IMPL","2014/06/23 05:18:15.926","FIN_IMPL","2015/06/18 05:24:06.551","18C1760537DB409BE0536204548C3C5D","FR VAT Recovery Rate","","","","","","","","","","","","","","","","","","","","","I","","",""
"FR VAT TAX","FR VAT TAX","FR VAT TAX REGIS","DET_TAX_REGISTRATION","","5","2003/01/01","GCO","","","","FR VAT REGISTRATION-TAX","N","2003/01/01","N","USER_DEFINED","","FIN_IMPL","2014/06/23 05:18:16.274","FIN_IMPL","2015/06/18 05:38:40.573","18C1760537DB409BE0536204548C3C5D","FR VAT Registration","","","","","","","","","","","","","","","","","","","","","I","","",""
"FR VAT TAX","FR VAT TAX","FR VAT TAX REGIS 2010","DET_TAX_REGISTRATION","","11","2010/01/01","GCO","","","","FR INTRA EU SRV PURCH GEO-TAX","N","2010/01/01","N","USER_DEFINED","","FIN_IMPL","2014/06/23 05:18:16.266","FIN_IMPL","2015/06/18 05:37:36.848","18C1760537DB409BE0536204548C3C5D","FR VAT Registration 2010","","","","","","","","","","","","","","","","","","","","","I","","",""
"FR VAT TAX","FR VAT TAX","FR VAT TAX REGIS REVERSE CHRG","DET_TAX_REGISTRATION","","5","2015/01/01","GCO","","","","FR VAT REGIS - REV CHGR","N","","Y","USER_DEFINED","","FIN_IMPL","2015/06/16 08:52:49.0","FIN_IMPL","2015/06/16 08:54:55.447","189D7D2990720FA8E0536204548CD792","FR VAT Registration","","","","","","","N","","","","","","","","","","","","","","I","","",""
"GB VAT TAX","GB VAT TAX","GB EXPORT NON INV","DET_TAX_RATE","","208","2020/02/01","GCO","","","","GB EXPORT NON INV","N","","Y","USER_DEFINED","","FIN_IMPL","2021/07/09 13:10:21.664","FIN_IMPL","2021/07/09 13:13:23.714","C5076C6C1CF57D43E0530264FD0A3DB5","GB EXPORT NON INVENTORY","","","","","","","N","","","","","","","","","","","","","GB VAT TAX STATUS","I","","",""
"GB VAT TAX","GB VAT TAX","GB EXPORT SALE","DET_TAX_RATE","","211","2020/02/01","GCO","","","","GB VAT RATE EXPORT NON EU_NEW","N","","Y","USER_DEFINED","","FIN_IMPL","2021/07/09 13:06:26.0","FIN_IMPL","2021/07/09 13:10:14.628","C5076C6C1CF57D43E0530264FD0A3DB5","GB Export Sale","","","","","","","N","","","","","","","","","","","","","GB VAT TAX STATUS","I","","",""
"GB VAT TAX","GB VAT TAX","GB EXPORT SALES","DET_TAX_RATE","","215","2015/01/01","GCO","","","","GB VAT RATE EXPORT NON EU","N","2020/01/31","N","USER_DEFINED","","FIN_IMPL","2015/04/23 10:27:26.915","FIN_IMPL","2021/07/09 12:23:50.336","C5076C6C1CF57D43E0530264FD0A3DB5","GB Export Sales","","","","","","","N","","","","","","","","","","","","","GB VAT TAX STATUS","I","","",""
"GB VAT TAX","GB VAT TAX","GB EXPORTS NON INV","DET_TAX_RATE","","217","2015/01/01","GCO","","","","GB EXPORTS NON INV","N","2020/01/31","N","USER_DEFINED","","FIN_IMPL","2015/05/15 08:42:41.35","FIN_IMPL","2021/07/09 12:24:44.154","C5076C6C1CF57D43E0530264FD0A3DB5","GB EXPORTS NON INVENTORY","","","","","","","N","","","","","","","","","","","","","GB VAT TAX STATUS","I","","",""
"GB VAT TAX","GB VAT TAX","GB INTRA EU EXPORT SALES","DET_TAX_RATE","","300","1979/06/18","GCO","","","","GB VAT RATE TRN1-TAX","N","2014/12/31","Y","USER_DEFINED","","FIN_IMPL","2014/06/23 05:19:19.237","FIN_IMPL","2015/04/23 12:05:48.0","146280DEF4F73F70E0536204548CE7EE","GB Intra EU Export Sales","","","","","","","","","","","","","","","","","","","","GB VAT TAX STATUS","I","","",""
"GB VAT TAX","GB VAT TAX","GB INTRA EU SALE","DET_TAX_RATE","","212","2015/01/01","GCO","","","","GB VAT RATE TRN3-TAX","N","2020/01/31","N","USER_DEFINED","","FIN_IMPL","2015/05/01 03:50:16.254","FIN_IMPL","2021/07/09 12:26:58.883","C5076C6C1CF57D43E0530264FD0A3DB5","GB Intra EU  Sale","","","","","","","N","","","","","","","","","","","","","GB VAT TAX STATUS","I","","",""
"GB VAT TAX","GB VAT TAX","GB INTRA EU SALES","DET_TAX_RATE","","214","2015/01/01","GCO","","","","GB VAT RATE TRN1-TAX","N","2015/01/01","N","USER_DEFINED","","FIN_IMPL","2015/04/23 10:35:17.965","FIN_IMPL","2015/05/01 03:50:05.189","14FD940BFCCE3A12E0536204548CD352","GB Intra EU  Sales","","","","","","","N","","","","","","","","","","","","","GB VAT TAX STATUS","I","","",""
"GB VAT TAX","GB VAT TAX","GB INTRA EU SALES","DET_TAX_RATE","","213","2015/01/01","GCO","","","","GB VAT RATE TRN1-TAX","N","2015/01/01","N","USER_DEFINED","","FIN_IMPL","2015/04/23 10:30:54.0","FIN_IMPL","2015/05/01 03:50:05.0","14FD940BFCCE3A12E0536204548CD352","GB Intra EU  Sales","","","","","","","N","","","","","","","","","","","","","GB VAT TAX STATUS","I","","",""
"GB VAT TAX","GB VAT TAX","GB INTRA EU SALES NON INV","DET_TAX_RATE","","218","2015/01/01","GCO","","","","GB INTRA EU SALES NON INV","N","2020/01/31","N","USER_DEFINED","","FIN_IMPL","2015/05/15 08:37:12.0","FIN_IMPL","2021/07/09 12:26:09.575","C5076C6C1CF57D43E0530264FD0A3DB5","GB INTRA EU SALES NON INVENTORY","","","","","","","N","","","","","","","","","","","","","GB VAT TAX STATUS","I","","",""
"GB VAT TAX","GB VAT TAX","GB NON EU EXPORT SALES","DET_TAX_RATE","","350","1979/06/18","GCO","","","","GB VAT RATE TRN2-TAX","N","2014/12/31","N","USER_DEFINED","","FIN_IMPL","2014/06/23 05:19:19.246","FIN_IMPL","2015/04/29 14:45:13.571","14D5B551DA180EEFE0536204548C714D","GB Non EU Export Sales","","","","","","","","","","","","","","","","","","","","GB VAT TAX STATUS","I","","",""
"GB VAT TAX","GB VAT TAX","GB POS PROJECT BILLING","DET_PLACE_OF_SUPPLY","","23","2015/01/01","GCO","","","","GB PROJECT INVOICE TAX","N","","Y","USER_DEFINED","","FIN_IMPL","2015/05/15 10:14:29.0","FIN_IMPL","2015/05/15 10:16:36.205","16188808FB696CEDE0536204548CB09C","GB POS PROJECT BILLING","","","","","","","N","","","","","","","","","","","","","","I","","",""
"GB PROGRESS VAT","GB PROGRESS VAT TAX","GB PROGRESS EXEMPT","DET_TAX_RATE","","11","2018/01/01","GCO","","","","GB PROGRESS EXEMPT","N","","Y","USER_DEFINED","","FIN_IMPL","2021/08/19 18:03:58.15","FIN_IMPL","2021/08/19 18:11:27.994","C831AEF3750FB8C5E0530364FD0A3B03","GB PROGRESS EXEMPT","","","","","","","N","","","","","","","","","","","","","GB PROGRESS VAT STATUS","I","","",""
"GB PROGRESS VAT","GB PROGRESS VAT TAX","GB PROGRESS NONREC","DET_RECOVERY_RATE","STANDARD","10","2018/01/01","GCO","","","","GB PROGRESS NONREC","N","","Y","USER_DEFINED","","FIN_IMPL","2021/08/19 18:11:51.391","FIN_IMPL","2021/08/19 18:17:32.0","C831AEF3750FB8C5E0530364FD0A3B03","GB PROGRESS NONREC","","","","","","","N","","","","","","","","","","","","","","I","","",""
"GB PROGRESS VAT","GB PROGRESS VAT TAX","GB PROGRESS PARTIAL REC","DET_RECOVERY_RATE","STANDARD","11","2018/01/01","GCO","","","","GB PROGRESS PARTIAL","N","","Y","USER_DEFINED","","FIN_IMPL","2021/08/19 18:17:55.086","FIN_IMPL","2021/08/19 18:20:38.675","C831AEF3750FB8C5E0530364FD0A3B03","GB PROGRESS PARTIAL REC","","","","","","","N","","","","","","","","","","","","","","I","","",""
"GB PROGRESS VAT","GB PROGRESS VAT TAX","GB PROGRESS VAT RATE ZERO","DET_TAX_RATE","","10","2018/01/01","GCO","","","","GB PROGRESS ACCOUNT","N","","Y","USER_DEFINED","","FIN_IMPL","2021/08/19 17:59:59.0","FIN_IMPL","2021/08/19 18:03:51.618","C831AEF3750FB8C5E0530364FD0A3B03","GB PROGRESS VAT RATE ZERO","","","","","","","N","","","","","","","","","","","","","GB PROGRESS VAT STATUS","I","","",""
"GB VAT TAX","GB VAT TAX","GB TBA TAX RATE_LINE CLASS","DET_TAX_BOX","","10","1951/01/01","GCO","","","","GB TBA RATE CODE LINE CLASS","N","","Y","USER_DEFINED","","FIN_IMPL","2015/05/06 12:14:31.0","FIN_IMPL","2015/05/06 12:33:40.408","1567296700EA2200E0536204548CDF1E","GB TBA AR/AP based on Tax Rate and Line Class","","","","UK Tax Law","Tax Box Allocation for UK","","N","","","","","","","","","","","","","","I","GB TBA PERIODIC TAX BOXES","PERIODIC",""
"GB VAT TAX","GB VAT TAX","GB VAT APPLICABILITY","DET_APPLICABLE_TAXES","","10","2015/04/02","GCO","","","","GB VAT APPLICABILITY","N","","Y","USER_DEFINED","","FIN_IMPL","2015/04/02 09:41:06.35","FIN_IMPL","2015/04/02 09:50:12.568","12B9EEA5237C69B1E0536204548C4D13","GB VAT Applicability","","","","","","","N","","","","","","","","","","","","","","I","","",""
"GB VAT TAX","GB VAT TAX","GB VAT B2B INTRA EU EXCEP SERV","DET_TAX_RATE","","209","2010/01/01","GCO","","","","GB INTRA EU EXCEP SRV SAL-TAX","N","2014/12/31","N","USER_DEFINED","","FIN_IMPL","2014/06/23 05:19:19.198","FIN_IMPL","2015/04/29 14:46:28.664","14D5B551DA180EEFE0536204548C714D","GB VAT B2B Intra EU Excep Service","","","","","","","","","","","","","","","","","","","","GB VAT TAX STATUS","I","","",""
"GB VAT TAX","GB VAT TAX","GB VAT MISSING TRADER SALE","DET_TAX_RATE","","40","2015/01/01","GCO","","","","GB MISSING TRADER SALE-TAX","N","","Y","USER_DEFINED","","FIN_IMPL","2015/04/30 04:30:21.0","FIN_IMPL","2015/04/30 04:56:46.271","14EA56D90D7C5D5CE0536204548CE4C4","GB Missing Trader Sales","","","","GB VAT TAX","GB Missing Trader Sales","","N","","","","","","","","","","","","","GB VAT TAX STATUS","I","","",""
"GB VAT TAX","GB VAT TAX","GB VAT MISSING TRADER SALES","DET_TAX_RATE","","40","2007/01/06","GCO","","","","GB MISSING TRADER-TAX","N","2014/12/31","N","USER_DEFINED","","FIN_IMPL","2014/06/23 05:19:19.23","FIN_IMPL","2015/04/29 14:42:10.429","14D5B551DA180EEFE0536204548C714D","GB Missing Trader Sales","","","","","","","","","","","","","","","","","","","","GB VAT TAX STATUS","I","","",""
"GB VAT TAX","GB VAT TAX","GB VAT MTIC REV CHRGE PUR","DET_TAX_REGISTRATION","","31","2007/01/06","GCO","","","","GB MISSING TRADER-TAX","N","","Y","USER_DEFINED","","FIN_IMPL","2015/04/22 06:43:45.0","FIN_IMPL","2015/04/29 09:05:40.463","14D5B551DA150EEFE0536204548C714D","GB VAT Missing Trader Reverse Charge Purchase","","","","","","","N","","","","","","","","","","","","","","I","","",""
"GB VAT TAX","GB VAT TAX","GB VAT POS INTRA EU","DET_PLACE_OF_SUPPLY","","24","2015/01/01","GCO","","","","GB INTRA EU PURCHASE-VAT","N","2020/01/31","N","USER_DEFINED","","FIN_IMPL","2015/04/02 09:50:37.572","FIN_IMPL","2021/07/09 12:32:18.08","C5076C6C1CF57D43E0530264FD0A3DB5","GB VAT Place of Supply","","","","","","","N","","","","","","","","","","","","","","I","","",""
"GB VAT TAX","GB VAT TAX","GB VAT POS INTRA EU GOODS","DET_PLACE_OF_SUPPLY","","21","2015/04/22","GCO","","","","GB INTRA EU PURCHASE-VAT","N","2015/04/22","N","USER_DEFINED","","FIN_IMPL","2015/04/22 07:21:40.346","FIN_IMPL","2015/04/29 09:45:47.914","14D5B551DA150EEFE0536204548C714D","GB VAT POS INTRA EU GOODS","","","","","","","N","","","","","","","","","","","","","","I","","",""
"GB VAT TAX","GB VAT TAX","GB VAT POS NON INVENTORY SALES","DET_PLACE_OF_SUPPLY","","22","2015/01/01","GCO","","","","GB NON INV SALES","N","","Y","USER_DEFINED","","FIN_IMPL","2015/05/15 06:09:19.0","FIN_IMPL","2015/05/15 06:17:43.894","1619B3593D9B31BAE0536204548CBBD0","GB VAT POS NON INVENTORY SALES","","","","","","","N","","","","","","","","","","","","","","I","","",""
"GB VAT TAX","GB VAT TAX","GB VAT TAX APPLICABILITY","DET_APPLICABLE_TAXES","","10","1979/06/18","GCO","","","","GB VAT APPLICABILITY-TAX","N","1979/06/18","N","USER_DEFINED","","FIN_IMPL","2014/06/23 05:19:19.189","FIN_IMPL","2015/04/29 09:07:09.71","14D5B551DA150EEFE0536204548C714D","GB VAT Applicability","","","","","","","","","","","","","","","","","","","","","I","","",""
"GB VAT TAX","GB VAT TAX","GB VAT TAX B2B INTRA EU SERV","DET_TAX_RATE","","207","2010/01/01","GCO","","","","GB INTRA EU SRV SALES-TAX","N","2014/12/31","N","USER_DEFINED","","FIN_IMPL","2014/06/23 05:19:19.216","FIN_IMPL","2015/04/29 14:45:13.574","14D5B551DA180EEFE0536204548C714D","GB VAT B2B Intra EU Service","","","","","","","","","","","","","","","","","","","","GB VAT TAX STATUS","I","","",""
"GB VAT TAX","GB VAT TAX","GB VAT TAX MTIC REV CHRGE PUR","DET_TAX_REGISTRATION","","30","2007/01/06","GCO","","","","GB MISSING TRADER-TAX","N","2014/12/31","N","USER_DEFINED","","FIN_IMPL","2014/06/23 05:19:19.273","FIN_IMPL","2015/04/29 08:48:30.772","14D5B551DA150EEFE0536204548C714D","GB VAT Missing Trader Reverse Charge Purchase","","","","","","","","","","","","","","","","","","","","","I","","",""
"GB VAT TAX","GB VAT TAX","GB VAT TAX POS","DET_PLACE_OF_SUPPLY","","21","2003/01/01","GCO","","","","GB VAT PLACE OF SUPPLY-TAX","N","2014/12/31","N","USER_DEFINED","","FIN_IMPL","2014/06/23 05:19:19.159","FIN_IMPL","2015/04/23 11:52:38.857","146280DEF4F73F70E0536204548CE7EE","GB VAT Place of Supply","","","","","","","","","","","","","","","","","","","","","I","","",""
"GB VAT TAX","GB VAT TAX","GB VAT TAX POS 2010","DET_PLACE_OF_SUPPLY","","20","2010/01/01","GCO","","","","GB INTRA EU SRV PURCHASE-TAX","N","2014/12/31","N","USER_DEFINED","","FIN_IMPL","2014/06/23 05:19:19.13","FIN_IMPL","2015/04/29 14:38:51.0","14D5B551DA180EEFE0536204548C714D","GB VAT Place of Supply 2010","","","","","","","","","","","","","","","","","","","","","I","","",""
"GB VAT TAX","GB VAT TAX","GB VAT TAX RATE","DET_TAX_RATE","","216","1979/06/18","GCO","","","","GB VAT RATE-TAX","N","","Y","USER_DEFINED","","FIN_IMPL","2014/06/23 05:19:19.223","FIN_IMPL","2014/06/23 05:19:19.331","FC7AB6FDD95E5EDBE0436204548C22A0","GB VAT Rate","","","","","","","","","","","","","","","","","","","","GB VAT TAX STATUS","I","","",""
"GB VAT TAX","GB VAT TAX","GB VAT TAX RECOVERY RATE 1","DET_RECOVERY_RATE","STANDARD","10","1979/06/18","GCO","","","","GB VAT RECOVERY RATE TRN-TAX","N","2014/12/31","N","USER_DEFINED","","FIN_IMPL","2014/06/23 05:19:19.167","FIN_IMPL","2015/04/29 09:09:02.917","14D5B551DA150EEFE0536204548C714D","GB VAT Recovery Rate","","","","","","","","","","","","","","","","","","","","","I","","",""
"GB VAT TAX","GB VAT TAX","GB VAT TAX RECOVERY RATE 2","DET_RECOVERY_RATE","STANDARD","15","1979/06/18","GCO","","","","GB VAT RECOVERY RATE-TAX","N","2014/12/31","N","USER_DEFINED","","FIN_IMPL","2014/06/23 05:19:19.181","FIN_IMPL","2015/04/29 09:09:12.272","14D5B551DA150EEFE0536204548C714D","GB VAT Recovery Rate","","","","","","","","","","","","","","","","","","","","","I","","",""
"GB VAT TAX","GB VAT TAX","GB VAT TAX REGIS","DET_TAX_REGISTRATION","","5","2003/01/01","GCO","","","","GB VAT REGISTRATION-TAX","N","2014/12/31","N","USER_DEFINED","","FIN_IMPL","2014/06/23 05:19:19.264","FIN_IMPL","2015/04/29 09:03:12.0","14D5B551DA150EEFE0536204548C714D","GB VAT Registration","","","","","","","","","","","","","","","","","","","","","I","","",""
"GB VAT TAX","GB VAT TAX","GB VAT TAX REGIS 2010","DET_TAX_REGISTRATION","","11","2010/01/01","GCO","","","","GB INTRA EU SRV PURC GEO1-TAX","N","2010/01/01","N","USER_DEFINED","","FIN_IMPL","2014/06/23 05:19:19.254","FIN_IMPL","2015/04/29 08:47:05.029","14D5B551DA150EEFE0536204548C714D","GB VAT Registration 2010","","","","","","","","","","","","","","","","","","","","","I","","",""
"GB VAT TAX","GB VAT TAX","GB VAT TAX REGIS REVERSE CHRG","DET_TAX_REGISTRATION","","6","2015/01/01","GCO","","","","GB VAT REGIS - REV CHGR","N","2020/01/31","N","USER_DEFINED","","FIN_IMPL","2015/04/02 09:23:32.0","FIN_IMPL","2021/07/09 12:33:38.56","C5076C6C1CF57D43E0530264FD0A3DB5","GB VAT TAX REGIS REVERSE CHRG","","","","","","","N","","","","","","","","","","","","","","I","","",""
"India GST","CGST","IND_CGST_1PRS_EQ_SFS_01","DET_APPLICABLE_TAXES","","10","2019/01/01","GCO","","","","IND_CGST_1PRS_EQ_SFS_01","N","","Y","USER_DEFINED","PURCHASE_TRANSACTION","FIN_IMPL","2019/09/04 11:57:45.104","FIN_IMPL","2019/09/05 14:34:20.707","91CF9D1E87A7249AE053C390DF0A49AD","IND_CGST_1PRS_EQ_SFS_01","","","","","","","N","","","","","","","","","","","","","","I","","",""
"India GST","CGST","IND_CGST_2.5_RATE_AP_AR_RULE","DET_TAX_RATE","","10","2019/01/01","GCO","","","","IND_CGST_2.5_RATE_AP_AR_RULE","N","","Y","USER_DEFINED","","FIN_IMPL","2019/09/04 12:27:24.379","FIN_IMPL","2019/09/04 12:32:35.067","91B82F75A660FFB3E053C390DF0AF77A","IND_CGST_2.5_RATE_AP_AR_RULE","","","","","","","N","","","","","","","","","","","","","STANDARD","I","","",""
"India GST","CGST","IND_CGST_6_RATE_AP_AR_RULE","DET_TAX_RATE","","11","2019/01/01","GCO","","","","IND_CGST_6_RATE_AP_AR_RULE","N","","Y","USER_DEFINED","","FIN_IMPL","2019/09/04 12:41:25.656","FIN_IMPL","2019/09/04 12:46:02.929","91B82F75A660FFB3E053C390DF0AF77A","IND_CGST_6_RATE_AP_AR_RULE","","","","","","","N","","","","","","","","","","","","","STANDARD","I","","",""
"India GST","CGST","IND_CGST_AR_BFS_EQ_BTS_01","DET_APPLICABLE_TAXES","","11","2019/01/01","GCO","","","","IND_CGST_AR_BFS_EQ_BTS_01","N","","Y","USER_DEFINED","SALES_TRANSACTION","FIN_IMPL","2019/09/05 14:27:28.0","FIN_IMPL","2019/09/05 14:34:20.942","91CF9D1E87A7249AE053C390DF0A49AD","IND_CGST_AR_BFS_EQ_BTS_01","","","","","","","N","","","","","","","","","","","","","","I","","",""
"India GST","CGST","IND_CGST_PROD","DET_TAX_RATE","","12","2017/01/01","GCO","","","","INDIA_GST_HSN","N","","Y","USER_DEFINED","","FIN_IMPL","2019/12/04 11:21:02.033","FIN_IMPL","2019/12/04 11:24:31.19","98DF663A1B0D78ABE053C390DF0A87D3","IND_CGST_PROD","","","","","","","N","","","","","","","","","","","","","STANDARD","I","","",""
"India GST","IGST","IND_IGST_12_RATE_AP_AR_RULE","DET_TAX_RATE","","11","2019/01/01","GCO","","","","IND_IGST_12_RATE_AP_AR_RULE","N","","Y","USER_DEFINED","","FIN_IMPL","2019/09/04 12:37:20.348","FIN_IMPL","2019/09/04 12:41:04.296","91B82F75A660FFB3E053C390DF0AF77A","IND_IGST_12_RATE_AP_AR_RULE","","","","","","","N","","","","","","","","","","","","","STANDARD","I","","",""
"India GST","IGST","IND_IGST_1PRNS_NEQ_SFS_01","DET_APPLICABLE_TAXES","","1","2019/01/01","GCO","","","","IND_IGST_1PRNS_NEQ_SFS_01","N","","Y","USER_DEFINED","PURCHASE_TRANSACTION","FIN_IMPL","2019/09/04 10:36:54.0","FIN_IMPL","2019/09/06 06:48:33.206","91DCB24DFB400C4DE053C390DF0AF632","IND_IGST_1PRNS_NEQ_SFS_01","","","",""," Party Registration State is Not Equal to Ship From State for Purchase and AP and Not Prepayment","","N","","","","","","","","","","","","","","I","","",""
"India GST","IGST","IND_IGST_5_RATE_AP_AR_RULE","DET_TAX_RATE","","10","2019/01/01","GCO","","","","IND_IGST_5_RATE_AP_AR_RULE","N","","Y","USER_DEFINED","","FIN_IMPL","2019/09/04 11:51:25.29","FIN_IMPL","2019/09/04 11:56:41.543","91B82F75A660FFB3E053C390DF0AF77A","IND_IGST_5_RATE_AP_AR_RULE","","","","","","","N","","","","","","","","","","","","","STANDARD","I","","",""
"India GST","IGST","IND_IGST_AR_BFS_NOT_BTS_01","DET_APPLICABLE_TAXES","","2","2019/01/01","GCO","","","","IND_IGST_AR_BFS_NOT_BTS_01","N","","Y","USER_DEFINED","SALES_TRANSACTION","FIN_IMPL","2019/09/06 06:44:03.344","FIN_IMPL","2019/09/06 06:48:32.993","91DCB24DFB400C4DE053C390DF0AF632","IND_IGST_AR_BFS_NOT_BTS_01","","","","","","","N","","","","","","","","","","","","","","I","","",""
"India GST","IGST","IND_IGST_PROD","DET_TAX_RATE","","4","2017/01/01","GCO","","","","INDIA_GST_HSN","N","","Y","USER_DEFINED","","FIN_IMPL","2019/12/04 11:14:42.0","FIN_IMPL","2019/12/04 11:19:11.2","98DF663A1B0D78ABE053C390DF0A87D3","IND_IGST_PROD","","","","","","","N","","","","","","","","","","","","","STANDARD","I","","",""
"India GST","SGST","IND_SGST_1PRS_EQ_SFS_01","DET_APPLICABLE_TAXES","","10","2019/01/01","GCO","","","","IND_SGST_1PRS_EQ_SFS_01","N","","Y","USER_DEFINED","PURCHASE_TRANSACTION","FIN_IMPL","2019/09/04 12:17:49.999","FIN_IMPL","2019/09/06 06:43:54.804","91DCB24DFB400C4DE053C390DF0AF632","IND_SGST_1PRS_EQ_SFS_01","","","","","","","N","","","","","","","","","","","","","","I","","",""
"India GST","SGST","IND_SGST_2.5_RATE_AP_AR_RULE","DET_TAX_RATE","","10","2019/01/01","GCO","","","","IND_SGST_2.5_RATE_AP_AR_RULE","N","","Y","USER_DEFINED","","FIN_IMPL","2019/09/04 12:32:48.88","FIN_IMPL","2019/09/04 12:36:44.975","91B82F75A660FFB3E053C390DF0AF77A","IND_SGST_2.5_RATE_AP_AR_RULE","","","","","","","N","","","","","","","","","","","","","STANDARD","I","","",""
"India GST","SGST","IND_SGST_6_RATE_AP_AR_RULE","DET_TAX_RATE","","11","2019/01/01","GCO","","","","IND_SGST_6_RATE_AP_AR_RULE","N","","Y","USER_DEFINED","","FIN_IMPL","2019/09/04 12:46:07.764","FIN_IMPL","2019/09/04 12:48:51.03","91B82F75A660FFB3E053C390DF0AF77A","IND_SGST_6_RATE_AP_AR_RULE","","","","","","","N","","","","","","","","","","","","","STANDARD","I","","",""
"India GST","SGST","IND_SGST_AR_BFS_EQ_BTS_01","DET_APPLICABLE_TAXES","","11","2019/01/01","GCO","","","","IND_SGST_AR_BFS_EQ_BTS_01","N","","Y","USER_DEFINED","SALES_TRANSACTION","FIN_IMPL","2019/09/06 06:39:38.0","FIN_IMPL","2019/09/06 06:43:54.545","91DCB24DFB400C4DE053C390DF0AF632","IND_SGST_AR_BFS_EQ_BTS_01","","","","","","","N","","","","","","","","","","","","","","I","","",""
"India GST","SGST","IND_SGST_PROD","DET_TAX_RATE","","12","2017/01/01","GCO","","","","INDIA_GST_HSN","N","","Y","USER_DEFINED","","FIN_IMPL","2019/12/04 11:24:35.583","FIN_IMPL","2019/12/04 11:27:41.594","98DF663A1B0D78ABE053C390DF0A87D3","IND_SGST_PROD","","","","","","","N","","","","","","","","","","","","","STANDARD","I","","",""
"IT VAT TAX","IT VAT TAX","IT EXPORT SALES","DET_TAX_RATE","","800","2014/01/01","GCO","","","","IT VAT RATE EXPORT SALES","N","","Y","USER_DEFINED","","FIN_IMPL","2015/10/28 12:32:47.864","FIN_IMPL","2015/10/28 12:37:16.852","231F83DAC5586E92E053790B548CB8A4","IT EXPORT SALES","","","","","","","N","","","","","","","","","","","","","IT VAT TAX STATUS","I","","",""
"IT VAT TAX","IT VAT TAX","IT EXPORTS NON INV","DET_TAX_RATE","","850","2014/01/01","GCO","","","","IT EXPORTS NON INV","N","","Y","USER_DEFINED","","FIN_IMPL","2016/06/14 05:19:32.33","FIN_IMPL","2016/06/14 05:21:59.812","3533F2F41CE804ADE053CFFBE70A175B","IT Exports Non Inventory","","","","","","","N","","","","","","","","","","","","","IT VAT TAX STATUS","I","","",""
"IT VAT TAX","IT VAT TAX","IT INTRA EU SALES","DET_TAX_RATE","","700","2014/01/01","GCO","","","","IT VAT RATE TRN1-TAX","N","","Y","USER_DEFINED","","FIN_IMPL","2015/10/28 12:30:28.055","FIN_IMPL","2015/10/28 12:32:36.756","231F83DAC5586E92E053790B548CB8A4","IT INTRA EU SALES","","","","","","","N","","","","","","","","","","","","","IT VAT TAX STATUS","I","","",""
"IT VAT TAX","IT VAT TAX","IT INTRA EU SALES NON INV","DET_TAX_RATE","","750","2014/01/01","GCO","","","","IT INTRA EU SALES NON INV","N","","Y","USER_DEFINED","","FIN_IMPL","2016/06/14 05:09:27.555","FIN_IMPL","2016/06/14 05:19:05.665","3533F2F41CE804ADE053CFFBE70A175B","IT Intra EU Sales Non Inventory","","","","","","","N","","","","","","","","","","","","","IT VAT TAX STATUS","I","","",""
"IT VAT TAX","IT VAT TAX","IT NON STD RATE NON INV SALES","DET_TAX_RATE","","1300","2014/01/01","GCO","","","","IT NON STANDARD RATE NON INV","N","","Y","USER_DEFINED","","FIN_IMPL","2016/06/14 05:26:52.641","FIN_IMPL","2016/06/14 05:30:00.008","3533F2F41CE804ADE053CFFBE70A175B","IT NON Standard Rate Non Inv","","","","","","","N","","","","","","","","","","","","","IT VAT TAX STATUS","I","","",""
"IT VAT TAX","IT VAT TAX","IT VAT AP DOMESTIC VAT PLAFOND","DET_TAX_RATE","","100","2014/01/01","GCO","","","","IT VAT AP DOMESTIC VAT PLAFOND","N","","Y","USER_DEFINED","","FIN_IMPL","2015/10/28 12:18:26.434","FIN_IMPL","2015/10/28 12:20:16.809","231F83DAC5586E92E053790B548CB8A4","IT VAT AP DOMESTIC VAT PLAFOND","","","","","","","N","","","","","","","","","","","","","IT VAT TAX STATUS","I","","",""
"IT VAT TAX","IT VAT TAX","IT VAT APPLICABILITY","DET_APPLICABLE_TAXES","","100","2014/01/01","GCO","","","","IT VAT APPLICABILITY","N","","Y","USER_DEFINED","","FIN_IMPL","2015/10/28 11:31:34.659","FIN_IMPL","2016/06/10 11:36:17.626","34EB502EABAA7D1BE053CFFBE70A725D","IT VAT APPLICABILITY","","","","","","","N","","","","","","","","","","","","","","I","","",""
"IT VAT TAX","IT VAT TAX","IT VAT AR  VAT PLAFOND NON INV","DET_TAX_RATE","","1100","2014/01/01","GCO","","","","IT VAT AR VAT PLADOND NON INV","N","","Y","USER_DEFINED","","FIN_IMPL","2016/06/14 05:22:16.225","FIN_IMPL","2016/06/14 05:24:32.067","3533F2F41CE804ADE053CFFBE70A175B","IT VAT AR  VAT Plafond Non Inn","","","","","","","N","","","","","","","","","","","","","IT VAT TAX STATUS","I","","",""
"IT VAT TAX","IT VAT TAX","IT VAT AR DOMESTIC VAT PLAFOND","DET_TAX_RATE","","200","2014/01/01","GCO","","","","IT VAT AR DOMESTIC VAT PLAFOND","N","","Y","USER_DEFINED","","FIN_IMPL","2015/10/28 12:20:23.928","FIN_IMPL","2015/10/28 12:27:59.708","231F83DAC5586E92E053790B548CB8A4","IT VAT AR DOMESTIC VAT PLAFOND","","","","","","","N","","","","","","","","","","","","","IT VAT TAX STATUS","I","","",""
"IT VAT TAX","IT VAT TAX","IT VAT AR SALES DEFERR NON INV","DET_TAX_RATE","","1200","2014/01/01","GCO","","","","IT VAT AR SALES DEFERR NON INV","N","","Y","USER_DEFINED","","FIN_IMPL","2016/06/14 05:24:41.931","FIN_IMPL","2016/06/14 05:26:43.292","3533F2F41CE804ADE053CFFBE70A175B","IT VAT AR Sales Deferr Non Inv","","","","","","","N","","","","","","","","","","","","","IT VAT TAX STATUS","I","","",""
"IT VAT TAX","IT VAT TAX","IT VAT POS INTRA EU","DET_PLACE_OF_SUPPLY","","10","2014/01/01","GCO","","","","IT INTRA EU PURCHASE-VAT","N","","Y","USER_DEFINED","","FIN_IMPL","2015/10/28 11:27:27.0","FIN_IMPL","2015/10/28 11:30:55.996","231F83DAC5586E92E053790B548CB8A4","IT VAT POS INTRA EU","","","","","","","N","","","","","","","","","","","","","","I","","",""
"IT VAT TAX","IT VAT TAX","IT VAT POS NON INVENTORY SALES","DET_PLACE_OF_SUPPLY","","200","2014/01/01","GCO","","","","IT NON INV SALES","N","","Y","USER_DEFINED","","FIN_IMPL","2016/06/14 05:01:55.0","FIN_IMPL","2016/06/14 05:05:30.488","3533F2F41CE804ADE053CFFBE70A175B","IT VAT POS Non Inventory Sales","","","","","","","N","","","","","","","","","","","","","","I","","",""
"IT VAT TAX","IT VAT TAX","IT VAT SALES DEFERRED RATE","DET_TAX_RATE","","600","2014/01/01","GCO","","","","IT VAT SALES DEFERRED RATE","N","","Y","USER_DEFINED","","FIN_IMPL","2015/10/28 12:28:12.859","FIN_IMPL","2015/10/28 12:30:11.73","231F83DAC5586E92E053790B548CB8A4","IT VAT SALES DEFERRED RATE","","","","","","","N","","","","","","","","","","","","","IT VAT TAX STATUS","I","","",""
"IT VAT TAX","IT VAT TAX","IT VAT TAX RATE","DET_TAX_RATE","","1000","2014/01/01","GCO","","","","IT VAT RATE-TAX","N","","Y","USER_DEFINED","","FIN_IMPL","2015/10/28 12:37:29.352","FIN_IMPL","2015/10/28 12:41:59.903","231F83DAC5586E92E053790B548CB8A4","IT VAT TAX RATE","","","","","","","N","","","","","","","","","","","","","IT VAT TAX STATUS","I","","",""
"IT VAT TAX","IT VAT TAX","IT VAT TAX REGIS REVERSE CHRG","DET_TAX_REGISTRATION","","100","2014/01/01","GCO","","","","IT VAT REGIS - REV CHRG","N","","Y","USER_DEFINED","","FIN_IMPL","2015/10/28 12:16:05.89","FIN_IMPL","2015/10/28 12:17:56.29","231F83DAC5586E92E053790B548CB8A4","IT VAT TAX REGIS REVERSE CHRG","","","","","","","N","","","","","","","","","","","","","","I","","",""
"WHT-JAPAN BUSINESS UNIT","WHT-JAPAN BUSINESS UNIT TAX","JP HOSHU","DET_DIRECT_RATE_STCC","","1","2000/01/01","OU","","Japan Business Unit","","WHTSTCC","N","","Y","USER_DEFINED","","FIN_IMPL","2015/07/27 21:15:42.226316","FIN_IMPL","2015/07/27 21:15:42.226316","0","Jp Hoshu","","","","","","","","","","","","","","","","","","","1","","W","","",""
"JP CT","JP CT","JP NON TAXABLE","DET_TAX_RATE","","8","2000/01/01","GCO","","","","JP_STCC","N","","Y","USER_DEFINED","","FIN_IMPL","2015/04/14 10:29:08.745","FIN_IMPL","2015/04/14 10:30:50.68","13A7954906B80893E0536204548C3FE4","JP Non Taxable","","","","Japan Consumption Tax","JP Non Taxable
","","N","","","","","","","","","","","","","STANDARD","I","","",""
"JP CT","JP CT","JP TAX EXEMPT","DET_TAX_RATE","","6","2000/01/01","GCO","","","","JP_STCC","N","","Y","USER_DEFINED","","FIN_IMPL","2015/04/13 14:50:10.0","FIN_IMPL","2015/04/13 14:54:53.714","139781FD3A793D51E0536204548CB199","JP Tax Exempt","","","","Japan Consumption Tax","JP Tax Exempt
","","N","","","","","","","","","","","","","STANDARD","I","","",""
"JP CT","JP CT","JP TAX FREE","DET_TAX_RATE","","7","2000/01/01","GCO","","","","JP_STCC","N","","Y","USER_DEFINED","SALES_TRANSACTION","FIN_IMPL","2015/04/14 10:26:13.668","FIN_IMPL","2015/04/14 10:28:16.002","13A7954906B80893E0536204548C3FE4","JP Tax Free","","","","Japan Consumption Tax","JP Tax Free
","","N","","","","AR","","","","","TRANSACTIONS","INVOICE","","","STANDARD","I","","","I"
"JP CT","JP CT","JP TAX FREE","DET_APPLICABLE_TAXES","","7","2000/01/01","GCO","","","","JP_STCC","N","","Y","USER_DEFINED","SALES_TRANSACTION","FIN_IMPL","2015/04/14 10:21:33.0","FIN_IMPL","2015/04/14 10:24:16.328","13A7954906B80893E0536204548C3FE4","JP Tax Free","","","","Japan Consumption Tax","JP Tax Free
","","N","","","","AR","","","","","TRANSACTIONS","INVOICE","","","","I","","","I"
"JP CT","JP CT","JP TAXABLE SALES","DET_TAX_RATE","","5","2000/01/01","GCO","","","","JP_STCC","N","","Y","USER_DEFINED","SALES_TRANSACTION","FIN_IMPL","2015/04/13 08:53:35.0","FIN_IMPL","2015/04/13 08:56:32.865","139781FD3A783D51E0536204548CB199","JP Taxable Sales","","","","Japan Consumption Tax","JP Taxable Sales
","","N","","","","AR","","","","","TRANSACTIONS","INVOICE","","","STANDARD","I","","","I"
"NL VAT TAX","NL VAT TAX","NL EXPORT SALES","DET_TAX_RATE","","215","2015/01/01","GCO","","","","NL VAT RATE EXPORT SALES","N","","Y","USER_DEFINED","","FIN_IMPL","2016/10/18 07:06:23.652","FIN_IMPL","2016/10/18 07:09:54.533","3F1E3BFF34DB1B5AE0537AA3FD0A4F5F","NL Export Sales VAT Rate","","","","","","","N","","","","","","","","","","","","","NL VAT TAX STATUS","I","","",""
"NL VAT TAX","NL VAT TAX","NL INTRA EU SALES","DET_TAX_RATE","","214","2015/01/01","GCO","","","","NL VAT RATE EU SALES","N","","Y","USER_DEFINED","","FIN_IMPL","2016/10/18 07:03:29.922","FIN_IMPL","2016/10/18 07:06:10.284","3F1E3BFF34DB1B5AE0537AA3FD0A4F5F","NL Intra EU  Sales  VAT Rate","","","","","","","N","","","","","","","","","","","","","NL VAT TAX STATUS","I","","",""
"NL VAT TAX","NL VAT TAX","NL TBA VAT RATE_LINE CLASS","DET_TAX_BOX","","10","2015/01/01","GCO","","","","NL TBA RATE CODE LINE CLASS","N","","Y","USER_DEFINED","","JAMES.BIRD","2016/10/19 05:34:26.177","JAMES.BIRD","2016/10/19 05:37:45.453","3F30CC2F73F5344BE0537AA3FD0A7845","NL TBA based on VAT Rate and Line Class","","","","","","","N","","","","","","","","","","","","","","I","NL TBA PERIODIC TAX BOXES","PERIODIC",""
"NL VAT TAX","NL VAT TAX","NL VAT APPLICABILITY","DET_APPLICABLE_TAXES","","10","2015/01/01","GCO","","","","NL VAT APPLICABILITY","N","","Y","USER_DEFINED","","FIN_IMPL","2016/10/18 06:52:25.0","FIN_IMPL","2016/10/18 08:01:02.0","3F1E3BFF34DB1B5AE0537AA3FD0A4F5F","NL VAT Applicability","","","","","","","N","","","","","","","","","","","","","","I","","",""
"NL VAT TAX","NL VAT TAX","NL VAT POS INTRA EU","DET_PLACE_OF_SUPPLY","","20","2015/01/01","GCO","","","","NL INTRA EU PURCHASE-VAT","N","","Y","USER_DEFINED","","FIN_IMPL","2016/10/18 06:56:12.831","FIN_IMPL","2016/10/18 06:58:00.553","3F1E3BFF34DB1B5AE0537AA3FD0A4F5F","NL VAT Place of Supply","","","","","","","N","","","","","","","","","","","","","","I","","",""
"NL VAT TAX","NL VAT TAX","NL VAT TAX RATE","DET_TAX_RATE","","245","2015/01/01","GCO","","","","NL VAT RATE-TAX","N","","Y","USER_DEFINED","","FIN_IMPL","2016/10/18 07:10:08.524","FIN_IMPL","2016/10/18 07:12:43.546","3F1E3BFF34DB1B5AE0537AA3FD0A4F5F","NL VAT Rate","","","","","","","N","","","","","","","","","","","","","NL VAT TAX STATUS","I","","",""
"NL VAT TAX","NL VAT TAX","NL VAT TAX REGIS REVERSE CHRG","DET_TAX_REGISTRATION","","5","2015/01/01","GCO","","","","NL VAT REGIS - REV CHGR","N","","Y","USER_DEFINED","","FIN_IMPL","2016/10/18 07:01:04.229","FIN_IMPL","2016/10/18 07:03:03.398","3F1E3BFF34DB1B5AE0537AA3FD0A4F5F","NL VAT Registration","","","","","","","N","","","","","","","","","","","","","","I","","",""
"INDIA TDS","194C 2% OTHERS","PREPAYMENT 194C 2%","DET_APPLICABLE_TAXES","","3","2019/04/01","GCO","","","","PREPAYMENT AP 194C 2%","N","","Y","USER_DEFINED","PURCHASE_PREPAYMENTTRANSACTION","FIN_IMPL","2021/11/18 10:28:58.0","FIN_IMPL","2021/11/18 10:35:19.211","D040314174E162E9E0530264FD0AEF04","PREPAYMENT 194C 2%","","","","","","","N","","","","AP","","","","","AP_INVOICES","PREPAYMENT INVOICES","","","","W","","","W"
"US SALES AND USE TAX","COUNTY","SELF ASSESSMENT TAX","DET_TAX_REGISTRATION","","10","2000/01/01","GCO","","","","SELF ASSESSMENT TAX US","N","","Y","USER_DEFINED","","FIN_IMPL","2016/09/13 08:27:14.0","FIN_IMPL","2016/09/13 08:28:50.355","3C6047582C333012E0537AA3FD0A7294","Self Assessment Tax","","","","","","","N","","","","","","","","","","","","","","I","","",""
"US SALES AND USE TAX","CITY","SELF ASSESSMENT TAX","DET_TAX_REGISTRATION","","10","2000/01/01","GCO","","","","SELF ASSESSMENT TAX US","N","","Y","USER_DEFINED","","FIN_IMPL","2016/09/13 08:44:31.254","FIN_IMPL","2016/09/13 08:45:49.443","3C604854138704CDE0537AA3FD0A8724","Self Assessment Tax","","","","","","","N","","","","","","","","","","","","","","I","","",""
"US SALES AND USE TAX","STATE","SELF ASSESSMENT TAX","DET_TAX_REGISTRATION","","10","2000/01/01","GCO","","","","SELF ASSESSMENT TAX US","N","","Y","USER_DEFINED","","FIN_IMPL","2016/09/13 08:42:52.343","FIN_IMPL","2016/09/13 08:44:26.466","3C604854137504CDE0537AA3FD0A8724","Self Assessment Tax","","","","","","","N","","","","","","","","","","","","","","I","","",""
"US SALES AND USE TAX","CITY","US_IMPORT_EXE_CITY","DET_APPLICABLE_TAXES","","10","2001/01/01","GCO","","","","US_IMPORT_EXE_CITY","N","","Y","USER_DEFINED","","FIN_IMPL","2014/09/25 12:15:12.2","FIN_IMPL","2014/09/25 12:17:46.099","03E22800784159C6E0536204548CD291","US IMPORT EXEMPTION CITY TAX","","","","","","","N","","","","","","","","","","","","","","I","","",""
"US SALES AND USE TAX","COUNTY","US_IMPORT_EXE_PURCHASE_COUNTY","DET_APPLICABLE_TAXES","","10","2001/01/01","GCO","","","","US_IMPORT_EXE_PURCHASE_COUNTY","N","","Y","USER_DEFINED","","FIN_IMPL","2014/09/25 12:06:35.0","FIN_IMPL","2014/09/25 12:12:16.322","03E22800784159C6E0536204548CD291","US IMPORT EXEMPTION PURCHASE COUNTY","","","","","","","N","","","","","","","","","","","","","","I","","",""
"US SALES AND USE TAX","STATE","US_IMPORT_EXE_STATE","DET_APPLICABLE_TAXES","","10","2001/01/01","GCO","","","","US_IMPORT_EXE_STATE","N","","Y","USER_DEFINED","","FIN_IMPL","2014/09/25 12:12:29.066","FIN_IMPL","2014/09/25 12:15:07.725","03E22800784159C6E0536204548CD291","US IMPORT EXEMPTION STATE TAX","","","","","","","N","","","","","","","","","","","","","","I","","",""
"US SALES AND USE TAX","CITY","US_JVM_AR_EXE_CITY","DET_APPLICABLE_TAXES","","11","2019/01/01","GCO","","","","US_JVM_AR_EXEMPT","N","","Y","USER_DEFINED","SALES_TRANSACTION","FIN_IMPL","2020/07/31 11:16:19.0","FIN_IMPL","2020/07/31 11:26:04.694","ABBB5BC0873CE76CE0539E90DF0A8F0F","US JVM AR EXEMPT TAX CITY","","","","","","","N","","","","AR","","","","","TRANSACTIONS","INVOICE","","","","I","","","I"
"US SALES AND USE TAX","COUNTY","US_JVM_AR_EXE_COUNTY","DET_APPLICABLE_TAXES","","11","2019/01/01","GCO","","","","US_JVM_AR_EXEMPT","N","","Y","USER_DEFINED","SALES_TRANSACTION","FIN_IMPL","2021/02/24 06:06:26.0","FIN_IMPL","2021/02/24 06:10:11.017","BC0F97E857C37572E0539E90DF0A0325","US_JVM_AR_EXE_COUNTY","","","","","","","N","","","","AR","","","","","TRANSACTIONS","INVOICE","","","","I","","","I"
"US SALES AND USE TAX","STATE","US_JVM_AR_EXE_STATE","DET_APPLICABLE_TAXES","","11","2019/01/01","GCO","","","","US_JVM_AR_EXEMPT","N","","Y","USER_DEFINED","SALES_TRANSACTION","FIN_IMPL","2020/07/31 11:26:27.756","FIN_IMPL","2020/07/31 11:29:31.271","ABBB5BC0873CE76CE0539E90DF0A8F0F","US JVM AR EXEMPT TAX STATE","","","","","","","N","","","","AR","","","","","TRANSACTIONS","INVOICE","","","","I","","","I"
"WHT-AUSTRALIA COUNCIL","ZXC_MANUAL_AWT","ZXC_MANUAL_AWT","DET_DIRECT_RATE_STCC","","1","2017/01/01","OU","","AU Council Business Unit","","WHTSTCC","N","","Y","USER_DEFINED","","FIN_IMPL","2021/02/12 09:49:59.60414","FIN_IMPL","2021/02/12 09:49:59.60414","0","Zxc_Manual_Awt","","","","","","","","","","","","","","","","","","","1","","W","","",""
