<MigrationProcessCSVMetadataVO>
   <MigrationProcessCSVMetadataVORow>
      <ProcessId>-999</ProcessId>
      <ProcessName>Manage Reference Data Sets_20230830_031601_915</ProcessName>
      <ProcessDescription>Manage Reference Data Sets_20230830_031601_915</ProcessDescription>
      <ProcessDate>2023-08-30 03:16:36.432</ProcessDate>
      <ObjectShortName>FND_MANAGE_REFERENCE_DATA_SETS</ObjectShortName>
      <ObjectType>TASK</ObjectType>
      <CreatedByFlow>TASK_CSV_SERVICE</CreatedByFlow>
      <MigrationProcessBusinessObjectCSVMetadata1>
         <MigrationProcessBusinessObjectCSVMetadataVORow>
            <ProcessId>-999</ProcessId>
            <BusinessObjectShortName>FND_APP_REFERENCE_DATA_SET</BusinessObjectShortName>
            <BatchName>4fd031b9-414e-43ee-8a82-1610825404f3/FND_APP_REFERENCE_DATA_SET/SetIdSet</BatchName>
            <XmlAttributeList>SetCode,SetName,Description,CreatedBy,CreationDate,LastUpdatedBy,LastUpdateDate,LastUpdateLogin</XmlAttributeList>
            <XmlAttributeTypeList>string,string,string,string,dateTime,string,dateTime,string</XmlAttributeTypeList>
            <XmlNodePath>/SetIdSetVO/SetIdSetVORow</XmlNodePath>
            <NodeSequence>1</NodeSequence>
         </MigrationProcessBusinessObjectCSVMetadataVORow>
      </MigrationProcessBusinessObjectCSVMetadata1>
      <MigrationProcessBatchCSVMetadata>
         <MigrationProcessBatchCSVMetadataVORow>
            <ProcessId>-999</ProcessId>
            <BatchName>4fd031b9-414e-43ee-8a82-1610825404f3/FND_APP_REFERENCE_DATA_SET/SetIdSet</BatchName>
            <ImportSequence>0</ImportSequence>
            <ServiceName>oracle.apps.fnd.applcore.setid.webservice.SetIdWS</ServiceName>
            <BatchSize>500</BatchSize>
         </MigrationProcessBatchCSVMetadataVORow>
      </MigrationProcessBatchCSVMetadata>
      <MigrationProcessScopeValueCSVMetadata null="true"/>
      <MigrationProcessMigrationObjectCSVMetadata>
         <MigrationProcessMigrationObjectCSVMetadataVORow>
            <ProcessId>-999</ProcessId>
            <BusinessObjectShortName>FND_APP_REFERENCE_DATA_SET</BusinessObjectShortName>
            <MigrateFlag>Y</MigrateFlag>
            <IncludeExternalDataFlag>Y</IncludeExternalDataFlag>
         </MigrationProcessMigrationObjectCSVMetadataVORow>
      </MigrationProcessMigrationObjectCSVMetadata>
      <MigrationProcessTaskCSVMetadata null="true"/>
      <MigrationProcessServiceVersionCSVMetadata null="true"/>
   </MigrationProcessCSVMetadataVORow>
</MigrationProcessCSVMetadataVO>