"SetCode","SetName","Description","CreatedBy","CreationDate","LastUpdatedBy","LastUpdateDate","LastUpdateLogin"
"AEBUSET","UAE Business Unit Set","UAE Business Unit Set","CUSTOMIZED_USER","2015/12/16 17:03:06.134","CUSTOMIZED_USER","2015/12/17 17:19:33.043","270E300465FB3CFFE053790B548C621D"
"AEDEPT","UAE Department Set","UAE Department Set","CUSTOMIZED_USER","2015/12/16 17:05:19.569","CUSTOMIZED_USER","2015/12/16 17:07:48.489","27012C587BF6062CE053790B548CD711"
"AELOCS","UAE Location Set","UAE Location Set","CUSTOMIZED_USER","2015/12/16 17:04:49.393","CUSTOMIZED_USER","2015/12/16 17:07:48.474","27012C587BF6062CE053790B548CD711"
"ARBUSET","Argentina Business Unit Set","Argentina Business Unit Set","CUSTOMIZED_USER","2016/04/14 11:35:24.148","CUSTOMIZED_USER","2016/04/14 11:35:35.465","306BDD7738BF3435E053790B548C452F"
"ARDEPT","Argentina Department Set","Argentina Department Set","CUSTOMIZED_USER","2016/04/14 11:35:10.321","CUSTOMIZED_USER","2016/04/14 11:35:35.451","306BDD7738BF3435E053790B548C452F"
"ARLOCS","Argentina Location Set","Argentina Location Set","CUSTOMIZED_USER","2016/04/14 11:34:57.886","CUSTOMIZED_USER","2016/04/14 11:35:35.434","306BDD7738BF3435E053790B548C452F"
"ATBUSET","Austria Business Unit Set","Austria Business Unit Set","CUSTOMIZED_USER","2015/12/16 13:02:40.003","CUSTOMIZED_USER","2015/12/16 13:05:15.659","27012C587BF6062CE053790B548CD711"
"ATDEPT","Austria Department Set","Austria Department Set","CUSTOMIZED_USER","2015/12/16 13:04:17.275","CUSTOMIZED_USER","2015/12/16 17:10:10.023","27012C587BF6062CE053790B548CD711"
"ATLOCS","Austria Location Set","Austria Location Set","CUSTOMIZED_USER","2015/12/16 13:03:31.616","CUSTOMIZED_USER","2015/12/16 17:10:10.105","27012C587BF6062CE053790B548CD711"
"AUBUSET","Australia BU Set","Australia Business Unit Set","CUSTOMIZED_USER","2013/11/22 16:30:57.297","CUSTOMIZED_USER","2013/11/22 16:34:07.875","EBC6B46106D752F2E0436204548C9D51"
"AUDEPTS","Australia Department Set","Australia Department Set","CUSTOMIZED_USER","2013/11/22 16:37:17.356","CUSTOMIZED_USER","2013/11/22 16:40:17.04","EBC7AB543999563FE0436204548C66A0"
"AUHEDBUSET","Higher Ed AU BU Set","Higher Ed AU Business Unit Set","CUSTOMIZED_USER","2019/09/10 15:50:58.232","CUSTOMIZED_USER","2019/09/10 15:53:03.734","9235CD237F1ED5D3E053C390DF0AD12A"
"AUHEDDEPTSET","Higher Ed AU Department Set","Higher Ed AU Department Set","CUSTOMIZED_USER","2019/09/10 15:51:30.868","CUSTOMIZED_USER","2019/09/10 15:53:03.797","9235CD237F1ED5D3E053C390DF0AD12A"
"AUHEDGRADESET","Higher Ed AU Grade Set","Higher Ed AU Grade Set","CUSTOMIZED_USER","2019/09/10 15:51:41.935","CUSTOMIZED_USER","2019/09/10 15:53:03.817","9235CD237F1ED5D3E053C390DF0AD12A"
"AUHEDJOBSET","Higher Ed AU Job Set","Higher Ed AU Job Set","CUSTOMIZED_USER","2019/09/10 15:52:03.313","CUSTOMIZED_USER","2019/09/10 15:53:03.837","9235CD237F1ED5D3E053C390DF0AD12A"
"AUHEDLOCSET","Higher Ed AU Location Set","Higher Ed AU Location Set","CUSTOMIZED_USER","2019/09/10 15:52:17.395","CUSTOMIZED_USER","2019/09/10 15:53:03.928","9235CD237F1ED5D3E053C390DF0AD12A"
"AULOCS","Australia Location Set","Australia Location Set","CUSTOMIZED_USER","2013/11/22 16:34:42.168","CUSTOMIZED_USER","2013/11/22 16:36:45.733","EBC6B46106D752F2E0436204548C9D51"
"BEBUSET","Belgium BU Set","Belgium Business Unit Set","CUSTOMIZED_USER","2015/06/09 13:16:13.003","CUSTOMIZED_USER","2015/06/09 13:16:40.854","1816622BB7013242E0536204548C0E69"
"BEDEPTS","Belgium Department Set","Belgium Department Set","CUSTOMIZED_USER","2015/06/09 13:18:49.032","CUSTOMIZED_USER","2015/06/09 13:19:06.493","1816622BB7013242E0536204548C0E69"
"BELOCS","Belgium Location Set","Belgium Location Set","CUSTOMIZED_USER","2015/06/09 13:18:27.003","CUSTOMIZED_USER","2015/06/09 13:19:06.479","1816622BB7013242E0536204548C0E69"
"BHBUSET","Bahrain Business Unit Set","Bahrain Business Unit Set","CUSTOMIZED_USER","2015/12/17 17:16:05.25","CUSTOMIZED_USER","2015/12/17 17:19:52.21","271ADE5CDF657DD5E053790B548C3E2B"
"BHDEPT","Bahrain Department Set","Bahrain Department Set","CUSTOMIZED_USER","2015/12/17 17:16:56.68","CUSTOMIZED_USER","2015/12/17 17:19:52.229","271ADE5CDF657DD5E053790B548C3E2B"
"BHLOCS","Bahrain Location Set","Bahrain Location Set","CUSTOMIZED_USER","2015/12/17 17:18:07.323","CUSTOMIZED_USER","2015/12/17 17:19:52.243","271ADE5CDF657DD5E053790B548C3E2B"
"BRBUSET","Brazil BU Set","Brazil Business Unit Set","CUSTOMIZED_USER","2015/05/26 13:23:01.707","CUSTOMIZED_USER","2015/05/26 13:24:03.156","16FCEFB32C4C6DAEE0536204548C8B66"
"BRDEPTS","Brazil Department Set","Brazil Department Set","CUSTOMIZED_USER","2015/05/26 13:23:20.947","CUSTOMIZED_USER","2015/05/26 13:24:03.172","16FCEFB32C4C6DAEE0536204548C8B66"
"BRLOCS","Brazil Location Set","Brazil Location Set","CUSTOMIZED_USER","2015/05/26 13:23:40.23","CUSTOMIZED_USER","2015/05/26 13:24:03.186","16FCEFB32C4C6DAEE0536204548C8B66"
"CABUSET","Canada BU Set","Canada Business Unit Set","CUSTOMIZED_USER","2013/12/20 03:28:53.57","CUSTOMIZED_USER","2013/12/20 03:32:11.009","EDEFADA5289B4C18E0436204548C783F"
"CADEPTS","Canada Department Set","Canada Department Set","CUSTOMIZED_USER","2013/12/20 03:27:59.879","CUSTOMIZED_USER","2013/12/20 03:32:11.007","EDEFADA5289B4C18E0436204548C783F"
"CALOCS","Canada Location Set","Canada Location Set","CUSTOMIZED_USER","2013/12/20 03:27:22.864","CUSTOMIZED_USER","2013/12/20 03:32:11.003","EDEFADA5289B4C18E0436204548C783F"
"CHBUSET","Switzerland BU Set","Switzerland Business Unit Set","CUSTOMIZED_USER","2015/06/12 14:11:03.818","CUSTOMIZED_USER","2015/06/12 14:15:16.419","18533CFD872B5FAEE0536204548C0494"
"CHDEPTS","Switzerland Department Set","Switzerland Department Set","CUSTOMIZED_USER","2015/06/12 14:11:24.162","CUSTOMIZED_USER","2015/06/12 14:15:16.445","18533CFD872B5FAEE0536204548C0494"
"CHLOCS","Switzerland Location Set","Switzerland Location Set","CUSTOMIZED_USER","2015/06/12 14:11:59.768","CUSTOMIZED_USER","2015/06/12 14:15:16.461","18533CFD872B5FAEE0536204548C0494"
"CLBUSET","Chile Business Unit Set","Chile Business Unit Set","CUSTOMIZED_USER","2016/04/12 03:15:53.934","CUSTOMIZED_USER","2016/04/12 03:16:15.19","304207F4507E3210E053790B548C1C9F"
"CLDEPT","Chile Department Set","Chile Department Set","CUSTOMIZED_USER","2016/04/12 03:15:33.163","CUSTOMIZED_USER","2016/04/12 03:16:15.176","304207F4507E3210E053790B548C1C9F"
"CLLOCS","Chile Location Set","Chile Location Set","CUSTOMIZED_USER","2016/04/12 03:15:10.835","CUSTOMIZED_USER","2016/04/12 03:16:15.159","304207F4507E3210E053790B548C1C9F"
"CNBUSET","China BU Set","China Business Unit Set","CUSTOMIZED_USER","2013/10/24 21:37:53.069","CUSTOMIZED_USER","2013/10/24 21:41:03.061","E983F46D8E614E45E0436204548CCF41"
"CNDEPTS","China Department Set","China Department Set","CUSTOMIZED_USER","2013/11/22 16:38:20.956","CUSTOMIZED_USER","2013/11/22 16:40:17.044","EBC7AB543999563FE0436204548C66A0"
"CNLOCS","China Location Set","China Location Set","CUSTOMIZED_USER","2013/11/22 16:35:56.934","CUSTOMIZED_USER","2013/11/22 16:36:45.735","EBC6B46106D752F2E0436204548C9D51"
"COBUSET","Colombia Business Unit Set","Colombia Business Unit Set","CUSTOMIZED_USER","2016/04/13 05:50:42.243","CUSTOMIZED_USER","2016/04/13 05:51:28.382","3057E712626540AEE053790B548C8BF8"
"CODEPT","Colombia Department Set","Colombia Department Set","CUSTOMIZED_USER","2016/04/13 05:50:29.902","CUSTOMIZED_USER","2016/04/13 05:51:28.367","3057E712626540AEE053790B548C8BF8"
"COLOCS","Colombia Location Set","Colombia Location Set","CUSTOMIZED_USER","2016/04/13 05:50:13.162","CUSTOMIZED_USER","2016/04/13 05:51:28.352","3057E712626540AEE053790B548C8BF8"
"COMMERCIALJOB","Commercial Job Set","Commercial Job Set","CUSTOMIZED_USER","2013/10/24 21:35:58.675","CUSTOMIZED_USER","2013/10/24 21:41:03.055","E983F46D8E614E45E0436204548CCF41"
"COMMERCIAL_GRADE","Commercial Grades Set","Commercial Grades Set","CUSTOMIZED_USER","2016/04/21 10:59:22.843","CUSTOMIZED_USER","2016/04/21 10:59:57.371","30FCBEBDD57D69F9E053790B548CB692"
"CONSERV","Consulting Services Set","Consulting Services Set","CUSTOMIZED_USER","2013/11/04 17:45:21.485","CUSTOMIZED_USER","2013/11/04 17:45:31.897","EA5E35E99D084986E0436204548CEED5"
"CUSTSITE","Customer Site Set","Customer Site Set","CUSTOMIZED_USER","2013/10/29 18:10:28.041","CUSTOMIZED_USER","2013/10/29 18:10:43.089","E9DC5ACF5F1564BFE0436204548CD48F"
"CZBUSET","Czech Business Unit Set","Czech Business Unit Set","CUSTOMIZED_USER","2016/04/16 09:04:56.354","CUSTOMIZED_USER","2016/04/16 09:05:14.673","30933E0769576FE9E053790B548C4129"
"CZDEPT","Czech Department Set","Czech Department Set","CUSTOMIZED_USER","2016/04/16 09:04:40.919","CUSTOMIZED_USER","2016/04/16 09:05:14.647","30933E0769576FE9E053790B548C4129"
"CZLOCS","Czech Location Set","Czech Location Set","CUSTOMIZED_USER","2016/04/16 09:04:26.003","CUSTOMIZED_USER","2016/04/16 09:05:14.634","30933E0769576FE9E053790B548C4129"
"DEBUSET","Germany BU Set","Germany Business Unit Set","CUSTOMIZED_USER","2013/12/06 22:43:35.629","CUSTOMIZED_USER","2013/12/06 22:47:45.673","ECE57D9BE9CE74C7E0436204548CBC8E"
"DEDEPTS","Germany Department Set","Germany Department Set","CUSTOMIZED_USER","2013/12/06 22:40:32.119","CUSTOMIZED_USER","2013/12/06 22:47:45.67","ECE57D9BE9CE74C7E0436204548CBC8E"
"DELOCS","Germany Location Set","Germany Location Set","CUSTOMIZED_USER","2013/12/06 22:46:31.773","CUSTOMIZED_USER","2013/12/06 22:47:45.677","ECE57D9BE9CE74C7E0436204548CBC8E"
"DKBUSET","Denmark BU Set","Denmark Business Unit Set","CUSTOMIZED_USER","2015/05/26 13:32:37.269","CUSTOMIZED_USER","2015/05/26 13:33:40.295","16FCEFB32C4C6DAEE0536204548C8B66"
"DKDEPTS","Denmark Department Set","Denmark Department Set","CUSTOMIZED_USER","2015/05/26 13:32:58.28","CUSTOMIZED_USER","2015/05/26 13:33:40.312","16FCEFB32C4C6DAEE0536204548C8B66"
"DKLOCS","Denmark Location Set","Denmark Location Set","CUSTOMIZED_USER","2015/05/26 13:33:20.978","CUSTOMIZED_USER","2015/05/26 13:33:40.325","16FCEFB32C4C6DAEE0536204548C8B66"
"DZBUSET","Algeria Business Unit Set","Algeria Business Unit Set","CUSTOMIZED_USER","2016/04/16 10:21:50.164","CUSTOMIZED_USER","2016/04/16 10:22:00.967","30933E0769576FE9E053790B548C4129"
"DZDEPT","Algeria Department Set","Algeria Department Set","CUSTOMIZED_USER","2016/04/16 10:21:37.641","CUSTOMIZED_USER","2016/04/16 10:22:00.953","30933E0769576FE9E053790B548C4129"
"DZLOCS","Algeria Location Set","Algeria Location Set","CUSTOMIZED_USER","2016/04/16 10:21:29.002","CUSTOMIZED_USER","2016/04/16 10:22:00.939","30933E0769576FE9E053790B548C4129"
"E360CHBUSET","E360 CH BU SET","E360 CH Business Unit Set","CUSTOMIZED_USER","2019/08/27 07:45:37.186","CUSTOMIZED_USER","2019/08/27 07:47:16.074","91150BA833E03B3BE053C390DF0A0265"
"E360CHDEPTS","E360 CH Department Set","E360 CH Department Set","CUSTOMIZED_USER","2019/10/03 14:57:31.119","CUSTOMIZED_USER","2019/10/03 14:59:41.358","9403AA45AF678107E053C390DF0AA006"
"E360CHGRADES","E360 CH Grade Set","E360 CH Grade Set","CUSTOMIZED_USER","2019/10/03 14:58:54.348","CUSTOMIZED_USER","2019/10/03 14:59:41.436","9403AA45AF678107E053C390DF0AA006"
"E360CHJOBS","E360 CH Job Set","E360 CH Job Set","CUSTOMIZED_USER","2019/10/03 14:59:10.011","CUSTOMIZED_USER","2019/10/03 14:59:41.449","9403AA45AF678107E053C390DF0AA006"
"E360CHLOCS","E360 CH Location Set","E360 CH Location Set","CUSTOMIZED_USER","2019/10/03 14:59:20.169","CUSTOMIZED_USER","2019/10/03 14:59:41.526","9403AA45AF678107E053C390DF0AA006"
"E360USBUSET","E360 US BU SET","E360 US Business Unit Set","CUSTOMIZED_USER","2019/01/31 14:31:53.115","CUSTOMIZED_USER","2019/01/31 18:52:19.015","80C628FD34428A41E053C390DF0AB107"
"E360USDEPTS","E360 US Department Set","E360 US Department Set","CUSTOMIZED_USER","2019/01/31 18:49:24.011","CUSTOMIZED_USER","2019/01/31 18:51:25.052","80C628FD34428A41E053C390DF0AB107"
"E360USGRADES","E360 US Grade Set","E360 US Grade Set","CUSTOMIZED_USER","2019/01/31 18:49:58.191","CUSTOMIZED_USER","2019/01/31 18:51:25.069","80C628FD34428A41E053C390DF0AB107"
"E360USJOBS","E360 US Job Set","E360 US Job Set","CUSTOMIZED_USER","2019/01/31 18:50:34.018","CUSTOMIZED_USER","2019/01/31 18:51:25.266","80C628FD34428A41E053C390DF0AB107"
"E360USLOCS","E360 US Location Set","E360 US Location Set","CUSTOMIZED_USER","2019/01/31 18:50:55.549","CUSTOMIZED_USER","2019/01/31 18:51:25.285","80C628FD34428A41E053C390DF0AB107"
"E360USLOCSET","E360US LOC SET","E360US Supremo Fitness LOC Set","CUSTOMIZED_USER","2019/01/31 14:52:20.013","CUSTOMIZED_USER","2019/01/31 14:55:36.673","80BFEAC893E957B1E053C390DF0A1224"
"EANDCBUSET","E and C BU Set","Engineering and Construction BU Set","CUSTOMIZED_USER","2016/04/15 19:38:46.003","CUSTOMIZED_USER","2016/04/15 19:39:27.613","308BA36E6B50705DE053790B548C4935"
"EEBUSET","Estonia Business Unit Set","Estonia Business Unit Set","CUSTOMIZED_USER","2015/12/18 08:43:11.211","CUSTOMIZED_USER","2015/12/18 08:46:47.669","2728DA57D2DB34E6E053790B548C0D61"
"EEDEPT","Estonia Department Set","Estonia Department Set","CUSTOMIZED_USER","2015/12/18 08:43:42.403","CUSTOMIZED_USER","2015/12/18 08:46:47.682","2728DA57D2DB34E6E053790B548C0D61"
"EELOCS","Estonia Location Set","Estonia Location Set","CUSTOMIZED_USER","2015/12/18 08:44:51.327","CUSTOMIZED_USER","2015/12/18 08:46:47.699","2728DA57D2DB34E6E053790B548C0D61"
"ESBUSET","Spain BU Set","Spain Business Unit Set","CUSTOMIZED_USER","2013/12/12 16:37:47.777","CUSTOMIZED_USER","2013/12/12 16:39:03.351","ED588B920DFA7637E0436204548C3D47"
"ESDEPTS","Spain Department Set","Spain Department Set","CUSTOMIZED_USER","2013/12/12 16:38:25.702","CUSTOMIZED_USER","2013/12/12 16:39:03.359","ED588B920DFA7637E0436204548C3D47"
"ESLOCS","Spain Location Set","Spain Location Set","CUSTOMIZED_USER","2013/12/12 16:38:46.137","CUSTOMIZED_USER","2013/12/12 16:39:03.36","ED588B920DFA7637E0436204548C3D47"
"FEDUSBUSET","Federal US BU Set","Federal US Business Unit Set","CUSTOMIZED_USER","2021/01/08 09:17:24.263","CUSTOMIZED_USER","2021/01/08 09:18:56.365","B85FF6D50D7E2616E0539E90DF0A6B8D"
"FEDUSDEPSET","Federal US Department Set","Federal US Department Set","CUSTOMIZED_USER","2021/01/08 09:17:48.02","CUSTOMIZED_USER","2021/01/08 09:18:56.79","B85FF6D50D7E2616E0539E90DF0A6B8D"
"FEDUSLOCSET","Federal US Location Set","Federal US Location Set","CUSTOMIZED_USER","2021/01/08 09:18:20.955","CUSTOMIZED_USER","2021/01/08 09:18:56.832","B85FF6D50D7E2616E0539E90DF0A6B8D"
"FIBUSET","Finland BU Set","Finland Business Unit Set","CUSTOMIZED_USER","2015/06/09 13:26:36.701","CUSTOMIZED_USER","2015/06/09 13:27:22.507","1816622BB7013242E0536204548C0E69"
"FIDEPTS","Finland Department Set","Finland Department Set","CUSTOMIZED_USER","2015/06/09 13:26:53.023","CUSTOMIZED_USER","2015/06/09 13:27:22.523","1816622BB7013242E0536204548C0E69"
"FILOCS","Finland Location Set","Finland Location Set","CUSTOMIZED_USER","2015/06/09 13:27:07.768","CUSTOMIZED_USER","2015/06/09 13:27:22.545","1816622BB7013242E0536204548C0E69"
"FINSVCSUKLOCSET","Fin Svcs UK Location Set","Fin Svcs UK Location Set","CUSTOMIZED_USER","2016/10/05 14:09:38.073","CUSTOMIZED_USER","2016/10/05 14:11:54.896","3E1FB9413C1A3AC2E0537AA3FD0A9BD4"
"FINSVCSUKSET","Fin Svcs UK BU Set","Fin Svcs UK BU Set","CUSTOMIZED_USER","2016/01/22 16:24:41.381","CUSTOMIZED_USER","2016/01/22 16:25:48.785","29EE6BBF97A52152E053790B548CEEA7"
"FINSVCSUSBUSET","Do Not Use","Do Not Use","CUSTOMIZED_USER","2021/07/12 08:29:35.253","CUSTOMIZED_USER","2021/07/12 09:07:35.057","C5076D97571F5291E0530364FD0AA7D9"
"FINSVCSUSDEPTSET","Fin Svcs US Department Set","Fin Svcs US Department Set","CUSTOMIZED_USER","2021/07/12 08:30:06.612","CUSTOMIZED_USER","2021/07/12 08:31:18.636","C5076D97571F5291E0530364FD0AA7D9"
"FINSVCSUSJOBSET","Fin Svcs US Job Set","Fin Svcs US Job Set","CUSTOMIZED_USER","2021/07/12 08:30:20.313","CUSTOMIZED_USER","2021/07/12 08:31:18.667","C5076D97571F5291E0530364FD0AA7D9"
"FINSVCSUSLOCSET","Fin Svcs US Location Set","Fin Svcs US Location Set","CUSTOMIZED_USER","2016/10/05 14:10:26.995","CUSTOMIZED_USER","2016/10/05 14:11:54.921","3E1FB9413C1A3AC2E0537AA3FD0A9BD4"
"FINSVCUSSET","Fin Svcs US BU Set","Fin Svcs US BU Set","CUSTOMIZED_USER","2016/01/22 16:23:56.134","CUSTOMIZED_USER","2016/01/22 16:25:48.765","29EE6BBF97A52152E053790B548CEEA7"
"FITUSINT","Internal Projects Set (Supremo)","Internal Projects Set (Supremo)","CUSTOMIZED_USER","2019/02/15 15:12:51.078","CUSTOMIZED_USER","2019/02/15 15:14:16.684","81F0F9AD4235FB8EE053C390DF0A47EC"
"FITUSREV","Revenue Projects Set (Supremo)","Revenue Projects Set (Supremo)","CUSTOMIZED_USER","2019/02/15 15:13:51.655","CUSTOMIZED_USER","2019/02/15 15:14:16.77","81F0F9AD4235FB8EE053C390DF0A47EC"
"FRBUSET","France BU Set","France Business Unit Set","CUSTOMIZED_USER","2013/10/24 21:36:47.852","CUSTOMIZED_USER","2013/10/24 21:41:03.06","E983F46D8E614E45E0436204548CCF41"
"FRDEPTS","France Department Set","France Department Set","CUSTOMIZED_USER","2013/11/15 19:32:18.527","CUSTOMIZED_USER","2013/11/15 19:35:10.327","EB3CE1D301CD2706E0436204548C1DCD"
"FRLOCS","France Location Set","France Location Set","CUSTOMIZED_USER","2013/11/15 19:34:07.778","CUSTOMIZED_USER","2013/11/15 19:35:10.333","EB3CE1D301CD2706E0436204548C1DCD"
"GRBUSET","Greece Business Unit Set","Greece Business Unit Set","CUSTOMIZED_USER","2016/04/16 10:20:30.293","CUSTOMIZED_USER","2016/04/16 10:20:40.54","30933E0769576FE9E053790B548C4129"
"GRDEPT","Greece Department Set","Greece Department Set","CUSTOMIZED_USER","2016/04/16 10:20:19.252","CUSTOMIZED_USER","2016/04/16 10:20:40.526","30933E0769576FE9E053790B548C4129"
"GRLOCS","Greece Location Set","Greece Location Set","CUSTOMIZED_USER","2016/04/16 10:20:03.135","CUSTOMIZED_USER","2016/04/16 10:20:40.513","30933E0769576FE9E053790B548C4129"
"HCUSBUSET","Healthcare BU Set","Healthcare Business Unit Set","CUSTOMIZED_USER","2014/07/31 12:39:08.594","CUSTOMIZED_USER","2014/07/31 12:39:40.904","FF7A9EAB8A2A4CADE0436204548C0508"
"HCUSDEPTSET","Healthcare US Department Set","Healthcare US Department Set","CUSTOMIZED_USER","2014/08/04 14:22:39.493","CUSTOMIZED_USER","2014/08/04 14:24:36.746","FFCF4D3019672820E0436204548C00E1"
"HCUSGRADESET","Healthcare US Grade Set","Healthcare US Grade Set","CUSTOMIZED_USER","2014/08/04 14:23:09.504","CUSTOMIZED_USER","2014/08/04 14:24:36.754","FFCF4D3019672820E0436204548C00E1"
"HCUSJOBSET","Healthcare US Job Set","Healthcare US Job Set","CUSTOMIZED_USER","2014/08/04 14:23:45.544","CUSTOMIZED_USER","2014/08/04 14:24:36.757","FFCF4D3019672820E0436204548C00E1"
"HCUSLOCSET","Healthcare US Location Set","Healthcare US Location Set","CUSTOMIZED_USER","2014/08/04 14:24:14.337","CUSTOMIZED_USER","2014/08/04 14:24:36.757","FFCF4D3019672820E0436204548C00E1"
"HCUSPRJSET","Healthcare US Project Set","Healthcare US Project Set","CUSTOMIZED_USER","2017/04/26 09:04:46.556","CUSTOMIZED_USER","2017/04/26 09:05:59.533","4E0E73031FE57702E053C4AEFD0A206F"
"HKBUSET","Hong Kong BU Set","Hong Kong Business Unit Set","CUSTOMIZED_USER","2013/11/26 16:27:48.059","CUSTOMIZED_USER","2013/11/26 16:29:41.868","EC166516646B090FE0436204548CE1D4"
"HKDEPTS","Hong Kong Department Set","Hong Kong Department Set","CUSTOMIZED_USER","2013/11/26 14:41:17.191","CUSTOMIZED_USER","2013/11/27 12:07:28.005","EC27F2F4B6B518D7E0436204548CCD1F"
"HKLOCS","Hong Kong Location Set","Hong Kong Location Set","CUSTOMIZED_USER","2013/11/26 14:40:19.592","CUSTOMIZED_USER","2013/11/27 12:07:28.009","EC27F2F4B6B518D7E0436204548CCD1F"
"HUBUSET","Hungary Business Unit Set","Hungary Business Unit Set","CUSTOMIZED_USER","2015/12/17 17:29:58.88","CUSTOMIZED_USER","2015/12/17 17:30:49.833","271ADE5CDF657DD5E053790B548C3E2B"
"HUDEPT","Hungary Department Set","Hungary Department Set","CUSTOMIZED_USER","2015/12/17 17:29:04.003","CUSTOMIZED_USER","2015/12/22 15:52:09.052","277D5279D67948FDE053790B548CDE43"
"HULOCS","Hungary Location Set","Hungary Location Set","CUSTOMIZED_USER","2015/12/17 17:29:33.953","CUSTOMIZED_USER","2015/12/17 17:30:49.821","271ADE5CDF657DD5E053790B548C3E2B"
"IDBUSET","Indonesia Business Unit Set","Indonesia Business Unit Set","CUSTOMIZED_USER","2016/04/13 07:19:04.628","CUSTOMIZED_USER","2016/04/13 07:19:14.925","3057E712626540AEE053790B548C8BF8"
"IDDEPT","Indonesia Department Set","Indonesia Department Set","CUSTOMIZED_USER","2016/04/13 07:18:49.532","CUSTOMIZED_USER","2016/04/13 07:19:14.875","3057E712626540AEE053790B548C8BF8"
"IDLOCS","Indonesia Location Set","Indonesia Location Set","CUSTOMIZED_USER","2016/04/13 07:18:37.133","CUSTOMIZED_USER","2016/04/13 07:19:14.861","3057E712626540AEE053790B548C8BF8"
"IEBUSET","Ireland BU Set","Ireland Business Unit Set","CUSTOMIZED_USER","2015/05/26 13:20:58.007","CUSTOMIZED_USER","2015/05/26 13:21:56.989","16FCEFB32C4C6DAEE0536204548C8B66"
"IEDEPTS","Ireland Department Set","Ireland Department Set","CUSTOMIZED_USER","2015/05/26 13:21:23.984","CUSTOMIZED_USER","2015/05/26 13:21:57.008","16FCEFB32C4C6DAEE0536204548C8B66"
"IELOCS","Ireland Location Set","Ireland Location Set","CUSTOMIZED_USER","2015/05/26 13:21:39.178","CUSTOMIZED_USER","2015/05/26 13:21:57.024","16FCEFB32C4C6DAEE0536204548C8B66"
"ILBUSET","Israel Business Unit Set","Israel Business Unit Set","CUSTOMIZED_USER","2016/04/18 12:05:05.072","CUSTOMIZED_USER","2016/04/18 12:05:14.807","30BC0BEECEF020E9E053790B548CF82B"
"ILDEPT","Israel Department Set","Israel Department Set","CUSTOMIZED_USER","2016/04/18 12:04:54.792","CUSTOMIZED_USER","2016/04/18 12:05:14.756","30BC0BEECEF020E9E053790B548CF82B"
"ILLOCS","Israel Location Set","Israel Location Set","CUSTOMIZED_USER","2016/04/18 12:04:43.152","CUSTOMIZED_USER","2016/04/18 12:05:14.741","30BC0BEECEF020E9E053790B548CF82B"
"INBUSET","India BU Set","India Business Unit Set","CUSTOMIZED_USER","2013/11/22 16:31:50.251","CUSTOMIZED_USER","2013/11/22 16:34:07.888","EBC6B46106D752F2E0436204548C9D51"
"INDCONSERV","Consuting Services Set (India)","Consuting Services Set (India)","CUSTOMIZED_USER","2019/06/27 10:45:23.111","CUSTOMIZED_USER","2019/06/27 10:46:04.69","8C4B96E2AA62F235E053C390DF0A3A9E"
"INDEPTS","India Department Set","India Department Set","CUSTOMIZED_USER","2013/11/22 16:37:42.014","CUSTOMIZED_USER","2013/11/22 16:40:17.042","EBC7AB543999563FE0436204548C66A0"
"INDINSERV","Internal Services Set (India)","Internal Services Set (India)","CUSTOMIZED_USER","2019/06/27 10:45:40.002","CUSTOMIZED_USER","2019/06/27 10:46:04.836","8C4B96E2AA62F235E053C390DF0A3A9E"
"INLOCS","India Location Set","India Location Set","CUSTOMIZED_USER","2013/11/22 16:35:01.366","CUSTOMIZED_USER","2013/11/22 16:36:45.734","EBC6B46106D752F2E0436204548C9D51"
"INTSERV","Internal Services Set","Internal Services Set","CUSTOMIZED_USER","2013/11/04 17:45:11.589","CUSTOMIZED_USER","2013/11/04 17:45:31.874","EA5E35E99D084986E0436204548CEED5"
"ITBUSET","Italy BU Set","Italy Business Unit Set","CUSTOMIZED_USER","2013/12/06 22:37:35.929","CUSTOMIZED_USER","2013/12/06 22:47:45.654","ECE57D9BE9CE74C7E0436204548CBC8E"
"ITDEPTS","Italy Department Set","Italy Department Set","CUSTOMIZED_USER","2013/12/06 22:39:07.097","CUSTOMIZED_USER","2013/12/06 22:47:45.669","ECE57D9BE9CE74C7E0436204548CBC8E"
"ITLOCS","Italy Location Set","Italy Location Set","CUSTOMIZED_USER","2013/12/06 22:45:42.806","CUSTOMIZED_USER","2013/12/06 22:47:45.674","ECE57D9BE9CE74C7E0436204548CBC8E"
"JPBUSET","Japan BU Set","Japan Business Unit Set","CUSTOMIZED_USER","2013/11/22 16:32:38.748","CUSTOMIZED_USER","2013/11/22 16:34:07.889","EBC6B46106D752F2E0436204548C9D51"
"JPDEPTS","Japan Department Set","Japan Department Set","CUSTOMIZED_USER","2013/11/22 16:38:00.7","CUSTOMIZED_USER","2013/11/22 16:40:17.044","EBC7AB543999563FE0436204548C66A0"
"JPLOCS","Japan Location Set","Japan Location Set","CUSTOMIZED_USER","2013/11/22 16:35:25.502","CUSTOMIZED_USER","2013/11/22 16:36:45.734","EBC6B46106D752F2E0436204548C9D51"
"KRBUSET","South Korea BU Set","South Korea Business Unit Set","CUSTOMIZED_USER","2015/05/26 13:30:28.949","CUSTOMIZED_USER","2015/05/26 13:31:28.636","16FCEFB32C4C6DAEE0536204548C8B66"
"KRDEPTS","South Korea Department Set","South Korea Department Set","CUSTOMIZED_USER","2015/05/26 13:30:58.846","CUSTOMIZED_USER","2015/05/26 13:31:28.661","16FCEFB32C4C6DAEE0536204548C8B66"
"KRLOCS","South Korea Location Set","South Korea Location Set","CUSTOMIZED_USER","2015/05/26 13:31:14.636","CUSTOMIZED_USER","2015/05/26 13:31:28.675","16FCEFB32C4C6DAEE0536204548C8B66"
"KWBUSET","Kuwait Business Unit Set","Kuwait Business Unit Set","CUSTOMIZED_USER","2015/12/14 11:07:07.311","CUSTOMIZED_USER","2015/12/14 11:11:46.891","26D1829F01E2428FE053790B548C3043"
"KWDEPTS","Kuwait Department Set","Kuwait Department Set","CUSTOMIZED_USER","2015/12/14 11:08:50.447","CUSTOMIZED_USER","2015/12/14 11:11:46.906","26D1829F01E2428FE053790B548C3043"
"KWLOCS","Kuwait Location Set","Kuwait Location Set","CUSTOMIZED_USER","2015/12/14 11:09:25.854","CUSTOMIZED_USER","2015/12/14 11:11:46.942","26D1829F01E2428FE053790B548C3043"
"KZBUSET","Kazakhstan BU Set","Kazakhstan Business Unit Set","CUSTOMIZED_USER","2015/06/09 13:20:35.234","CUSTOMIZED_USER","2015/06/09 13:22:43.678","1816622BB7013242E0536204548C0E69"
"KZDEPTS","Kazakhstan Department Set","Kazakhstan Department Set","CUSTOMIZED_USER","2015/06/09 13:20:59.976","CUSTOMIZED_USER","2015/06/09 13:22:43.696","1816622BB7013242E0536204548C0E69"
"KZLOCS","Kazakhstan Location Set","Kazakhstan Location Set","CUSTOMIZED_USER","2015/06/09 13:24:23.018","CUSTOMIZED_USER","2015/06/09 13:24:38.152","1816622BB7013242E0536204548C0E69"
"LIBUSET","Liechtenstein Business Unit Set","Liechtenstein Business Unit Set","CUSTOMIZED_USER","2015/12/18 08:50:40.334","CUSTOMIZED_USER","2015/12/18 08:50:58.52","2728DA57D2DB34E6E053790B548C0D61"
"LIDEPT","Liechtenstein Department Set","Liechtenstein Department Set","CUSTOMIZED_USER","2015/12/18 08:50:10.894","CUSTOMIZED_USER","2015/12/18 08:50:58.482","2728DA57D2DB34E6E053790B548C0D61"
"LILOCS","Liechtenstein Location Set","Liechtenstein Location Set","CUSTOMIZED_USER","2015/12/18 08:49:56.002","CUSTOMIZED_USER","2015/12/18 08:50:58.469","2728DA57D2DB34E6E053790B548C0D61"
"LTBUSET","Lithuania Business Unit Set","Lithuania Business Unit Set","CUSTOMIZED_USER","2015/12/18 08:52:10.135","CUSTOMIZED_USER","2015/12/18 08:52:30.24","2728DA57D2DB34E6E053790B548C0D61"
"LTDEPT","Lithuania Department Set","Lithuania Department Set","CUSTOMIZED_USER","2015/12/18 08:51:55.939","CUSTOMIZED_USER","2015/12/18 08:52:30.226","2728DA57D2DB34E6E053790B548C0D61"
"LTLOCS","Lithuania Location Set","Lithuania Location Set","CUSTOMIZED_USER","2015/12/18 08:51:38.002","CUSTOMIZED_USER","2015/12/18 08:52:30.213","2728DA57D2DB34E6E053790B548C0D61"
"LUBUSET","Luxembourg Business Unit Set","Luxembourg Business Unit Set","CUSTOMIZED_USER","2016/04/19 05:55:49.825","CUSTOMIZED_USER","2016/04/19 05:55:59.551","30D0218C3BED43B6E053790B548C06D8"
"LUDEPT","Luxembourg Department Set","Luxembourg Department Set","CUSTOMIZED_USER","2016/04/19 05:55:38.13","CUSTOMIZED_USER","2016/04/19 05:55:59.537","30D0218C3BED43B6E053790B548C06D8"
"LULOCS","Luxembourg Location Set","Luxembourg Location Set","CUSTOMIZED_USER","2016/04/19 05:54:29.935","CUSTOMIZED_USER","2016/04/19 05:55:59.5","30D0218C3BED43B6E053790B548C06D8"
"LVBUSET","Latvia Business Unit Set","Latvia Business Unit Set","CUSTOMIZED_USER","2015/12/18 08:48:31.427","CUSTOMIZED_USER","2015/12/18 08:48:51.665","2728DA57D2DB34E6E053790B548C0D61"
"LVDEPT","Latvia Department Set","Latvia Department Set","CUSTOMIZED_USER","2015/12/18 08:48:10.931","CUSTOMIZED_USER","2015/12/18 08:48:51.651","2728DA57D2DB34E6E053790B548C0D61"
"LVLOCS","Latvia Location Set","Latvia Location Set","CUSTOMIZED_USER","2015/12/18 08:47:52.004","CUSTOMIZED_USER","2015/12/18 08:48:51.637","2728DA57D2DB34E6E053790B548C0D61"
"MABUSET","Morocco Business Unit Set","Morocco Business Unit Set","CUSTOMIZED_USER","2016/05/27 11:07:09.388","CUSTOMIZED_USER","2016/05/27 11:07:21.086","33D05958F57558F8E053CFFBE70A7740"
"MADEPT","Morocco Department Set","Morocco Department Set","CUSTOMIZED_USER","2016/05/27 11:06:56.503","CUSTOMIZED_USER","2016/05/27 11:07:21.033","33D05958F57558F8E053CFFBE70A7740"
"MALOCS","Morocco Location Set","Morocco Location Set","CUSTOMIZED_USER","2016/05/27 11:06:44.482","CUSTOMIZED_USER","2016/05/27 11:07:21.018","33D05958F57558F8E053CFFBE70A7740"
"MXBUSET","Mexico BU Set","Mexico Business Unit Set","CUSTOMIZED_USER","2014/08/01 14:41:47.232","CUSTOMIZED_USER","2014/08/01 14:42:38.173","FF8F76FB35407D7DE0436204548C8570"
"MXDEPTSET","Mexico Department Set","Mexico Department Set","CUSTOMIZED_USER","2014/08/04 15:12:41.589","CUSTOMIZED_USER","2014/08/04 15:12:59.917","FFCE4DE5FDE6687FE0436204548CAC6E"
"MXLOCSET","Mexico Location Set","Mexico Location Set","CUSTOMIZED_USER","2014/08/04 15:12:29.02","CUSTOMIZED_USER","2014/08/04 15:12:59.914","FFCE4DE5FDE6687FE0436204548CAC6E"
"MYBUSET","Malaysia BU Set","Malaysia Business Unit Set","CUSTOMIZED_USER","2015/05/26 13:25:59.776","CUSTOMIZED_USER","2015/05/26 13:26:57.233","16FCEFB32C4C6DAEE0536204548C8B66"
"MYDEPTS","Malaysia Department Set","Malaysia Department Set","CUSTOMIZED_USER","2015/05/26 13:26:18.699","CUSTOMIZED_USER","2015/05/26 13:26:57.256","16FCEFB32C4C6DAEE0536204548C8B66"
"MYLOCS","Malaysia Location Set","Malaysia Location Set","CUSTOMIZED_USER","2015/05/26 13:26:37.36","CUSTOMIZED_USER","2015/05/26 13:26:57.273","16FCEFB32C4C6DAEE0536204548C8B66"
"NLBUSET","Netherlands BU Set","Netherlands Business Unit Set","CUSTOMIZED_USER","2013/12/06 22:44:06.01","CUSTOMIZED_USER","2013/12/06 22:47:45.673","ECE57D9BE9CE74C7E0436204548CBC8E"
"NLDEPTS","Netherlands Department Set","Netherlands Department Set","CUSTOMIZED_USER","2013/12/06 22:41:11.524","CUSTOMIZED_USER","2013/12/06 22:47:45.671","ECE57D9BE9CE74C7E0436204548CBC8E"
"NLLOCS","Netherlands Location Set","Netherlands Location Set","CUSTOMIZED_USER","2013/12/06 22:46:52.248","CUSTOMIZED_USER","2013/12/06 22:47:45.678","ECE57D9BE9CE74C7E0436204548CBC8E"
"NOBUSET","Norway Business Unit Set","Norway Business Unit Set","CUSTOMIZED_USER","2015/12/17 09:02:04.106","CUSTOMIZED_USER","2015/12/17 09:02:49.259","2714FD7BFE0C7EB3E053790B548CC452"
"NODEPT","Norway Department Set","Norway Department Set","CUSTOMIZED_USER","2015/12/17 09:00:48.346","CUSTOMIZED_USER","2015/12/17 09:02:49.224","2714FD7BFE0C7EB3E053790B548CC452"
"NOLOCS","Norway Location Set","Norway Location Set","CUSTOMIZED_USER","2015/12/17 09:01:25.884","CUSTOMIZED_USER","2015/12/17 09:02:49.246","2714FD7BFE0C7EB3E053790B548CC452"
"NZBUSET","New Zealand BU Set","New Zealand Business Unit Set","CUSTOMIZED_USER","2015/05/26 13:24:21.155","CUSTOMIZED_USER","2015/05/26 13:25:34.845","16FCEFB32C4C6DAEE0536204548C8B66"
"NZDEPTS","New Zealand Department Set","New Zealand Department Set","CUSTOMIZED_USER","2015/05/26 13:24:49.925","CUSTOMIZED_USER","2015/05/26 13:25:34.858","16FCEFB32C4C6DAEE0536204548C8B66"
"NZLOCS","New Zealand Location Set","New Zealand Location Set","CUSTOMIZED_USER","2015/05/26 13:25:15.429","CUSTOMIZED_USER","2015/05/26 13:25:34.871","16FCEFB32C4C6DAEE0536204548C8B66"
"OMBUSET","Oman Business Unit Set","Oman Business Unit Set","CUSTOMIZED_USER","2015/12/18 08:53:51.667","CUSTOMIZED_USER","2015/12/18 08:54:10.306","2728DA57D2DB34E6E053790B548C0D61"
"OMDEPT","Oman Department Set","Oman Department Set","CUSTOMIZED_USER","2015/12/18 08:53:32.463","CUSTOMIZED_USER","2015/12/18 08:54:10.293","2728DA57D2DB34E6E053790B548C0D61"
"OMLOCS","Oman Location Set","Oman Location Set","CUSTOMIZED_USER","2015/12/18 08:53:15.002","CUSTOMIZED_USER","2015/12/18 08:54:10.278","2728DA57D2DB34E6E053790B548C0D61"
"PHBUSET","Philippines Business Unit Set","Philippines Business Unit Set","CUSTOMIZED_USER","2016/04/19 06:14:59.129","CUSTOMIZED_USER","2016/04/19 06:15:12.087","30D14D08F1B94AFBE053790B548C2F78"
"PHDEPT","Philippines Department Set","Philippines Department Set","CUSTOMIZED_USER","2016/04/19 06:14:50.265","CUSTOMIZED_USER","2016/04/19 06:15:12.073","30D14D08F1B94AFBE053790B548C2F78"
"PHLOCS","Philippines Location Set","Philippines Location Set","CUSTOMIZED_USER","2016/04/19 06:14:22.007","CUSTOMIZED_USER","2016/04/19 06:15:12.06","30D14D08F1B94AFBE053790B548C2F78"
"PKBUSET","Pakistan Business Unit Set","Pakistan Business Unit Set","CUSTOMIZED_USER","2016/04/19 08:25:26.28","CUSTOMIZED_USER","2016/04/19 08:25:37.336","30D30E887969691FE053790B548C2E3B"
"PKDEPT","Pakistan Department Set","Pakistan Department Set","CUSTOMIZED_USER","2016/04/19 08:25:14.18","CUSTOMIZED_USER","2016/04/19 08:25:37.323","30D30E887969691FE053790B548C2E3B"
"PKLOCS","Pakistan Location Set","Pakistan Location Set","CUSTOMIZED_USER","2016/04/19 08:25:04.004","CUSTOMIZED_USER","2016/04/19 08:25:37.299","30D30E887969691FE053790B548C2E3B"
"PLBUSET","Poland BU Set","Poland Business Unit Set","CUSTOMIZED_USER","2013/12/12 16:39:41.259","CUSTOMIZED_USER","2013/12/12 16:40:40.594","ED588B920DFA7637E0436204548C3D47"
"PLDEPTS","Poland Department Set","Poland Department Set","CUSTOMIZED_USER","2013/12/12 16:40:04.318","CUSTOMIZED_USER","2013/12/12 16:40:40.595","ED588B920DFA7637E0436204548C3D47"
"PLLOCS","Poland Location Set","Poland Location Set","CUSTOMIZED_USER","2013/12/12 16:40:25.953","CUSTOMIZED_USER","2013/12/12 16:40:40.596","ED588B920DFA7637E0436204548C3D47"
"PRGUKBUSET","Progress UK BU Set","Progress UK Business Unit Set","CUSTOMIZED_USER","2014/07/31 19:39:49.055","CUSTOMIZED_USER","2014/07/31 19:40:47.713","FF80635601B46FB0E0436204548C065D"
"PRGUKDEPTSET","Progress UK Department Set","Progress UK Department Set","CUSTOMIZED_USER","2014/08/04 16:44:38.137","CUSTOMIZED_USER","2014/08/04 16:45:38.263","FFD0AD5FBCE144ABE0436204548C1AD5"
"PRGUKGRADESET","Progress UK Grade Set","Progress UK Grade Set","CUSTOMIZED_USER","2014/08/04 16:44:21.218","CUSTOMIZED_USER","2014/08/04 16:45:38.262","FFD0AD5FBCE144ABE0436204548C1AD5"
"PRGUKJOBSET","Progress UK Job Set","Progress UK Job Set","CUSTOMIZED_USER","2014/08/04 16:45:02.058","CUSTOMIZED_USER","2014/08/04 16:45:38.264","FFD0AD5FBCE144ABE0436204548C1AD5"
"PRGUKLOCSET","Progress UK Location Set","Progress UK Location Set","CUSTOMIZED_USER","2014/08/04 16:43:59.058","CUSTOMIZED_USER","2014/08/04 16:45:38.26","FFD0AD5FBCE144ABE0436204548C1AD5"
"PRGUSDEPTSET","Progress US Department Set","Progress US Department Set ","CUSTOMIZED_USER","2014/06/23 21:32:09.002","CUSTOMIZED_USER","2014/06/23 21:40:55.002","FC883FA5D1B47B4AE0436204548C8A88"
"PRGUSGRADESET","Progress US Grade Set","Progress US Grade Set","CUSTOMIZED_USER","2014/06/23 21:34:00.911","CUSTOMIZED_USER","2014/06/23 21:35:48.172","FC8802B29C9968DCE0436204548C12CB"
"PRGUSJOBSET","Progress US Job Set","Progress US Job Set","CUSTOMIZED_USER","2014/06/23 21:33:16.134","CUSTOMIZED_USER","2014/06/23 21:35:48.171","FC8802B29C9968DCE0436204548C12CB"
"PRGUSLOCATIONSET","Progress US Location Set","Progress US Location Set ","CUSTOMIZED_USER","2014/06/23 21:34:38.952","CUSTOMIZED_USER","2014/06/23 21:35:48.172","FC8802B29C9968DCE0436204548C12CB"
"PRGUSPROJ","Progress US Project Set","Progress US Project Set","CUSTOMIZED_USER","2014/07/29 16:44:13.664","CUSTOMIZED_USER","2014/07/29 16:44:55.021","FF588D2AEFEE43C4E0436204548CB1B2"
"PROGUSBUSET","Progress US BU SET","Progress US Business Unit Set","CUSTOMIZED_USER","2014/06/10 14:12:37.534","CUSTOMIZED_USER","2014/06/10 14:14:49.184","FB7AA7E27CED6185E0436204548C9FF5"
"PTBUSET","Portugal Business Unit Set","Portugal Business Unit Set","CUSTOMIZED_USER","2016/04/13 10:05:29.368","CUSTOMIZED_USER","2016/04/13 10:05:40.941","3057E712626540AEE053790B548C8BF8"
"PTDEPT","Portugal Department Set","Portugal Department Set","CUSTOMIZED_USER","2016/04/13 10:05:15.727","CUSTOMIZED_USER","2016/04/13 10:05:40.923","3057E712626540AEE053790B548C8BF8"
"PTLOCS","Portugal Location Set","Portugal Location Set","CUSTOMIZED_USER","2016/04/13 10:04:08.127","CUSTOMIZED_USER","2016/04/13 10:05:40.906","3057E712626540AEE053790B548C8BF8"
"QABUSET","Qatar Business Unit Set","Qatar Business Unit Set","CUSTOMIZED_USER","2015/12/18 08:55:32.856","CUSTOMIZED_USER","2015/12/18 08:55:49.404","2728DA57D2DB34E6E053790B548C0D61"
"QADEPT","Qatar Department Set","Qatar Department Set","CUSTOMIZED_USER","2015/12/18 08:55:17.192","CUSTOMIZED_USER","2015/12/18 08:55:49.387","2728DA57D2DB34E6E053790B548C0D61"
"QALOCS","Qatar Location Set","Qatar Location Set","CUSTOMIZED_USER","2015/12/18 08:54:54.003","CUSTOMIZED_USER","2015/12/18 08:55:49.372","2728DA57D2DB34E6E053790B548C0D61"
"RETAILBU","Retail BU Set","Retail BU Set","CUSTOMIZED_USER","2015/08/13 21:18:07.195","CUSTOMIZED_USER","2015/08/13 21:19:44.844","1D375621B6BC3EF0E0536204548C1B3B"
"ROBUSET","Romania Business Unit Set","Romania Business Unit Set","CUSTOMIZED_USER","2016/04/19 06:46:32.182","CUSTOMIZED_USER","2016/04/19 06:46:54.237","30D0218C3BF243B6E053790B548C06D8"
"RODEPT","Romania Department Set","Romania Department Set","CUSTOMIZED_USER","2016/04/19 06:46:22.914","CUSTOMIZED_USER","2016/04/19 06:46:54.223","30D0218C3BF243B6E053790B548C06D8"
"ROLOCS","Romania Location Set","Romania Location Set","CUSTOMIZED_USER","2016/04/19 06:45:54.005","CUSTOMIZED_USER","2016/04/19 06:46:54.21","30D0218C3BF243B6E053790B548C06D8"
"RUBUSET","Russia BU Set","Russia Business Unit Set","CUSTOMIZED_USER","2013/12/06 22:42:56.325","CUSTOMIZED_USER","2013/12/06 22:47:45.672","ECE57D9BE9CE74C7E0436204548CBC8E"
"RUDEPTS","Russia Department Set","Russia Department Set","CUSTOMIZED_USER","2013/12/06 22:39:59.201","CUSTOMIZED_USER","2013/12/13 15:03:45.016","ED6BC61935DF73EAE0436204548CA81D"
"RULOCS","Russia Location Set","Russia Location Set","CUSTOMIZED_USER","2013/12/06 22:46:12.331","CUSTOMIZED_USER","2013/12/06 22:47:45.676","ECE57D9BE9CE74C7E0436204548CBC8E"
"SABUSET","Saudi Arabia BU Set","Saudi Arabia Business Unit Set","CUSTOMIZED_USER","2013/12/06 22:44:29.81","CUSTOMIZED_USER","2013/12/06 22:47:45.674","ECE57D9BE9CE74C7E0436204548CBC8E"
"SADEPTS","Saudi Arabia Department Set","Saudi Arabia Department Set","CUSTOMIZED_USER","2013/12/06 22:42:03.267","CUSTOMIZED_USER","2013/12/06 22:47:45.671","ECE57D9BE9CE74C7E0436204548CBC8E"
"SALOCS","Saudi Arabia Location Set","Saudi Arabia Location Set","CUSTOMIZED_USER","2013/12/06 22:47:14.383","CUSTOMIZED_USER","2013/12/06 22:47:45.678","ECE57D9BE9CE74C7E0436204548CBC8E"
"SEBUSET","Sweden BU Set","Sweden Business Unit Set","CUSTOMIZED_USER","2013/12/12 16:41:14.575","CUSTOMIZED_USER","2013/12/12 16:42:15.36","ED588B920DFA7637E0436204548C3D47"
"SEDEPTS","Sweden Department Set","Sweden Department Set","CUSTOMIZED_USER","2013/12/12 16:41:36.847","CUSTOMIZED_USER","2013/12/12 16:42:15.361","ED588B920DFA7637E0436204548C3D47"
"SELOCS","Sweden Location Set","Sweden Location Set","CUSTOMIZED_USER","2013/12/12 16:41:56.698","CUSTOMIZED_USER","2013/12/12 16:42:15.362","ED588B920DFA7637E0436204548C3D47"
"SGBUSET","Singapore BU Set","Singapore Business Unit Set","CUSTOMIZED_USER","2013/11/26 16:28:25.352","CUSTOMIZED_USER","2013/11/26 16:29:41.869","EC166516646B090FE0436204548CE1D4"
"SGDEPTS","Singapore Department Set","Singapore Department Set","CUSTOMIZED_USER","2013/11/26 14:42:45.595","CUSTOMIZED_USER","2013/11/27 12:11:38.001","EC27F2F4B6B518D7E0436204548CCD1F"
"SGLOCS","Singapore Location Set","Singapore Location Set","CUSTOMIZED_USER","2013/11/26 14:41:29.236","CUSTOMIZED_USER","2013/11/27 12:11:38.003","EC27F2F4B6B518D7E0436204548CCD1F"
"THBUSET","Thailand Business Unit Set","Thailand Business Unit Set","CUSTOMIZED_USER","2016/04/19 07:11:20.008","CUSTOMIZED_USER","2016/04/19 07:11:30.028","30D1F51427923AEFE053790B548C1557"
"THDEPT","Thailand Department Set","Thailand Department Set","CUSTOMIZED_USER","2016/04/19 07:11:06.757","CUSTOMIZED_USER","2016/04/19 07:11:30.013","30D1F51427923AEFE053790B548C1557"
"THJOBSET","Thailand Job Set","Thailand Job Set","CUSTOMIZED_USER","2020/11/24 11:37:42.145","CUSTOMIZED_USER","2020/11/24 11:37:55.609","B4D6F511C775B317E0539E90DF0AF6AC"
"THLOCS","Thailand Location Set","Thailand Location Set","CUSTOMIZED_USER","2016/04/19 07:10:50.006","CUSTOMIZED_USER","2016/04/19 07:11:29.992","30D1F51427923AEFE053790B548C1557"
"TRBUSET","Turkey Business Unit Set","Turkey Business Unit Set","CUSTOMIZED_USER","2016/04/13 14:31:14.631","CUSTOMIZED_USER","2016/04/13 14:31:27.704","305DF5CD54FE0F9BE053790B548C2669"
"TRDEPT","Turkey Department Set","Turkey Department Set","CUSTOMIZED_USER","2016/04/13 14:30:35.462","CUSTOMIZED_USER","2016/04/13 14:31:27.653","305DF5CD54FE0F9BE053790B548C2669"
"TRLOCS","Turkey Location Set","Turkey Location Set","CUSTOMIZED_USER","2016/04/13 14:30:08.125","CUSTOMIZED_USER","2016/04/13 14:31:27.625","305DF5CD54FE0F9BE053790B548C2669"
"TWBUSET","Taiwan BU Set","Taiwan Business Unit Set","CUSTOMIZED_USER","2015/05/26 13:31:35.86","CUSTOMIZED_USER","2015/05/26 13:32:31.216","16FCEFB32C4C6DAEE0536204548C8B66"
"TWDEPTS","Taiwan Department Set","Taiwan Department Set","CUSTOMIZED_USER","2015/05/26 13:31:59.287","CUSTOMIZED_USER","2015/05/26 13:32:31.23","16FCEFB32C4C6DAEE0536204548C8B66"
"TWLOCS","Taiwan Location Set","Taiwan Location Set","CUSTOMIZED_USER","2015/05/26 13:32:14.791","CUSTOMIZED_USER","2015/05/26 13:32:31.244","16FCEFB32C4C6DAEE0536204548C8B66"
"UABUSET","Ukraine BU Set","Ukraine Business Unit Set","CUSTOMIZED_USER","2015/06/09 13:19:31.985","CUSTOMIZED_USER","2015/06/09 13:20:30.478","1816622BB7013242E0536204548C0E69"
"UADEPTS","Ukraine Department Set","Ukraine Department Set","CUSTOMIZED_USER","2015/06/09 13:20:11.519","CUSTOMIZED_USER","2015/06/09 13:20:30.507","1816622BB7013242E0536204548C0E69"
"UALOCS","Ukraine Location Set","Ukraine Location Set","CUSTOMIZED_USER","2015/06/09 13:19:54.887","CUSTOMIZED_USER","2015/06/09 13:20:30.493","1816622BB7013242E0536204548C0E69"
"UK1BUSET","UK1 BU Set","UK1 Business Unit Set","CUSTOMIZED_USER","2013/10/24 21:35:25.491","CUSTOMIZED_USER","2013/10/24 21:41:03.055","E983F46D8E614E45E0436204548CCF41"
"UK2BUSET","UK2 BU Set","UK2 Business Unit Set","CUSTOMIZED_USER","2013/10/24 21:36:24.571","CUSTOMIZED_USER","2013/10/24 21:41:03.06","E983F46D8E614E45E0436204548CCF41"
"UKDEPTS","UK Department Set","UK Department Set","CUSTOMIZED_USER","2013/10/24 21:34:05.141","CUSTOMIZED_USER","2013/10/24 21:41:03.053","E983F46D8E614E45E0436204548CCF41"
"UKLOCS","UK Location Set","UK Location Set","CUSTOMIZED_USER","2013/10/24 21:33:45.094","CUSTOMIZED_USER","2013/10/24 21:41:03.052","E983F46D8E614E45E0436204548CCF41"
"UKPDSC","UK Project Driven Supply Chain","UK Project Driven Supply Chain","CUSTOMIZED_USER","2020/05/12 14:23:04.141","CUSTOMIZED_USER","2020/05/12 14:24:02.822","A5751959978D7604E0539E90DF0A113C"
"UNIVUSBUSET","Higher Ed US BU Set","University US Business Unit Set","CUSTOMIZED_USER","2014/11/10 13:36:05.003","CUSTOMIZED_USER","2015/01/05 15:54:35.126","0BE9EA8D8B8A0B8EE0536204548C8EAD"
"UNIVUSDEPTSET","Higher Ed US Department Set","University US Department Set","CUSTOMIZED_USER","2014/12/31 14:00:46.447","CUSTOMIZED_USER","2015/01/05 15:54:35.184","0BE9EA8D8B8A0B8EE0536204548C8EAD"
"UNIVUSGRADESET","Higher Ed US Grade Set","University US Grade Set","CUSTOMIZED_USER","2014/12/31 14:01:15.421","CUSTOMIZED_USER","2015/01/05 15:54:35.287","0BE9EA8D8B8A0B8EE0536204548C8EAD"
"UNIVUSJOBSET","Higher Ed US Job Set","University US Job Set","CUSTOMIZED_USER","2014/12/31 13:59:33.004","CUSTOMIZED_USER","2015/01/05 15:54:35.38","0BE9EA8D8B8A0B8EE0536204548C8EAD"
"UNIVUSLOCATIONSET","Higher Ed US Location Set","University US Location Set","CUSTOMIZED_USER","2014/12/31 14:00:23.08","CUSTOMIZED_USER","2015/01/05 15:54:35.484","0BE9EA8D8B8A0B8EE0536204548C8EAD"
"UNIVUSPRJSET","Higher Ed US Projects Set","Higher Ed US Projects Set","CUSTOMIZED_USER","2015/02/09 15:45:24.022","CUSTOMIZED_USER","2015/02/09 15:47:13.456","0E94C1E160504F0BE0536204548CF91F"
"US1BUSET","US1 BU Set","US1 Business Unit Set","CUSTOMIZED_USER","2013/10/24 21:32:37.59","CUSTOMIZED_USER","2013/10/24 21:41:03.003","E983F46D8E614E45E0436204548CCF41"
"US2BUSET","US2 BU Set","US2 Business Unit Set","CUSTOMIZED_USER","2013/10/24 21:33:05.892","CUSTOMIZED_USER","2013/10/24 21:41:03.051","E983F46D8E614E45E0436204548CCF41"
"USDEPTS","US Department Set","US Department Set","CUSTOMIZED_USER","2013/10/24 21:35:00.353","CUSTOMIZED_USER","2013/10/24 21:41:03.054","E983F46D8E614E45E0436204548CCF41"
"USFEDBUSET","Duplicate-Do not use","Duplicate-Do not use","CUSTOMIZED_USER","2021/04/13 08:23:26.342","CUSTOMIZED_USER","2021/08/05 15:14:39.312","C832448FE0E6B9ADE0530364FD0AD0D1"
"USFEDDEPTSET","Duplicate-Do not use1","Duplicate-Do not use1","CUSTOMIZED_USER","2021/04/13 08:24:14.771","CUSTOMIZED_USER","2021/08/05 15:14:39.358","C832448FE0E6B9ADE0530364FD0AD0D1"
"USFEDGRADESET","Duplicate- Do not use2","Duplicate- Do not use2","CUSTOMIZED_USER","2021/04/13 08:25:25.766","CUSTOMIZED_USER","2021/08/05 15:14:39.413","C832448FE0E6B9ADE0530364FD0AD0D1"
"USFEDJOBSET","Duplicate- Do not use3","Duplicate- Do not use3","CUSTOMIZED_USER","2021/04/13 08:26:37.306","CUSTOMIZED_USER","2021/08/05 15:14:39.455","C832448FE0E6B9ADE0530364FD0AD0D1"
"USFEDLOCSET","Duplicate- Do not use4","Duplicate- Do not use4","CUSTOMIZED_USER","2021/04/13 08:24:53.641","CUSTOMIZED_USER","2021/08/05 15:14:39.5","C832448FE0E6B9ADE0530364FD0AD0D1"
"USINSRANCELOCSET","US Insurance Location Set","US Insurance Location Set","CUSTOMIZED_USER","2016/12/06 15:48:13.289","CUSTOMIZED_USER","2016/12/06 15:54:22.473","42FCAD6D1BB2230AE0537AA3FD0AB5C5"
"USINSURANCEBUSET","US Insurance BU Set","US Insurance Business Unit Set","CUSTOMIZED_USER","2016/12/06 15:46:58.167","CUSTOMIZED_USER","2016/12/06 15:48:10.501","42FCAD6D1BB2230AE0537AA3FD0AB5C5"
"USLOCS","US Location Set","US Location Set","CUSTOMIZED_USER","2013/10/24 21:34:36.146","CUSTOMIZED_USER","2013/10/24 21:41:03.053","E983F46D8E614E45E0436204548CCF41"
"VEBUSET","Venezuela Business Unit Set","Venezuela Business Unit Set","CUSTOMIZED_USER","2016/04/19 08:37:08.307","CUSTOMIZED_USER","2016/04/19 08:37:20.248","30D30E887969691FE053790B548C2E3B"
"VEDEPT","Venezuela Department Set","Venezuela Department Set","CUSTOMIZED_USER","2016/04/19 08:36:59.326","CUSTOMIZED_USER","2016/04/19 08:37:20.235","30D30E887969691FE053790B548C2E3B"
"VELOCS","Venezuela Location Set","Venezuela Location Set","CUSTOMIZED_USER","2016/04/19 08:36:40.003","CUSTOMIZED_USER","2016/04/19 08:37:20.22","30D30E887969691FE053790B548C2E3B"
"VNBUSET","Viet Nam Business Unit Set","Viet Nam Business Unit Set","CUSTOMIZED_USER","2016/04/19 08:13:15.243","CUSTOMIZED_USER","2016/04/19 08:13:36.57","30D14E7BF0CD200CE053790B548C0D77"
"VNDEPT","Viet Nam Department Set","Viet Nam Department Set","CUSTOMIZED_USER","2016/04/19 08:12:45.011","CUSTOMIZED_USER","2016/04/19 08:13:36.557","30D14E7BF0CD200CE053790B548C0D77"
"VNLOCS","Viet Nam Location Set","Viet Nam Location Set","CUSTOMIZED_USER","2016/04/19 08:09:54.004","CUSTOMIZED_USER","2016/04/19 08:13:36.52","30D14E7BF0CD200CE053790B548C0D77"
"ZABUSET","South Africa Business Unit Set","South Africa Business Unit Set","CUSTOMIZED_USER","2016/04/13 11:19:59.228","CUSTOMIZED_USER","2016/04/13 11:23:26.513","3057E712626540AEE053790B548C8BF8"
"ZADEPT","South Africa Department Set","South Africa Department Set","CUSTOMIZED_USER","2016/04/13 11:19:48.646","CUSTOMIZED_USER","2016/04/13 11:23:26.499","3057E712626540AEE053790B548C8BF8"
"ZALOCS","South Africa Location Set","South Africa Location Set","CUSTOMIZED_USER","2016/04/13 11:19:36.118","CUSTOMIZED_USER","2016/04/13 11:23:26.483","3057E712626540AEE053790B548C8BF8"
