{
    "openapi": "3.0.0",
    "info": {
        "title": "Mapper Service",
        "description": "Get the list of Mapper values for Mapper field",
        "version": "1.0.0"
    },
    "servers": [
        {
            "url": "https://intgdev1-atp.mcd.com/ords/xxmcd_erpintg/mappermodule_role",
            "description": "Ords Xxmcd Erpintg",
            "x-vb": {
                "authentication": {
                    "authenticated": {
                        "type": "oauth2_client_credentials",
                        "clientIdCredentials": "vb_aebdd0b6-d3d5-4e23-b17e-9c5f151f467f",
                        "authUrl": "https://intgdev1-atp.mcd.com/ords/xxmcd_erpintg/oauth/token"
                    }
                }
            }
        }
    ],
    "paths": {
        "/distinctmapper_role/": {
            "post": {
                "operationId": "postDistinctmapper_role",
                "requestBody": {
                    "description": "Request for application/json",
                    "content": {
                        "application/json": {
                            "schema": {
                                "$ref": "#/components/schemas/PostDistinctmapper_roleRequest"
                            },
                            "examples": {
                                "vb": {
                                    "summary": "Example stored by VB User",
                                    "externalValue": "./examples/postDistinctmapper_role/request_application_json_vb.json"
                                }
                            }
                        }
                    }
                },
                "responses": {
                    "default": {
                        "description": "Response for default",
                        "content": {
                            "application/json": {
                                "schema": {
                                    "$ref": "#/components/schemas/PostDistinctmapper_roleResponse"
                                },
                                "examples": {
                                    "vb": {
                                        "summary": "Example stored by VB User",
                                        "externalValue": "./examples/postDistinctmapper_role/response_default_application_json_vb.json"
                                    }
                                }
                            }
                        }
                    }
                },
                "x-vb": {
                    "actionHint": "create"
                }
            }
        }
    },
    "components": {
        "schemas": {
            "PostDistinctmapper_roleRequest": {
                "type": "object",
                "properties": {
                    "rolenames": {
                        "type": "string"
                    },
                    "booksnames": {
                        "type": "string"
                    }
                }
            },
            "PostDistinctmapper_roleResponse": {
                "type": "object",
                "properties": {
                    "mapperlist": {
                        "type": "array",
                        "items": {
                            "type": "object",
                            "properties": {
                                "lookup_code": {
                                    "type": "string"
                                }
                            }
                        }
                    }
                }
            }
        }
    }
}