<MigrationProcessCSVMetadataVO>
   <MigrationProcessCSVMetadataVORow>
      <ProcessId>-999</ProcessId>
      <ProcessName>Manage Common Lookups_20240904_052856_710</ProcessName>
      <ProcessDescription>Manage Common Lookups_20240904_052856_710</ProcessDescription>
      <ProcessDate>2024-09-04 17:31:07.524</ProcessDate>
      <ObjectShortName>FND_MANAGE_COMMON_LOOKUPS</ObjectShortName>
      <ObjectType>TASK</ObjectType>
      <CreatedByFlow>TASK_CSV_SERVICE</CreatedByFlow>
      <ProcessType>EXPORT</ProcessType>
      <ProcessStatus>COMPLETED</ProcessStatus>
      <ProcessEnv>esds-dev9</ProcessEnv>
      <ProcessStartDate>2024-09-04 17:28:56.209</ProcessStartDate>
      <ProcessEndDate>2024-09-04 17:31:07.524</ProcessEndDate>
      <ProcessRelease>11.13.24.07.0</ProcessRelease>
      <SubmittedBy>CURTIS.FEITTY</SubmittedBy>
      <ESSRequestId>8028393</ESSRequestId>
      <MigrationProcessBusinessObjectCSVMetadata1>
         <MigrationProcessBusinessObjectCSVMetadataVORow>
            <ProcessId>-999</ProcessId>
            <BusinessObjectShortName>ORA_FND_APP_COMMON_LOOKUP_CODE</BusinessObjectShortName>
            <BatchName>b8829cb2-614e-4e00-b116-ba38731f2cde/FND_APP_COMMON_LOOKUP/CommonLookupType1</BatchName>
            <XmlAttributeList>LookupCode,Meaning,Description,EnabledFlag,StartDateActive,EndDateActive,DisplaySequence,CreatedBy,CreationDate,LastUpdatedBy,LastUpdateDate,LastUpdateLogin,Tag</XmlAttributeList>
            <XmlAttributeTypeList>string,string,string,string,date,date,long,string,dateTime,string,dateTime,string,string</XmlAttributeTypeList>
            <XmlNodePath>/CommonLookupType1VO/CommonLookupType1VORow/CommonLookup1VO/CommonLookup1VORow</XmlNodePath>
            <NodeSequence>2</NodeSequence>
         </MigrationProcessBusinessObjectCSVMetadataVORow>
         <MigrationProcessBusinessObjectCSVMetadataVORow>
            <ProcessId>-999</ProcessId>
            <BusinessObjectShortName>FND_APP_COMMON_LOOKUP</BusinessObjectShortName>
            <BatchName>b8829cb2-614e-4e00-b116-ba38731f2cde/FND_APP_COMMON_LOOKUP/CommonLookupType1</BatchName>
            <XmlAttributeList>LookupType,Meaning,Description,CreatedBy,CreationDate,LastUpdatedBy,LastUpdateDate,LastUpdateLogin,ModuleId,CustomizationLevel,RestAccessSecured,BossAppPackageName,BossAppPackageVersion,BossModuleName,BossIdentifier</XmlAttributeList>
            <XmlAttributeTypeList>string,string,string,string,dateTime,string,dateTime,string,string,string,string,string,string,string,string</XmlAttributeTypeList>
            <XmlNodePath>/CommonLookupType1VO/CommonLookupType1VORow</XmlNodePath>
            <NodeSequence>1</NodeSequence>
         </MigrationProcessBusinessObjectCSVMetadataVORow>
      </MigrationProcessBusinessObjectCSVMetadata1>
      <MigrationProcessBatchCSVMetadata>
         <MigrationProcessBatchCSVMetadataVORow>
            <ProcessId>-999</ProcessId>
            <BatchName>b8829cb2-614e-4e00-b116-ba38731f2cde/FND_APP_COMMON_LOOKUP/CommonLookupType1</BatchName>
            <ImportSequence>0</ImportSequence>
            <ServiceName>oracle.apps.fnd.applcore.lookups.webservice.LookupWS</ServiceName>
            <BatchSize>500</BatchSize>
         </MigrationProcessBatchCSVMetadataVORow>
      </MigrationProcessBatchCSVMetadata>
      <MigrationProcessScopeValueCSVMetadata>
         <MigrationProcessScopeValueCSVMetadataVORow>
            <ProcessId>-999</ProcessId>
            <MigScopeValueSetId>100002087994764</MigScopeValueSetId>
            <BusinessObjectShortName>FND_APP_COMMON_LOOKUP</BusinessObjectShortName>
            <ScopeValueBoAttributeId>mode</ScopeValueBoAttributeId>
            <ScopeValueBoAttributeValue>search</ScopeValueBoAttributeValue>
            <ScopeValueBoAttributeValueCode>search</ScopeValueBoAttributeValueCode>
         </MigrationProcessScopeValueCSVMetadataVORow>
      </MigrationProcessScopeValueCSVMetadata>
      <MigrationProcessMigrationObjectCSVMetadata>
         <MigrationProcessMigrationObjectCSVMetadataVORow>
            <ProcessId>-999</ProcessId>
            <BusinessObjectShortName>FND_APP_COMMON_LOOKUP</BusinessObjectShortName>
            <MigrateFlag>Y</MigrateFlag>
            <IncludeExternalDataFlag>Y</IncludeExternalDataFlag>
         </MigrationProcessMigrationObjectCSVMetadataVORow>
      </MigrationProcessMigrationObjectCSVMetadata>
      <MigrationProcessTaskCSVMetadata null="true"/>
      <MigrationProcessServiceVersionCSVMetadata null="true"/>
   </MigrationProcessCSVMetadataVORow>
</MigrationProcessCSVMetadataVO>