"LookupType","Meaning","Description","CreatedBy","CreationDate","LastUpdatedBy","LastUpdateDate","LastUpdateLogin","ModuleId","CustomizationLevel","RestAccessSecured","BossAppPackageName","BossAppPackageVersion","BossModuleName","BossIdentifier"
"ORA_EXPEDITE_CHECK_PRINTER","Expedited Check Printer","List of check printers for use within expedited payroll processing","SEED_DATA_FROM_APPLICATION","2018/05/23 17:02:54.0","SEED_DATA_FROM_APPLICATION","2024/07/24 09:34:02.885276","-1","61ECAF4AAB0FE990E040449821C61C97","U","SECURE","","","",""
"ORA_PER_UNION_CODE","Union Code","This lookup type is available to add union codes","SEED_DATA_FROM_APPLICATION","2015/07/01 02:06:59.0","SEED_DATA_FROM_APPLICATION","2024/07/24 09:34:02.885276","-1","F78FA78222193C5AE040F00A17205C5F","U","AUTH","","","",""
"HRM_PLAN_STRENGTH_CRITERIA","Plan Strength Criteria","","SEED_DATA_FROM_APPLICATION","2013/08/08 06:34:16.218","SEED_DATA_FROM_APPLICATION","2024/07/24 09:34:02.885276","-1","B476880E6172C5F0E04044988AF05D99","S","SECURE","","","",""
"HRM_READINESS_CATEGORY","Readiness Category","","SEED_DATA_FROM_APPLICATION","2013/08/08 06:34:16.247","SEED_DATA_FROM_APPLICATION","2024/07/24 09:34:02.885276","-1","B476880E6172C5F0E04044988AF05D99","E","AUTH","","","",""
"HRM_SUCC_PLAN_TYPE","Succession Plan Type","","SEED_DATA_FROM_APPLICATION","2013/08/08 06:34:16.325","SEED_DATA_FROM_APPLICATION","2024/07/24 09:34:02.885276","-1","B476880E6172C5F0E04044988AF05D99","S","AUTH","","","",""
"CHECKLIST_CATEGORY","Checklist Category","Categories of checklists, such as on boarding and off boarding.","SEED_DATA_FROM_APPLICATION","2013/08/08 06:35:28.0","SEED_DATA_FROM_APPLICATION","2024/07/24 09:34:02.885276","-1","61ECAF4AAB30E990E040449821C61C97","E","AUTH","","","",""
"ORA_HRY_INBD_FUNCTIONAL_CATG","Inbound Record Functional Category","Name of the functional category supported by the third-party payroll provider.","SEED_DATA_FROM_APPLICATION","2016/02/26 09:38:53.0","SEED_DATA_FROM_APPLICATION","2024/07/24 09:34:02.885276","-1","03F43873B95194BAE050F00A172022CD","E","SECURE","","","",""
"ORA_HRY_INBD_REC_VEND","Third-Party Payroll Provider","Name of the inbound record third-party payroll provider.","SEED_DATA_FROM_APPLICATION","2016/02/26 09:38:53.264","SEED_DATA_FROM_APPLICATION","2024/07/24 09:34:02.885276","-1","03F43873B95194BAE050F00A172022CD","E","SECURE","","","",""
"HRR_MEETING_STATUS","Talent Review Meeting Status","Statuses used to determine whether a talent review meeting process has started or completed and whether any errors resulted.","SEED_DATA_FROM_APPLICATION","2013/08/08 06:33:45.329","SEED_DATA_FROM_APPLICATION","2024/07/24 09:34:02.885276","-1","6C5DC1606080824AE040449833F045D9","S","AUTH","","","",""
"HRR_MEETING_SUBMIT_STATUS","Talent Review Meeting Submission Status","","SEED_DATA_FROM_APPLICATION","2013/08/08 06:33:45.389","SEED_DATA_FROM_APPLICATION","2024/07/24 09:34:02.885276","-1","6C5DC1606080824AE040449833F045D9","S","AUTH","","","",""
"HRR_PARTICIPANT_DATA_STATUS","Talent Review Data Submission Status","Statuses used to indicate whether the review data preparation has started, was submitted successfully, or resulted in a submission error.","SEED_DATA_FROM_APPLICATION","2013/08/08 06:33:45.416","SEED_DATA_FROM_APPLICATION","2024/07/24 09:34:02.885276","-1","6C5DC1606080824AE040449833F045D9","S","AUTH","","","",""
"HRR_PARTICIPANT_TYPE","Talent Review Meeting Participant Type","","SEED_DATA_FROM_APPLICATION","2013/08/08 06:33:45.448","SEED_DATA_FROM_APPLICATION","2024/07/24 09:34:02.885276","-1","6C5DC1606080824AE040449833F045D9","S","AUTH","","","",""
"ORA_HRA_GOAL_PLAN_EVAL_TYPE","Performance Goal Plan Evaluation Type","Define the type of evaluation configured for a Performance Goal Plan","SEED_DATA_FROM_APPLICATION","2021/03/23 13:52:01.696185","SEED_DATA_FROM_APPLICATION","2024/07/24 09:34:02.885276","-1","6345B48C2DFD8CB4E040449821C64847","E","AUTH","","","",""
"ORA_HRX_IT_LEVEL","Qualification Level","","SEED_DATA_FROM_APPLICATION","2018/12/19 00:46:05.100801","SEED_DATA_FROM_APPLICATION","2024/07/24 09:34:02.885276","-1","EF0C3D338F8B3A2DE040F00A17206843","U","AUTH","","","",""
"ORA_HRX_IT_QUALIFICATION","Qualification","","SEED_DATA_FROM_APPLICATION","2018/12/19 00:46:05.100801","SEED_DATA_FROM_APPLICATION","2024/07/24 09:34:02.885276","-1","EF0C3D338F8B3A2DE040F00A17206843","U","AUTH","","","",""
"DISABILITY_CATEGORY","Disability Category","Classification of a person's disability.","SEED_DATA_FROM_APPLICATION","2013/08/08 06:34:50.0","SEED_DATA_FROM_APPLICATION","2024/07/24 09:34:02.885276","-1","61ECAF4AAB59E990E040449821C61C97","E","AUTH","","","",""
"DISABILITY_REASON","Disability Reason","Reason disability occurred.","SEED_DATA_FROM_APPLICATION","2013/08/08 06:34:50.126","SEED_DATA_FROM_APPLICATION","2024/07/24 09:34:02.885276","-1","61ECAF4AAB59E990E040449821C61C97","E","AUTH","","","",""
"ORA_PER_DISABILITY_COUNTRY","Countries for Self-Disclosure of Disability","List of countries for self-disclosure of disability by employees","SEED_DATA_FROM_APPLICATION","2021/09/17 16:38:10.309146","SEED_DATA_FROM_APPLICATION","2024/07/24 09:34:02.885276","-1","61ECAF4AAB59E990E040449821C61C97","U","AUTH","","","",""
"FED_ANNUITANT_INDICATOR","Annuitant Indicator codes","","CUSTOMIZED_USER","2022/02/17 16:33:18.0","CUSTOMIZED_USER","2022/02/17 16:33:47.879","D7C9D6F9D8D73168E0530264FD0A280C","47110F64AC2A08E2E040449823C60DB6","U","SECURE","","","",""
"FED_FEGLI","FEGLI Codes","","CUSTOMIZED_USER","2022/02/17 16:34:19.242","CUSTOMIZED_USER","2022/02/17 16:34:33.163","D7C9D6F9D8D73168E0530264FD0A280C","47110F64AC2A08E2E040449823C60DB6","U","SECURE","","","",""
"FED_PRD","PRD Codes","","CUSTOMIZED_USER","2022/02/17 16:34:36.498","CUSTOMIZED_USER","2022/02/17 16:34:58.282","D7C9D6F9D8D73168E0530264FD0A280C","47110F64AC2A08E2E040449823C60DB6","U","SECURE","","","",""
"FED_RETIREMENT","Retirement Codes","","CUSTOMIZED_USER","2022/02/17 16:35:01.207","CUSTOMIZED_USER","2022/02/17 16:35:26.453","D7C9D6F9D8D73168E0530264FD0A280C","47110F64AC2A08E2E040449823C60DB6","U","SECURE","","","",""
"FED_TENURE","Tenure Codes","","CUSTOMIZED_USER","2022/02/17 16:35:29.215","CUSTOMIZED_USER","2022/02/17 16:35:47.904","D7C9D6F9D8D73168E0530264FD0A280C","47110F64AC2A08E2E040449823C60DB6","U","SECURE","","","",""
"GSE_HE_US_FACULTY_INFO_CAT","Faculty Information Category","Faculty Information Category","CUSTOMIZED_USER","2015/04/20 08:46:18.0","CUSTOMIZED_USER","2015/04/20 08:47:19.799","13F31ABAE72570CEE0536204548C3726","47110F64AC2A08E2E040449823C60DB6","U","SECURE","","","",""
"TESTING_LOOKUP","Testing_Lookup","","CUSTOMIZED_USER","2024/08/20 11:13:29.0","CUSTOMIZED_USER","2024/08/20 11:16:44.799","1F5252C4EA499C60E063B065F00A84B4","47110F64AC2A08E2E040449823C60DB6","U","SECURE","","","",""
"JOB","JOB","JOB","CUSTOMIZED_USER","2020/11/24 13:29:30.0","CUSTOMIZED_USER","2020/11/24 13:30:44.689","B4D6CF551EDE9E4BE0539E90DF0AFECA","47110F64AC2908E2E040449823C60DB6","U","SECURE","","","",""
"YEAR","Year","Year","CUSTOMIZED_USER","2020/11/25 15:11:36.0","CUSTOMIZED_USER","2020/11/25 15:13:18.955","B4EEC76BA356D4CEE0539E90DF0A6286","47110F64AC2908E2E040449823C60DB6","U","SECURE","","","",""
"ORA_HRX_GB_CO_ISSUE_AUTHORITY","Issuing Authority for GB Court Orders","","SEED_DATA_FROM_APPLICATION","2014/07/16 15:25:35.193","SEED_DATA_FROM_APPLICATION","2024/07/24 09:34:02.885276","-1","6345B48C2EBE8CB4E040449821C64847","E","AUTH","","","",""
"HOME_NURSE_VISIT_TYPE","Home Nurse Visit Type","Home Nurse Visit Type","CUSTOMIZED_USER","2015/08/14 19:52:20.0","CUSTOMIZED_USER","2015/08/14 19:53:29.789","1D4AB6F791EC45C9E0536204548CD15D","61ECAF4AAAB0E990E040449821C61C97","U","SECURE","","","",""
"JOB_TABLE","Job Table","","CUSTOMIZED_USER","2015/08/13 15:23:03.0","CUSTOMIZED_USER","2015/08/13 15:24:05.016","1D325057EBC055FAE0536204548CDA65","61ECAF4AAAB0E990E040449821C61C97","U","SECURE","","","",""
"NURSE_SHIFTS","Nurse Shifts","","CUSTOMIZED_USER","2015/08/19 15:01:25.0","CUSTOMIZED_USER","2015/08/19 15:01:51.016","1DAA5B481316192DE0536204548C6A4E","61ECAF4AAAB0E990E040449821C61C97","U","SECURE","","","",""
"PHYS_VISIT_TYPES","Physician Visit Types","Physician Visit Types","CUSTOMIZED_USER","2015/08/17 15:21:48.0","CUSTOMIZED_USER","2015/08/17 15:23:09.465","1D8310C3001E0341E0536204548C81C7","61ECAF4AAAB0E990E040449821C61C97","U","SECURE","","","",""
"UNION_LIST","Union List","","CUSTOMIZED_USER","2015/08/13 15:49:36.0","CUSTOMIZED_USER","2015/08/13 15:49:55.234","1D325057EBC055FAE0536204548CDA65","61ECAF4AAAB0E990E040449821C61C97","U","SECURE","","","",""
"PAY_ACTION_PARAMETER_TYPE","Payroll Parameter","Default settings for system level parameters that apply to batch processes. Parameters can be overridden using parameter groups.","SEED_DATA_FROM_APPLICATION","2013/08/08 06:31:39.271","SEED_DATA_FROM_APPLICATION","2024/07/24 09:34:02.885276","-1","6345B48C2E0F8CB4E040449821C64847","S","SECURE","","","",""
"FLEX_LOOKUP_1","Flex Lookup 1","Flex Lookup 1","CUSTOMIZED_USER","2023/09/07 14:55:36.0","CUSTOMIZED_USER","2023/09/07 14:57:32.351","0343765E0E76624AE063B065F00A2EAA","E081646114446842E040F00A1720391E","U","SECURE","","","",""
"TEST_RG","created through","created through postman","CUSTOMIZED_USER","2024/09/04 08:19:05.0","CUSTOMIZED_USER","2024/09/04 08:19:05.279","1F5401D00DA19CB9E063B065F00ADACE","E081646114446842E040F00A1720391E","U","SECURE","","","",""
"TEST_RGT","created throughpl6","created through postman1","CUSTOMIZED_USER","2024/09/04 09:41:19.0","CUSTOMIZED_USER","2024/09/04 11:32:55.0","1F5252C64FBC9C60E063B065F00A84B4","E081646114446842E040F00A1720391E","U","SECURE","","","",""
"BARGAINING_UNIT_CODE","Bargaining Unit Code","","SEED_DATA_FROM_APPLICATION","2013/08/08 06:29:30.0","SEED_DATA_FROM_APPLICATION","2024/07/24 09:34:02.885276","-1","6345B48C2E078CB4E040449821C64847","U","AUTH","","","",""
"CONTRACT_TYPE","Contract Type","Category of employment contracts.","SEED_DATA_FROM_APPLICATION","2013/08/08 06:29:30.09","SEED_DATA_FROM_APPLICATION","2024/07/24 09:34:02.885276","-1","6345B48C2E078CB4E040449821C64847","U","AUTH","","","",""
"EMPLOYEE_CATG","Worker Category","Category of worker types.","SEED_DATA_FROM_APPLICATION","2013/08/08 06:29:30.652","SEED_DATA_FROM_APPLICATION","2024/07/24 09:34:02.885276","-1","6345B48C2E078CB4E040449821C64847","U","AUTH","","","",""
"EMP_CAT","Assignment Category","Employment assignment categories.","SEED_DATA_FROM_APPLICATION","2013/08/08 06:29:31.182","SEED_DATA_FROM_APPLICATION","2024/07/24 09:34:02.885276","-1","6345B48C2E078CB4E040449821C64847","U","AUTH","","","",""
"ORA_PER_SENIORITY_ITEMS","Seniority Date Configuration types","This lookup type will have different Seniority Date Configuration types","SEED_DATA_FROM_APPLICATION","2015/07/01 02:04:06.081","SEED_DATA_FROM_APPLICATION","2024/07/24 09:34:02.885276","-1","6345B48C2E078CB4E040449821C64847","U","AUTH","","","",""
"PER_NON_WORKER_TYPES","Nonworker Type","Lists all nonworker system person types.","SEED_DATA_FROM_APPLICATION","2013/08/08 06:29:31.743","SEED_DATA_FROM_APPLICATION","2024/07/24 09:34:02.885276","-1","6345B48C2E078CB4E040449821C64847","E","SECURE","","","",""
"PER_PDS_REHIRE_REASON","Rehire Reason","Reason to rehire a worker.","SEED_DATA_FROM_APPLICATION","2013/08/08 06:29:31.832","SEED_DATA_FROM_APPLICATION","2024/07/24 09:34:02.885276","-1","6345B48C2E078CB4E040449821C64847","U","AUTH","","","",""
"PER_SUPERVISOR_TYPE","Supervisor Type","Type of managers that can be associated with a worker.","SEED_DATA_FROM_APPLICATION","2013/08/08 06:29:32.008","SEED_DATA_FROM_APPLICATION","2024/07/24 09:34:02.885276","-1","6345B48C2E078CB4E040449821C64847","E","AUTH","","","",""
"ADDRESS_TYPE","Address Type","","SEED_DATA_FROM_APPLICATION","2013/08/08 06:23:46.0","SEED_DATA_FROM_APPLICATION","2024/07/24 09:34:02.885276","-1","61ECAF4AAB36E990E040449821C61C97","E","AUTH","","","",""
"EMAIL_TYPE","Email Type","","SEED_DATA_FROM_APPLICATION","2013/08/08 06:23:46.848","SEED_DATA_FROM_APPLICATION","2024/07/24 09:34:02.885276","-1","61ECAF4AAB36E990E040449821C61C97","E","AUTH","","","",""
"JOB_FUNCTION_CODE","Job Function","Description of the primary function of a job. Used for grouping and reporting jobs of like function.","SEED_DATA_FROM_APPLICATION","2013/08/08 06:23:47.316","SEED_DATA_FROM_APPLICATION","2024/07/24 09:34:02.885276","-1","61ECAF4AAB36E990E040449821C61C97","U","AUTH","","","",""
"LOCATION_ADDRESS_USAGE_TYPE","Address Usage Type (test)","Location address usage types.","SEED_DATA_FROM_APPLICATION","2013/08/08 06:23:47.602","CUSTOMIZED_USER","2022/03/29 19:08:16.0","D9EAFAAC75475465E053B065F00A95F2","61ECAF4AAB36E990E040449821C61C97","E","AUTH","","","",""
"MANAGER_LEVEL","Manager Level","Description of the seniority of a manager","SEED_DATA_FROM_APPLICATION","2013/08/08 06:23:47.856","SEED_DATA_FROM_APPLICATION","2024/07/24 09:34:02.885276","-1","61ECAF4AAB36E990E040449821C61C97","U","AUTH","","","",""
"MAR_STATUS","Marital Status","Status of a person's marriage.","SEED_DATA_FROM_APPLICATION","2013/08/08 06:23:47.953","SEED_DATA_FROM_APPLICATION","2024/07/24 09:34:02.885276","-1","61ECAF4AAB36E990E040449821C61C97","U","AUTH","","","",""
"MILITARY_RANK","Military Rank","Military qualification forming part of a person's name.","SEED_DATA_FROM_APPLICATION","2013/08/08 06:23:48.193","SEED_DATA_FROM_APPLICATION","2024/07/24 09:34:02.885276","-1","61ECAF4AAB36E990E040449821C61C97","E","AUTH","","","",""
"NATIONALITY","HCM Nationality","HCM person's nationality.","SEED_DATA_FROM_APPLICATION","2013/08/08 06:23:48.242","SEED_DATA_FROM_APPLICATION","2024/07/24 09:34:02.885276","-1","61ECAF4AAB36E990E040449821C61C97","E","AUTH","","","",""
"ORA_PER_STATUTORY_DEPENDENT","Statutory Dependent Contact","Identifies statutory dependent contacts, which is technically the STATUTORY_DEPENDENT field on the PER_CONTACT_RELSHIPS_F table.","SEED_DATA_FROM_APPLICATION","2017/12/05 00:18:45.167","SEED_DATA_FROM_APPLICATION","2024/07/24 09:34:02.885276","-1","61ECAF4AAB36E990E040449821C61C97","U","AUTH","","","",""
"PER_CORRESP_LANG","Correspondence Language","Language in which to enter correspondence","SEED_DATA_FROM_APPLICATION","2013/08/08 06:23:50.785","SEED_DATA_FROM_APPLICATION","2024/07/24 09:34:02.885276","-1","61ECAF4AAB36E990E040449821C61C97","U","AUTH","","","",""
"PER_DRIVERS_LICENSE_TYPE","Driver License Type","Classification of the type of drivers license.","SEED_DATA_FROM_APPLICATION","2013/08/08 06:23:51.156","SEED_DATA_FROM_APPLICATION","2024/07/24 09:34:02.885276","-1","61ECAF4AAB36E990E040449821C61C97","E","AUTH","","","",""
"PER_ETHNICITY","Ethnicity","Person's ethnicity.","SEED_DATA_FROM_APPLICATION","2013/08/08 06:23:51.301","SEED_DATA_FROM_APPLICATION","2024/07/24 09:34:02.885276","-1","61ECAF4AAB36E990E040449821C61C97","U","AUTH","","","",""
"PER_HIGHEST_EDUCATION_LEVEL","Highest Education Level","Greatest level of academic qualification.","SEED_DATA_FROM_APPLICATION","2013/08/08 06:23:52.384","SEED_DATA_FROM_APPLICATION","2024/07/24 09:34:02.885276","-1","61ECAF4AAB36E990E040449821C61C97","U","AUTH","","","",""
"PER_NATIONAL_IDENTIFIER_TYPE","National Identifier Type","","SEED_DATA_FROM_APPLICATION","2013/08/08 06:23:55.736","SEED_DATA_FROM_APPLICATION","2024/07/24 09:34:02.885276","-1","61ECAF4AAB36E990E040449821C61C97","U","AUTH","","","",""
"PER_RELIGION","Religion","Person's religion.","SEED_DATA_FROM_APPLICATION","2013/08/08 06:23:56.257","SEED_DATA_FROM_APPLICATION","2024/07/24 09:34:02.885276","-1","61ECAF4AAB36E990E040449821C61C97","U","AUTH","","","",""
"PER_RESPONSIBILITY_TYPES","Responsibility Types","Additional responsibilities for a person.","SEED_DATA_FROM_APPLICATION","2013/08/08 06:23:56.412","SEED_DATA_FROM_APPLICATION","2024/07/24 09:34:02.885276","-1","61ECAF4AAB36E990E040449821C61C97","E","AUTH","","","",""
"PER_VISA_PERMIT_STATUS","Visa Permit Status","Status of the visa or permit.","SEED_DATA_FROM_APPLICATION","2013/08/08 06:23:56.606","SEED_DATA_FROM_APPLICATION","2024/07/24 09:34:02.885276","-1","61ECAF4AAB36E990E040449821C61C97","E","AUTH","","","",""
"PHONE_TYPE","Phone Type","Classification of the type of phone.","SEED_DATA_FROM_APPLICATION","2013/08/08 06:23:57.118","SEED_DATA_FROM_APPLICATION","2024/07/24 09:34:02.885276","-1","61ECAF4AAB36E990E040449821C61C97","U","AUTH","","","",""
"TITLE","Title","Title forming part of a person's name.","SEED_DATA_FROM_APPLICATION","2013/08/08 06:23:58.839","SEED_DATA_FROM_APPLICATION","2024/07/24 09:34:02.885276","-1","61ECAF4AAB36E990E040449821C61C97","U","AUTH","","","",""
"ORA_BEN_DEPENDENT_CARE_FSA","Dependent Care FSA","","SEED_DATA_FROM_APPLICATION","2021/06/19 00:01:11.92004","SEED_DATA_FROM_APPLICATION","2024/07/24 09:34:02.885276","-1","6345B48C2E038CB4E040449821C64847","E","AUTH","","","",""
"ORA_BEN_HEALTH_CARE_FSA","Health Care FSA","","SEED_DATA_FROM_APPLICATION","2021/06/19 00:01:11.92004","SEED_DATA_FROM_APPLICATION","2024/07/24 09:34:02.885276","-1","6345B48C2E038CB4E040449821C64847","E","AUTH","","","",""
"ORA_BEN_HSA_FAMILY","Health Care Account Limit for Family","","SEED_DATA_FROM_APPLICATION","2021/06/19 00:01:11.92004","SEED_DATA_FROM_APPLICATION","2024/07/24 09:34:02.885276","-1","6345B48C2E038CB4E040449821C64847","E","AUTH","","","",""
"ORA_BEN_HSA_SINGLE","Health Care Account Limit for Single","","SEED_DATA_FROM_APPLICATION","2021/06/19 00:01:11.92004","SEED_DATA_FROM_APPLICATION","2024/07/24 09:34:02.885276","-1","6345B48C2E038CB4E040449821C64847","E","AUTH","","","",""
"ANC_BLOCKED_LEAVE","Block Leave Status","The absence record's status in consideration for block leave requirements.","SEED_DATA_FROM_APPLICATION","2013/12/31 06:19:46.975","SEED_DATA_FROM_APPLICATION","2024/07/24 09:34:02.885276","-1","C64A59BE04D1C54FE040F00A17202FED","E","AUTH","","","",""
"ORA_ANC_ADDL_PAYLOAD","Additional Payload Attribute","An additional value to be sent to the approval framework for evaluation.","SEED_DATA_FROM_APPLICATION","2015/02/16 16:15:19.39","SEED_DATA_FROM_APPLICATION","2024/07/24 09:34:02.885276","-1","C64A59BE04D1C54FE040F00A17202FED","U","SECURE","","","",""
"ORA_ANC_PLAN_CATEGORY","Plan Category","A category used to define the function of a plan.","SEED_DATA_FROM_APPLICATION","2018/05/23 17:03:38.107","SEED_DATA_FROM_APPLICATION","2024/07/24 09:34:02.885276","-1","C64A59BE04D1C54FE040F00A17202FED","U","SECURE","","","",""
"CMP_CWB_CUST_COL_49_LIST","Column 49 Values","","SEED_DATA_FROM_APPLICATION","2013/08/08 06:22:36.926","SEED_DATA_FROM_APPLICATION","2024/07/24 09:34:02.885276","-1","6345B48C2E058CB4E040449821C64847","U","SECURE","","","",""
"ORA_CMP_GSP_GRADE_LADDER_GRP","Grade Ladder Group","An attribute of a grade ladder which can be used for combining grade ladders into groups.","SEED_DATA_FROM_APPLICATION","2018/06/04 12:31:17.786","SEED_DATA_FROM_APPLICATION","2024/07/24 09:34:02.885276","-1","6345B48C2E058CB4E040449821C64847","U","AUTH","","","",""
"ORA_CMP_SIMPLE_SALARY_COMPS","Simple Salary Components","Simple components available when configuring a salary basis where the salary amount is determined by simple components.","SEED_DATA_FROM_APPLICATION","2020/12/23 00:25:57.782735","SEED_DATA_FROM_APPLICATION","2024/07/24 09:34:02.885276","-1","6345B48C2E058CB4E040449821C64847","E","AUTH","","","",""
"DOCUMENT_CATEGORY","Document Category (Test)","Categorize a document. (Test)","SEED_DATA_FROM_APPLICATION","2013/08/08 06:34:53.0","CUSTOMIZED_USER","2022/04/04 17:59:59.801","D9EAF209BE4D4B6EE053CE65F00AB110","61ECAF4AAB3CE990E040449821C61C97","E","AUTH","","","",""
"HRT_COMPETENCY_CATEGORY","Competency Category","Classification of competencies.","SEED_DATA_FROM_APPLICATION","2013/08/08 06:29:08.157","CUSTOMIZED_USER","2016/03/31 06:36:12.233","2F516BBFAF1110FDE053790B548C4458","6345B48C2E138CB4E040449821C64847","S","AUTH","","","",""
"HRT_COMPETENCY_EVAL_TYPE","Competency Evaluation Type (Test)","Type of competency rating qualifier, such as Self, Supervisor, Peer. (Test)","SEED_DATA_FROM_APPLICATION","2013/08/08 06:29:08.237","CUSTOMIZED_USER","2022/03/30 16:23:51.0","D9EAF49397314B89E053CE65F00A1CD7","6345B48C2E138CB4E040449821C64847","U","AUTH","","","",""
"HRT_EDUCATION_LEVEL","Education Level","Level of education, such as College or Postgraduate.","SEED_DATA_FROM_APPLICATION","2013/08/08 06:29:08.78","SEED_DATA_FROM_APPLICATION","2024/07/24 09:34:02.885276","-1","6345B48C2E138CB4E040449821C64847","U","AUTH","","","",""
"HRT_EST_DEPARTURE_DATE","Estimated Departure Date","","SEED_DATA_FROM_APPLICATION","2013/12/31 06:19:40.305","SEED_DATA_FROM_APPLICATION","2024/07/24 09:34:02.885276","-1","6345B48C2E138CB4E040449821C64847","E","AUTH","","","",""
"HRT_MATCH_IMPORTANCE","Importance Priority","Importance priority for profile content type.","SEED_DATA_FROM_APPLICATION","2013/08/08 06:29:09.225","CUSTOMIZED_USER","2016/03/30 03:41:36.756","2F3CDAC6646B75E0E053790B548CDA91","6345B48C2E138CB4E040449821C64847","S","AUTH","","","",""
"HRT_READINESS","Career Readiness","Career advancement readiness.","SEED_DATA_FROM_APPLICATION","2013/08/08 06:29:09.829","SEED_DATA_FROM_APPLICATION","2024/07/24 09:34:02.885276","-1","6345B48C2E138CB4E040449821C64847","U","AUTH","","","",""
"HRT_SATISFACTION_METHOD","Satisfaction Method","Method by which an item such as a competency is verified, such as assessment or demonstration.","SEED_DATA_FROM_APPLICATION","2013/08/08 06:29:10.06","SEED_DATA_FROM_APPLICATION","2024/07/24 09:34:02.885276","-1","6345B48C2E138CB4E040449821C64847","U","AUTH","","","",""
"HRT_VALIDITY_PERIOD","Validity Period","Time period during which an item such as a license or certification is valid.","SEED_DATA_FROM_APPLICATION","2013/08/08 06:29:10.724","SEED_DATA_FROM_APPLICATION","2024/07/24 09:34:02.885276","-1","6345B48C2E138CB4E040449821C64847","U","AUTH","","","",""
"ORA_HNS_AGENCIES_NOTIFIED","Agencies Notified","A list of agencies notified about the incident.","SEED_DATA_FROM_APPLICATION","2017/09/19 17:49:51.334","SEED_DATA_FROM_APPLICATION","2024/07/24 09:34:02.885276","-1","25F0EAA65583FF61E050F00A17202CF2","U","AUTH","","","",""
"ORA_HNS_CONTRIBUTING_FACTORS","Contributing Factors","A set of factors potentially contributing to the cause of the incident happening.","SEED_DATA_FROM_APPLICATION","2019/09/20 12:30:29.375509","SEED_DATA_FROM_APPLICATION","2024/07/24 09:34:02.885276","-1","25F0EAA65583FF61E050F00A17202CF2","U","AUTH","","","",""
"ORA_HNS_LEVEL_SEVERITY","Level of Severity","The classification of an incident or an event.","SEED_DATA_FROM_APPLICATION","2017/09/19 17:49:53.229","SEED_DATA_FROM_APPLICATION","2024/07/24 09:34:02.885276","-1","25F0EAA65583FF61E050F00A17202CF2","U","AUTH","","","",""
"ORA_HNS_RESOURCE_REQUIRED","Resources Required","A list of values showing the types of resources that could be needed to complete an action.","SEED_DATA_FROM_APPLICATION","2017/09/19 17:50:00.924","SEED_DATA_FROM_APPLICATION","2024/07/24 09:34:02.885276","-1","25F0EAA65583FF61E050F00A17202CF2","U","AUTH","","","",""
"BEN_OPT_TYP","Option Type","","SEED_DATA_FROM_APPLICATION","2013/08/08 06:22:58.667","SEED_DATA_FROM_APPLICATION","2024/07/24 09:34:02.885276","-1","6345B48C2E098CB4E040449821C64847","S","AUTH","","","",""
"ORA_WLF_ACTIVITY_CONTENT_TYPE","Learn Activity Content Type","This is a look up field for activity content type","SEED_DATA_FROM_APPLICATION","2017/07/20 01:16:23.393","SEED_DATA_FROM_APPLICATION","2024/07/24 09:34:02.885276","-1","0AFBC5827F836EE4E050F00A17200BB6","S","AUTH","","","",""
"ORA_WLF_ACT_DELIVERY_MODE","Learn Activity Delivery Mode","This is a look up field for activity delivery mode","SEED_DATA_FROM_APPLICATION","2017/07/20 01:16:24.217","SEED_DATA_FROM_APPLICATION","2024/07/24 09:34:02.885276","-1","0AFBC5827F836EE4E050F00A17200BB6","S","AUTH","","","",""
"ORA_WLF_AR_RELATION_TYPE","Assignment relationship type","Type of assignment relationship","SEED_DATA_FROM_APPLICATION","2017/07/20 01:16:24.697","SEED_DATA_FROM_APPLICATION","2024/07/24 09:34:02.885276","-1","0AFBC5827F836EE4E050F00A17200BB6","S","AUTH","","","",""
"ORA_WLF_ASSET_INGEST_STATUS","Content Provider Asset Ingestion Status","Possible ingestion status of assets imported from third party content providers into Learn System.","SEED_DATA_FROM_APPLICATION","2018/05/23 17:00:30.497","SEED_DATA_FROM_APPLICATION","2024/07/24 09:34:02.885276","-1","0AFBC5827F836EE4E050F00A17200BB6","S","AUTH","","","",""
"ORA_WLF_ASSIGNMENT_REL_TYPE","Assignment Relation Type","The lookup is used to indicate assignment relation type","SEED_DATA_FROM_APPLICATION","2017/12/10 06:42:53.659","SEED_DATA_FROM_APPLICATION","2024/07/24 09:34:02.885276","-1","0AFBC5827F836EE4E050F00A17200BB6","S","AUTH","","","",""
"ORA_WLF_ASSIGN_ATTR_LOOKUP","Assignment Attribution Type","Possible assignment attribution types in the Learning System","SEED_DATA_FROM_APPLICATION","2016/08/13 04:35:41.819","SEED_DATA_FROM_APPLICATION","2024/07/24 09:34:02.885276","-1","0AFBC5827F836EE4E050F00A17200BB6","U","AUTH","","","",""
"ORA_WLF_ASSIGN_REC_TYPE","Assignment Record Type","Type of Assignment Record","SEED_DATA_FROM_APPLICATION","2017/04/13 08:57:11.528","SEED_DATA_FROM_APPLICATION","2024/07/24 09:34:02.885276","-1","0AFBC5827F836EE4E050F00A17200BB6","S","AUTH","","","",""
"ORA_WLF_COMPLT_RSN_ONLINE_IL","Completion reason for instructor-led online activity","Reason for specialist to mark an instructor-led online activity as complete","SEED_DATA_FROM_APPLICATION","2017/12/10 06:43:01.563","SEED_DATA_FROM_APPLICATION","2024/07/24 09:34:02.885276","-1","0AFBC5827F836EE4E050F00A17200BB6","U","AUTH","","","",""
"ORA_WLF_COMPLT_RSN_ONLINE_SP","Completion reason for self-paced online activity","Reason for specialist to mark a self-paced online activity as complete","SEED_DATA_FROM_APPLICATION","2017/12/10 06:43:02.483","SEED_DATA_FROM_APPLICATION","2024/07/24 09:34:02.885276","-1","0AFBC5827F836EE4E050F00A17200BB6","U","AUTH","","","",""
"ORA_WLF_COMPLT_RSN_ONSITE_IL","Completion reason for instructor-led on-site activity","Reason for specialist to mark an instructor-led on-site activity as complete","SEED_DATA_FROM_APPLICATION","2017/12/10 06:43:03.244","SEED_DATA_FROM_APPLICATION","2024/07/24 09:34:02.885276","-1","0AFBC5827F836EE4E050F00A17200BB6","U","AUTH","","","",""
"ORA_WLF_CONT_IMPORT_STATUS","Content import status","Status for content import","SEED_DATA_FROM_APPLICATION","2016/04/08 18:07:54.166","CUSTOMIZED_USER","2020/02/07 13:26:08.586","9DFD0C882C944CB9E053B090DF0AF978","0AFBC5827F836EE4E050F00A17200BB6","S","AUTH","","","",""
"ORA_WLF_COURSE_STATUS","Course Status","Learning course status","SEED_DATA_FROM_APPLICATION","2016/03/15 14:45:29.175","CUSTOMIZED_USER","2020/02/07 13:26:08.79","9DFD0C882C944CB9E053B090DF0AF978","0AFBC5827F836EE4E050F00A17200BB6","S","AUTH","","","",""
"ORA_WLF_CO_VALIDITY_OPTIONS","Validity of Content Completion","Options for validity of the certification after completion of the content object.","SEED_DATA_FROM_APPLICATION","2016/03/15 14:45:29.575","SEED_DATA_FROM_APPLICATION","2024/07/24 09:34:02.885276","-1","0AFBC5827F836EE4E050F00A17200BB6","S","AUTH","","","",""
"ORA_WLF_EVENT_TYPE","Learning Event Type","Possible learning event type options","SEED_DATA_FROM_APPLICATION","2016/03/15 14:45:29.938","SEED_DATA_FROM_APPLICATION","2024/07/24 09:34:02.885276","-1","0AFBC5827F836EE4E050F00A17200BB6","S","AUTH","","","",""
"ORA_WLF_INIT_ASSGN_STATE_SEC","Default Assignment status for section","This lookup stores possible values for default assignment status for Section learning item type","SEED_DATA_FROM_APPLICATION","2017/12/10 06:43:07.152","SEED_DATA_FROM_APPLICATION","2024/07/24 09:34:02.885276","-1","0AFBC5827F836EE4E050F00A17200BB6","S","AUTH","","","",""
"ORA_WLF_LEARNING_ITEM_TYPE","Learning Item Type","Possible learning item types in the Learning System","SEED_DATA_FROM_APPLICATION","2016/03/15 14:45:31.135","SEED_DATA_FROM_APPLICATION","2024/07/24 09:34:02.885276","-1","0AFBC5827F836EE4E050F00A17200BB6","S","AUTH","","","",""
"ORA_WLF_LEARN_CONTENT_STATUS","Learning Item Status","This is lookup for Content Status","SEED_DATA_FROM_APPLICATION","2016/03/15 14:45:31.725","SEED_DATA_FROM_APPLICATION","2024/07/24 09:34:02.885276","-1","0AFBC5827F836EE4E050F00A17200BB6","S","AUTH","","","",""
"ORA_WLF_LEARN_DELIVERY_MODE","Learn Delivery Mode","This is a look up field for delivery mode","SEED_DATA_FROM_APPLICATION","2016/03/15 14:45:31.873","SEED_DATA_FROM_APPLICATION","2024/07/24 09:34:02.885276","-1","0AFBC5827F836EE4E050F00A17200BB6","S","AUTH","","","",""
"ORA_WLF_LI_ACTIVITY_TYPE","Learn Activity Type","This is a look up field for activity type","SEED_DATA_FROM_APPLICATION","2017/07/20 01:16:29.627","SEED_DATA_FROM_APPLICATION","2024/07/24 09:34:02.885276","-1","0AFBC5827F836EE4E050F00A17200BB6","S","AUTH","","","",""
"ORA_WLF_LI_EFFECTIVITY","Learning Item Effectivity Options","Different learning item effectivity options from an assignment","SEED_DATA_FROM_APPLICATION","2017/07/20 01:16:30.454","SEED_DATA_FROM_APPLICATION","2024/07/24 09:34:02.885276","-1","0AFBC5827F836EE4E050F00A17200BB6","S","AUTH","","","",""
"ORA_WLF_LI_REST_ACTIVITY_TYPE","Learn Rest Activity Type","This is a look up field for rest activity type","SEED_DATA_FROM_APPLICATION","2019/04/10 10:00:59.004","SEED_DATA_FROM_APPLICATION","2024/07/24 09:34:02.885276","-1","0AFBC5827F836EE4E050F00A17200BB6","S","AUTH","","","",""
"ORA_WLF_LI_REST_CONTENT_TYPE","Learn Rest Content Type","Possible content types in the Learning REST System","SEED_DATA_FROM_APPLICATION","2019/06/01 10:16:05.467","SEED_DATA_FROM_APPLICATION","2024/07/24 09:34:02.885276","-1","0AFBC5827F836EE4E050F00A17200BB6","S","AUTH","","","",""
"ORA_WLF_PLAN_PROFILE_TYPE","Plan Profile Type","Type of the Profile for Planning","SEED_DATA_FROM_APPLICATION","2018/05/23 17:00:45.588","SEED_DATA_FROM_APPLICATION","2024/07/24 09:34:02.885276","-1","0AFBC5827F836EE4E050F00A17200BB6","S","AUTH","","","",""
"ORA_WLF_RECOMND_CATEGORY","Learning Recommendation Category","Lookup to describe Learning Recommendation Category.","SEED_DATA_FROM_APPLICATION","2019/10/05 04:07:53.411","SEED_DATA_FROM_APPLICATION","2024/07/24 09:34:02.885276","-1","0AFBC5827F836EE4E050F00A17200BB6","E","AUTH","","","",""
"ORA_WLF_RENEWAL_OPTIONS","Renewal Options","Options for Renewing.","SEED_DATA_FROM_APPLICATION","2016/03/15 14:45:33.674","SEED_DATA_FROM_APPLICATION","2024/07/24 09:34:02.885276","-1","0AFBC5827F836EE4E050F00A17200BB6","S","AUTH","","","",""
"ORA_WLF_REST_APPROVAL_TYPE","Learning Assignment Approval Type","Possible Learning Assignment Approval Type","SEED_DATA_FROM_APPLICATION","2019/09/01 19:41:35.604","SEED_DATA_FROM_APPLICATION","2024/07/24 09:34:02.885276","-1","0AFBC5827F836EE4E050F00A17200BB6","S","AUTH","","","",""
"ORA_WLF_SEC_TYPE","Section Type","Indicates the section type of a learning item","SEED_DATA_FROM_APPLICATION","2016/03/15 14:45:33.958","SEED_DATA_FROM_APPLICATION","2024/07/24 09:34:02.885276","-1","0AFBC5827F836EE4E050F00A17200BB6","S","AUTH","","","",""
"ORA_WLF_SPEC_STATUS","Specialization Status","Status of the learning specialization","SEED_DATA_FROM_APPLICATION","2016/03/15 14:45:34.435","CUSTOMIZED_USER","2020/02/07 13:56:42.137","9DFD0C882C944CB9E053B090DF0AF978","0AFBC5827F836EE4E050F00A17200BB6","S","AUTH","","","",""
"ORA_WLF_WITHDRAW_REASON","Assignment Withdraw Reason","Reason For Assignment Withdrawal","SEED_DATA_FROM_APPLICATION","2017/03/28 00:29:16.926","SEED_DATA_FROM_APPLICATION","2024/07/24 09:34:02.885276","-1","0AFBC5827F836EE4E050F00A17200BB6","E","AUTH","","","",""
"ORA_WLF_WITHDRAW_TYPE","Assignment Withdrawal Type","Identifier to identify the type of withdrawal. Whether it is Specialist or Self or Auto initiated","SEED_DATA_FROM_APPLICATION","2017/07/20 01:16:33.238","SEED_DATA_FROM_APPLICATION","2024/07/24 09:34:02.885276","-1","0AFBC5827F836EE4E050F00A17200BB6","S","AUTH","","","",""
"ORA_WLF_WITHD_MOD","Assignment Modification initiated withdrawal Reason","Withdrawal reason due to Assignment modification or deletion","SEED_DATA_FROM_APPLICATION","2017/07/20 01:16:33.699","SEED_DATA_FROM_APPLICATION","2024/07/24 09:34:02.885276","-1","0AFBC5827F836EE4E050F00A17200BB6","S","AUTH","","","",""
"HRG_ASSIGNMENT_SEARCH_OPTION","Selected Persons Search Options","","SEED_DATA_FROM_APPLICATION","2013/08/08 06:31:27.086","SEED_DATA_FROM_APPLICATION","2024/07/24 09:34:02.885276","-1","6345B48C2DFA8CB4E040449821C64847","S","AUTH","","","",""
"HRG_GOAL_ASGN_SOURCE_TYPE","Source of Goal Assignment","","SEED_DATA_FROM_APPLICATION","2013/08/08 06:31:27.207","SEED_DATA_FROM_APPLICATION","2024/07/24 09:34:02.885276","-1","6345B48C2DFA8CB4E040449821C64847","S","AUTH","","","",""
"HRG_GOAL_MEASUREMENT_LEVEL","Level of Goal","","SEED_DATA_FROM_APPLICATION","2013/08/08 06:31:27.287","SEED_DATA_FROM_APPLICATION","2024/07/24 09:34:02.885276","-1","6345B48C2DFA8CB4E040449821C64847","E","AUTH","","","",""
"HRG_GOAL_MEASUREMENT_TYPE","Goal Measurement Type","","SEED_DATA_FROM_APPLICATION","2013/08/08 06:31:27.312","SEED_DATA_FROM_APPLICATION","2024/07/24 09:34:02.885276","-1","6345B48C2DFA8CB4E040449821C64847","S","AUTH","","","",""
"HRG_GOAL_OBJECT_TYPE","Goal Plan Type","","SEED_DATA_FROM_APPLICATION","2013/08/08 06:31:27.34","SEED_DATA_FROM_APPLICATION","2024/07/24 09:34:02.885276","-1","6345B48C2DFA8CB4E040449821C64847","S","AUTH","","","",""
"HRG_GOAL_SOURCE","Source of Goal","","SEED_DATA_FROM_APPLICATION","2013/08/08 06:31:27.49","SEED_DATA_FROM_APPLICATION","2024/07/24 09:34:02.885276","-1","6345B48C2DFA8CB4E040449821C64847","E","AUTH","","","",""
"HRG_GOAL_STATUS","Status of Goal","","SEED_DATA_FROM_APPLICATION","2013/08/08 06:31:27.52","SEED_DATA_FROM_APPLICATION","2024/07/24 09:34:02.885276","-1","6345B48C2DFA8CB4E040449821C64847","S","AUTH","","","",""
"HRG_GOAL_TASK_STATUS","Status of Goal Task","","SEED_DATA_FROM_APPLICATION","2013/08/08 06:31:27.564","SEED_DATA_FROM_APPLICATION","2024/07/24 09:34:02.885276","-1","6345B48C2DFA8CB4E040449821C64847","S","AUTH","","","",""
"HRG_GOAL_TASK_TYPE","Type of Goal Task","","SEED_DATA_FROM_APPLICATION","2013/08/08 06:31:27.599","SEED_DATA_FROM_APPLICATION","2024/07/24 09:34:02.885276","-1","6345B48C2DFA8CB4E040449821C64847","E","AUTH","","","",""
"HRG_GOAL_TYPE","Type of Goals","","SEED_DATA_FROM_APPLICATION","2013/08/08 06:31:27.68","SEED_DATA_FROM_APPLICATION","2024/07/24 09:34:02.885276","-1","6345B48C2DFA8CB4E040449821C64847","S","AUTH","","","",""
"HRG_MANAGER_HIERARCHY_OPTION","Assignees Options","","SEED_DATA_FROM_APPLICATION","2013/08/08 06:31:27.768","SEED_DATA_FROM_APPLICATION","2024/07/24 09:34:02.885276","-1","6345B48C2DFA8CB4E040449821C64847","S","AUTH","","","",""
"HRG_MASS_REQUEST_TYPE","Type of Mass Request","","SEED_DATA_FROM_APPLICATION","2013/08/08 06:31:27.863","SEED_DATA_FROM_APPLICATION","2024/07/24 09:34:02.885276","-1","6345B48C2DFA8CB4E040449821C64847","S","AUTH","","","",""
"HRG_PERCENT_COMPLETE","Completion Percentage","","SEED_DATA_FROM_APPLICATION","2013/08/08 06:31:27.913","CUSTOMIZED_USER","2016/03/17 15:10:02.0","2E3E678A58353534E053790B548CAFBA","6345B48C2DFA8CB4E040449821C64847","E","AUTH","","","",""
"HRG_PERF_GOAL_CATEGORY","Category of Performance Goal","","SEED_DATA_FROM_APPLICATION","2013/08/08 06:31:27.97","SEED_DATA_FROM_APPLICATION","2024/07/24 09:34:02.885276","-1","6345B48C2DFA8CB4E040449821C64847","U","AUTH","","","",""
"HRG_SUB_TYPE_CODE","Goal Subtype","Specifies goal subtype.","SEED_DATA_FROM_APPLICATION","2014/07/16 15:24:34.491","SEED_DATA_FROM_APPLICATION","2024/07/24 09:34:02.885276","-1","6345B48C2DFA8CB4E040449821C64847","U","AUTH","","","",""
"HRG_TARGET_OUTCOME_SOURCE","Source of Target Outcome","","SEED_DATA_FROM_APPLICATION","2013/08/08 06:31:28.144","SEED_DATA_FROM_APPLICATION","2024/07/24 09:34:02.885276","-1","6345B48C2DFA8CB4E040449821C64847","S","AUTH","","","",""
"HRC_SOURCE_SYSTEM_OWNER","Source System Owner","Source System Owner name","SEED_DATA_FROM_APPLICATION","2013/08/08 06:33:15.48","SEED_DATA_FROM_APPLICATION","2024/07/24 09:34:02.885276","-1","61ECAF4AAB32E990E040449821C61C97","E","SECURE","","","",""
"ORA_HWM_CA_REASONS","Change Audit Reasons","Extensible lookup containing the change audit reasons","SEED_DATA_FROM_APPLICATION","2017/12/05 00:20:11.229","SEED_DATA_FROM_APPLICATION","2024/07/24 09:34:02.885276","-1","C1C31279E94CBE69E040F00A17203CD9","E","AUTH","","","",""
"ORA_HWM_TCD_SUPPLIERS","List of time collection device suppliers","Extensible lookup to define the list of time collection device suppliers that transfer time device events.","SEED_DATA_FROM_APPLICATION","2016/02/26 09:34:05.453","SEED_DATA_FROM_APPLICATION","2024/07/24 09:34:02.885276","-1","C1C31279E94CBE69E040F00A17203CD9","E","SECURE","","","",""
"ORA_HWM_TCD_SUPPLIER_EVENTS","List of time device suppliers events","Extensible lookup that defines the list of time collection device events transferred from supplier time collection devices","SEED_DATA_FROM_APPLICATION","2016/02/26 09:34:05.535","SEED_DATA_FROM_APPLICATION","2024/07/24 09:34:02.885276","-1","C1C31279E94CBE69E040F00A17203CD9","E","SECURE","","","",""
"BEN_COMP_TYP","BEN_COMP_TYP (test)","Test","SEED_DATA_FROM_APPLICATION","2013/08/08 06:27:49.778","CUSTOMIZED_USER","2022/03/30 16:14:32.0","D9EAF49397314B89E053CE65F00A1CD7","61ECAF4AAB11E990E040449821C61C97","S","SECURE","","","",""
"ORA_PER_GEOGRAPHIC_TREE_NODES","Geographic Tree Nodes","A list of values used in the geographic tree to represent areas within a country.","SEED_DATA_FROM_APPLICATION","2014/07/16 15:25:21.0","SEED_DATA_FROM_APPLICATION","2024/07/24 09:34:02.885276","-1","61ECAF4AAB2BE990E040449821C61C97","U","SECURE","","","",""
"PER_CAL_EVENT_CATEGORY","Calendar Event Category","Category of calendar events, such as public holidays.","SEED_DATA_FROM_APPLICATION","2013/08/08 06:34:18.148","SEED_DATA_FROM_APPLICATION","2024/07/24 09:34:02.885276","-1","61ECAF4AAB2BE990E040449821C61C97","U","SECURE","","","",""
"FLEXDEPLOY_COMMON_LOOKUP","FLEXDEPLOY_COMMON_LOOKUP","FLEXDEPLOY_COMMON_LOOKUP","CUSTOMIZED_USER","2023/10/05 18:34:03.0","CUSTOMIZED_USER","2023/10/05 18:34:36.827","0343E7A10FC36108E063CE65F00A45E7","61ECAF4AAF25E990E040449821C61C97","U","SECURE","","","",""
"HRT_SEATS","Seat options for the law traineeship","Seat options for the law traineeship","CUSTOMIZED_USER","2016/10/20 10:53:05.0","CUSTOMIZED_USER","2016/10/20 10:54:24.835","3F4A61F75BBF1425E0537AA3FD0A8034","61ECAF4AAC45E990E040449821C61C97","U","SECURE","","","",""
"US_ELEMENT_UNION_LIST","US Element Union List","","CUSTOMIZED_USER","2014/09/03 15:08:43.0","CUSTOMIZED_USER","2014/09/03 15:10:25.657","0228D2143085107AE0536204548C6801","6345B48C2F578CB4E040449821C64847","U","SECURE","","","",""
"HRX_FR_PCS_CODE","PCS job code","","SEED_DATA_FROM_APPLICATION","2013/08/08 06:36:42.0","SEED_DATA_FROM_APPLICATION","2024/07/24 09:34:02.885276","-1","A4278D415143A993E0401490D3C539A9","U","AUTH","","","",""
"HRX_FR_PCS_EXT_CODE","PCS extension job code","","SEED_DATA_FROM_APPLICATION","2013/08/08 06:36:42.017","SEED_DATA_FROM_APPLICATION","2024/07/24 09:34:02.885276","-1","A4278D415143A993E0401490D3C539A9","U","AUTH","","","",""
"ORA_HRC_TXN_PURGE_PERIOD_TYPES","List of periods for purging transactions","List of periods for purging transactions in the Human Capital Management Transaction Administrator Console","SEED_DATA_FROM_APPLICATION","2022/08/10 04:36:43.848347","SEED_DATA_FROM_APPLICATION","2024/07/24 09:34:02.885276","-1","61ECAF4AAB61E990E040449821C61C97","E","AUTH","","","",""
