<?xml version="1.0" encoding="UTF-8"?>
<Package>
    <LOCALE>en_US</LOCALE>
    <User name="" password=""/>
    <ExportedVersion>24.07.52</ExportedVersion>
    <ExportedDateUTC>20240726</ExportedDateUTC>
    <ExportedTimeUTC>00:00</ExportedTimeUTC>
    <ExportedBy>epm_default_cloud_admin</ExportedBy>
    <IDMDomain></IDMDomain>
    <ServiceInstance>epm-303496-fcc</ServiceInstance>        <Task>
            <Source type="FileSystem" filePath="/HP-VisCnsl"/>
            <Target type="Application" product="HP" project="Default Application Group" application="VisCnsl"/><Artifact recursive="false" parentPath="/Cube/Consol/Calculation Manager Rules" pattern="Discount"/><Artifact recursive="false" parentPath="/Global Artifacts/Common Dimensions/Standard Dimensions" pattern="Account"/>        </Task>
     </Package>
