{
    "profiles": [
        {
            "displayName": "Base configuration",
            "description": "Default development profile in VBCS",
            "id": "base_configuration",
            "disabled": false
        },
        {
            "displayName": "SIT configuration ",
            "description": "Default SIT profile in VBCS",
            "id": "sit_configuration",
            "disabled": false
        }        ,
        {
            "displayName": "UAT configuration ",
            "description": "Default UAT profile in VBCS",
            "id": "uat_configuration",
            "disabled": false
        }
    ],
    "defaults": {
        "dev": "base_configuration",
        "stage": "base_configuration",
        "publish": "base_configuration"
    }
}