"FND_APP_KEY_FLEXFIELD.KeyFlexfieldCode","FND_APP_KEY_FLEXFIELD.ApplicationId","StructureCode","Name","Description","Delimiter","EnabledFlag","CreationDate","CreatedBy","LastUpdateDate","LastUpdatedBy","LastUpdateLogin"
"XCC","10052","00009211_PROJECT_ABSOLUTE1","00009211_PROJECT_ABSOLUTE1","","-","Y","2014/08/26 19:10:35.423","CUSTOMIZED_USER","2014/08/26 19:10:37.382","CUSTOMIZED_USER","0188DE42C18A241AE0536204548CA8C7"
"XCC","10052","00009211_TOP_RESOURCE_ADVISORY","00009211_TOP_RESOURCE_ADVISORY","","-","Y","2014/08/26 19:10:36.814","CUSTOMIZED_USER","2014/08/26 19:10:37.463","CUSTOMIZED_USER","0188DE42C18A241AE0536204548CA8C7"
"XCC","10052","00009910_NCI-63562","00009910_NCI-63562","","-","Y","2017/09/26 10:25:08.576","CUSTOMIZED_USER","2017/09/26 10:25:08.956","CUSTOMIZED_USER","5A1612E2F7E61FAFE0538DADFD0A9BB9"
"XCC","10052","00009910_NCI-63562_Top_Resour1","00009910_NCI-63562_Top_Resour1","","-","Y","2017/09/26 10:25:09.124","CUSTOMIZED_USER","2017/09/26 10:25:09.599","CUSTOMIZED_USER","5A1612E2F7E61FAFE0538DADFD0A9BB9"
"XCC","10052","00009910_NCI-63562_Top_Resourc","00009910_NCI-63562_Top_Resourc","","-","Y","2017/09/26 10:25:03.0","CUSTOMIZED_USER","2017/09/26 10:25:08.25","CUSTOMIZED_USER","5A1612E2F7E61FAFE0538DADFD0A9BB9"
"XCC","10052","00009913_PROJECT_ABSOLUTE1","00009913_PROJECT_ABSOLUTE1","","-","Y","2015/04/22 20:23:32.651","CUSTOMIZED_USER","2015/04/22 20:23:34.526","CUSTOMIZED_USER","1456EEF204EF07BCE0536204548CE83C"
"XCC","10052","00009913_TOP_RESOURCE_ADVISORY","00009913_TOP_RESOURCE_ADVISORY","","-","Y","2015/04/22 20:23:33.835","CUSTOMIZED_USER","2015/04/22 20:23:34.663","CUSTOMIZED_USER","1456EEF204EF07BCE0536204548CE83C"
"XCC","10052","AU Annual Budget","AU Annual Budget","","-","Y","2021/10/22 09:25:22.0","CUSTOMIZED_USER","2021/10/22 09:25:28.441","CUSTOMIZED_USER","CEEE5E34A9C72DD1E0530264FD0A6108"
"XCC","10052","EPM Progress Adopted","EPM Progress Adopted","","-","Y","2021/02/24 09:46:53.0","CUSTOMIZED_USER","2021/02/24 09:46:54.004","CUSTOMIZED_USER","BC12424AE5CC7C1EE0539E90DF0A2498"
"XCC","10052","EPM Source Budget","EPM Source Budget","","-","Y","2021/02/24 09:25:12.0","CUSTOMIZED_USER","2021/02/24 09:25:21.195","CUSTOMIZED_USER","BC0E11B885D47F32E0539E90DF0A64CB"
"XCC","10052","FY15 University Monthly","FY15 University Monthly","","-","Y","2015/01/29 18:23:17.0","CUSTOMIZED_USER","2015/01/29 18:23:25.255","CUSTOMIZED_USER","0DC90276B8070246E0536204548CA461"
"XCC","10052","Italy FY15 Control Budget","Italy FY15 Control Budget","","-","Y","2015/10/27 17:03:48.0","CUSTOMIZED_USER","2015/10/27 17:03:54.886","CUSTOMIZED_USER","2315E391AB9C758EE053790B548C8C6B"
"XCC","10052","Monthly Reporting","Monthly Reporting","","-","Y","2014/08/07 16:03:51.0","CUSTOMIZED_USER","2014/08/07 16:03:54.795","CUSTOMIZED_USER","00056C25EF481A03E0536204548CAE8C"
"XCC","10052","Progress UK Control Budget","Progress UK Control Budget","","-","Y","2021/08/20 09:54:21.0","CUSTOMIZED_USER","2021/08/20 09:54:27.166","CUSTOMIZED_USER","C9FB645734639496E0530364FD0A4BDF"
"XCC","10052","Test","Test","","-","Y","2016/04/15 06:03:22.0","CUSTOMIZED_USER","2016/04/15 06:03:29.573","CUSTOMIZED_USER","30805C233F0A3A03E053790B548C71B2"
"VALU","707","ALL_SEGMENTS","All Segments","All Segments","-","Y","2013/11/04 21:43:30.191","CUSTOMIZED_USER","2013/11/04 21:44:20.579","CUSTOMIZED_USER","EA6043AE2278612EE0436204548C27E5"
"VALU","707","COSTORG","Cost ORG","Cost organization.","-","Y","2016/07/27 17:18:42.082","SEED_DATA_FROM_APPLICATION","2016/07/27 17:18:59.865","SEED_DATA_FROM_APPLICATION","-1"
"VALU","707","COSTORG_INVORG_COUNTRY","Cost ORG, ORG, Country","Cost org, Inventory org, Country","-","Y","2019/09/20 12:33:27.85265","SEED_DATA_FROM_APPLICATION","2019/09/20 12:33:27.85265","SEED_DATA_FROM_APPLICATION","-1"
"VALU","707","COSTORG_INVORG_GRADE","Cost ORG, ORG, Grade","Cost organization, inventory organization, and grade.","-","Y","2016/07/27 17:18:45.861","SEED_DATA_FROM_APPLICATION","2016/07/27 17:18:59.926","SEED_DATA_FROM_APPLICATION","-1"
"VALU","707","COSTORG_INVORG_LOT","Cost ORG, ORG, Lot","Cost organization, inventory organization, and lot.","-","Y","2016/07/27 17:18:48.904","SEED_DATA_FROM_APPLICATION","2016/07/27 17:19:00.04","SEED_DATA_FROM_APPLICATION","-1"
"VALU","707","COSTORG_INVORG_PROJ","Cost ORG, ORG, Project","Cost org, Inventory org, Project","-","Y","2019/09/20 12:33:27.85265","SEED_DATA_FROM_APPLICATION","2019/09/20 12:33:27.85265","SEED_DATA_FROM_APPLICATION","-1"
"VALU","707","COSTORG_INVORG_PROJ_TASK","Cost ORG, ORG, Project, Task","Cost org, Inventory org, Project, Task","-","Y","2019/09/20 12:33:27.85265","SEED_DATA_FROM_APPLICATION","2019/09/20 12:33:27.85265","SEED_DATA_FROM_APPLICATION","-1"
"VALU","707","COSTORG_INVORG_SERIAL","Cost ORG, ORG, Serial","Cost organization, inventory organization, and serial.","-","Y","2016/07/27 17:18:49.005","SEED_DATA_FROM_APPLICATION","2016/07/27 17:19:00.113","SEED_DATA_FROM_APPLICATION","-1"
"VALU","707","COSTORG_INVORG_SUBINVORG","Cost ORG, ORG, Subinventory","Cost organization, inventory organization, and subinventory.","-","Y","2016/07/27 17:18:49.105","SEED_DATA_FROM_APPLICATION","2016/07/27 17:19:00.2","SEED_DATA_FROM_APPLICATION","-1"
"VALU","707","COSTORG_INVORG_SUBINVORG_GRADE","Cost ORG, ORG, Subinventory, Grade","Cost organization, inventory organization, subinventory, and grade.","-","Y","2016/07/27 17:18:49.214","SEED_DATA_FROM_APPLICATION","2016/07/27 17:19:00.297","SEED_DATA_FROM_APPLICATION","-1"
"VALU","707","COSTORG_INVORG_SUBINVORG_LOT","Cost ORG, ORG, Subinventory, Lot","Cost organization, inventory organization, subinventory, and lot.","-","Y","2016/07/27 17:18:49.343","SEED_DATA_FROM_APPLICATION","2016/07/27 17:19:00.396","SEED_DATA_FROM_APPLICATION","-1"
"VALU","707","COSTORG_INVORG_SUBINVORG_SERIA","Cost ORG, ORG, Subinventory, Serial","Cost organization, inventory organization, subinventory, and serial.","-","Y","2016/07/27 17:18:49.482","SEED_DATA_FROM_APPLICATION","2016/07/27 17:19:00.498","SEED_DATA_FROM_APPLICATION","-1"
"VALU","707","COSTORG_INVORG_SUBINV_COUNTRY","Cost ORG, ORG, Subinventory, Country","Cost org, Inventory org, Subinventory, Country","-","Y","2019/09/20 12:33:27.85265","SEED_DATA_FROM_APPLICATION","2019/09/20 12:33:27.85265","SEED_DATA_FROM_APPLICATION","-1"
"VALU","707","COSTORG_INVORG_SUBINV_PROJ","Cost ORG, ORG, Subinventory, Project","Cost org, Inventory org, Subinventory, Project","-","Y","2019/09/20 12:33:27.85265","SEED_DATA_FROM_APPLICATION","2019/09/20 12:33:27.85265","SEED_DATA_FROM_APPLICATION","-1"
"VALU","707","COST_INV_ORG","Cost Org - Inv Org","Cost Org - Inv Org","-","Y","2013/11/04 21:06:54.0","CUSTOMIZED_USER","2013/11/04 21:43:19.0","CUSTOMIZED_USER","EA6043AE2277612EE0436204548C27E5"
"VALU","707","COST_ORG_INV_ORG","Cost ORG, ORG","Cost organization, and inventory organization.","-","Y","2016/02/26 09:41:19.0","SEED_DATA_FROM_APPLICATION","2016/07/27 17:19:00.601","SEED_DATA_FROM_APPLICATION","-1"
"VALU","707","CSTORG_INVORG_CNTRY_PROJ_TASK","Cost ORG, ORG, Country, Project, Task","Cost org, Inventory org, Country, Project, Task","-","Y","2019/09/20 12:33:27.85265","SEED_DATA_FROM_APPLICATION","2019/09/20 12:33:27.85265","SEED_DATA_FROM_APPLICATION","-1"
"VALU","707","CSTORG_INVORG_SUBINV_PROJ_TASK","Cost ORG, ORG, Subinventory, Project, Task","Cost org, Inventory org, Subinventory, Project, Task","-","Y","2019/09/20 12:33:27.85265","SEED_DATA_FROM_APPLICATION","2019/09/20 12:33:27.85265","SEED_DATA_FROM_APPLICATION","-1"
"VALU","707","CST_INV_SUBINV_CNTRY_PROJ_TASK","Cost ORG,ORG,Subinventory,Country,Project,Task","Cost org,Inventory org,Subinventory,Country,Project,Task","-","Y","2019/09/20 12:33:27.85265","SEED_DATA_FROM_APPLICATION","2019/09/20 12:33:27.85265","SEED_DATA_FROM_APPLICATION","-1"
"VALU","707","INV_SUBINV","Inventory Subinventory","Inventory Organization Subinventory","-","Y","2013/11/04 21:49:19.486","CUSTOMIZED_USER","2013/11/04 21:50:27.682","CUSTOMIZED_USER","EA61E35D606D026FE0436204548C3CDD"
"VALU","707","INV_SUBINV_SERIAL","Inventory Subinventory Serial","Inventory Subinventory and  Serial","-","Y","2013/11/04 21:12:15.128","CUSTOMIZED_USER","2013/11/04 21:56:09.655","CUSTOMIZED_USER","EA6043AE227D612EE0436204548C27E5"
"CAT#","140","ASSET_CATEGORY_FLEXFIELD","Asset Category Flexfield","Asset Category Flexfield","-","Y","2013/11/04 13:37:12.012","CUSTOMIZED_USER","2013/11/04 13:37:52.275","CUSTOMIZED_USER","EA5AABA77227704DE0436204548C5A8A"
"KEY#","140","ASSET_KEY_FLEXFIELD","Asset Key Flexfield","Asset Key Flexfield","-","Y","2013/11/04 13:32:30.0","CUSTOMIZED_USER","2013/11/04 13:33:03.459","CUSTOMIZED_USER","EA5AABA77227704DE0436204548C5A8A"
"LOC#","140","ASSET_LOCATION_FLEXFIELD","Asset Location Flexfield","Asset Location Flexfield","-","Y","2013/11/05 06:50:34.791","CUSTOMIZED_USER","2013/11/05 06:51:15.592","CUSTOMIZED_USER","EA67DDEE3337326BE0436204548CC317"
"COST","801","Corp_and_Countries_Cost","Corporate and Countries Cost Structure","Corporate and Countries Cost Allocations Structure",".","Y","2013/11/26 12:01:45.0","CUSTOMIZED_USER","2013/11/26 12:02:39.216","CUSTOMIZED_USER","EC130B68FDF42C0FE0436204548CFEBE"
"COST","801","GSE_IT_STR","Italian Cost Structure","",".","Y","2014/09/02 14:38:02.0","CUSTOMIZED_USER","2014/09/02 14:39:41.845","CUSTOMIZED_USER","0216C2E2B1BA2679E0536204548C00AB"
"COST","801","HCUSCOSTFLEX","Healthcare US Cost Structure","Healthcare US Cost Structure",".","Y","2015/05/07 21:05:59.0","CUSTOMIZED_USER","2015/05/07 21:06:23.008","CUSTOMIZED_USER","158441B6DD036B91E0536204548C5DC9"
"COST","801","HEDUSCOSTFLEX","Higher Ed US Cost Structure","Cost Structure for Higher Ed US",".","Y","2015/05/27 19:22:02.487","CUSTOMIZED_USER","2015/05/27 19:24:26.475","CUSTOMIZED_USER","17160ECDF3D80645E0536204548C1DFB"
"COST","801","PRGUSCOSTFLEX","Progress US Cost Structure","Progress US Cost Structure",".","Y","2014/07/03 21:03:08.665","CUSTOMIZED_USER","2014/07/03 21:11:59.0","CUSTOMIZED_USER","FD4E38D5A3FB5AD6E0436204548CF903"
"COST","801","Progress_UK_Structure","Progress UK Structure","Progress UK Structure",".","Y","2021/01/19 16:42:03.0","CUSTOMIZED_USER","2021/01/19 16:43:39.905","CUSTOMIZED_USER","B9446682769B7891E0539E90DF0AAFB8"
"PPG","800","FD People Group KFF Test","FD People Group KFF Test","FD People Group KFF Test",".","Y","2022/03/30 20:31:06.0","CUSTOMIZED_USER","2022/03/30 20:32:04.572","CUSTOMIZED_USER","D9EAF49397314B89E053CE65F00A1CD7"
"PPG","800","GSE_PRGUK_PPG","Progress UK People Group Flexfield","Progress UK People Group Flexfield",".","Y","2014/08/04 16:33:38.0","CUSTOMIZED_USER","2014/08/04 16:34:36.038","CUSTOMIZED_USER","FFD0AD5FBCE144ABE0436204548C1AD5"
"PPG","800","GSE_UNIV_US_PPG","University US People Group Flexfield","University US People Group Flexfield",".","Y","2014/12/31 15:18:37.0","CUSTOMIZED_USER","2014/12/31 15:19:44.751","CUSTOMIZED_USER","0B79D87E3B944D3BE0536204548C19B9"
"PPG","800","GSE_USHC_PPG","Healthcare US People Group Flexfield","Healthcare US People Group Flexfield",".","Y","2014/08/04 14:13:28.0","CUSTOMIZED_USER","2014/08/04 14:14:19.988","CUSTOMIZED_USER","FFCF4D3019672820E0436204548C00E1"
"PPG","800","PRGUSPPG","Progress US People Group Flexfield","Progress US People Group Flexfield",".","Y","2014/06/24 20:21:33.898","CUSTOMIZED_USER","2014/06/24 20:21:53.352","CUSTOMIZED_USER","FC9861FF36E33B8CE0436204548CA416"
"PPG","800","People Group Flexfield","People Group Flexfield","",".","Y","2013/08/08 06:34:18.027","SEED_DATA_FROM_APPLICATION","2013/08/08 06:34:19.038","SEED_DATA_FROM_APPLICATION","-1"
"GL#","101","AU Council","AU Council","AU Council","-","Y","2021/02/02 16:21:04.38","CUSTOMIZED_USER","2021/02/02 16:21:10.031","CUSTOMIZED_USER","BA5DA4B71A6DE381E0539E90DF0A6B99"
"GL#","101","Corporate_and_Countries","Corporate and Countries Structure","Vision Corporate and Countries Structure",".","Y","2013/10/24 13:22:54.0","CUSTOMIZED_USER","2013/10/24 13:25:02.321","CUSTOMIZED_USER","E97D4834577C7D7FE0436204548CD903"
"GL#","101","Corporate_and_Countries_Second","Corporate and Countries Second Structure","Vision Corporate and Countries Second Structure","-","Y","2015/03/10 16:22:16.0","CUSTOMIZED_USER","2015/03/10 16:25:15.874","CUSTOMIZED_USER","10EF56B27BF24CCFE0536204548CAA7D"
"GL#","101","Federal_US_COA_Structure","Federal US Chart of Account Structure","Federal US Chart of Account Structure","-","Y","2021/01/07 13:08:19.966","CUSTOMIZED_USER","2021/01/07 13:09:21.937","CUSTOMIZED_USER","B84F48D8A56DF148E0539E90DF0A2828"
"GL#","101","Fin_Svcs","Fin Svcs Structure","Financial Services Structure","-","Y","2016/01/20 12:58:29.0","CUSTOMIZED_USER","2016/01/20 12:59:54.633","CUSTOMIZED_USER","29C416DF662C7AD7E053790B548C8097"
"GL#","101","Health_Care","Healthcare Structure","Healthcare Structure","-","Y","2015/04/10 17:11:16.0","CUSTOMIZED_USER","2015/04/10 17:13:38.279","CUSTOMIZED_USER","13628DDFC70A3FA5E0536204548C3711"
"GL#","101","Health_Care_Payor","Healthcare Payor Structure","Vision Healthcare Payor Structure",".","Y","2018/09/06 13:30:10.946","CUSTOMIZED_USER","2018/09/06 13:32:25.612","CUSTOMIZED_USER","75316ADECB4121D7E0537990DF0A4AE0"
"GL#","101","Higher_Ed","Higher Ed Structure","Higher Education Structure","-","Y","2014/11/10 09:14:10.0","CUSTOMIZED_USER","2014/11/10 09:16:43.659","CUSTOMIZED_USER","074F479F714B115BE0536204548C6BEF"
"GL#","101","Italy_Statutory_Structure","Italy Statutory Structure","Vision Italy Statutory Structure","-","Y","2015/10/16 13:44:51.0","CUSTOMIZED_USER","2015/10/16 13:46:19.994","CUSTOMIZED_USER","2239F303B15B0FB8E053790B548C2ABE"
"GL#","101","Progress UK","Progress UK","Progress UK","-","Y","2021/01/11 11:26:25.714","CUSTOMIZED_USER","2021/01/11 11:26:32.974","CUSTOMIZED_USER","B89F1EA4B0A9D01CE0539E90DF0AE185"
"GL#","101","Public_Sector","Public Sector Structure","Public Sector Structure","-","Y","2014/06/04 12:32:48.0","CUSTOMIZED_USER","2014/06/04 12:35:13.914","CUSTOMIZED_USER","FAF36927E4CE37A9E0436204548C29E5"
"MDSP","401","Account_Alias","Account Alias","Account Alias",".","Y","2015/08/12 16:38:05.0","CUSTOMIZED_USER","2015/08/12 16:39:27.751","CUSTOMIZED_USER","1D20C03B1856238FE0536204548CD42F"
"MCAT","10011","FISCAL_CLASSIFICATION","Fiscal Classification","Fiscal Classification",".","Y","2014/01/14 15:33:35.0","CUSTOMIZED_USER","2014/01/14 15:34:37.973","CUSTOMIZED_USER","EFEA72486F042CB7E0436204548CF006"
"MCAT","10011","INTENDED_USE","Intended Use","Intended Use",".","Y","2014/01/14 15:37:34.907","CUSTOMIZED_USER","2014/01/14 15:38:34.634","CUSTOMIZED_USER","EFEA72486F042CB7E0436204548CF006"
"MCAT","10011","ITEM_CATEGORIES","Item Categories","Inventory Item Flexfields",".","Y","2013/10/30 16:39:17.821","CUSTOMIZED_USER","2013/10/30 16:39:39.388","CUSTOMIZED_USER","E9F5E664D2FE4D1DE0436204548C82F0"
"MCAT","10011","PO_ITEM_CATEGORY","PO Item Category","Purchasing Item Category Flexfield",".","Y","2013/10/30 16:42:38.015","CUSTOMIZED_USER","2013/10/30 16:43:08.556","CUSTOMIZED_USER","E9F5E664D2FF4D1DE0436204548C82F0"
"MCAT","10011","PRODUCT_CATEGORIES","Product Categories","Product Reporting Categories",".","Y","2013/10/30 16:29:34.0","CUSTOMIZED_USER","2013/10/30 16:30:28.014","CUSTOMIZED_USER","E9F5E664D2FB4D1DE0436204548C82F0"
"MCAT","10011","Planning_Catalog","Planning Catalog","Planning Catalog",".","Y","2015/11/18 12:43:40.0","CUSTOMIZED_USER","2015/11/18 12:44:12.145","CUSTOMIZED_USER","24CF930578A779B0E053790B548C3D82"
"MCAT","10011","RETAIL_MERCHANDISE","Retail Merchandise","Retail Merchandise",".","Y","2013/11/11 13:10:56.331","CUSTOMIZED_USER","2013/11/11 13:11:10.909","CUSTOMIZED_USER","EAE744E0664C26C2E0436204548C4B92"
"MCAT","10011","UNSPSC","UNSPSC","UNSPSC",".","Y","2013/11/11 10:59:09.0","CUSTOMIZED_USER","2013/11/11 10:59:27.061","CUSTOMIZED_USER","EAE51B8CDDCA01E6E0436204548C61B8"
"MCAT","10011","eCommerce_Catalog","eCommerce Catalog","eCommerce Catalog",".","Y","2013/11/11 13:21:49.576","CUSTOMIZED_USER","2013/11/11 13:22:04.697","CUSTOMIZED_USER","EAE2201C62C87C43E0436204548CA68E"
"MCAT","10011","free_form_catalog","Free Form Catalog","Free Form Catalog",".","Y","2013/11/11 13:05:20.0","CUSTOMIZED_USER","2013/11/11 13:05:45.773","CUSTOMIZED_USER","EAE64E189D6A6E85E0436204548CBEEF"
"VRM","10455","Customer Class & Product Group","Customer Class & Product Group","Customer Class & Product Group","-","Y","2017/01/20 19:01:53.0","CUSTOMIZED_USER","2017/01/20 19:02:20.848","CUSTOMIZED_USER","46894441822C71C8E0537AA3FD0A75A3"
"VRM","10455","Region Product & Sales Channel","Region Product & Sales Channel","Region Product & Sales Channel","-","Y","2017/01/20 19:19:57.0","CUSTOMIZED_USER","2017/01/20 19:20:12.407","CUSTOMIZED_USER","46894441822C71C8E0537AA3FD0A75A3"
"VRM","10455","Region and Sales Channel","Region and Sales Channel","Region and Sales Channel","-","Y","2017/01/19 21:05:52.0","CUSTOMIZED_USER","2017/01/19 21:07:04.199","CUSTOMIZED_USER","467866CAB18720FDE0537AA3FD0A67A5"
"VRM","10455","VRM- Country Zone","Revenue Management Country Zone","Revenue Management Country Zone Structure","-","Y","2013/12/31 06:22:35.16","SEED_DATA_FROM_APPLICATION","2013/12/31 06:22:40.955","SEED_DATA_FROM_APPLICATION","-1"
"VRM","10455","VRM- Country and Class","Revenue Management Country and Class","Revenue Management Country and Class Structure","-","Y","2013/12/31 06:22:36.695","SEED_DATA_FROM_APPLICATION","2013/12/31 06:22:40.972","SEED_DATA_FROM_APPLICATION","-1"
"VRM","10455","VRM- Value Band","Revenue Management Value Band","Revenue Management Value Band Structure","-","Y","2013/12/31 06:22:36.735","SEED_DATA_FROM_APPLICATION","2013/12/31 06:22:40.984","SEED_DATA_FROM_APPLICATION","-1"
"VRM","10455","VRM- Volume Band","Revenue Management Volume Band","Revenue Management Volume Band Structure","-","Y","2013/12/31 06:22:36.778","SEED_DATA_FROM_APPLICATION","2013/12/31 06:22:40.991","SEED_DATA_FROM_APPLICATION","-1"
"VRM","10455","VRM-Hardware and Software","Hardware and Software Business","Hardware and Software Business","-","Y","2014/01/22 21:53:43.002","CUSTOMIZED_USER","2014/01/22 21:53:58.25","CUSTOMIZED_USER","F0925FD5DA56267DE0436204548CC095"
"VRM","10455","VRM-Professional Services","Professional Services","Professional Services","-","Y","2014/01/22 21:50:30.0","CUSTOMIZED_USER","2014/01/22 21:50:44.954","CUSTOMIZED_USER","F0925FD5DA56267DE0436204548CC095"
