"FND_APP_KEY_FLEXFIELD.KeyFlexfieldCode","FND_APP_KEY_FLEXFIELD.ApplicationId","KEY_FLEXFIELD_STRUCTURE.StructureCode","SegmentCode","SegmentIdentifier","ColumnName","Name","Description","Prompt","ShortPrompt","SequenceNumber","EnabledFlag","DisplayWidth","RangeType","CreationDate","CreatedBy","LastUpdateDate","LastUpdatedBy","LastUpdateLogin","DefaultValueSetCode"
"XCC","10052","00009211_PROJECT_ABSOLUTE1","PJC_PROJECT_ID","pjcProjectId","SEGMENT_VALUE1","Project","Project","Project","Project","1","Y","30","","2014/08/26 19:10:35.657","CUSTOMIZED_USER","2014/08/26 19:10:37.396","CUSTOMIZED_USER","0188DE42C18A241AE0536204548CA8C7","PJO_XCC_PROJECTS"
"XCC","10052","00009211_TOP_RESOURCE_ADVISORY","PJC_PROJECT_ID","pjcProjectId","SEGMENT_VALUE1","Project","Project","Project","Project","1","Y","30","","2014/08/26 19:10:36.83","CUSTOMIZED_USER","2014/08/26 19:10:37.465","CUSTOMIZED_USER","0188DE42C18A241AE0536204548CA8C7","PJO_XCC_PROJECTS"
"XCC","10052","00009211_TOP_RESOURCE_ADVISORY","PJC_RESOURCE_ID","pjcResourceId","SEGMENT_VALUE2","Resource","Resource","Resource","Resource","2","Y","30","","2014/08/26 19:10:36.856","CUSTOMIZED_USER","2014/08/26 19:10:37.469","CUSTOMIZED_USER","0188DE42C18A241AE0536204548CA8C7","PJO_XCC_RESOURCES"
"XCC","10052","00009910_NCI-63562","PJC_CONTRACT_ID","pjcContractId","SEGMENT_VALUE1","Award","Award","Award","Award","1","Y","30","","2017/09/26 10:25:08.64","CUSTOMIZED_USER","2017/09/26 10:25:08.996","CUSTOMIZED_USER","5A1612E2F7E61FAFE0538DADFD0A9BB9","ORA_GMS_AWARD_CONTRACT_SEG_XCC_VS"
"XCC","10052","00009910_NCI-63562","PJC_PROJECT_ID","pjcProjectId","SEGMENT_VALUE2","Project","Project","Project","Project","2","Y","30","","2017/09/26 10:25:08.727","CUSTOMIZED_USER","2017/09/26 10:25:09.03","CUSTOMIZED_USER","5A1612E2F7E61FAFE0538DADFD0A9BB9","PJO_XCC_PROJECTS"
"XCC","10052","00009910_NCI-63562_Top_Resour1","PJC_CONTRACT_ID","pjcContractId","SEGMENT_VALUE1","Award","Award","Award","Award","1","Y","30","","2017/09/26 10:25:09.175","CUSTOMIZED_USER","2017/09/26 10:25:09.622","CUSTOMIZED_USER","5A1612E2F7E61FAFE0538DADFD0A9BB9","ORA_GMS_AWARD_CONTRACT_SEG_XCC_VS"
"XCC","10052","00009910_NCI-63562_Top_Resour1","PJC_PROJECT_ID","pjcProjectId","SEGMENT_VALUE2","Project","Project","Project","Project","2","Y","30","","2017/09/26 10:25:09.271","CUSTOMIZED_USER","2017/09/26 10:25:09.647","CUSTOMIZED_USER","5A1612E2F7E61FAFE0538DADFD0A9BB9","PJO_XCC_PROJECTS"
"XCC","10052","00009910_NCI-63562_Top_Resour1","PJC_RESOURCE_ID","pjcResourceId","SEGMENT_VALUE3","Resource","Resource","Resource","Resource","3","Y","30","","2017/09/26 10:25:09.367","CUSTOMIZED_USER","2017/09/26 10:25:09.665","CUSTOMIZED_USER","5A1612E2F7E61FAFE0538DADFD0A9BB9","PJO_XCC_RESOURCES"
"XCC","10052","00009910_NCI-63562_Top_Resourc","PJC_CONTRACT_ID","pjcContractId","SEGMENT_VALUE1","Award","Award","Award","Award","1","Y","30","","2017/09/26 10:25:03.776","CUSTOMIZED_USER","2017/09/26 10:25:08.303","CUSTOMIZED_USER","5A1612E2F7E61FAFE0538DADFD0A9BB9","ORA_GMS_AWARD_CONTRACT_SEG_XCC_VS"
"XCC","10052","00009910_NCI-63562_Top_Resourc","PJC_FUNDING_SOURCE_ID","pjcFundingSourceId","SEGMENT_VALUE4","Funding Source","Funding Source","Funding Source","Funding Source","4","Y","50","","2017/09/26 10:25:05.345","CUSTOMIZED_USER","2017/09/26 10:25:08.394","CUSTOMIZED_USER","5A1612E2F7E61FAFE0538DADFD0A9BB9","ORA_GMS_FUNDING_SOURCES_XCC_VS"
"XCC","10052","00009910_NCI-63562_Top_Resourc","PJC_PROJECT_ID","pjcProjectId","SEGMENT_VALUE2","Project","Project","Project","Project","2","Y","30","","2017/09/26 10:25:05.128","CUSTOMIZED_USER","2017/09/26 10:25:08.352","CUSTOMIZED_USER","5A1612E2F7E61FAFE0538DADFD0A9BB9","PJO_XCC_PROJECTS"
"XCC","10052","00009910_NCI-63562_Top_Resourc","PJC_RESOURCE_ID","pjcResourceId","SEGMENT_VALUE3","Resource","Resource","Resource","Resource","3","Y","30","","2017/09/26 10:25:05.242","CUSTOMIZED_USER","2017/09/26 10:25:08.375","CUSTOMIZED_USER","5A1612E2F7E61FAFE0538DADFD0A9BB9","PJO_XCC_RESOURCES"
"XCC","10052","00009913_PROJECT_ABSOLUTE1","PJC_PROJECT_ID","pjcProjectId","SEGMENT_VALUE1","Project","Project","Project","Project","1","Y","30","","2015/04/22 20:23:32.896","CUSTOMIZED_USER","2015/04/22 20:23:34.562","CUSTOMIZED_USER","1456EEF204EF07BCE0536204548CE83C","PJO_XCC_PROJECTS"
"XCC","10052","00009913_TOP_RESOURCE_ADVISORY","PJC_PROJECT_ID","pjcProjectId","SEGMENT_VALUE1","Project","Project","Project","Project","1","Y","30","","2015/04/22 20:23:33.883","CUSTOMIZED_USER","2015/04/22 20:23:34.689","CUSTOMIZED_USER","1456EEF204EF07BCE0536204548CE83C","PJO_XCC_PROJECTS"
"XCC","10052","00009913_TOP_RESOURCE_ADVISORY","PJC_RESOURCE_ID","pjcResourceId","SEGMENT_VALUE2","Resource","Resource","Resource","Resource","2","Y","30","","2015/04/22 20:23:33.96","CUSTOMIZED_USER","2015/04/22 20:23:34.717","CUSTOMIZED_USER","1456EEF204EF07BCE0536204548CE83C","PJO_XCC_RESOURCES"
"XCC","10052","AU Annual Budget","Account","account","SEGMENT_VALUE1","Account","Account","Account","ACCT","1","Y","4","","2021/10/22 09:25:22.324","CUSTOMIZED_USER","2021/10/22 09:25:28.623","CUSTOMIZED_USER","CEEE5E34A9C72DD1E0530264FD0A6108","Account AU Council"
"XCC","10052","AU Annual Budget","Cost Centre","costCentre","SEGMENT_VALUE2","Cost Centre","Cost Centre","Cost Centre","CC","2","Y","5","","2021/10/22 09:25:23.674","CUSTOMIZED_USER","2021/10/22 09:25:28.933","CUSTOMIZED_USER","CEEE5E34A9C72DD1E0530264FD0A6108","Cost Centre AU Council"
"XCC","10052","EPM Progress Adopted","Account","Account","SEGMENT_VALUE3","Account","Account","Account","Acct","3","Y","5","","2021/02/24 09:46:53.32","CUSTOMIZED_USER","2021/02/24 09:46:54.457","CUSTOMIZED_USER","BC12424AE5CC7C1EE0539E90DF0A2498","Progress Account"
"XCC","10052","EPM Progress Adopted","Department","Department","SEGMENT_VALUE2","Department","Department","Department","Dep","2","Y","5","","2021/02/24 09:46:53.218","CUSTOMIZED_USER","2021/02/24 09:46:54.313","CUSTOMIZED_USER","BC12424AE5CC7C1EE0539E90DF0A2498","Progress Department"
"XCC","10052","EPM Progress Adopted","Fund","Fund","SEGMENT_VALUE1","Fund","Fund","Fund","Fund","1","Y","4","","2021/02/24 09:46:53.077","CUSTOMIZED_USER","2021/02/24 09:46:54.14","CUSTOMIZED_USER","BC12424AE5CC7C1EE0539E90DF0A2498","Progress Fund"
"XCC","10052","EPM Progress Adopted","Program","Program","SEGMENT_VALUE4","Program","Program","Program","Prg","4","Y","4","","2021/02/24 09:46:53.435","CUSTOMIZED_USER","2021/02/24 09:46:54.621","CUSTOMIZED_USER","BC12424AE5CC7C1EE0539E90DF0A2498","Progress Program"
"XCC","10052","EPM Source Budget","Account","Account","SEGMENT_VALUE4","Account","Account","Account","Acct","4","Y","5","","2021/02/24 09:25:15.158","CUSTOMIZED_USER","2021/02/24 09:25:22.437","CUSTOMIZED_USER","BC0E11B885D47F32E0539E90DF0A64CB","Progress Account"
"XCC","10052","EPM Source Budget","Budget Reference","BudgetReference","SEGMENT_VALUE2","Budget Reference","Budger Reference","Budget Reference","Bud Ref","2","Y","4","","2021/02/24 09:25:14.415","CUSTOMIZED_USER","2021/02/24 09:25:22.102","CUSTOMIZED_USER","BC0E11B885D47F32E0539E90DF0A64CB","Progress Budget Reference"
"XCC","10052","EPM Source Budget","Department","Department","SEGMENT_VALUE3","Department","Department","Department","Dep","3","Y","5","","2021/02/24 09:25:14.654","CUSTOMIZED_USER","2021/02/24 09:25:22.31","CUSTOMIZED_USER","BC0E11B885D47F32E0539E90DF0A64CB","Progress Department"
"XCC","10052","EPM Source Budget","Fund","Fund","SEGMENT_VALUE1","Fund","Fund","Fund","Fund","1","Y","4","","2021/02/24 09:25:12.582","CUSTOMIZED_USER","2021/02/24 09:25:21.486","CUSTOMIZED_USER","BC0E11B885D47F32E0539E90DF0A64CB","Progress Fund"
"XCC","10052","EPM Source Budget","Funding Source","FundingSource","SEGMENT_VALUE6","Funding Source","Funding Source","Funding Source","Fund Source","6","Y","4","","2021/02/24 09:25:15.459","CUSTOMIZED_USER","2021/02/24 09:25:22.67","CUSTOMIZED_USER","BC0E11B885D47F32E0539E90DF0A64CB","Progress Funding Source"
"XCC","10052","EPM Source Budget","Program","Program","SEGMENT_VALUE5","Program","Program","Program","Prg","5","Y","4","","2021/02/24 09:25:15.315","CUSTOMIZED_USER","2021/02/24 09:25:22.546","CUSTOMIZED_USER","BC0E11B885D47F32E0539E90DF0A64CB","Progress Program"
"XCC","10052","EPM Source Budget","Project","Project","SEGMENT_VALUE7","Project","Project","Project","Proj","7","Y","8","","2021/02/24 09:25:15.632","CUSTOMIZED_USER","2021/02/24 09:25:22.782","CUSTOMIZED_USER","BC0E11B885D47F32E0539E90DF0A64CB","Progress Project"
"XCC","10052","FY15 University Monthly","Account","account","SEGMENT_VALUE3","Account","Account","Account","Account","3","Y","6","","2015/01/29 18:23:18.304","CUSTOMIZED_USER","2015/01/29 18:23:25.48","CUSTOMIZED_USER","0DC90276B8070246E0536204548CA461","University Account"
"XCC","10052","FY15 University Monthly","Department","department","SEGMENT_VALUE2","Department","Department","Department","Dept","2","Y","5","","2015/01/29 18:23:18.177","CUSTOMIZED_USER","2015/01/29 18:23:25.412","CUSTOMIZED_USER","0DC90276B8070246E0536204548CA461","University Department"
"XCC","10052","FY15 University Monthly","Fund","fund","SEGMENT_VALUE1","Fund","Fund","Fund","Fund","1","Y","3","","2015/01/29 18:23:17.393","CUSTOMIZED_USER","2015/01/29 18:23:25.326","CUSTOMIZED_USER","0DC90276B8070246E0536204548CA461","University Fund"
"XCC","10052","Italy FY15 Control Budget","Account","account","SEGMENT_VALUE1","Account","Account","Account","Acc","1","Y","8","","2015/10/27 17:03:48.323","CUSTOMIZED_USER","2015/10/27 17:03:54.907","CUSTOMIZED_USER","2315E391AB9C758EE053790B548C8C6B","Italy Account"
"XCC","10052","Monthly Reporting","Account","account","SEGMENT_VALUE3","Account","Account","Account","Acct","3","Y","5","","2014/08/07 16:03:51.582","CUSTOMIZED_USER","2014/08/07 16:03:54.858","CUSTOMIZED_USER","00056C25EF481A03E0536204548CAE8C","Progress Account"
"XCC","10052","Monthly Reporting","Department","department","SEGMENT_VALUE2","Department","Department","Department","Dep","2","Y","5","","2014/08/07 16:03:51.534","CUSTOMIZED_USER","2014/08/07 16:03:54.851","CUSTOMIZED_USER","00056C25EF481A03E0536204548CAE8C","Progress Department"
"XCC","10052","Monthly Reporting","Fund","fund","SEGMENT_VALUE1","Fund","Fund","Fund","Fund","1","Y","4","","2014/08/07 16:03:51.185","CUSTOMIZED_USER","2014/08/07 16:03:54.806","CUSTOMIZED_USER","00056C25EF481A03E0536204548CAE8C","Progress Fund"
"XCC","10052","Progress UK Control Budget","Account","account","SEGMENT_VALUE1","Account","Account","Account","Acct","1","Y","5","","2021/08/20 09:54:21.299","CUSTOMIZED_USER","2021/08/20 09:54:27.298","CUSTOMIZED_USER","C9FB645734639496E0530364FD0A4BDF","Account Progress UK"
"XCC","10052","Progress UK Control Budget","Department","department","SEGMENT_VALUE2","Department","Department","Department","Dep","2","Y","5","","2021/08/20 09:54:22.553","CUSTOMIZED_USER","2021/08/20 09:54:27.558","CUSTOMIZED_USER","C9FB645734639496E0530364FD0A4BDF","Department Progress UK"
"XCC","10052","Test","Department","department","SEGMENT_VALUE2","Department","Department","Department","Dep","2","Y","5","","2016/04/15 06:03:23.088","CUSTOMIZED_USER","2016/04/15 06:03:29.654","CUSTOMIZED_USER","30805C233F0A3A03E053790B548C71B2","Progress Department"
"XCC","10052","Test","Fund","fund","SEGMENT_VALUE1","Fund","Fund","Fund","Fund","1","Y","4","","2016/04/15 06:03:22.319","CUSTOMIZED_USER","2016/04/15 06:03:29.595","CUSTOMIZED_USER","30805C233F0A3A03E053790B548C71B2","Progress Fund"
"XCC","10052","Test","Program","program","SEGMENT_VALUE3","Program","Program","Program","Prg","3","Y","4","","2016/04/15 06:03:23.133","CUSTOMIZED_USER","2016/04/15 06:03:29.673","CUSTOMIZED_USER","30805C233F0A3A03E053790B548C71B2","Progress Program"
"VALU","707","COSTORG","COST_ORGANIZATION","costOrganization","COST_ORG_CODE","Cost Organization","Cost organization segment.","Cost Organization","Cost Organization","1","Y","25","","2016/07/27 17:18:42.922","SEED_DATA_FROM_APPLICATION","2016/07/27 17:18:59.888","SEED_DATA_FROM_APPLICATION","-1","ORA_CST_VALU_COST_ORG_CODE"
"VALU","707","COSTORG_INVORG_COUNTRY","COST_ORGANIZATION","costOrganization","COST_ORG_CODE","Cost Organization","Cost organization segment.","Cost Organization","Cost Organization","1","Y","25","","2019/09/20 12:33:28.052098","SEED_DATA_FROM_APPLICATION","2019/09/20 12:33:28.052098","SEED_DATA_FROM_APPLICATION","-1","ORA_CST_VALU_COST_ORG_CODE"
"VALU","707","COSTORG_INVORG_COUNTRY","COUNTRY_OF_ORIGIN","countryOfOrigin","COUNTRY_OF_ORIGIN_CODE","Country Of Origin","Country Of Origin segment.","Country Of Origin","Country Of Origin","3","Y","2","","2019/09/20 12:33:28.052098","SEED_DATA_FROM_APPLICATION","2019/09/20 12:33:28.052098","SEED_DATA_FROM_APPLICATION","-1","ORA_CST_COUNTRIES_OF_ORIGIN_VS"
"VALU","707","COSTORG_INVORG_COUNTRY","INVENTORY_ORGANIZATION","inventoryOrganization","INV_ORG_CODE","Inventory Organization","Inventory organization segment.","Inventory Organization","Inventory Organization","2","Y","25","","2019/09/20 12:33:28.052098","SEED_DATA_FROM_APPLICATION","2019/09/20 12:33:28.052098","SEED_DATA_FROM_APPLICATION","-1","ORA_CST_VALU_INV_ORG_CODES"
"VALU","707","COSTORG_INVORG_GRADE","COST_ORGANIZATION","costOrganization","COST_ORG_CODE","Cost Organization","Cost organization segment.","Cost Organization","Cost Organization","1","Y","25","","2016/07/27 17:18:45.878","SEED_DATA_FROM_APPLICATION","2016/07/27 17:18:59.946","SEED_DATA_FROM_APPLICATION","-1","ORA_CST_VALU_COST_ORG_CODE"
"VALU","707","COSTORG_INVORG_GRADE","GRADE","grade","GRADE_CODE","Grade","Grade code.","Grade","Grade","3","Y","25","","2016/07/27 17:18:45.913","SEED_DATA_FROM_APPLICATION","2016/07/27 17:18:59.99","SEED_DATA_FROM_APPLICATION","-1","ORA_CST_VALU_GRADE_CODES"
"VALU","707","COSTORG_INVORG_GRADE","INVENTORY_ORGANIZATION","inventoryOrganization","INV_ORG_CODE","Inventory Organization","Inventory organization segment.","Inventory Organization","Inventory Organization","2","Y","25","","2016/07/27 17:18:45.932","SEED_DATA_FROM_APPLICATION","2016/07/27 17:19:00.012","SEED_DATA_FROM_APPLICATION","-1","ORA_CST_VALU_INV_ORG_CODES"
"VALU","707","COSTORG_INVORG_LOT","COST_ORGANIZATION","costOrganization","COST_ORG_CODE","Cost Organization","Cost organization segment.","Cost Organization","Cost Organization","1","Y","25","","2016/07/27 17:18:48.919","SEED_DATA_FROM_APPLICATION","2016/07/27 17:19:00.058","SEED_DATA_FROM_APPLICATION","-1","ORA_CST_VALU_COST_ORG_CODE"
"VALU","707","COSTORG_INVORG_LOT","INVENTORY_ORGANIZATION","inventoryOrganization","INV_ORG_CODE","Inventory Organization","Inventory organization segment.","Inventory Organization","Inventory Organization","2","Y","25","","2016/07/27 17:18:48.942","SEED_DATA_FROM_APPLICATION","2016/07/27 17:19:00.076","SEED_DATA_FROM_APPLICATION","-1","ORA_CST_VALU_INV_ORG_CODES"
"VALU","707","COSTORG_INVORG_LOT","LOT","lot","LOT_NUMBER","Lot","Lot number.","Lot","Lot","3","Y","25","","2016/07/27 17:18:48.978","SEED_DATA_FROM_APPLICATION","2016/07/27 17:19:00.095","SEED_DATA_FROM_APPLICATION","-1","ORA_CST_VALU_LOT_NUMBERS"
"VALU","707","COSTORG_INVORG_PROJ","COST_ORGANIZATION","costOrganization","COST_ORG_CODE","Cost Organization","Cost organization segment.","Cost Organization","Cost Organization","1","Y","25","","2019/09/20 12:33:28.052098","SEED_DATA_FROM_APPLICATION","2019/09/20 12:33:28.052098","SEED_DATA_FROM_APPLICATION","-1","ORA_CST_VALU_COST_ORG_CODE"
"VALU","707","COSTORG_INVORG_PROJ","INVENTORY_ORGANIZATION","inventoryOrganization","INV_ORG_CODE","Inventory Organization","Inventory organization segment.","Inventory Organization","Inventory Organization","2","Y","25","","2019/09/20 12:33:28.052098","SEED_DATA_FROM_APPLICATION","2019/09/20 12:33:28.052098","SEED_DATA_FROM_APPLICATION","-1","ORA_CST_VALU_INV_ORG_CODES"
"VALU","707","COSTORG_INVORG_PROJ","PROJECT_NUMBER","projectNumber","PROJECT_NUMBER","Project Number","Project Number segment.","Project Number","Project Number","3","Y","25","","2019/09/20 12:33:28.052098","SEED_DATA_FROM_APPLICATION","2019/09/20 12:33:28.052098","SEED_DATA_FROM_APPLICATION","-1","ORA_CST_PROJECTS_VS"
"VALU","707","COSTORG_INVORG_PROJ_TASK","COST_ORGANIZATION","costOrganization","COST_ORG_CODE","Cost Organization","Cost organization segment.","Cost Organization","Cost Organization","1","Y","25","","2019/09/20 12:33:28.052098","SEED_DATA_FROM_APPLICATION","2019/09/20 12:33:28.052098","SEED_DATA_FROM_APPLICATION","-1","ORA_CST_VALU_COST_ORG_CODE"
"VALU","707","COSTORG_INVORG_PROJ_TASK","INVENTORY_ORGANIZATION","inventoryOrganization","INV_ORG_CODE","Inventory Organization","Inventory organization segment.","Inventory Organization","Inventory Organization","2","Y","25","","2019/09/20 12:33:28.052098","SEED_DATA_FROM_APPLICATION","2019/09/20 12:33:28.052098","SEED_DATA_FROM_APPLICATION","-1","ORA_CST_VALU_INV_ORG_CODES"
"VALU","707","COSTORG_INVORG_PROJ_TASK","PROJECT_NUMBER","projectNumber","PROJECT_NUMBER","Project Number","Project Number segment.","Project Number","Project Number","3","Y","25","","2019/09/20 12:33:28.052098","SEED_DATA_FROM_APPLICATION","2019/09/20 12:33:28.052098","SEED_DATA_FROM_APPLICATION","-1","ORA_CST_PROJECTS_VS"
"VALU","707","COSTORG_INVORG_PROJ_TASK","TASK_NUMBER","taskNumber","TASK_NUMBER","Task Number","Task Number segment.","Task Number","Task Number","4","Y","100","","2019/09/20 12:33:28.052098","SEED_DATA_FROM_APPLICATION","2019/09/20 12:33:28.052098","SEED_DATA_FROM_APPLICATION","-1","ORA_CST_TASKS_VS"
"VALU","707","COSTORG_INVORG_SERIAL","COST_ORGANIZATION","costOrganization","COST_ORG_CODE","Cost Organization","Cost organization segment.","Cost Organization","Cost Organization","1","Y","25","","2016/07/27 17:18:49.02","SEED_DATA_FROM_APPLICATION","2016/07/27 17:19:00.134","SEED_DATA_FROM_APPLICATION","-1","ORA_CST_VALU_COST_ORG_CODE"
"VALU","707","COSTORG_INVORG_SERIAL","INVENTORY_ORGANIZATION","inventoryOrganization","INV_ORG_CODE","Inventory Organization","Inventory organization segment.","Inventory Organization","Inventory Organization","2","Y","25","","2016/07/27 17:18:49.057","SEED_DATA_FROM_APPLICATION","2016/07/27 17:19:00.156","SEED_DATA_FROM_APPLICATION","-1","ORA_CST_VALU_INV_ORG_CODES"
"VALU","707","COSTORG_INVORG_SERIAL","SERIAL","serial","SERIAL_NUMBER","Serial","Serial number.","Serial","Serial","3","Y","25","","2016/07/27 17:18:49.08","SEED_DATA_FROM_APPLICATION","2016/07/27 17:19:00.179","SEED_DATA_FROM_APPLICATION","-1","ORA_CST_VALU_SERIAL_NUMBERS"
"VALU","707","COSTORG_INVORG_SUBINVORG","COST_ORGANIZATION","costOrganization","COST_ORG_CODE","Cost Organization","Cost organization segment.","Cost Organization","Cost Organization","1","Y","25","","2016/07/27 17:18:49.133","SEED_DATA_FROM_APPLICATION","2016/07/27 17:19:00.22","SEED_DATA_FROM_APPLICATION","-1","ORA_CST_VALU_COST_ORG_CODE"
"VALU","707","COSTORG_INVORG_SUBINVORG","INVENTORY_ORGANIZATION","inventoryOrganization","INV_ORG_CODE","Inventory Organization","Inventory organization segment.","Inventory Organization","Inventory Organization","2","Y","25","","2016/07/27 17:18:49.159","SEED_DATA_FROM_APPLICATION","2016/07/27 17:19:00.255","SEED_DATA_FROM_APPLICATION","-1","ORA_CST_VALU_INV_ORG_CODES"
"VALU","707","COSTORG_INVORG_SUBINVORG","SUB_INVENTORY_ORGANIZATION","subInventoryOrganization","SUBINVENTORY_CODE","Subinventory Organization","Subinventory organization segment.","Subinventory Organization","Subinventory Organization","3","Y","25","","2016/07/27 17:18:49.192","SEED_DATA_FROM_APPLICATION","2016/07/27 17:19:00.275","SEED_DATA_FROM_APPLICATION","-1","ORA_CST_VALU_SUB_INV_ORG_CODES"
"VALU","707","COSTORG_INVORG_SUBINVORG_GRADE","COST_ORGANIZATION","costOrganization","COST_ORG_CODE","Cost Organization","Cost organization segment.","Cost Organization","Cost Organization","1","Y","25","","2016/07/27 17:18:49.227","SEED_DATA_FROM_APPLICATION","2016/07/27 17:19:00.315","SEED_DATA_FROM_APPLICATION","-1","ORA_CST_VALU_COST_ORG_CODE"
"VALU","707","COSTORG_INVORG_SUBINVORG_GRADE","GRADE","grade","GRADE_CODE","Grade","Grade code.","Grade","Grade","4","Y","25","","2016/07/27 17:18:49.263","SEED_DATA_FROM_APPLICATION","2016/07/27 17:19:00.342","SEED_DATA_FROM_APPLICATION","-1","ORA_CST_VALU_GRADE_CODES"
"VALU","707","COSTORG_INVORG_SUBINVORG_GRADE","INVENTORY_ORGANIZATION","inventoryOrganization","INV_ORG_CODE","Inventory Organization","Inventory organization segment.","Inventory Organization","Inventory Organization","2","Y","25","","2016/07/27 17:18:49.285","SEED_DATA_FROM_APPLICATION","2016/07/27 17:19:00.36","SEED_DATA_FROM_APPLICATION","-1","ORA_CST_VALU_INV_ORG_CODES"
"VALU","707","COSTORG_INVORG_SUBINVORG_GRADE","SUB_INVENTORY_ORGANIZATION","subInventoryOrganization","SUBINVENTORY_CODE","Subinventory Organization","Subinventory organization segment.","Subinventory Organization","Subinventory Organization","3","Y","25","","2016/07/27 17:18:49.32","SEED_DATA_FROM_APPLICATION","2016/07/27 17:19:00.379","SEED_DATA_FROM_APPLICATION","-1","ORA_CST_VALU_SUB_INV_ORG_CODES"
"VALU","707","COSTORG_INVORG_SUBINVORG_LOT","COST_ORGANIZATION","costOrganization","COST_ORG_CODE","Cost Organization","Cost organization segment.","Cost Organization","Cost Organization","1","Y","25","","2016/07/27 17:18:49.356","SEED_DATA_FROM_APPLICATION","2016/07/27 17:19:00.412","SEED_DATA_FROM_APPLICATION","-1","ORA_CST_VALU_COST_ORG_CODE"
"VALU","707","COSTORG_INVORG_SUBINVORG_LOT","INVENTORY_ORGANIZATION","inventoryOrganization","INV_ORG_CODE","Inventory Organization","Inventory organization segment.","Inventory Organization","Inventory Organization","2","Y","25","","2016/07/27 17:18:49.398","SEED_DATA_FROM_APPLICATION","2016/07/27 17:19:00.432","SEED_DATA_FROM_APPLICATION","-1","ORA_CST_VALU_INV_ORG_CODES"
"VALU","707","COSTORG_INVORG_SUBINVORG_LOT","LOT","lot","LOT_NUMBER","Lot","Lot number.","Lot","Lot","4","Y","25","","2016/07/27 17:18:49.42","SEED_DATA_FROM_APPLICATION","2016/07/27 17:19:00.454","SEED_DATA_FROM_APPLICATION","-1","ORA_CST_VALU_LOT_NUMBERS"
"VALU","707","COSTORG_INVORG_SUBINVORG_LOT","SUB_INVENTORY_ORGANIZATION","subInventoryOrganization","SUBINVENTORY_CODE","Subinventory Organization","Subinventory organization segment.","Subinventory Organization","Subinventory Organization","3","Y","25","","2016/07/27 17:18:49.455","SEED_DATA_FROM_APPLICATION","2016/07/27 17:19:00.471","SEED_DATA_FROM_APPLICATION","-1","ORA_CST_VALU_SUB_INV_ORG_CODES"
"VALU","707","COSTORG_INVORG_SUBINVORG_SERIA","COST_ORGANIZATION","costOrganization","COST_ORG_CODE","Cost Organization","Cost organization segment.","Cost Organization","Cost Organization","1","Y","25","","2016/07/27 17:18:49.511","SEED_DATA_FROM_APPLICATION","2016/07/27 17:19:00.52","SEED_DATA_FROM_APPLICATION","-1","ORA_CST_VALU_COST_ORG_CODE"
"VALU","707","COSTORG_INVORG_SUBINVORG_SERIA","INVENTORY_ORGANIZATION","inventoryOrganization","INV_ORG_CODE","Inventory Organization","Inventory organization segment.","Inventory Organization","Inventory Organization","2","Y","25","","2016/07/27 17:18:49.542","SEED_DATA_FROM_APPLICATION","2016/07/27 17:19:00.54","SEED_DATA_FROM_APPLICATION","-1","ORA_CST_VALU_INV_ORG_CODES"
"VALU","707","COSTORG_INVORG_SUBINVORG_SERIA","SERIAL","serial","SERIAL_NUMBER","Serial","Serial number.","Serial","Serial","4","Y","25","","2016/07/27 17:18:49.768","SEED_DATA_FROM_APPLICATION","2016/07/27 17:19:00.558","SEED_DATA_FROM_APPLICATION","-1","ORA_CST_VALU_SERIAL_NUMBERS"
"VALU","707","COSTORG_INVORG_SUBINVORG_SERIA","SUB_INVENTORY_ORGANIZATION","subInventoryOrganization","SUBINVENTORY_CODE","Subinventory Organization","Subinventory organization segment.","Subinventory Organization","Subinventory Organization","3","Y","25","","2016/07/27 17:18:49.795","SEED_DATA_FROM_APPLICATION","2016/07/27 17:19:00.575","SEED_DATA_FROM_APPLICATION","-1","ORA_CST_VALU_SUB_INV_ORG_CODES"
"VALU","707","COSTORG_INVORG_SUBINV_COUNTRY","COST_ORGANIZATION","costOrganization","COST_ORG_CODE","Cost Organization","Cost organization segment.","Cost Organization","Cost Organization","1","Y","25","","2019/09/20 12:33:28.052098","SEED_DATA_FROM_APPLICATION","2019/09/20 12:33:28.052098","SEED_DATA_FROM_APPLICATION","-1","ORA_CST_VALU_COST_ORG_CODE"
"VALU","707","COSTORG_INVORG_SUBINV_COUNTRY","COUNTRY_OF_ORIGIN","countryOfOrigin","COUNTRY_OF_ORIGIN_CODE","Country Of Origin","Country Of Origin segment.","Country Of Origin","Country Of Origin","4","Y","2","","2019/09/20 12:33:28.052098","SEED_DATA_FROM_APPLICATION","2019/09/20 12:33:28.052098","SEED_DATA_FROM_APPLICATION","-1","ORA_CST_COUNTRIES_OF_ORIGIN_VS"
"VALU","707","COSTORG_INVORG_SUBINV_COUNTRY","INVENTORY_ORGANIZATION","inventoryOrganization","INV_ORG_CODE","Inventory Organization","Inventory organization segment.","Inventory Organization","Inventory Organization","2","Y","25","","2019/09/20 12:33:28.052098","SEED_DATA_FROM_APPLICATION","2019/09/20 12:33:28.052098","SEED_DATA_FROM_APPLICATION","-1","ORA_CST_VALU_INV_ORG_CODES"
"VALU","707","COSTORG_INVORG_SUBINV_COUNTRY","SUB_INVENTORY_ORGANIZATION","subInventoryOrganization","SUBINVENTORY_CODE","Subinventory Organization","Subinventory organization segment.","Subinventory Organization","Subinventory Organization","3","Y","25","","2019/09/20 12:33:28.052098","SEED_DATA_FROM_APPLICATION","2019/09/20 12:33:28.052098","SEED_DATA_FROM_APPLICATION","-1","ORA_CST_VALU_SUB_INV_ORG_CODES"
"VALU","707","COSTORG_INVORG_SUBINV_PROJ","COST_ORGANIZATION","costOrganization","COST_ORG_CODE","Cost Organization","Cost organization segment.","Cost Organization","Cost Organization","1","Y","25","","2019/09/20 12:33:28.052098","SEED_DATA_FROM_APPLICATION","2019/09/20 12:33:28.052098","SEED_DATA_FROM_APPLICATION","-1","ORA_CST_VALU_COST_ORG_CODE"
"VALU","707","COSTORG_INVORG_SUBINV_PROJ","INVENTORY_ORGANIZATION","inventoryOrganization","INV_ORG_CODE","Inventory Organization","Inventory organization segment.","Inventory Organization","Inventory Organization","2","Y","25","","2019/09/20 12:33:28.052098","SEED_DATA_FROM_APPLICATION","2019/09/20 12:33:28.052098","SEED_DATA_FROM_APPLICATION","-1","ORA_CST_VALU_INV_ORG_CODES"
"VALU","707","COSTORG_INVORG_SUBINV_PROJ","PROJECT_NUMBER","projectNumber","PROJECT_NUMBER","Project Number","Project Number segment.","Project Number","Project Number","4","Y","25","","2019/09/20 12:33:28.052098","SEED_DATA_FROM_APPLICATION","2019/09/20 12:33:28.052098","SEED_DATA_FROM_APPLICATION","-1","ORA_CST_PROJECTS_VS"
"VALU","707","COSTORG_INVORG_SUBINV_PROJ","SUB_INVENTORY_ORGANIZATION","subInventoryOrganization","SUBINVENTORY_CODE","Subinventory Organization","Subinventory organization segment.","Subinventory Organization","Subinventory Organization","3","Y","25","","2019/09/20 12:33:28.052098","SEED_DATA_FROM_APPLICATION","2019/09/20 12:33:28.052098","SEED_DATA_FROM_APPLICATION","-1","ORA_CST_VALU_SUB_INV_ORG_CODES"
"VALU","707","COST_INV_ORG","Cost Organization","","COST_ORG_CODE","Cost Organization","Cost Organization","Cost Organization","Cost Org","1","Y","25","","2013/11/04 21:08:22.368","CUSTOMIZED_USER","2013/11/04 21:10:19.19","CUSTOMIZED_USER","EA60B7A0C6A46DC0E0436204548C2F6B","CST_COST_ORG_CODES"
"VALU","707","COST_INV_ORG","Inventory Organization","","INV_ORG_CODE","Inventory Organization","Inventory Organization","Inventory Organization","Inv Org","2","Y","25","","2013/11/04 21:10:27.376","CUSTOMIZED_USER","2013/11/04 21:11:40.093","CUSTOMIZED_USER","EA60B7A0C6A46DC0E0436204548C2F6B","CST_INV_ORG_CODES"
"VALU","707","COST_ORG_INV_ORG","Cost Organization","costOrganization","COST_ORG_CODE","Cost Organization","Cost organization segment.","Cost Organization","Cost Organization","1","Y","25","","2016/02/26 09:41:19.421","SEED_DATA_FROM_APPLICATION","2016/07/27 17:19:00.609","SEED_DATA_FROM_APPLICATION","-1","ORA_CST_VALU_COST_ORG_CODE"
"VALU","707","COST_ORG_INV_ORG","Inventory Organization","inventoryOrganization","INV_ORG_CODE","Inventory Organization","Inventory organization segment.","Inventory Organization","Inventory Organization","2","Y","25","","2016/02/26 09:41:21.228","SEED_DATA_FROM_APPLICATION","2016/07/27 17:19:00.62","SEED_DATA_FROM_APPLICATION","-1","ORA_CST_VALU_INV_ORG_CODES"
"VALU","707","CSTORG_INVORG_CNTRY_PROJ_TASK","COST_ORGANIZATION","costOrganization","COST_ORG_CODE","Cost Organization","Cost organization segment.","Cost Organization","Cost Organization","1","Y","25","","2019/09/20 12:33:28.052098","SEED_DATA_FROM_APPLICATION","2019/09/20 12:33:28.052098","SEED_DATA_FROM_APPLICATION","-1","ORA_CST_VALU_COST_ORG_CODE"
"VALU","707","CSTORG_INVORG_CNTRY_PROJ_TASK","COUNTRY_OF_ORIGIN","countryOfOrigin","COUNTRY_OF_ORIGIN_CODE","Country Of Origin","Country Of Origin segment.","Country Of Origin","Country Of Origin","3","Y","2","","2019/09/20 12:33:28.052098","SEED_DATA_FROM_APPLICATION","2019/09/20 12:33:28.052098","SEED_DATA_FROM_APPLICATION","-1","ORA_CST_COUNTRIES_OF_ORIGIN_VS"
"VALU","707","CSTORG_INVORG_CNTRY_PROJ_TASK","INVENTORY_ORGANIZATION","inventoryOrganization","INV_ORG_CODE","Inventory Organization","Inventory organization segment.","Inventory Organization","Inventory Organization","2","Y","25","","2019/09/20 12:33:28.052098","SEED_DATA_FROM_APPLICATION","2019/09/20 12:33:28.052098","SEED_DATA_FROM_APPLICATION","-1","ORA_CST_VALU_INV_ORG_CODES"
"VALU","707","CSTORG_INVORG_CNTRY_PROJ_TASK","PROJECT_NUMBER","projectNumber","PROJECT_NUMBER","Project Number","Project Number segment.","Project Number","Project Number","4","Y","25","","2019/09/20 12:33:28.052098","SEED_DATA_FROM_APPLICATION","2019/09/20 12:33:28.052098","SEED_DATA_FROM_APPLICATION","-1","ORA_CST_PROJECTS_VS"
"VALU","707","CSTORG_INVORG_CNTRY_PROJ_TASK","TASK_NUMBER","taskNumber","TASK_NUMBER","Task Number","Task Number segment.","Task Number","Task Number","5","Y","100","","2019/09/20 12:33:28.052098","SEED_DATA_FROM_APPLICATION","2019/09/20 12:33:28.052098","SEED_DATA_FROM_APPLICATION","-1","ORA_CST_TASKS_VS"
"VALU","707","CSTORG_INVORG_SUBINV_PROJ_TASK","COST_ORGANIZATION","costOrganization","COST_ORG_CODE","Cost Organization","Cost organization segment.","Cost Organization","Cost Organization","1","Y","25","","2019/09/20 12:33:28.052098","SEED_DATA_FROM_APPLICATION","2019/09/20 12:33:28.052098","SEED_DATA_FROM_APPLICATION","-1","ORA_CST_VALU_COST_ORG_CODE"
"VALU","707","CSTORG_INVORG_SUBINV_PROJ_TASK","INVENTORY_ORGANIZATION","inventoryOrganization","INV_ORG_CODE","Inventory Organization","Inventory organization segment.","Inventory Organization","Inventory Organization","2","Y","25","","2019/09/20 12:33:28.052098","SEED_DATA_FROM_APPLICATION","2019/09/20 12:33:28.052098","SEED_DATA_FROM_APPLICATION","-1","ORA_CST_VALU_INV_ORG_CODES"
"VALU","707","CSTORG_INVORG_SUBINV_PROJ_TASK","PROJECT_NUMBER","projectNumber","PROJECT_NUMBER","Project Number","Project Number segment.","Project Number","Project Number","4","Y","25","","2019/09/20 12:33:28.052098","SEED_DATA_FROM_APPLICATION","2019/09/20 12:33:28.052098","SEED_DATA_FROM_APPLICATION","-1","ORA_CST_PROJECTS_VS"
"VALU","707","CSTORG_INVORG_SUBINV_PROJ_TASK","SUB_INVENTORY_ORGANIZATION","subInventoryOrganization","SUBINVENTORY_CODE","Subinventory Organization","Subinventory organization segment.","Subinventory Organization","Subinventory Organization","3","Y","25","","2019/09/20 12:33:28.052098","SEED_DATA_FROM_APPLICATION","2019/09/20 12:33:28.052098","SEED_DATA_FROM_APPLICATION","-1","ORA_CST_VALU_SUB_INV_ORG_CODES"
"VALU","707","CSTORG_INVORG_SUBINV_PROJ_TASK","TASK_NUMBER","taskNumber","TASK_NUMBER","Task Number","Task Number segment.","Task Number","Task Number","5","Y","100","","2019/09/20 12:33:28.052098","SEED_DATA_FROM_APPLICATION","2019/09/20 12:33:28.052098","SEED_DATA_FROM_APPLICATION","-1","ORA_CST_TASKS_VS"
"VALU","707","CST_INV_SUBINV_CNTRY_PROJ_TASK","COST_ORGANIZATION","costOrganization","COST_ORG_CODE","Cost Organization","Cost organization segment.","Cost Organization","Cost Organization","1","Y","25","","2019/09/20 12:33:28.052098","SEED_DATA_FROM_APPLICATION","2019/09/20 12:33:28.052098","SEED_DATA_FROM_APPLICATION","-1","ORA_CST_VALU_COST_ORG_CODE"
"VALU","707","CST_INV_SUBINV_CNTRY_PROJ_TASK","COUNTRY_OF_ORIGIN","countryOfOrigin","COUNTRY_OF_ORIGIN_CODE","Country Of Origin","Country Of Origin segment.","Country Of Origin","Country Of Origin","4","Y","2","","2019/09/20 12:33:28.052098","SEED_DATA_FROM_APPLICATION","2019/09/20 12:33:28.052098","SEED_DATA_FROM_APPLICATION","-1","ORA_CST_COUNTRIES_OF_ORIGIN_VS"
"VALU","707","CST_INV_SUBINV_CNTRY_PROJ_TASK","INVENTORY_ORGANIZATION","inventoryOrganization","INV_ORG_CODE","Inventory Organization","Inventory organization segment.","Inventory Organization","Inventory Organization","2","Y","25","","2019/09/20 12:33:28.052098","SEED_DATA_FROM_APPLICATION","2019/09/20 12:33:28.052098","SEED_DATA_FROM_APPLICATION","-1","ORA_CST_VALU_INV_ORG_CODES"
"VALU","707","CST_INV_SUBINV_CNTRY_PROJ_TASK","PROJECT_NUMBER","projectNumber","PROJECT_NUMBER","Project Number","Project Number segment.","Project Number","Project Number","5","Y","25","","2019/09/20 12:33:28.052098","SEED_DATA_FROM_APPLICATION","2019/09/20 12:33:28.052098","SEED_DATA_FROM_APPLICATION","-1","ORA_CST_PROJECTS_VS"
"VALU","707","CST_INV_SUBINV_CNTRY_PROJ_TASK","SUB_INVENTORY_ORGANIZATION","subInventoryOrganization","SUBINVENTORY_CODE","Subinventory Organization","Subinventory organization segment.","Subinventory Organization","Subinventory Organization","3","Y","25","","2019/09/20 12:33:28.052098","SEED_DATA_FROM_APPLICATION","2019/09/20 12:33:28.052098","SEED_DATA_FROM_APPLICATION","-1","ORA_CST_VALU_SUB_INV_ORG_CODES"
"VALU","707","CST_INV_SUBINV_CNTRY_PROJ_TASK","TASK_NUMBER","taskNumber","TASK_NUMBER","Task Number","Task Number segment.","Task Number","Task Number","6","Y","100","","2019/09/20 12:33:28.052098","SEED_DATA_FROM_APPLICATION","2019/09/20 12:33:28.052098","SEED_DATA_FROM_APPLICATION","-1","ORA_CST_TASKS_VS"
"VALU","707","INV_SUBINV","Cost Organization","","COST_ORG_CODE","Cost Organization","Cost Organization","Cost Organization","Cost Org","1","Y","25","","2013/11/04 21:50:31.486","CUSTOMIZED_USER","2013/11/04 21:51:32.682","CUSTOMIZED_USER","EA61E35D606E026FE0436204548C3CDD","CST_COST_ORG_CODES"
"VALU","707","INV_SUBINV","Inventory Organization","","INV_ORG_CODE","Inventory Organization","Inventory Organization","Inventory Organization","Inv Org","2","Y","25","","2013/11/04 21:51:43.85","CUSTOMIZED_USER","2013/11/04 21:52:38.652","CUSTOMIZED_USER","EA6043AE227C612EE0436204548C27E5","CST_INV_ORG_CODES"
"VALU","707","INV_SUBINV","Subinventory","","SUBINVENTORY_CODE","Subinventory","Subinventory","Subinventory","Subinventory","3","Y","25","","2013/11/04 21:52:47.636","CUSTOMIZED_USER","2013/11/04 21:53:42.919","CUSTOMIZED_USER","EA61E35D606F026FE0436204548C3CDD","CST_SUBINVENTORY_CODES"
"VALU","707","INV_SUBINV_SERIAL","Cost Organization","","COST_ORG_CODE","Cost Organization","Cost Organization","Cost Organization","Cost Org","1","Y","25","","2013/11/04 21:13:13.64","CUSTOMIZED_USER","2013/11/04 21:14:23.206","CUSTOMIZED_USER","EA60B7A0C6A46DC0E0436204548C2F6B","CST_COST_ORG_CODES"
"VALU","707","INV_SUBINV_SERIAL","Inventory Organization","","INV_ORG_CODE","Inventory Organization","Inventory Organization","Inventory Organization","Inv Org","2","Y","25","","2013/11/04 21:14:31.154","CUSTOMIZED_USER","2013/11/04 21:15:27.588","CUSTOMIZED_USER","EA60B7A0C6A46DC0E0436204548C2F6B","CST_INV_ORG_CODES"
"VALU","707","INV_SUBINV_SERIAL","Serial Number","","SERIAL_NUMBER","Serial Number","Serial Number","Serial Number","Serial Number","4","Y","25","","2013/11/04 21:47:14.562","CUSTOMIZED_USER","2013/11/04 21:48:13.96","CUSTOMIZED_USER","EA6043AE227B612EE0436204548C27E5","CST_CHAR"
"VALU","707","INV_SUBINV_SERIAL","Subinventory","","SUBINVENTORY_CODE","Subinventory","Subinventory","Subinventory","Subinventory","3","Y","25","","2013/11/04 21:45:12.213","CUSTOMIZED_USER","2013/11/04 21:46:43.401","CUSTOMIZED_USER","EA6043AE227A612EE0436204548C27E5","CST_SUBINVENTORY_CODES"
"CAT#","140","ASSET_CATEGORY_FLEXFIELD","MAJOR_CATEGORY","","SEGMENT1","Major Category","Major Category","Major Category","Major Category","1","Y","20","","2013/11/04 13:37:55.737","CUSTOMIZED_USER","2013/11/05 07:22:25.0","CUSTOMIZED_USER","EA67DDEE333B326BE0436204548CC317","FA_MAJOR_CATEGORY"
"CAT#","140","ASSET_CATEGORY_FLEXFIELD","MINOR_CATEGORY","","SEGMENT2","Minor Category","Minor Category","Minor Category","Minor Category","2","Y","20","","2013/11/05 06:48:30.0","CUSTOMIZED_USER","2013/11/05 07:22:33.118","CUSTOMIZED_USER","EA67DDEE333B326BE0436204548CC317","FA_MINOR_CATEGORY"
"KEY#","140","ASSET_KEY_FLEXFIELD","ASSET_KEY","","SEGMENT1","Asset Key","Asset Key","Asset Key","Asset Key","1","Y","20","","2013/11/04 13:33:17.686","CUSTOMIZED_USER","2013/11/04 13:36:19.852","CUSTOMIZED_USER","EA5AABA77227704DE0436204548C5A8A","FA_ASSET_KEY"
"LOC#","140","ASSET_LOCATION_FLEXFIELD","BUILDING","","SEGMENT4","Building","Building","Building","Building","4","Y","20","","2013/11/05 06:55:51.655","CUSTOMIZED_USER","2013/11/05 06:57:31.201","CUSTOMIZED_USER","EA696BC553D0110FE0436204548C4426","FA_BUILDING"
"LOC#","140","ASSET_LOCATION_FLEXFIELD","CITY","","SEGMENT3","City","City","City","City","3","Y","20","","2013/11/05 06:54:23.121","CUSTOMIZED_USER","2013/11/05 06:55:47.684","CUSTOMIZED_USER","EA67DDEE3339326BE0436204548CC317","FA_CITY"
"LOC#","140","ASSET_LOCATION_FLEXFIELD","COUNTRY","","SEGMENT1","Country","Country","Country","Country","1","Y","20","","2013/11/05 06:51:18.265","CUSTOMIZED_USER","2013/11/05 06:52:39.288","CUSTOMIZED_USER","EA67DDEE3338326BE0436204548CC317","FA_COUNTRY"
"LOC#","140","ASSET_LOCATION_FLEXFIELD","STATE_COUNTY","","SEGMENT2","State/County","State/County","State/County","State/County","2","Y","20","","2013/11/05 06:52:42.932","CUSTOMIZED_USER","2013/11/05 06:54:18.255","CUSTOMIZED_USER","EA696BC553CF110FE0436204548C4426","FA_STATE_COUNTY"
"COST","801","Corp_and_Countries_Cost","Account","","SEGMENT3","Account","Account","Account","Acc","3","Y","5","","2013/11/26 12:06:10.972","CUSTOMIZED_USER","2013/11/26 12:07:30.264","CUSTOMIZED_USER","EC130B68FDF42C0FE0436204548CFEBE","Corporate Account"
"COST","801","Corp_and_Countries_Cost","Company","","SEGMENT1","Company","Company","Company","Co","1","Y","3","","2013/11/26 12:02:58.088","CUSTOMIZED_USER","2013/11/26 12:04:31.417","CUSTOMIZED_USER","EC130B68FDF42C0FE0436204548CFEBE","Corporate Company"
"COST","801","Corp_and_Countries_Cost","Cost Center","","SEGMENT4","Cost Center","Cost Center","Cost Center","CC","4","Y","4","","2013/11/26 12:07:43.285","CUSTOMIZED_USER","2013/11/26 12:09:38.341","CUSTOMIZED_USER","EC130B68FDF42C0FE0436204548CFEBE","Corporate Cost Center"
"COST","801","Corp_and_Countries_Cost","Intercompany","","SEGMENT6","Intercompany","Intercompany","Intercompany","IC","6","Y","3","","2013/11/26 12:11:17.565","CUSTOMIZED_USER","2013/11/26 12:12:42.464","CUSTOMIZED_USER","EC130B68FDF42C0FE0436204548CFEBE","Corporate Company"
"COST","801","Corp_and_Countries_Cost","LoB","","SEGMENT2","Line of Business","Line of Business","Line of Business","LoB","2","Y","2","","2013/11/26 12:04:39.272","CUSTOMIZED_USER","2013/11/26 12:06:03.261","CUSTOMIZED_USER","EC130B68FDF42C0FE0436204548CFEBE","Corporate LoB"
"COST","801","Corp_and_Countries_Cost","Product","","SEGMENT5","Product","Product","Product","Prod","5","Y","3","","2013/11/26 12:09:51.42","CUSTOMIZED_USER","2013/11/26 12:11:09.419","CUSTOMIZED_USER","EC130B68FDF42C0FE0436204548CFEBE","Corporate Product"
"COST","801","GSE_IT_STR","GSE_IT_AZIENDA","gseItAzienda","SEGMENT1","Azienda","","Azienda","Azienda","1","Y","5","","2014/09/02 14:40:14.537","CUSTOMIZED_USER","2014/09/02 14:43:22.244","CUSTOMIZED_USER","0216C2E2B1BA2679E0536204548C00AB","Corporate Company"
"COST","801","GSE_IT_STR","GSE_IT_CONTO","gseItConto","SEGMENT3","Conto","","Conto","Conto","3","Y","5","","2014/09/02 14:47:48.546","CUSTOMIZED_USER","2014/09/02 14:58:41.744","CUSTOMIZED_USER","0216C2E2B1BA2679E0536204548C00AB","Corporate Account"
"COST","801","GSE_IT_STR","GSE_IT_COST","gseItCost","SEGMENT4","Centro di Costo","","Centro di Costo","Centro di Costo","4","Y","5","","2014/09/02 14:51:15.634","CUSTOMIZED_USER","2014/09/02 14:57:46.465","CUSTOMIZED_USER","0216C2E2B1BA2679E0536204548C00AB","Corporate Cost Center"
"COST","801","GSE_IT_STR","GSE_IT_EXTRA","gseItExtra","SEGMENT6","Extra","","Extra","Extra","6","N","5","","2014/09/02 14:54:55.728","CUSTOMIZED_USER","2014/09/02 14:59:30.724","CUSTOMIZED_USER","0216C2E2B1BA2679E0536204548C00AB","Corporate Company"
"COST","801","GSE_IT_STR","GSE_IT_PRODOTTO","gseItProdotto","SEGMENT2","Prodotto","","Prodotto","Prodotto","2","N","5","","2014/09/02 14:43:35.873","CUSTOMIZED_USER","2014/09/02 14:58:33.947","CUSTOMIZED_USER","0216C2E2B1BA2679E0536204548C00AB","Corporate Product"
"COST","801","GSE_IT_STR","GSE_IT_PROGETTO","gseItProgetto","SEGMENT5","Progetto","","Progetto","Progetto","5","N","5","","2014/09/02 14:45:33.589","CUSTOMIZED_USER","2014/09/02 14:47:42.734","CUSTOMIZED_USER","0216C2E2B1BA2679E0536204548C00AB","Corporate LoB"
"COST","801","HCUSCOSTFLEX","Account","account","SEGMENT3","Account","Account","Account","Account","3","Y","6","","2015/05/07 21:08:47.541","CUSTOMIZED_USER","2015/05/07 21:09:34.046","CUSTOMIZED_USER","158441B6DD036B91E0536204548C5DC9","Healthcare Account"
"COST","801","HCUSCOSTFLEX","Department","department","SEGMENT2","Department","Department","Department","Dept","2","Y","6","","2015/05/07 21:07:43.189","CUSTOMIZED_USER","2015/05/07 21:08:39.294","CUSTOMIZED_USER","158441B6DD036B91E0536204548C5DC9","Healthcare Department"
"COST","801","HCUSCOSTFLEX","Entity","entity","SEGMENT1","Entity","Entity","Entity","Entity","1","Y","5","","2015/05/07 21:06:25.335","CUSTOMIZED_USER","2015/05/07 21:07:38.991","CUSTOMIZED_USER","158441B6DD036B91E0536204548C5DC9","Healthcare Entity"
"COST","801","HCUSCOSTFLEX","Future","future","SEGMENT8","Future","Future","Future","Future","8","Y","5","","2015/05/07 21:13:40.965","CUSTOMIZED_USER","2015/05/07 21:14:23.133","CUSTOMIZED_USER","158441B6DD036B91E0536204548C5DC9","Healthcare Future"
"COST","801","HCUSCOSTFLEX","InterEntity","interentity","SEGMENT7","InterEntity","InterEntity","InterEntity","InterEntity","7","Y","5","","2015/05/07 21:12:41.875","CUSTOMIZED_USER","2015/05/07 21:13:27.594","CUSTOMIZED_USER","158441B6DD036B91E0536204548C5DC9","Healthcare Entity"
"COST","801","HCUSCOSTFLEX","Physician","physician","SEGMENT6","Physician","Physician","Physician","Physician","6","Y","4","","2015/05/07 21:11:30.221","CUSTOMIZED_USER","2015/05/07 21:12:39.25","CUSTOMIZED_USER","158441B6DD036B91E0536204548C5DC9","Healthcare Physician"
"COST","801","HCUSCOSTFLEX","Program","program","SEGMENT5","Program","Program","Program","Program","5","Y","5","","2015/05/07 21:10:42.185","CUSTOMIZED_USER","2015/05/07 21:11:27.835","CUSTOMIZED_USER","158441B6DD036B91E0536204548C5DC9","Healthcare Program"
"COST","801","HCUSCOSTFLEX","Sub Acount","subAcount","SEGMENT4","Sub Acount","Sub Acount","Sub Acount","SubAcount","4","Y","6","","2015/05/07 21:09:37.488","CUSTOMIZED_USER","2015/05/07 21:10:39.549","CUSTOMIZED_USER","158441B6DD036B91E0536204548C5DC9","Healthcare Sub Account"
"COST","801","HEDUSCOSTFLEX","Account","account","SEGMENT3","Account","Account","Account","Account","3","Y","6","","2015/05/27 19:43:13.006","CUSTOMIZED_USER","2015/05/27 19:44:52.412","CUSTOMIZED_USER","17166F1B0766369CE0536204548C188D","University Account"
"COST","801","HEDUSCOSTFLEX","Class","class","SEGMENT5","Class","Class","Class","Class","5","Y","3","","2015/05/27 19:48:49.516","CUSTOMIZED_USER","2015/05/27 19:50:39.689","CUSTOMIZED_USER","17166D138CA33AA7E0536204548CE5C2","University Class"
"COST","801","HEDUSCOSTFLEX","Department","department","SEGMENT2","Department","Department","Department","Department","2","Y","5","","2015/05/27 19:41:19.536","CUSTOMIZED_USER","2015/05/27 19:43:00.851","CUSTOMIZED_USER","17166F1B0765369CE0536204548C188D","University Department"
"COST","801","HEDUSCOSTFLEX","Fund","fund","SEGMENT1","Fund","Fund","Fund","Fund","1","Y","3","","2015/05/27 19:35:41.991","CUSTOMIZED_USER","2015/05/27 19:41:16.131","CUSTOMIZED_USER","17166D138CA23AA7E0536204548CE5C2","University Fund"
"COST","801","HEDUSCOSTFLEX","Interfund","interfund","SEGMENT8","Interfund","Interfund","Interfund","Interfund","8","Y","3","","2015/05/27 19:55:38.493","CUSTOMIZED_USER","2015/05/27 19:57:55.063","CUSTOMIZED_USER","171087171DD44412E0536204548CC6C5","University Fund"
"COST","801","HEDUSCOSTFLEX","Local Use","localUse","SEGMENT7","Local Use","Local Use","Local Use","Local Use","7","Y","3","","2015/05/27 19:54:04.851","CUSTOMIZED_USER","2015/05/27 19:55:20.767","CUSTOMIZED_USER","17166F1B0768369CE0536204548C188D","University Local Use"
"COST","801","HEDUSCOSTFLEX","Program","program","SEGMENT4","Program","Program","Program","Program","4","Y","4","","2015/05/27 19:45:19.506","CUSTOMIZED_USER","2015/05/27 19:47:11.527","CUSTOMIZED_USER","17166F1B0767369CE0536204548C188D","University Program"
"COST","801","HEDUSCOSTFLEX","Unit","unit","SEGMENT6","Unit","Unit","Unit","Unit","6","Y","2","","2015/05/27 19:51:29.945","CUSTOMIZED_USER","2015/05/27 19:53:16.64","CUSTOMIZED_USER","17166D138CA43AA7E0536204548CE5C2","University Unit"
"COST","801","PRGUSCOSTFLEX","Account","Account","SEGMENT4","Account","Account","Account","Acct","4","Y","5","","2014/07/03 21:18:23.516","CUSTOMIZED_USER","2014/07/03 21:19:16.668","CUSTOMIZED_USER","FD4E38D5A3FB5AD6E0436204548CF903","Progress Account"
"COST","801","PRGUSCOSTFLEX","Budget Reference","BudgetReference","SEGMENT2","Budget Reference","Budget Reference","Budget Reference","Bud ReF","2","Y","4","","2014/07/03 21:15:33.599","CUSTOMIZED_USER","2014/07/03 21:16:54.968","CUSTOMIZED_USER","FD4E38D5A3FB5AD6E0436204548CF903","Progress Budget Reference"
"COST","801","PRGUSCOSTFLEX","Department","Department","SEGMENT3","Department","Department","Department","Dept","3","Y","5","","2014/07/03 21:17:02.517","CUSTOMIZED_USER","2014/07/03 21:18:04.793","CUSTOMIZED_USER","FD4E38D5A3FB5AD6E0436204548CF903","Progress Department"
"COST","801","PRGUSCOSTFLEX","Fund","Fund","SEGMENT1","Fund","","Fund","Fund","1","Y","4","","2014/07/03 21:12:04.545","CUSTOMIZED_USER","2014/07/03 21:14:33.075","CUSTOMIZED_USER","FD4E38D5A3FB5AD6E0436204548CF903","Progress Fund"
"COST","801","PRGUSCOSTFLEX","Funding Source","FundingSource","SEGMENT6","Funding Source","Funding Source","Funding Source","Fund Src","6","Y","4","","2014/07/03 21:21:12.082","CUSTOMIZED_USER","2014/07/03 21:22:09.297","CUSTOMIZED_USER","FD4E38D5A3FB5AD6E0436204548CF903","Progress Funding Source"
"COST","801","PRGUSCOSTFLEX","Program","Program","SEGMENT5","Program","Program","Program","Prog","5","Y","4","","2014/07/03 21:19:27.176","CUSTOMIZED_USER","2014/07/03 21:20:33.521","CUSTOMIZED_USER","FD4E38D5A3FB5AD6E0436204548CF903","Progress Program"
"COST","801","PRGUSCOSTFLEX","Project","Project","SEGMENT7","Project","Project","Project","Proj","7","Y","8","","2014/07/03 21:22:30.873","CUSTOMIZED_USER","2014/07/03 21:23:09.766","CUSTOMIZED_USER","FD4E38D5A3FB5AD6E0436204548CF903","Progress Project"
"COST","801","Progress_UK_Structure","Account","account","SEGMENT2","Account","Account","Account","Acc","2","Y","5","","2021/01/19 16:52:08.338","CUSTOMIZED_USER","2021/01/19 17:47:24.0","CUSTOMIZED_USER","B944AF6198FF9FFAE0539E90DF0A53C1","Account Progress UK"
"COST","801","Progress_UK_Structure","Analysis","analysis","SEGMENT5","Analysis","Analysis","Analysis","Analysis","5","Y","5","","2021/01/19 16:55:19.921","CUSTOMIZED_USER","2021/01/19 17:48:17.137","CUSTOMIZED_USER","B944AF6198FF9FFAE0539E90DF0A53C1","Analysis Progress UK"
"COST","801","Progress_UK_Structure","Company","company","SEGMENT1","Company","Company","Company","Comp","1","Y","3","","2021/01/19 16:51:22.0","CUSTOMIZED_USER","2021/01/19 16:52:04.114","CUSTOMIZED_USER","B9446682769B7891E0539E90DF0AAFB8","Company Progress UK"
"COST","801","Progress_UK_Structure","Department","department","SEGMENT3","Department","Department","Department","Dept","3","Y","5","","2021/01/19 16:53:03.819","CUSTOMIZED_USER","2021/01/19 17:47:44.732","CUSTOMIZED_USER","B944AF6198FF9FFAE0539E90DF0A53C1","Department Progress UK"
"COST","801","Progress_UK_Structure","Fund","fund","SEGMENT4","Fund","Fund","Fund","Fund","4","Y","5","","2021/01/19 16:54:22.001","CUSTOMIZED_USER","2021/01/19 17:47:58.297","CUSTOMIZED_USER","B944AF6198FF9FFAE0539E90DF0A53C1","Fund Progress UK"
"COST","801","Progress_UK_Structure","Future","progfuture","SEGMENT7","Future","Future","Future","Fut","7","Y","5","","2021/01/19 16:57:10.516","CUSTOMIZED_USER","2021/01/19 17:49:01.728","CUSTOMIZED_USER","B944AF6198FF9FFAE0539E90DF0A53C1","Future Progress UK"
"COST","801","Progress_UK_Structure","Intercompany","intercompany","SEGMENT6","Intercompany","Intercompany","Intercompany","Inter-co","6","Y","3","","2021/01/19 16:56:05.769","CUSTOMIZED_USER","2021/01/19 17:48:47.071","CUSTOMIZED_USER","B944AF6198FF9FFAE0539E90DF0A53C1","Intercompany Progress UK"
"PPG","800","FD People Group KFF Test","Runner","runner","SEGMENT1","Runner","Runner","Runner","RN","10","Y","5","","2022/03/30 20:32:08.485","CUSTOMIZED_USER","2022/03/30 20:33:24.695","CUSTOMIZED_USER","D9EAF49397314B89E053CE65F00A1CD7","Yes or No "
"GL#","101","AU Council","Account","account","SEGMENT3","Account","Account","Account","ACCT","3","Y","4","","2021/02/02 16:21:08.538","CUSTOMIZED_USER","2021/02/02 16:21:11.538","CUSTOMIZED_USER","BA5DA4B71A6DE381E0539E90DF0A6B99","Account AU Council"
"GL#","101","AU Council","Activity","activity","SEGMENT5","Activity","Activity","Activity","ACT","5","Y","5","","2021/02/02 16:21:08.886","CUSTOMIZED_USER","2021/02/02 16:21:11.921","CUSTOMIZED_USER","BA5DA4B71A6DE381E0539E90DF0A6B99","Activity AU Council"
"GL#","101","AU Council","Cost Centre","costCentre","SEGMENT2","Cost Centre","Cost Centre","Cost Centre","CC","2","Y","5","","2021/02/02 16:21:07.722","CUSTOMIZED_USER","2021/02/02 16:21:11.237","CUSTOMIZED_USER","BA5DA4B71A6DE381E0539E90DF0A6B99","Cost Centre AU Council"
"GL#","101","AU Council","Fund","fund","SEGMENT1","Fund","Fund","Fund","FD","1","Y","3","","2021/02/02 16:21:06.192","CUSTOMIZED_USER","2021/02/02 16:21:10.441","CUSTOMIZED_USER","BA5DA4B71A6DE381E0539E90DF0A6B99","Fund AU Council"
"GL#","101","AU Council","Program","program","SEGMENT4","Program","Program","Program","PROG","4","Y","5","","2021/02/02 16:21:08.736","CUSTOMIZED_USER","2021/02/02 16:21:11.756","CUSTOMIZED_USER","BA5DA4B71A6DE381E0539E90DF0A6B99","Program AU Council"
"GL#","101","Corporate_and_Countries","Account","","SEGMENT3","Account","Account","Account","Acc","3","Y","8","","2013/10/24 13:32:05.499","CUSTOMIZED_USER","2018/06/20 08:27:35.39","CUSTOMIZED_USER","6F0E9DEA5F721436E0537990DF0AE04C","Corporate Account"
"GL#","101","Corporate_and_Countries","Company","","SEGMENT1","Company","Company","Company","Co","1","Y","3","","2013/10/24 13:25:08.129","CUSTOMIZED_USER","2018/06/20 08:26:15.908","CUSTOMIZED_USER","6F0E9DEA5F721436E0537990DF0AE04C","Corporate Company"
"GL#","101","Corporate_and_Countries","Cost Center","","SEGMENT4","Cost Center","Cost Center","Cost Center","CC","4","Y","4","","2013/10/24 13:33:40.462","CUSTOMIZED_USER","2018/06/20 08:28:06.357","CUSTOMIZED_USER","6F0E9DEA5F721436E0537990DF0AE04C","Corporate Cost Center"
"GL#","101","Corporate_and_Countries","Intercompany","","SEGMENT6","Intercompany","Intercompany","Intercompany","IC","6","Y","3","","2013/10/24 13:36:07.225","CUSTOMIZED_USER","2018/06/20 08:29:08.521","CUSTOMIZED_USER","6F0E9DEA5F721436E0537990DF0AE04C","Corporate Company"
"GL#","101","Corporate_and_Countries","LoB","","SEGMENT2","Line of Business","Line of Business","Line of Business","LoB","2","Y","2","","2013/10/24 13:29:26.009","CUSTOMIZED_USER","2018/06/20 08:26:44.248","CUSTOMIZED_USER","6F0E9DEA5F721436E0537990DF0AE04C","Corporate LoB"
"GL#","101","Corporate_and_Countries","Product","","SEGMENT5","Product","Product","Product","Prod","5","Y","3","","2013/10/24 13:35:04.082","CUSTOMIZED_USER","2018/06/20 08:28:35.233","CUSTOMIZED_USER","6F0E9DEA5F721436E0537990DF0AE04C","Corporate Product"
"GL#","101","Corporate_and_Countries_Second","Account","Konto","SEGMENT4","Account","Account","Account","Account","4","Y","8","","2015/03/10 16:34:14.96","CUSTOMIZED_USER","2018/08/29 13:15:54.56","CUSTOMIZED_USER","7493468057CD4588E0537990DF0A713B","Japan Account"
"GL#","101","Corporate_and_Countries_Second","Company","company","SEGMENT1","Company","Company"," Company","Company","1","Y","3","","2015/03/10 16:25:21.652","CUSTOMIZED_USER","2018/08/29 13:11:33.0","CUSTOMIZED_USER","7493468057CD4588E0537990DF0A713B","Corporate Company"
"GL#","101","Corporate_and_Countries_Second","Cost Center","costCenter","SEGMENT3","Cost Center","Cost Center","Cost Center","Cost Center","3","Y","4","","2015/03/10 16:30:25.224","CUSTOMIZED_USER","2018/08/29 13:15:04.937","CUSTOMIZED_USER","7493468057CD4588E0537990DF0A713B","Japan Cost Center"
"GL#","101","Corporate_and_Countries_Second","Future","future","SEGMENT7","Future","Future","Future","Future","7","Y","5","","2015/03/10 16:41:42.433","CUSTOMIZED_USER","2018/08/29 13:19:36.053","CUSTOMIZED_USER","7493468057CD4588E0537990DF0A713B","Japan Future"
"GL#","101","Corporate_and_Countries_Second","Intercompany","intercompany","SEGMENT8","Intercompany","Intercompany","Intercompany","Intercompany","8","Y","3","","2015/03/10 16:43:16.056","CUSTOMIZED_USER","2018/08/29 13:21:18.915","CUSTOMIZED_USER","7493468057CD4588E0537990DF0A713B","Corporate Company"
"GL#","101","Corporate_and_Countries_Second","LoB","lob","SEGMENT2","Line of Business","Line of Business","LoB","LoB","2","Y","4","","2015/03/10 16:27:23.873","CUSTOMIZED_USER","2018/08/29 13:13:25.997","CUSTOMIZED_USER","7493468057CD4588E0537990DF0A713B","Corporate LoB"
"GL#","101","Corporate_and_Countries_Second","Product","product","SEGMENT6","Product","Product","Product","Product","6","Y","4","","2015/03/10 16:39:44.326","CUSTOMIZED_USER","2018/04/27 14:20:16.804","CUSTOMIZED_USER","6AD5C5694D0E3BEBE053E4A1FD0AE789","Corporate Product"
"GL#","101","Corporate_and_Countries_Second","Sub Account","subAccount","SEGMENT5","Sub Account","Sub Account","Sub Account","Sub Account","5","Y","8","","2015/03/10 16:38:13.817","CUSTOMIZED_USER","2018/08/29 13:17:37.434","CUSTOMIZED_USER","7493468057CD4588E0537990DF0A713B","Japan Sub Account"
"GL#","101","Federal_US_COA_Structure","Account","account","SEGMENT6","Account","Account","Account","Account","6","Y","8","","2021/01/07 13:21:25.184","CUSTOMIZED_USER","2021/01/07 13:22:49.558","CUSTOMIZED_USER","B84F48D8A56DF148E0539E90DF0A2828","Fed US Account"
"GL#","101","Federal_US_COA_Structure","Budget Fiscal Year","budgetFiscalYear","SEGMENT7","Budget Fiscal Year","Budget Fiscal Year","Budget Fiscal Year","Budget Fiscal Year","7","Y","4","","2021/01/07 13:23:06.428","CUSTOMIZED_USER","2021/01/07 13:24:20.085","CUSTOMIZED_USER","B84F48D8A56DF148E0539E90DF0A2828","Fed US Budget Fiscal Year"
"GL#","101","Federal_US_COA_Structure","Cohort Year","cohortYear","SEGMENT8","Cohort Year","Cohort Year","Cohort Year","Cohort Year","8","Y","4","","2021/01/07 13:24:39.469","CUSTOMIZED_USER","2021/01/07 13:25:52.708","CUSTOMIZED_USER","B84F48D8A56DF148E0539E90DF0A2828","Fed US Cohort Year"
"GL#","101","Federal_US_COA_Structure","Cost Center","costCenter","SEGMENT3","Cost Center","Cost Center","Cost Center","Cost Center","3","Y","6","","2021/01/07 13:17:28.11","CUSTOMIZED_USER","2021/01/07 13:18:42.102","CUSTOMIZED_USER","B84F48D8A56DF148E0539E90DF0A2828","Fed US Cost Center"
"GL#","101","Federal_US_COA_Structure","Fund","fund","SEGMENT1","Fund","Fund","Fund","Fund","1","Y","20","","2021/01/07 13:09:24.394","CUSTOMIZED_USER","2021/01/07 13:13:44.842","CUSTOMIZED_USER","B84F48D8A56DF148E0539E90DF0A2828","Fed US Fund"
"GL#","101","Federal_US_COA_Structure","Future1","future1","SEGMENT10","Future1","Future1","Future1","Future1","10","Y","8","","2021/01/07 13:28:16.206","CUSTOMIZED_USER","2021/01/07 13:29:31.329","CUSTOMIZED_USER","B84F48D8A56DF148E0539E90DF0A2828","Fed US Future1"
"GL#","101","Federal_US_COA_Structure","Future2","future2","SEGMENT11","Future2","Future2","Future2","Future2","11","Y","8","","2021/01/07 13:29:46.956","CUSTOMIZED_USER","2021/01/07 13:31:22.364","CUSTOMIZED_USER","B84F48D8A56DF148E0539E90DF0A2828","Fed US Future2"
"GL#","101","Federal_US_COA_Structure","Object Code","objectCode","SEGMENT4","Object Code","Object Code","Object Code","Object Code","4","Y","6","","2021/01/07 13:18:57.043","CUSTOMIZED_USER","2021/01/07 13:19:54.95","CUSTOMIZED_USER","B84F48D8A56DF148E0539E90DF0A2828","Fed US Object Code"
"GL#","101","Federal_US_COA_Structure","Program","program","SEGMENT2","Program","Program","Program","Program","2","Y","10","","2021/01/07 13:13:48.943","CUSTOMIZED_USER","2021/01/07 13:16:53.818","CUSTOMIZED_USER","B84F48D8A56DF148E0539E90DF0A2828","Fed US Program"
"GL#","101","Federal_US_COA_Structure","Project","project","SEGMENT5","Project","Project","Project","Project","5","Y","15","","2021/01/07 13:20:08.964","CUSTOMIZED_USER","2021/01/07 13:21:13.416","CUSTOMIZED_USER","B84F48D8A56DF148E0539E90DF0A2828","Fed US Project"
"GL#","101","Federal_US_COA_Structure","Year of Budget Auth","yearOfBudgetAuth","SEGMENT9","Year of Budget Auth","Year of Budget Authority","Year of Budget Auth","Year of Budget Auth","9","Y","4","","2021/01/07 13:26:12.574","CUSTOMIZED_USER","2021/01/07 13:27:55.84","CUSTOMIZED_USER","B84F48D8A56DF148E0539E90DF0A2828","Fed US Year of Budget Auth"
"GL#","101","Fin_Svcs","Account","account","SEGMENT3","Account","Account","Account","ACC","3","Y","5","","2016/01/20 13:04:51.74","CUSTOMIZED_USER","2016/01/20 13:06:40.144","CUSTOMIZED_USER","29C416DF662C7AD7E053790B548C8097","Fin Svcs Account"
"GL#","101","Fin_Svcs","Affiliate","affiliate","SEGMENT2","Affiliate","Affiliate","Affiliate","INCOMP","2","Y","2","","2016/01/20 13:02:07.496","CUSTOMIZED_USER","2016/01/20 13:04:44.441","CUSTOMIZED_USER","29C416DF662C7AD7E053790B548C8097","Fin Svcs Legal Entity"
"GL#","101","Fin_Svcs","Cost Center","costCenter","SEGMENT4","Cost Center","Cost Center","Cost Center","CC","4","Y","4","","2016/01/20 13:06:46.818","CUSTOMIZED_USER","2016/01/20 13:09:56.705","CUSTOMIZED_USER","29C416DF662C7AD7E053790B548C8097","Fin Svcs Cost Center"
"GL#","101","Fin_Svcs","Future Use1","futureUse1","SEGMENT6","Future Use1","Future Use1","Future Use1","FU1","6","Y","3","","2016/01/20 13:12:51.319","CUSTOMIZED_USER","2016/01/20 13:14:17.357","CUSTOMIZED_USER","29C416DF662C7AD7E053790B548C8097","Fin Svcs Future Use1"
"GL#","101","Fin_Svcs","Future Use2","futureUse2","SEGMENT7","Future Use2","Future Use2","Future Use2","FU2","7","Y","3","","2016/01/20 13:14:22.563","CUSTOMIZED_USER","2016/01/20 13:15:57.371","CUSTOMIZED_USER","29C416DF662C7AD7E053790B548C8097","Fin Svcs Future Use2"
"GL#","101","Fin_Svcs","Legal Entity","legalEntity","SEGMENT1","Legal Entity","Legal Entity","Legal Entity","LE","1","Y","2","","2016/01/20 12:59:57.685","CUSTOMIZED_USER","2016/01/20 13:02:03.986","CUSTOMIZED_USER","29C416DF662C7AD7E053790B548C8097","Fin Svcs Legal Entity"
"GL#","101","Fin_Svcs","Product","product","SEGMENT5","Product","Product","Product","PROD","5","Y","3","","2016/01/20 13:11:08.292","CUSTOMIZED_USER","2016/01/20 13:12:42.306","CUSTOMIZED_USER","29C416DF662C7AD7E053790B548C8097","Fin Svcs Product"
"GL#","101","Health_Care","Account","account","SEGMENT3","Account","Account","Account","Account","3","Y","6","","2015/04/10 17:20:36.735","CUSTOMIZED_USER","2015/04/10 17:22:45.914","CUSTOMIZED_USER","13628DDFC70A3FA5E0536204548C3711","Healthcare Account"
"GL#","101","Health_Care","Department","department","SEGMENT2","Department","Department","Department","Dept","2","Y","6","","2015/04/10 17:17:55.769","CUSTOMIZED_USER","2015/04/10 17:20:33.272","CUSTOMIZED_USER","13628DDFC70A3FA5E0536204548C3711","Healthcare Department"
"GL#","101","Health_Care","Entity","entity","SEGMENT1","Entity","Entity","Entity","Entity","1","Y","5","","2015/04/10 17:13:46.653","CUSTOMIZED_USER","2015/04/10 17:17:49.96","CUSTOMIZED_USER","13628DDFC70A3FA5E0536204548C3711","Healthcare Entity"
"GL#","101","Health_Care","Future","future","SEGMENT8","Future","Future","Future","Other","8","Y","5","","2015/04/10 17:34:49.086","CUSTOMIZED_USER","2015/04/10 17:38:02.698","CUSTOMIZED_USER","13624EFC810658CAE0536204548C93C8","Healthcare Future"
"GL#","101","Health_Care","InterEntity","interentity","SEGMENT7","InterEntity","InterEntity","InterEntity","Interfund","7","Y","5","","2015/04/10 17:27:51.278","CUSTOMIZED_USER","2015/04/10 17:30:29.607","CUSTOMIZED_USER","13628DDFC70A3FA5E0536204548C3711","Healthcare Entity"
"GL#","101","Health_Care","Physician","physician","SEGMENT6","Physician","Physician","Physician","Physician","6","Y","4","","2015/04/10 17:25:43.925","CUSTOMIZED_USER","2015/04/10 17:27:46.355","CUSTOMIZED_USER","13628DDFC70A3FA5E0536204548C3711","Healthcare Physician"
"GL#","101","Health_Care","Program","program","SEGMENT5","Program","Program","Program","Program","5","Y","5","","2015/04/10 17:24:27.179","CUSTOMIZED_USER","2015/04/10 17:25:38.922","CUSTOMIZED_USER","13628DDFC70A3FA5E0536204548C3711","Healthcare Program"
"GL#","101","Health_Care","Sub Account","subAccount","SEGMENT4","Sub Account","Sub Account","Sub Account","SubAcct","4","Y","6","","2015/04/10 17:22:49.217","CUSTOMIZED_USER","2015/04/10 17:24:23.051","CUSTOMIZED_USER","13628DDFC70A3FA5E0536204548C3711","Healthcare Sub Account"
"GL#","101","Health_Care_Payor","Account","account","SEGMENT3","Account","Account","Account","Acct","3","Y","8","","2018/09/06 13:39:06.928","CUSTOMIZED_USER","2018/09/06 13:40:47.785","CUSTOMIZED_USER","75316ADECB4121D7E0537990DF0A4AE0","HC Payor Account"
"GL#","101","Health_Care_Payor","Company","company","SEGMENT1","Company","Company","Company","Co","1","Y","3","","2018/09/06 13:32:28.921","CUSTOMIZED_USER","2018/09/06 13:35:24.256","CUSTOMIZED_USER","75316ADECB4121D7E0537990DF0A4AE0","HC Payor Company"
"GL#","101","Health_Care_Payor","Cost Center","costCenter","SEGMENT4","Cost Center","Cost Center","Cost Center","CC","4","Y","4","","2018/09/06 13:40:54.279","CUSTOMIZED_USER","2018/09/06 13:42:56.083","CUSTOMIZED_USER","75316ADECB4121D7E0537990DF0A4AE0","HC Payor Cost Center"
"GL#","101","Health_Care_Payor","Intercompany","intercompany","SEGMENT6","Intercompany","Intercompany","Intercompany","IC","6","Y","3","","2018/09/06 13:48:47.137","CUSTOMIZED_USER","2018/09/06 13:51:02.049","CUSTOMIZED_USER","75316ADECB4121D7E0537990DF0A4AE0","HC Payor Company"
"GL#","101","Health_Care_Payor","LoB","lob","SEGMENT2","Line of Business","Line of Business","Line of Business","LoB","2","Y","2","","2018/09/06 13:35:29.108","CUSTOMIZED_USER","2018/09/06 13:38:26.788","CUSTOMIZED_USER","75316ADECB4121D7E0537990DF0A4AE0","HC Payor LoB"
"GL#","101","Health_Care_Payor","Product","product","SEGMENT5","Product","Product","Product","Prod","5","Y","3","","2018/09/06 13:43:39.952","CUSTOMIZED_USER","2018/09/06 13:46:40.743","CUSTOMIZED_USER","75316ADECB4121D7E0537990DF0A4AE0","HC Payor Product"
"GL#","101","Higher_Ed","Account","Account","SEGMENT3","Account","Account","Account","Account","3","Y","6","","2014/11/10 09:28:45.501","CUSTOMIZED_USER","2014/11/10 09:31:37.695","CUSTOMIZED_USER","074F479F714B115BE0536204548C6BEF","University Account"
"GL#","101","Higher_Ed","Class","Class","SEGMENT5","Class","Class","Class","Class","5","Y","3","","2014/11/10 09:34:20.144","CUSTOMIZED_USER","2014/11/10 09:36:07.377","CUSTOMIZED_USER","074F479F714B115BE0536204548C6BEF","University Class"
"GL#","101","Higher_Ed","Department","Department","SEGMENT2","Department","Department","Department","Dept","2","Y","5","","2014/11/10 09:25:09.661","CUSTOMIZED_USER","2014/11/10 09:28:40.241","CUSTOMIZED_USER","074F479F714B115BE0536204548C6BEF","University Department"
"GL#","101","Higher_Ed","Fund","Fund","SEGMENT1","Fund","Fund","Fund","Fund","1","Y","3","","2014/11/10 09:16:48.67","CUSTOMIZED_USER","2014/11/10 09:22:25.31","CUSTOMIZED_USER","074F479F714B115BE0536204548C6BEF","University Fund"
"GL#","101","Higher_Ed","Interfund","Interfund","SEGMENT8","Interfund","Interfund","Interfund","Interfund","8","Y","3","","2014/11/10 09:40:31.943","CUSTOMIZED_USER","2014/11/10 09:43:47.838","CUSTOMIZED_USER","074F479F714B115BE0536204548C6BEF","University Fund"
"GL#","101","Higher_Ed","Local Use","LocalUse","SEGMENT7","Local Use","Local Use","Local Use","Local","7","Y","3","","2014/11/10 09:38:08.356","CUSTOMIZED_USER","2014/11/10 09:40:28.234","CUSTOMIZED_USER","074F479F714B115BE0536204548C6BEF","University Local Use"
"GL#","101","Higher_Ed","Program","Program","SEGMENT4","Program","Program","Program","Program","4","Y","4","","2014/11/10 09:31:41.771","CUSTOMIZED_USER","2014/11/10 09:33:57.466","CUSTOMIZED_USER","074F479F714B115BE0536204548C6BEF","University Program"
"GL#","101","Higher_Ed","Unit","Unit","SEGMENT6","Unit","Unit","Unit","Unit","6","Y","2","","2014/11/10 09:36:10.725","CUSTOMIZED_USER","2014/11/10 09:37:59.729","CUSTOMIZED_USER","074F479F714B115BE0536204548C6BEF","University Unit"
"GL#","101","Italy_Statutory_Structure","Account","account","SEGMENT2","Account","Account","Account","Acct","2","Y","6","","2015/10/16 13:48:16.055","CUSTOMIZED_USER","2016/02/03 13:04:46.117","CUSTOMIZED_USER","2ADA4AAC87F25C85E053790B548C4A40","Italy Account"
"GL#","101","Italy_Statutory_Structure","Company","company","SEGMENT1","Company","Company","Company","Co","1","Y","3","","2015/10/16 13:46:24.038","CUSTOMIZED_USER","2016/02/03 13:04:04.0","CUSTOMIZED_USER","2ADA4AAC87F25C85E053790B548C4A40","Corporate Company"
"GL#","101","Italy_Statutory_Structure","Cost Center","costCenter","SEGMENT3","Cost Center","Cost Center","Cost Center","Cc","3","Y","3","","2015/10/16 13:49:44.295","CUSTOMIZED_USER","2016/02/03 13:05:22.885","CUSTOMIZED_USER","2ADA4AAC87F25C85E053790B548C4A40","Italy Cost Center"
"GL#","101","Progress UK","Account","account","SEGMENT2","Account","Account","Account","Acct","2","Y","5","","2021/01/11 11:26:29.163","CUSTOMIZED_USER","2021/01/11 11:26:33.822","CUSTOMIZED_USER","B89F1EA4B0A9D01CE0539E90DF0AE185","Account Progress UK"
"GL#","101","Progress UK","Analysis","analysis","SEGMENT5","Analysis","Analysis","Analysis","Ana","5","Y","3","","2021/01/11 11:26:30.933","CUSTOMIZED_USER","2021/01/11 11:26:34.859","CUSTOMIZED_USER","B89F1EA4B0A9D01CE0539E90DF0AE185","Analysis Progress UK"
"GL#","101","Progress UK","Company","company","SEGMENT1","Company","Company","Company","Co","1","Y","3","","2021/01/11 11:26:27.81","CUSTOMIZED_USER","2021/01/11 11:26:33.38","CUSTOMIZED_USER","B89F1EA4B0A9D01CE0539E90DF0AE185","Company Progress UK"
"GL#","101","Progress UK","Department","department","SEGMENT3","Department","Department","Department","Dep","3","Y","5","","2021/01/11 11:26:29.743","CUSTOMIZED_USER","2021/01/11 11:26:34.063","CUSTOMIZED_USER","B89F1EA4B0A9D01CE0539E90DF0AE185","Department Progress UK"
"GL#","101","Progress UK","Fund","fund","SEGMENT4","Fund","Fund","Fund","Fund","4","Y","3","","2021/01/11 11:26:29.981","CUSTOMIZED_USER","2021/01/11 11:26:34.624","CUSTOMIZED_USER","B89F1EA4B0A9D01CE0539E90DF0AE185","Fund Progress UK"
"GL#","101","Progress UK","Future","","SEGMENT7","Future","Future","Future","Fut","7","Y","3","","2021/01/11 11:26:31.347","CUSTOMIZED_USER","2021/01/11 11:26:35.305","CUSTOMIZED_USER","B89F1EA4B0A9D01CE0539E90DF0AE185","Future Progress UK"
"GL#","101","Progress UK","Intercompany","intercompany","SEGMENT6","Intercompany","Intercompany","Intercompany","IC","6","Y","3","","2021/01/11 11:26:31.194","CUSTOMIZED_USER","2021/01/11 11:26:35.102","CUSTOMIZED_USER","B89F1EA4B0A9D01CE0539E90DF0AE185","Intercompany Progress UK"
"GL#","101","Public_Sector","Account","Account","SEGMENT4","Account","Account","Account","Acct","4","Y","5","","2014/06/04 12:46:24.611","CUSTOMIZED_USER","2014/06/04 12:47:33.959","CUSTOMIZED_USER","FAF36927E4CE37A9E0436204548C29E5","Progress Account"
"GL#","101","Public_Sector","Budget Reference","BudgetReference","SEGMENT2","Budget Reference","Budger Reference","Budget Reference","Bud Ref","2","Y","4","","2014/06/04 12:42:42.921","CUSTOMIZED_USER","2014/06/04 12:44:36.768","CUSTOMIZED_USER","FAF36927E4CE37A9E0436204548C29E5","Progress Budget Reference"
"GL#","101","Public_Sector","Department","Department","SEGMENT3","Department","Department","Department","Dep","3","Y","5","","2014/06/04 12:44:43.516","CUSTOMIZED_USER","2014/06/04 12:46:08.697","CUSTOMIZED_USER","FAF36927E4CE37A9E0436204548C29E5","Progress Department"
"GL#","101","Public_Sector","Fund","Fund","SEGMENT1","Fund","Fund","Fund","Fund","1","Y","4","","2014/06/04 12:38:45.419","CUSTOMIZED_USER","2014/06/04 12:41:54.443","CUSTOMIZED_USER","FAF36927E4CE37A9E0436204548C29E5","Progress Fund"
"GL#","101","Public_Sector","Funding Source","FundingSource","SEGMENT6","Funding Source","Funding Source","Funding Source","Fund Source","6","Y","4","","2014/06/04 12:49:40.089","CUSTOMIZED_USER","2014/06/04 12:51:06.245","CUSTOMIZED_USER","FAF36927E4CE37A9E0436204548C29E5","Progress Funding Source"
"GL#","101","Public_Sector","Program","Program","SEGMENT5","Program","Program","Program","Prg","5","Y","4","","2014/06/04 12:47:38.295","CUSTOMIZED_USER","2014/06/04 12:49:32.039","CUSTOMIZED_USER","FAF36927E4CE37A9E0436204548C29E5","Progress Program"
"GL#","101","Public_Sector","Project","Project","SEGMENT7","Project","Project","Project","Proj","7","Y","8","","2014/06/04 12:51:15.576","CUSTOMIZED_USER","2014/06/04 12:52:27.407","CUSTOMIZED_USER","FAF36927E4CE37A9E0436204548C29E5","Progress Project"
"MDSP","401","Account_Alias","Alias","alias","SEGMENT1","Account Alias","Account Alias","Alias","Alias","10","Y","20","","2015/08/12 16:40:38.821","CUSTOMIZED_USER","2015/08/17 21:16:34.0","CUSTOMIZED_USER","1D844D9546B553DCE0536204548C5E79","Account Alias"
"MCAT","10011","FISCAL_CLASSIFICATION","Code","code","SEGMENT1","Code","Code","Code","Code","10","Y","25","","2014/01/14 15:35:26.898","CUSTOMIZED_USER","2014/01/14 15:37:03.695","CUSTOMIZED_USER","EFEA72486F042CB7E0436204548CF006","30 Characters"
"MCAT","10011","INTENDED_USE","Code","code","SEGMENT1","Code","Code","Code","Code","10","Y","25","","2014/01/14 15:38:52.044","CUSTOMIZED_USER","2014/01/14 15:42:16.291","CUSTOMIZED_USER","EFEA72486F042CB7E0436204548CF006","30 Characters"
"MCAT","10011","ITEM_CATEGORIES","Class","","SEGMENT2","Class","Product Class","Class","Class","20","Y","10","","2013/10/30 16:40:55.131","CUSTOMIZED_USER","2013/10/30 16:42:13.596","CUSTOMIZED_USER","E9F8A54795F67A45E0436204548CE67B","Item_Class_Category_vs"
"MCAT","10011","ITEM_CATEGORIES","Family","","SEGMENT1","Family","Product Family","Family","Family","10","Y","10","","2013/10/30 16:39:51.211","CUSTOMIZED_USER","2013/10/30 16:40:50.523","CUSTOMIZED_USER","E9F8A54795F47A45E0436204548CE67B","Item_Categories_vs"
"MCAT","10011","PO_ITEM_CATEGORY","Commodity","","SEGMENT2","Commodity","Commodity","Commodity","Commodity","20","Y","10","","2013/10/30 16:44:43.608","CUSTOMIZED_USER","2013/10/30 16:45:44.675","CUSTOMIZED_USER","E9F5E664D3014D1DE0436204548C82F0","Commodity_vs"
"MCAT","10011","PO_ITEM_CATEGORY","Item Category","","SEGMENT1","Item Category","Purchasing Category","Purchasing Category","Purchasing Category","10","Y","10","","2013/10/30 16:43:18.309","CUSTOMIZED_USER","2013/10/30 16:44:24.371","CUSTOMIZED_USER","E9F5E664D3004D1DE0436204548C82F0","PO_Item_Category_vs"
"MCAT","10011","PRODUCT_CATEGORIES","Product_Category","","SEGMENT1","Product Category","Product Reporting Category","Product Category","Category","10","Y","10","","2013/10/30 16:31:04.733","CUSTOMIZED_USER","2013/10/30 16:32:31.406","CUSTOMIZED_USER","E9F1655A426B345AE0436204548CB8E6","Product_Reporting_Classification_vs"
"MCAT","10011","Planning_Catalog","Planning_Category","planningCategory","SEGMENT1","Planning Category","Planning Category","Planning Category","Category","10","Y","5","","2015/12/04 17:09:21.0","CUSTOMIZED_USER","2015/12/04 17:10:34.756","CUSTOMIZED_USER","261669AEE14D2663E053790B548C8988","Planning_Categories_VS"
"MCAT","10011","RETAIL_MERCHANDISE","Class","","SEGMENT5","Class","Retail Class","Class","Class","50","Y","5","","2013/11/11 13:19:05.608","CUSTOMIZED_USER","2013/11/11 13:20:06.353","CUSTOMIZED_USER","EAE4431D8F951AE0E0436204548CD9F8","Retail_Class"
"MCAT","10011","RETAIL_MERCHANDISE","Company","","SEGMENT1","Company","Retail Company","Company","Company","10","Y","2","","2013/11/11 13:11:19.926","CUSTOMIZED_USER","2013/11/11 13:12:10.469","CUSTOMIZED_USER","EAE2201C62C37C43E0436204548CA68E","Retail_Company"
"MCAT","10011","RETAIL_MERCHANDISE","Department","","SEGMENT4","Department","Retail Department","Department","Dept","40","Y","4","","2013/11/11 13:17:24.762","CUSTOMIZED_USER","2013/11/11 13:18:20.774","CUSTOMIZED_USER","EAE48560530F01ABE0436204548CC7D8","Retail_Department"
"MCAT","10011","RETAIL_MERCHANDISE","Group","","SEGMENT3","Group","Retail Group","Group","Group","30","Y","3","","2013/11/11 13:15:21.977","CUSTOMIZED_USER","2013/11/11 13:16:09.983","CUSTOMIZED_USER","EAE744E0664F26C2E0436204548C4B92","Retail_Group"
"MCAT","10011","RETAIL_MERCHANDISE","RETAIL_MERCHANDISE","","SEGMENT2","Division","Retail Division","Division","Div","20","Y","4","","2013/11/11 13:12:52.87","CUSTOMIZED_USER","2013/11/11 13:13:43.444","CUSTOMIZED_USER","EAE744E0664E26C2E0436204548C4B92","Retail_Division"
"MCAT","10011","RETAIL_MERCHANDISE","Subclass","","SEGMENT6","Subclass","Retail Subclass","Subclass","Subclass","60","Y","6","","2013/11/11 13:20:30.477","CUSTOMIZED_USER","2013/11/11 13:20:56.233","CUSTOMIZED_USER","EAE2201C62C67C43E0436204548CA68E","Retail_Subclass"
"MCAT","10011","UNSPSC","UNSPSC_Class","","SEGMENT3","UNSPSC Class","UNSPSC Class","UNSPSC Class","Class","30","Y","5","","2013/11/11 11:03:52.155","CUSTOMIZED_USER","2013/11/11 11:04:37.621","CUSTOMIZED_USER","EAE51B8CDDCD01E6E0436204548C61B8","UNSPSC_class"
"MCAT","10011","UNSPSC","UNSPSC_Commodity","","SEGMENT4","UNSPSC Commodity","UNSPSC Commodity","UNSPSC Commodity","Commodity","40","Y","5","","2013/11/11 11:05:24.386","CUSTOMIZED_USER","2013/11/11 11:06:00.056","CUSTOMIZED_USER","EAE4431D8F811AE0E0436204548CD9F8","UNSPSC_commodity"
"MCAT","10011","UNSPSC","UNSPSC_Family","","SEGMENT2","UNSPSC Family","UNSPSC Family","UNSPSC Family","Family","20","Y","5","","2013/11/11 11:02:38.744","CUSTOMIZED_USER","2013/11/11 11:03:34.651","CUSTOMIZED_USER","EAE51B8CDDCC01E6E0436204548C61B8","UNSPSC_family"
"MCAT","10011","UNSPSC","UNSPSC_Segment","","SEGMENT1","UNSPSC Segment","UNSPSC Segment","UNSPSC Segment","Segment","10","Y","5","","2013/11/11 10:59:35.938","CUSTOMIZED_USER","2013/11/11 11:01:00.389","CUSTOMIZED_USER","EAE51B8CDDCB01E6E0436204548C61B8","UNSPSC_segment"
"MCAT","10011","eCommerce_Catalog","Area","","SEGMENT3","Area","Area","Area","Area","30","Y","5","","2013/11/11 13:24:30.245","CUSTOMIZED_USER","2013/11/11 13:24:49.678","CUSTOMIZED_USER","EAE744E0665026C2E0436204548C4B92","eCommerce_Area"
"MCAT","10011","eCommerce_Catalog","Class","","SEGMENT4","Class","Class","Class","Class","40","Y","5","","2013/11/11 13:29:41.919","CUSTOMIZED_USER","2013/11/11 13:30:08.406","CUSTOMIZED_USER","EAE7B64F4D741BD8E0436204548CEEE4","eCommerce_Class"
"MCAT","10011","eCommerce_Catalog","Department","","SEGMENT2","Department","Department","Department","Department","20","Y","5","","2013/11/11 13:23:27.303","CUSTOMIZED_USER","2013/11/11 13:24:14.742","CUSTOMIZED_USER","EAE4431D8F971AE0E0436204548CD9F8","eCommerce_Department"
"MCAT","10011","eCommerce_Catalog","Product_Type","","SEGMENT1","Product Type","Product Type","Product Type","Product Type","10","Y","5","","2013/11/11 13:22:16.712","CUSTOMIZED_USER","2013/11/11 13:22:44.953","CUSTOMIZED_USER","EAE4431D8F961AE0E0436204548CD9F8","eCommerce_Product_Type"
"MCAT","10011","eCommerce_Catalog","SubClass","","SEGMENT5","Subclass","SubClass","Subclass","SubClass","50","Y","5","","2013/11/11 13:30:41.975","CUSTOMIZED_USER","2013/11/11 13:31:08.953","CUSTOMIZED_USER","EAE7B64F4D751BD8E0436204548CEEE4","eCommerce_SubClass"
"MCAT","10011","free_form_catalog","Category","","SEGMENT1","Category","Category","Category","Category","10","Y","30","","2013/11/11 13:05:48.327","CUSTOMIZED_USER","2013/11/11 13:06:44.389","CUSTOMIZED_USER","EAE64E189D6B6E85E0436204548CBEEF","Category"
"VRM","10455","Customer Class & Product Group","Customer Class","customerClass","SEGMENT1","Customer Class","Customer Classification","Customer Class","Customer Class","1","Y","30","","2017/01/20 19:02:33.288","CUSTOMIZED_USER","2017/01/20 19:05:09.309","CUSTOMIZED_USER","46894441822C71C8E0537AA3FD0A75A3","VRM Customer Class"
"VRM","10455","Customer Class & Product Group","Product Group","productGroup","SEGMENT2","Product Group","Product Group","Product Group","Product Group","2","Y","30","","2017/01/20 19:05:22.215","CUSTOMIZED_USER","2017/01/20 19:06:09.78","CUSTOMIZED_USER","46894441822C71C8E0537AA3FD0A75A3","30 Characters"
"VRM","10455","Region Product & Sales Channel","Customer Region","customerRegion","SEGMENT1","Customer Region","Customer Region","Customer Region","Customer Region","1","Y","30","","2017/01/20 19:22:41.453","CUSTOMIZED_USER","2017/01/20 19:23:58.053","CUSTOMIZED_USER","46894441822C71C8E0537AA3FD0A75A3","VRM Zone"
"VRM","10455","Region Product & Sales Channel","Product Group","productGroup","SEGMENT2","Product Group","Product Group","Product Group","Product Group","2","Y","30","","2017/01/20 19:24:07.202","CUSTOMIZED_USER","2017/01/20 19:24:32.367","CUSTOMIZED_USER","46894441822C71C8E0537AA3FD0A75A3","30 Characters"
"VRM","10455","Region Product & Sales Channel","Sales Channel","salesChannel","SEGMENT3","Sales Channel","Sales Channel","Sales Channel","Sales Channel","3","Y","30","","2017/01/20 19:24:39.05","CUSTOMIZED_USER","2017/01/20 19:25:11.931","CUSTOMIZED_USER","46894441822C71C8E0537AA3FD0A75A3","30 Characters"
"VRM","10455","Region and Sales Channel","Customer Region","customerRegion","SEGMENT1","Customer Region","Customer Region","Customer Region","Customer Region","1","Y","30","","2017/01/19 21:07:12.599","CUSTOMIZED_USER","2017/01/19 21:13:08.227","CUSTOMIZED_USER","467866CAB18720FDE0537AA3FD0A67A5","VRM Zone"
"VRM","10455","Region and Sales Channel","Deal Band","dealBand","SEGMENT3","Deal Band","Deal Band","Deal Band","Deal Band","3","Y","18","","2017/01/19 21:15:48.136","CUSTOMIZED_USER","2017/01/19 21:17:29.696","CUSTOMIZED_USER","467866CAB18720FDE0537AA3FD0A67A5","VRM Value"
"VRM","10455","Region and Sales Channel","Sales Channel","salesChannel","SEGMENT2","Sales Channel","Sales Channel","Sales Channel","Sales Channel","2","Y","30","","2017/01/19 21:14:20.632","CUSTOMIZED_USER","2017/01/19 21:15:44.617","CUSTOMIZED_USER","467866CAB18720FDE0537AA3FD0A67A5","30 Characters"
"VRM","10455","VRM- Country Zone","Customer Class","","SEGMENT1","Customer Class","Customer Class Description","Customer Class","Customer Class","1","Y","50","","2013/12/31 06:22:35.389","SEED_DATA_FROM_APPLICATION","2013/12/31 06:22:40.96","SEED_DATA_FROM_APPLICATION","-1","VRM Customer Class"
"VRM","10455","VRM- Country Zone","Customer Zone","","SEGMENT2","Customer Zone","Customer Zone Description","Customer Zone","Customer Zone","2","Y","50","","2013/12/31 06:22:35.458","SEED_DATA_FROM_APPLICATION","2013/12/31 06:22:40.967","SEED_DATA_FROM_APPLICATION","-1","VRM Zone"
"VRM","10455","VRM- Country and Class","Bill To Country","","SEGMENT1","Bill To Country","Bill To Country Description","Bill To Country","Bill To Country","1","Y","50","","2013/12/31 06:22:36.714","SEED_DATA_FROM_APPLICATION","2013/12/31 06:22:40.98","SEED_DATA_FROM_APPLICATION","-1","VRM Customer Country"
"VRM","10455","VRM- Country and Class","Customer Class","","SEGMENT2","Customer Class","Customer Class Description","Customer Class","Customer Class","2","Y","50","","2013/12/31 06:22:36.725","SEED_DATA_FROM_APPLICATION","2013/12/31 06:22:40.982","SEED_DATA_FROM_APPLICATION","-1","VRM Customer Class"
"VRM","10455","VRM- Value Band","Bill To Country","","SEGMENT1","Bill To Country","Bill To Country Description","Bill To Country","Bill To Country","1","Y","50","","2013/12/31 06:22:36.741","SEED_DATA_FROM_APPLICATION","2013/12/31 06:22:40.986","SEED_DATA_FROM_APPLICATION","-1","VRM Customer Country"
"VRM","10455","VRM- Value Band","Customer Class","","SEGMENT2","Customer Class","Customer Class Description","Customer Class","Customer Class","2","Y","50","","2013/12/31 06:22:36.757","SEED_DATA_FROM_APPLICATION","2013/12/31 06:22:40.988","SEED_DATA_FROM_APPLICATION","-1","VRM Customer Class"
"VRM","10455","VRM- Value Band","Value","","SEGMENT3","Value","Value Description","Value","Value","3","Y","50","","2013/12/31 06:22:36.767","SEED_DATA_FROM_APPLICATION","2013/12/31 06:22:40.989","SEED_DATA_FROM_APPLICATION","-1","VRM Value"
"VRM","10455","VRM- Volume Band","Bill To Country","","SEGMENT1","Bill To Country","Bill To Country Description","Bill To Country","Bill To Country","1","Y","50","","2013/12/31 06:22:36.783","SEED_DATA_FROM_APPLICATION","2013/12/31 06:22:40.993","SEED_DATA_FROM_APPLICATION","-1","VRM Customer Country"
"VRM","10455","VRM- Volume Band","Customer Class","","SEGMENT3","Customer Class","Customer Class Description","Customer Class","Customer Class","2","Y","50","","2013/12/31 06:22:36.793","SEED_DATA_FROM_APPLICATION","2013/12/31 06:22:41.001","SEED_DATA_FROM_APPLICATION","-1","VRM Customer Class"
"VRM","10455","VRM- Volume Band","Volume","","SEGMENT4","Volume","Volume Description","Volume","Volume","3","Y","50","","2013/12/31 06:22:36.801","SEED_DATA_FROM_APPLICATION","2013/12/31 06:22:41.006","SEED_DATA_FROM_APPLICATION","-1","VRM Volume"
"VRM","10455","VRM-Hardware and Software","CVS2-Customer Type","cvs2CustomerType","SEGMENT1","Customer Type","Customer Type","Customer Type","Customer Type","1","Y","30","","2014/01/22 21:54:20.42","CUSTOMIZED_USER","2014/01/22 21:54:49.247","CUSTOMIZED_USER","F0925FD5DA56267DE0436204548CC095","CV-Customer Type"
"VRM","10455","VRM-Hardware and Software","CVS2-Deal Size Band","cvs2DealSizeBand","SEGMENT3","Deal Size Band","Deal Size Band","Deal Size Band","Deal Size Band","3","Y","50","","2014/01/22 21:55:43.961","CUSTOMIZED_USER","2014/01/22 21:56:10.391","CUSTOMIZED_USER","F0925FD5DA56267DE0436204548CC095","CV1 Deal Size Band"
"VRM","10455","VRM-Hardware and Software","CVS2-Geographic Zone","cvs2GeographicZone","SEGMENT2","Geographic Zone","Geographic Zone","Geographic Zone","Geographic Zone","2","Y","50","","2014/01/22 21:55:01.659","CUSTOMIZED_USER","2014/01/22 21:55:31.716","CUSTOMIZED_USER","F0925FD5DA56267DE0436204548CC095","CV-Geographic Zone"
"VRM","10455","VRM-Professional Services","CVS-Country","cvsCountry","SEGMENT1","Country","Bill to Country","Country","Country","1","Y","30","","2014/01/22 21:50:47.065","CUSTOMIZED_USER","2014/01/22 21:51:45.975","CUSTOMIZED_USER","F0925FD5DA56267DE0436204548CC095","CV1-Country"
"VRM","10455","VRM-Professional Services","CVS-Deal Size Band","cvsDealSizeBand","SEGMENT3","Deal Size Band","Deal Size Band","Deal Size Band","Deal Size Band","3","Y","50","","2014/01/22 21:52:37.161","CUSTOMIZED_USER","2014/01/22 21:53:18.726","CUSTOMIZED_USER","F0925FD5DA56267DE0436204548CC095","CV1 Deal Size Band"
"VRM","10455","VRM-Professional Services","CVS-Man Days Band","cvsManDaysBand","SEGMENT2","Man Days Band","Man Days Band","Man Days Band","pt	 	","2","Y","50","","2014/01/22 21:51:49.693","CUSTOMIZED_USER","2014/01/22 21:52:34.342","CUSTOMIZED_USER","F0925FD5DA56267DE0436204548CC095","CV1-Man Days Band"
