"FND_APP_KEY_FLEXFIELD.KeyFlexfieldCode","FND_APP_KEY_FLEXFIELD.ApplicationId","ORA_FND_APP_KEY_FLEXFIELD_STRUCTURE_INSTANCE.StructureInstanceCode","SegmentCode","TreeCode","RequiredFlag","DisplayFlag","DefaultType","DefaultValue","DefaultValueNumber","BIEnabledFlag","QueryRequiredType","CreationDate","CreatedBy","LastUpdateDate","LastUpdatedBy","LastUpdateLogin","ValueSetCode"
"XCC","10052","00009211_PROJECT_ABSOLUTE1","PJC_PROJECT_ID","","Y","Y","","","","Y","OPTIONAL","2014/08/26 19:10:36.333","CUSTOMIZED_USER","2014/08/26 19:10:37.445","CUSTOMIZED_USER","0188DE42C18A241AE0536204548CA8C7","PJO_XCC_PROJECTS"
"XCC","10052","00009211_TOP_RESOURCE_ADVISORY","PJC_PROJECT_ID","","Y","Y","","","","Y","OPTIONAL","2014/08/26 19:10:36.888","CUSTOMIZED_USER","2014/08/26 19:10:37.486","CUSTOMIZED_USER","0188DE42C18A241AE0536204548CA8C7","PJO_XCC_PROJECTS"
"XCC","10052","00009211_TOP_RESOURCE_ADVISORY","PJC_RESOURCE_ID","","Y","Y","","","","Y","OPTIONAL","2014/08/26 19:10:36.888","CUSTOMIZED_USER","2014/08/26 19:10:37.487","CUSTOMIZED_USER","0188DE42C18A241AE0536204548CA8C7","PJO_XCC_RESOURCES"
"XCC","10052","00009910_NCI-63562","PJC_CONTRACT_ID","","Y","Y","","","","Y","OPTIONAL","2017/09/26 10:25:08.889","CUSTOMIZED_USER","2017/09/26 10:25:09.057","CUSTOMIZED_USER","5A1612E2F7E61FAFE0538DADFD0A9BB9","ORA_GMS_AWARD_CONTRACT_SEG_XCC_VS"
"XCC","10052","00009910_NCI-63562","PJC_PROJECT_ID","","Y","Y","","","","Y","OPTIONAL","2017/09/26 10:25:08.892","CUSTOMIZED_USER","2017/09/26 10:25:09.063","CUSTOMIZED_USER","5A1612E2F7E61FAFE0538DADFD0A9BB9","PJO_XCC_PROJECTS"
"XCC","10052","00009910_NCI-63562_Top_Resour1","PJC_CONTRACT_ID","","Y","Y","","","","Y","OPTIONAL","2017/09/26 10:25:09.501","CUSTOMIZED_USER","2017/09/26 10:25:09.685","CUSTOMIZED_USER","5A1612E2F7E61FAFE0538DADFD0A9BB9","ORA_GMS_AWARD_CONTRACT_SEG_XCC_VS"
"XCC","10052","00009910_NCI-63562_Top_Resour1","PJC_PROJECT_ID","","Y","Y","","","","Y","OPTIONAL","2017/09/26 10:25:09.502","CUSTOMIZED_USER","2017/09/26 10:25:09.686","CUSTOMIZED_USER","5A1612E2F7E61FAFE0538DADFD0A9BB9","PJO_XCC_PROJECTS"
"XCC","10052","00009910_NCI-63562_Top_Resour1","PJC_RESOURCE_ID","","Y","Y","","","","Y","OPTIONAL","2017/09/26 10:25:09.503","CUSTOMIZED_USER","2017/09/26 10:25:09.687","CUSTOMIZED_USER","5A1612E2F7E61FAFE0538DADFD0A9BB9","PJO_XCC_RESOURCES"
"XCC","10052","00009910_NCI-63562_Top_Resourc","PJC_CONTRACT_ID","","Y","Y","","","","Y","OPTIONAL","2017/09/26 10:25:05.75","CUSTOMIZED_USER","2017/09/26 10:25:08.446","CUSTOMIZED_USER","5A1612E2F7E61FAFE0538DADFD0A9BB9","ORA_GMS_AWARD_CONTRACT_SEG_XCC_VS"
"XCC","10052","00009910_NCI-63562_Top_Resourc","PJC_FUNDING_SOURCE_ID","","Y","Y","","","","Y","OPTIONAL","2017/09/26 10:25:05.754","CUSTOMIZED_USER","2017/09/26 10:25:08.452","CUSTOMIZED_USER","5A1612E2F7E61FAFE0538DADFD0A9BB9","ORA_GMS_FUNDING_SOURCES_XCC_VS"
"XCC","10052","00009910_NCI-63562_Top_Resourc","PJC_PROJECT_ID","","Y","Y","","","","Y","OPTIONAL","2017/09/26 10:25:05.752","CUSTOMIZED_USER","2017/09/26 10:25:08.45","CUSTOMIZED_USER","5A1612E2F7E61FAFE0538DADFD0A9BB9","PJO_XCC_PROJECTS"
"XCC","10052","00009910_NCI-63562_Top_Resourc","PJC_RESOURCE_ID","","Y","Y","","","","Y","OPTIONAL","2017/09/26 10:25:05.753","CUSTOMIZED_USER","2017/09/26 10:25:08.451","CUSTOMIZED_USER","5A1612E2F7E61FAFE0538DADFD0A9BB9","PJO_XCC_RESOURCES"
"XCC","10052","00009913_PROJECT_ABSOLUTE1","PJC_PROJECT_ID","","Y","Y","","","","Y","OPTIONAL","2015/04/22 20:23:33.537","CUSTOMIZED_USER","2015/04/22 20:23:34.621","CUSTOMIZED_USER","1456EEF204EF07BCE0536204548CE83C","PJO_XCC_PROJECTS"
"XCC","10052","00009913_TOP_RESOURCE_ADVISORY","PJC_PROJECT_ID","","Y","Y","","","","Y","OPTIONAL","2015/04/22 20:23:34.095","CUSTOMIZED_USER","2015/04/22 20:23:34.74","CUSTOMIZED_USER","1456EEF204EF07BCE0536204548CE83C","PJO_XCC_PROJECTS"
"XCC","10052","00009913_TOP_RESOURCE_ADVISORY","PJC_RESOURCE_ID","","Y","Y","","","","Y","OPTIONAL","2015/04/22 20:23:34.095","CUSTOMIZED_USER","2015/04/22 20:23:34.741","CUSTOMIZED_USER","1456EEF204EF07BCE0536204548CE83C","PJO_XCC_RESOURCES"
"XCC","10052","AU Annual Budget","Account","","Y","Y","","","","Y","OPTIONAL","2021/10/22 09:25:24.361","CUSTOMIZED_USER","2021/10/22 09:25:29.142","CUSTOMIZED_USER","CEEE5E34A9C72DD1E0530264FD0A6108","Account AU Council"
"XCC","10052","AU Annual Budget","Cost Centre","","Y","Y","","","","Y","OPTIONAL","2021/10/22 09:25:24.509","CUSTOMIZED_USER","2021/10/22 09:25:29.183","CUSTOMIZED_USER","CEEE5E34A9C72DD1E0530264FD0A6108","Cost Centre AU Council"
"XCC","10052","EPM Progress Adopted","Account","ALL PROGRESS ACCOUNTS","Y","Y","","","","Y","OPTIONAL","2021/02/24 09:46:53.634","CUSTOMIZED_USER","2021/02/24 09:46:54.832","CUSTOMIZED_USER","BC12424AE5CC7C1EE0539E90DF0A2498","Progress Account"
"XCC","10052","EPM Progress Adopted","Department","","Y","Y","","","","Y","OPTIONAL","2021/02/24 09:46:53.632","CUSTOMIZED_USER","2021/02/24 09:46:54.822","CUSTOMIZED_USER","BC12424AE5CC7C1EE0539E90DF0A2498","Progress Department"
"XCC","10052","EPM Progress Adopted","Fund","","Y","Y","","","","Y","OPTIONAL","2021/02/24 09:46:53.625","CUSTOMIZED_USER","2021/02/24 09:46:54.797","CUSTOMIZED_USER","BC12424AE5CC7C1EE0539E90DF0A2498","Progress Fund"
"XCC","10052","EPM Progress Adopted","Program","ALL PROGRESS PROGRAM","Y","Y","","","","Y","OPTIONAL","2021/02/24 09:46:53.635","CUSTOMIZED_USER","2021/02/24 09:46:54.851","CUSTOMIZED_USER","BC12424AE5CC7C1EE0539E90DF0A2498","Progress Program"
"XCC","10052","EPM Source Budget","Account","","Y","Y","","","","Y","OPTIONAL","2021/02/24 09:25:17.285","CUSTOMIZED_USER","2021/02/24 09:25:23.143","CUSTOMIZED_USER","BC0E11B885D47F32E0539E90DF0A64CB","Progress Account"
"XCC","10052","EPM Source Budget","Budget Reference","","Y","Y","","","","Y","OPTIONAL","2021/02/24 09:25:17.282","CUSTOMIZED_USER","2021/02/24 09:25:23.119","CUSTOMIZED_USER","BC0E11B885D47F32E0539E90DF0A64CB","Progress Budget Reference"
"XCC","10052","EPM Source Budget","Department","","Y","Y","","","","Y","OPTIONAL","2021/02/24 09:25:17.283","CUSTOMIZED_USER","2021/02/24 09:25:23.137","CUSTOMIZED_USER","BC0E11B885D47F32E0539E90DF0A64CB","Progress Department"
"XCC","10052","EPM Source Budget","Fund","","Y","Y","","","","Y","OPTIONAL","2021/02/24 09:25:16.604","CUSTOMIZED_USER","2021/02/24 09:25:23.04","CUSTOMIZED_USER","BC0E11B885D47F32E0539E90DF0A64CB","Progress Fund"
"XCC","10052","EPM Source Budget","Funding Source","","Y","Y","","","","Y","OPTIONAL","2021/02/24 09:25:17.288","CUSTOMIZED_USER","2021/02/24 09:25:23.156","CUSTOMIZED_USER","BC0E11B885D47F32E0539E90DF0A64CB","Progress Funding Source"
"XCC","10052","EPM Source Budget","Program","","Y","Y","","","","Y","OPTIONAL","2021/02/24 09:25:17.286","CUSTOMIZED_USER","2021/02/24 09:25:23.149","CUSTOMIZED_USER","BC0E11B885D47F32E0539E90DF0A64CB","Progress Program"
"XCC","10052","EPM Source Budget","Project","","Y","Y","","","","Y","OPTIONAL","2021/02/24 09:25:17.29","CUSTOMIZED_USER","2021/02/24 09:25:23.162","CUSTOMIZED_USER","BC0E11B885D47F32E0539E90DF0A64CB","Progress Project"
"XCC","10052","FY15 University Monthly","Account","","Y","Y","","","","Y","OPTIONAL","2015/01/29 18:23:18.878","CUSTOMIZED_USER","2015/01/29 18:23:25.56","CUSTOMIZED_USER","0DC90276B8070246E0536204548CA461","University Account"
"XCC","10052","FY15 University Monthly","Department","","Y","Y","","","","Y","OPTIONAL","2015/01/29 18:23:18.878","CUSTOMIZED_USER","2015/01/29 18:23:25.557","CUSTOMIZED_USER","0DC90276B8070246E0536204548CA461","University Department"
"XCC","10052","FY15 University Monthly","Fund","","Y","Y","","","","Y","OPTIONAL","2015/01/29 18:23:18.877","CUSTOMIZED_USER","2015/01/29 18:23:25.549","CUSTOMIZED_USER","0DC90276B8070246E0536204548CA461","University Fund"
"XCC","10052","Italy FY15 Control Budget","Account","","Y","Y","","","","Y","OPTIONAL","2015/10/27 17:03:49.315","CUSTOMIZED_USER","2015/10/27 17:03:54.95","CUSTOMIZED_USER","2315E391AB9C758EE053790B548C8C6B","Italy Account"
"XCC","10052","Monthly Reporting","Account","","Y","Y","","","","Y","OPTIONAL","2014/08/07 16:03:51.794","CUSTOMIZED_USER","2014/08/07 16:03:54.878","CUSTOMIZED_USER","00056C25EF481A03E0536204548CAE8C","Progress Account"
"XCC","10052","Monthly Reporting","Department","","Y","Y","","","","Y","OPTIONAL","2014/08/07 16:03:51.794","CUSTOMIZED_USER","2014/08/07 16:03:54.874","CUSTOMIZED_USER","00056C25EF481A03E0536204548CAE8C","Progress Department"
"XCC","10052","Monthly Reporting","Fund","","Y","Y","","","","Y","OPTIONAL","2014/08/07 16:03:51.793","CUSTOMIZED_USER","2014/08/07 16:03:54.87","CUSTOMIZED_USER","00056C25EF481A03E0536204548CAE8C","Progress Fund"
"XCC","10052","Progress UK Control Budget","Account","","Y","Y","","","","Y","OPTIONAL","2021/08/20 09:54:23.566","CUSTOMIZED_USER","2021/08/20 09:54:27.751","CUSTOMIZED_USER","C9FB645734639496E0530364FD0A4BDF","Account Progress UK"
"XCC","10052","Progress UK Control Budget","Department","","Y","Y","","","","Y","OPTIONAL","2021/08/20 09:54:23.71","CUSTOMIZED_USER","2021/08/20 09:54:27.798","CUSTOMIZED_USER","C9FB645734639496E0530364FD0A4BDF","Department Progress UK"
"XCC","10052","Test","Department","","Y","Y","","","","Y","OPTIONAL","2016/04/15 06:03:23.556","CUSTOMIZED_USER","2016/04/15 06:03:29.697","CUSTOMIZED_USER","30805C233F0A3A03E053790B548C71B2","Progress Department"
"XCC","10052","Test","Fund","","Y","Y","","","","Y","OPTIONAL","2016/04/15 06:03:23.554","CUSTOMIZED_USER","2016/04/15 06:03:29.693","CUSTOMIZED_USER","30805C233F0A3A03E053790B548C71B2","Progress Fund"
"XCC","10052","Test","Program","","Y","Y","","","","Y","OPTIONAL","2016/04/15 06:03:23.556","CUSTOMIZED_USER","2016/04/15 06:03:29.699","CUSTOMIZED_USER","30805C233F0A3A03E053790B548C71B2","Progress Program"
"VALU","707","COSTORG","COST_ORGANIZATION","","N","Y","","","","Y","OPTIONAL","2016/07/27 17:18:52.333","SEED_DATA_FROM_APPLICATION","2016/07/27 17:19:00.654","SEED_DATA_FROM_APPLICATION","-1","ORA_CST_VALU_COST_ORG_CODE"
"VALU","707","COSTORG_INVORG_COUNTRY","COST_ORGANIZATION","","N","Y","","","","Y","OPTIONAL","2019/09/20 12:33:28.625941","SEED_DATA_FROM_APPLICATION","2019/09/20 12:33:28.625941","SEED_DATA_FROM_APPLICATION","-1","ORA_CST_VALU_COST_ORG_CODE"
"VALU","707","COSTORG_INVORG_COUNTRY","COUNTRY_OF_ORIGIN","","N","Y","","","","Y","OPTIONAL","2019/09/20 12:33:28.625941","SEED_DATA_FROM_APPLICATION","2019/09/20 12:33:28.625941","SEED_DATA_FROM_APPLICATION","-1","ORA_CST_COUNTRIES_OF_ORIGIN_VS"
"VALU","707","COSTORG_INVORG_COUNTRY","INVENTORY_ORGANIZATION","","N","Y","","","","Y","OPTIONAL","2019/09/20 12:33:28.625941","SEED_DATA_FROM_APPLICATION","2019/09/20 12:33:28.625941","SEED_DATA_FROM_APPLICATION","-1","ORA_CST_VALU_INV_ORG_CODES"
"VALU","707","COSTORG_INVORG_GRADE","COST_ORGANIZATION","","N","Y","","","","Y","OPTIONAL","2016/07/27 17:18:52.362","SEED_DATA_FROM_APPLICATION","2016/07/27 17:19:00.68","SEED_DATA_FROM_APPLICATION","-1","ORA_CST_VALU_COST_ORG_CODE"
"VALU","707","COSTORG_INVORG_GRADE","GRADE","","N","Y","","","","Y","OPTIONAL","2016/07/27 17:18:52.362","SEED_DATA_FROM_APPLICATION","2016/07/27 17:19:00.68","SEED_DATA_FROM_APPLICATION","-1","ORA_CST_VALU_GRADE_CODES"
"VALU","707","COSTORG_INVORG_GRADE","INVENTORY_ORGANIZATION","","N","Y","","","","Y","OPTIONAL","2016/07/27 17:18:52.363","SEED_DATA_FROM_APPLICATION","2016/07/27 17:19:00.681","SEED_DATA_FROM_APPLICATION","-1","ORA_CST_VALU_INV_ORG_CODES"
"VALU","707","COSTORG_INVORG_LOT","COST_ORGANIZATION","","N","Y","","","","Y","OPTIONAL","2016/07/27 17:18:55.758","SEED_DATA_FROM_APPLICATION","2016/07/27 17:19:00.704","SEED_DATA_FROM_APPLICATION","-1","ORA_CST_VALU_COST_ORG_CODE"
"VALU","707","COSTORG_INVORG_LOT","INVENTORY_ORGANIZATION","","N","Y","","","","Y","OPTIONAL","2016/07/27 17:18:55.759","SEED_DATA_FROM_APPLICATION","2016/07/27 17:19:00.705","SEED_DATA_FROM_APPLICATION","-1","ORA_CST_VALU_INV_ORG_CODES"
"VALU","707","COSTORG_INVORG_LOT","LOT","","N","Y","","","","Y","OPTIONAL","2016/07/27 17:18:55.76","SEED_DATA_FROM_APPLICATION","2016/07/27 17:19:00.706","SEED_DATA_FROM_APPLICATION","-1","ORA_CST_VALU_LOT_NUMBERS"
"VALU","707","COSTORG_INVORG_PROJ","COST_ORGANIZATION","","N","Y","","","","Y","OPTIONAL","2019/09/20 12:33:28.625941","SEED_DATA_FROM_APPLICATION","2019/09/20 12:33:28.625941","SEED_DATA_FROM_APPLICATION","-1","ORA_CST_VALU_COST_ORG_CODE"
"VALU","707","COSTORG_INVORG_PROJ","INVENTORY_ORGANIZATION","","N","Y","","","","Y","OPTIONAL","2019/09/20 12:33:28.625941","SEED_DATA_FROM_APPLICATION","2019/09/20 12:33:28.625941","SEED_DATA_FROM_APPLICATION","-1","ORA_CST_VALU_INV_ORG_CODES"
"VALU","707","COSTORG_INVORG_PROJ","PROJECT_NUMBER","","N","Y","","","","Y","OPTIONAL","2019/09/20 12:33:28.625941","SEED_DATA_FROM_APPLICATION","2019/09/20 12:33:28.625941","SEED_DATA_FROM_APPLICATION","-1","ORA_CST_PROJECTS_VS"
"VALU","707","COSTORG_INVORG_PROJ_TASK","COST_ORGANIZATION","","N","Y","","","","Y","OPTIONAL","2019/09/20 12:33:28.625941","SEED_DATA_FROM_APPLICATION","2019/09/20 12:33:28.625941","SEED_DATA_FROM_APPLICATION","-1","ORA_CST_VALU_COST_ORG_CODE"
"VALU","707","COSTORG_INVORG_PROJ_TASK","INVENTORY_ORGANIZATION","","N","Y","","","","Y","OPTIONAL","2019/09/20 12:33:28.625941","SEED_DATA_FROM_APPLICATION","2019/09/20 12:33:28.625941","SEED_DATA_FROM_APPLICATION","-1","ORA_CST_VALU_INV_ORG_CODES"
"VALU","707","COSTORG_INVORG_PROJ_TASK","PROJECT_NUMBER","","N","Y","","","","Y","OPTIONAL","2019/09/20 12:33:28.625941","SEED_DATA_FROM_APPLICATION","2019/09/20 12:33:28.625941","SEED_DATA_FROM_APPLICATION","-1","ORA_CST_PROJECTS_VS"
"VALU","707","COSTORG_INVORG_PROJ_TASK","TASK_NUMBER","","N","Y","","","","Y","OPTIONAL","2019/09/20 12:33:28.625941","SEED_DATA_FROM_APPLICATION","2019/09/20 12:33:28.625941","SEED_DATA_FROM_APPLICATION","-1","ORA_CST_TASKS_VS"
"VALU","707","COSTORG_INVORG_SERIAL","COST_ORGANIZATION","","N","Y","","","","Y","OPTIONAL","2016/07/27 17:18:55.799","SEED_DATA_FROM_APPLICATION","2016/07/27 17:19:00.724","SEED_DATA_FROM_APPLICATION","-1","ORA_CST_VALU_COST_ORG_CODE"
"VALU","707","COSTORG_INVORG_SERIAL","INVENTORY_ORGANIZATION","","N","Y","","","","Y","OPTIONAL","2016/07/27 17:18:55.8","SEED_DATA_FROM_APPLICATION","2016/07/27 17:19:00.725","SEED_DATA_FROM_APPLICATION","-1","ORA_CST_VALU_INV_ORG_CODES"
"VALU","707","COSTORG_INVORG_SERIAL","SERIAL","","N","Y","","","","Y","OPTIONAL","2016/07/27 17:18:55.802","SEED_DATA_FROM_APPLICATION","2016/07/27 17:19:00.726","SEED_DATA_FROM_APPLICATION","-1","ORA_CST_VALU_SERIAL_NUMBERS"
"VALU","707","COSTORG_INVORG_SUBINVORG","COST_ORGANIZATION","","N","Y","","","","Y","OPTIONAL","2016/07/27 17:18:55.865","SEED_DATA_FROM_APPLICATION","2016/07/27 17:19:00.753","SEED_DATA_FROM_APPLICATION","-1","ORA_CST_VALU_COST_ORG_CODE"
"VALU","707","COSTORG_INVORG_SUBINVORG","INVENTORY_ORGANIZATION","","N","Y","","","","Y","OPTIONAL","2016/07/27 17:18:55.865","SEED_DATA_FROM_APPLICATION","2016/07/27 17:19:00.754","SEED_DATA_FROM_APPLICATION","-1","ORA_CST_VALU_INV_ORG_CODES"
"VALU","707","COSTORG_INVORG_SUBINVORG","SUB_INVENTORY_ORGANIZATION","","N","Y","","","","Y","OPTIONAL","2016/07/27 17:18:55.867","SEED_DATA_FROM_APPLICATION","2016/07/27 17:19:00.755","SEED_DATA_FROM_APPLICATION","-1","ORA_CST_VALU_SUB_INV_ORG_CODES"
"VALU","707","COSTORG_INVORG_SUBINVORG_GRADE","COST_ORGANIZATION","","N","Y","","","","Y","OPTIONAL","2016/07/27 17:18:55.904","SEED_DATA_FROM_APPLICATION","2016/07/27 17:19:00.774","SEED_DATA_FROM_APPLICATION","-1","ORA_CST_VALU_COST_ORG_CODE"
"VALU","707","COSTORG_INVORG_SUBINVORG_GRADE","GRADE","","N","Y","","","","Y","OPTIONAL","2016/07/27 17:18:55.904","SEED_DATA_FROM_APPLICATION","2016/07/27 17:19:00.775","SEED_DATA_FROM_APPLICATION","-1","ORA_CST_VALU_GRADE_CODES"
"VALU","707","COSTORG_INVORG_SUBINVORG_GRADE","INVENTORY_ORGANIZATION","","N","Y","","","","Y","OPTIONAL","2016/07/27 17:18:55.907","SEED_DATA_FROM_APPLICATION","2016/07/27 17:19:00.776","SEED_DATA_FROM_APPLICATION","-1","ORA_CST_VALU_INV_ORG_CODES"
"VALU","707","COSTORG_INVORG_SUBINVORG_GRADE","SUB_INVENTORY_ORGANIZATION","","N","Y","","","","Y","OPTIONAL","2016/07/27 17:18:55.908","SEED_DATA_FROM_APPLICATION","2016/07/27 17:19:00.776","SEED_DATA_FROM_APPLICATION","-1","ORA_CST_VALU_SUB_INV_ORG_CODES"
"VALU","707","COSTORG_INVORG_SUBINVORG_LOT","COST_ORGANIZATION","","N","Y","","","","Y","OPTIONAL","2016/07/27 17:18:55.944","SEED_DATA_FROM_APPLICATION","2016/07/27 17:19:00.796","SEED_DATA_FROM_APPLICATION","-1","ORA_CST_VALU_COST_ORG_CODE"
"VALU","707","COSTORG_INVORG_SUBINVORG_LOT","INVENTORY_ORGANIZATION","","N","Y","","","","Y","OPTIONAL","2016/07/27 17:18:55.945","SEED_DATA_FROM_APPLICATION","2016/07/27 17:19:00.797","SEED_DATA_FROM_APPLICATION","-1","ORA_CST_VALU_INV_ORG_CODES"
"VALU","707","COSTORG_INVORG_SUBINVORG_LOT","LOT","","N","Y","","","","Y","OPTIONAL","2016/07/27 17:18:55.945","SEED_DATA_FROM_APPLICATION","2016/07/27 17:19:00.798","SEED_DATA_FROM_APPLICATION","-1","ORA_CST_VALU_LOT_NUMBERS"
"VALU","707","COSTORG_INVORG_SUBINVORG_LOT","SUB_INVENTORY_ORGANIZATION","","N","Y","","","","Y","OPTIONAL","2016/07/27 17:18:55.947","SEED_DATA_FROM_APPLICATION","2016/07/27 17:19:00.799","SEED_DATA_FROM_APPLICATION","-1","ORA_CST_VALU_SUB_INV_ORG_CODES"
"VALU","707","COSTORG_INVORG_SUBINVORG_SERIA","COST_ORGANIZATION","","N","Y","","","","Y","OPTIONAL","2016/07/27 17:18:55.982","SEED_DATA_FROM_APPLICATION","2016/07/27 17:19:00.818","SEED_DATA_FROM_APPLICATION","-1","ORA_CST_VALU_COST_ORG_CODE"
"VALU","707","COSTORG_INVORG_SUBINVORG_SERIA","INVENTORY_ORGANIZATION","","N","Y","","","","Y","OPTIONAL","2016/07/27 17:18:55.982","SEED_DATA_FROM_APPLICATION","2016/07/27 17:19:00.818","SEED_DATA_FROM_APPLICATION","-1","ORA_CST_VALU_INV_ORG_CODES"
"VALU","707","COSTORG_INVORG_SUBINVORG_SERIA","SERIAL","","N","Y","","","","Y","OPTIONAL","2016/07/27 17:18:55.983","SEED_DATA_FROM_APPLICATION","2016/07/27 17:19:00.819","SEED_DATA_FROM_APPLICATION","-1","ORA_CST_VALU_SERIAL_NUMBERS"
"VALU","707","COSTORG_INVORG_SUBINVORG_SERIA","SUB_INVENTORY_ORGANIZATION","","N","Y","","","","Y","OPTIONAL","2016/07/27 17:18:55.984","SEED_DATA_FROM_APPLICATION","2016/07/27 17:19:00.82","SEED_DATA_FROM_APPLICATION","-1","ORA_CST_VALU_SUB_INV_ORG_CODES"
"VALU","707","COSTORG_INVORG_SUBINV_COUNTRY","COST_ORGANIZATION","","N","Y","","","","Y","OPTIONAL","2019/09/20 12:33:28.625941","SEED_DATA_FROM_APPLICATION","2019/09/20 12:33:28.625941","SEED_DATA_FROM_APPLICATION","-1","ORA_CST_VALU_COST_ORG_CODE"
"VALU","707","COSTORG_INVORG_SUBINV_COUNTRY","COUNTRY_OF_ORIGIN","","N","Y","","","","Y","OPTIONAL","2019/09/20 12:33:28.625941","SEED_DATA_FROM_APPLICATION","2019/09/20 12:33:28.625941","SEED_DATA_FROM_APPLICATION","-1","ORA_CST_COUNTRIES_OF_ORIGIN_VS"
"VALU","707","COSTORG_INVORG_SUBINV_COUNTRY","INVENTORY_ORGANIZATION","","N","Y","","","","Y","OPTIONAL","2019/09/20 12:33:28.625941","SEED_DATA_FROM_APPLICATION","2019/09/20 12:33:28.625941","SEED_DATA_FROM_APPLICATION","-1","ORA_CST_VALU_INV_ORG_CODES"
"VALU","707","COSTORG_INVORG_SUBINV_COUNTRY","SUB_INVENTORY_ORGANIZATION","","N","Y","","","","Y","OPTIONAL","2019/09/20 12:33:28.625941","SEED_DATA_FROM_APPLICATION","2019/09/20 12:33:28.625941","SEED_DATA_FROM_APPLICATION","-1","ORA_CST_VALU_SUB_INV_ORG_CODES"
"VALU","707","COSTORG_INVORG_SUBINV_PROJ","COST_ORGANIZATION","","N","Y","","","","Y","OPTIONAL","2019/09/20 12:33:28.625941","SEED_DATA_FROM_APPLICATION","2019/09/20 12:33:28.625941","SEED_DATA_FROM_APPLICATION","-1","ORA_CST_VALU_COST_ORG_CODE"
"VALU","707","COSTORG_INVORG_SUBINV_PROJ","INVENTORY_ORGANIZATION","","N","Y","","","","Y","OPTIONAL","2019/09/20 12:33:28.625941","SEED_DATA_FROM_APPLICATION","2019/09/20 12:33:28.625941","SEED_DATA_FROM_APPLICATION","-1","ORA_CST_VALU_INV_ORG_CODES"
"VALU","707","COSTORG_INVORG_SUBINV_PROJ","PROJECT_NUMBER","","N","Y","","","","Y","OPTIONAL","2019/09/20 12:33:28.625941","SEED_DATA_FROM_APPLICATION","2019/09/20 12:33:28.625941","SEED_DATA_FROM_APPLICATION","-1","ORA_CST_PROJECTS_VS"
"VALU","707","COSTORG_INVORG_SUBINV_PROJ","SUB_INVENTORY_ORGANIZATION","","N","Y","","","","Y","OPTIONAL","2019/09/20 12:33:28.625941","SEED_DATA_FROM_APPLICATION","2019/09/20 12:33:28.625941","SEED_DATA_FROM_APPLICATION","-1","ORA_CST_VALU_SUB_INV_ORG_CODES"
"VALU","707","COST_INV_ORG","Cost Organization","","N","Y","","","","Y","OPTIONAL","2013/11/04 21:58:14.772","CUSTOMIZED_USER","2013/11/04 21:58:31.691","CUSTOMIZED_USER","EA5DB3A7190120B5E0436204548CD986","CST_COST_ORG_CODES"
"VALU","707","COST_INV_ORG","Inventory Organization","","N","Y","","","","Y","OPTIONAL","2013/11/04 21:58:14.849","CUSTOMIZED_USER","2013/11/04 21:58:31.694","CUSTOMIZED_USER","EA5DB3A7190120B5E0436204548CD986","CST_INV_ORG_CODES"
"VALU","707","COST_ORG_INV_ORG","Cost Organization","","N","Y","","","","Y","OPTIONAL","2016/02/26 09:41:23.074","SEED_DATA_FROM_APPLICATION","2016/02/26 09:41:27.998","SEED_DATA_FROM_APPLICATION","-1","ORA_CST_VALU_COST_ORG_CODE"
"VALU","707","COST_ORG_INV_ORG","Inventory Organization","","N","Y","","","","Y","OPTIONAL","2016/02/26 09:41:23.075","SEED_DATA_FROM_APPLICATION","2016/07/27 17:19:00.827","SEED_DATA_FROM_APPLICATION","-1","ORA_CST_VALU_INV_ORG_CODES"
"VALU","707","CSTORG_INVORG_CNTRY_PROJ_TASK","COST_ORGANIZATION","","N","Y","","","","Y","OPTIONAL","2019/09/20 12:33:28.625941","SEED_DATA_FROM_APPLICATION","2019/09/20 12:33:28.625941","SEED_DATA_FROM_APPLICATION","-1","ORA_CST_VALU_COST_ORG_CODE"
"VALU","707","CSTORG_INVORG_CNTRY_PROJ_TASK","COUNTRY_OF_ORIGIN","","N","Y","","","","Y","OPTIONAL","2019/09/20 12:33:28.625941","SEED_DATA_FROM_APPLICATION","2019/09/20 12:33:28.625941","SEED_DATA_FROM_APPLICATION","-1","ORA_CST_COUNTRIES_OF_ORIGIN_VS"
"VALU","707","CSTORG_INVORG_CNTRY_PROJ_TASK","INVENTORY_ORGANIZATION","","N","Y","","","","Y","OPTIONAL","2019/09/20 12:33:28.625941","SEED_DATA_FROM_APPLICATION","2019/09/20 12:33:28.625941","SEED_DATA_FROM_APPLICATION","-1","ORA_CST_VALU_INV_ORG_CODES"
"VALU","707","CSTORG_INVORG_CNTRY_PROJ_TASK","PROJECT_NUMBER","","N","Y","","","","Y","OPTIONAL","2019/09/20 12:33:28.625941","SEED_DATA_FROM_APPLICATION","2019/09/20 12:33:28.625941","SEED_DATA_FROM_APPLICATION","-1","ORA_CST_PROJECTS_VS"
"VALU","707","CSTORG_INVORG_CNTRY_PROJ_TASK","TASK_NUMBER","","N","Y","","","","Y","OPTIONAL","2019/09/20 12:33:28.625941","SEED_DATA_FROM_APPLICATION","2019/09/20 12:33:28.625941","SEED_DATA_FROM_APPLICATION","-1","ORA_CST_TASKS_VS"
"VALU","707","CSTORG_INVORG_SUBINV_PROJ_TASK","COST_ORGANIZATION","","N","Y","","","","Y","OPTIONAL","2019/09/20 12:33:28.625941","SEED_DATA_FROM_APPLICATION","2019/09/20 12:33:28.625941","SEED_DATA_FROM_APPLICATION","-1","ORA_CST_VALU_COST_ORG_CODE"
"VALU","707","CSTORG_INVORG_SUBINV_PROJ_TASK","INVENTORY_ORGANIZATION","","N","Y","","","","Y","OPTIONAL","2019/09/20 12:33:28.625941","SEED_DATA_FROM_APPLICATION","2019/09/20 12:33:28.625941","SEED_DATA_FROM_APPLICATION","-1","ORA_CST_VALU_INV_ORG_CODES"
"VALU","707","CSTORG_INVORG_SUBINV_PROJ_TASK","PROJECT_NUMBER","","N","Y","","","","Y","OPTIONAL","2019/09/20 12:33:28.625941","SEED_DATA_FROM_APPLICATION","2019/09/20 12:33:28.625941","SEED_DATA_FROM_APPLICATION","-1","ORA_CST_PROJECTS_VS"
"VALU","707","CSTORG_INVORG_SUBINV_PROJ_TASK","SUB_INVENTORY_ORGANIZATION","","N","Y","","","","Y","OPTIONAL","2019/09/20 12:33:28.625941","SEED_DATA_FROM_APPLICATION","2019/09/20 12:33:28.625941","SEED_DATA_FROM_APPLICATION","-1","ORA_CST_VALU_SUB_INV_ORG_CODES"
"VALU","707","CSTORG_INVORG_SUBINV_PROJ_TASK","TASK_NUMBER","","N","Y","","","","Y","OPTIONAL","2019/09/20 12:33:28.625941","SEED_DATA_FROM_APPLICATION","2019/09/20 12:33:28.625941","SEED_DATA_FROM_APPLICATION","-1","ORA_CST_TASKS_VS"
"VALU","707","CST_INV_SUBINV_CNTRY_PROJ_TASK","COST_ORGANIZATION","","N","Y","","","","Y","OPTIONAL","2019/09/20 12:33:28.625941","SEED_DATA_FROM_APPLICATION","2019/09/20 12:33:28.625941","SEED_DATA_FROM_APPLICATION","-1","ORA_CST_VALU_COST_ORG_CODE"
"VALU","707","CST_INV_SUBINV_CNTRY_PROJ_TASK","COUNTRY_OF_ORIGIN","","N","Y","","","","Y","OPTIONAL","2019/09/20 12:33:28.625941","SEED_DATA_FROM_APPLICATION","2019/09/20 12:33:28.625941","SEED_DATA_FROM_APPLICATION","-1","ORA_CST_COUNTRIES_OF_ORIGIN_VS"
"VALU","707","CST_INV_SUBINV_CNTRY_PROJ_TASK","INVENTORY_ORGANIZATION","","N","Y","","","","Y","OPTIONAL","2019/09/20 12:33:28.625941","SEED_DATA_FROM_APPLICATION","2019/09/20 12:33:28.625941","SEED_DATA_FROM_APPLICATION","-1","ORA_CST_VALU_INV_ORG_CODES"
"VALU","707","CST_INV_SUBINV_CNTRY_PROJ_TASK","PROJECT_NUMBER","","N","Y","","","","Y","OPTIONAL","2019/09/20 12:33:28.625941","SEED_DATA_FROM_APPLICATION","2019/09/20 12:33:28.625941","SEED_DATA_FROM_APPLICATION","-1","ORA_CST_PROJECTS_VS"
"VALU","707","CST_INV_SUBINV_CNTRY_PROJ_TASK","SUB_INVENTORY_ORGANIZATION","","N","Y","","","","Y","OPTIONAL","2019/09/20 12:33:28.625941","SEED_DATA_FROM_APPLICATION","2019/09/20 12:33:28.625941","SEED_DATA_FROM_APPLICATION","-1","ORA_CST_VALU_SUB_INV_ORG_CODES"
"VALU","707","CST_INV_SUBINV_CNTRY_PROJ_TASK","TASK_NUMBER","","N","Y","","","","Y","OPTIONAL","2019/09/20 12:33:28.625941","SEED_DATA_FROM_APPLICATION","2019/09/20 12:33:28.625941","SEED_DATA_FROM_APPLICATION","-1","ORA_CST_TASKS_VS"
"VALU","707","INV_SUBINV","Cost Organization","","N","Y","","","","Y","OPTIONAL","2013/11/04 21:59:22.948","CUSTOMIZED_USER","2013/11/04 21:59:34.736","CUSTOMIZED_USER","EA5CFD6A99C62D04E0436204548C60F8","CST_COST_ORG_CODES"
"VALU","707","INV_SUBINV","Inventory Organization","","N","Y","","","","Y","OPTIONAL","2013/11/04 21:59:22.96","CUSTOMIZED_USER","2013/11/04 21:59:34.737","CUSTOMIZED_USER","EA5CFD6A99C62D04E0436204548C60F8","CST_INV_ORG_CODES"
"VALU","707","INV_SUBINV","Subinventory","","N","Y","","","","Y","OPTIONAL","2013/11/04 21:59:22.965","CUSTOMIZED_USER","2013/11/04 21:59:34.738","CUSTOMIZED_USER","EA5CFD6A99C62D04E0436204548C60F8","CST_SUBINVENTORY_CODES"
"VALU","707","INV_SUBINV_SERIAL","Cost Organization","","N","Y","","","","Y","OPTIONAL","2013/11/04 22:00:32.399","CUSTOMIZED_USER","2013/11/04 22:00:40.462","CUSTOMIZED_USER","EA5DB3A7190220B5E0436204548CD986","CST_COST_ORG_CODES"
"VALU","707","INV_SUBINV_SERIAL","Inventory Organization","","N","Y","","","","Y","OPTIONAL","2013/11/04 22:00:32.42","CUSTOMIZED_USER","2013/11/04 22:00:40.464","CUSTOMIZED_USER","EA5DB3A7190220B5E0436204548CD986","CST_INV_ORG_CODES"
"VALU","707","INV_SUBINV_SERIAL","Serial Number","","N","Y","","","","Y","OPTIONAL","2013/11/04 22:00:32.428","CUSTOMIZED_USER","2013/11/04 22:00:40.465","CUSTOMIZED_USER","EA5DB3A7190220B5E0436204548CD986","CST_CHAR"
"VALU","707","INV_SUBINV_SERIAL","Subinventory","","N","Y","","","","Y","OPTIONAL","2013/11/04 22:00:32.424","CUSTOMIZED_USER","2013/11/04 22:00:40.464","CUSTOMIZED_USER","EA5DB3A7190220B5E0436204548CD986","CST_SUBINVENTORY_CODES"
"CAT#","140","MAJOR_CATEGORY","MAJOR_CATEGORY","","Y","Y","","","","Y","OPTIONAL","2013/11/05 07:00:22.022","CUSTOMIZED_USER","2013/11/05 07:01:23.736","CUSTOMIZED_USER","EA696BC553D0110FE0436204548C4426","FA_MAJOR_CATEGORY"
"CAT#","140","MAJOR_CATEGORY","MINOR_CATEGORY","","Y","Y","","","","Y","OPTIONAL","2013/11/05 07:00:22.03","CUSTOMIZED_USER","2013/11/05 07:01:23.736","CUSTOMIZED_USER","EA696BC553D0110FE0436204548C4426","FA_MINOR_CATEGORY"
"KEY#","140","ASSET_KEY","ASSET_KEY","","N","Y","","","","Y","OPTIONAL","2013/11/05 06:58:53.952","CUSTOMIZED_USER","2013/11/05 06:59:38.718","CUSTOMIZED_USER","EA696BC553D0110FE0436204548C4426","FA_ASSET_KEY"
"LOC#","140","LOCATION","BUILDING","","N","Y","","","","Y","OPTIONAL","2013/11/05 07:01:55.606","CUSTOMIZED_USER","2013/11/05 07:02:29.59","CUSTOMIZED_USER","EA696BC553D0110FE0436204548C4426","FA_BUILDING"
"LOC#","140","LOCATION","CITY","","Y","Y","","","","Y","OPTIONAL","2013/11/05 07:01:55.603","CUSTOMIZED_USER","2013/11/05 07:02:29.59","CUSTOMIZED_USER","EA696BC553D0110FE0436204548C4426","FA_CITY"
"LOC#","140","LOCATION","COUNTRY","","Y","Y","","","","Y","OPTIONAL","2013/11/05 07:01:55.589","CUSTOMIZED_USER","2013/11/05 07:02:29.589","CUSTOMIZED_USER","EA696BC553D0110FE0436204548C4426","FA_COUNTRY"
"LOC#","140","LOCATION","STATE_COUNTY","","N","Y","","","","Y","OPTIONAL","2013/11/05 07:01:55.598","CUSTOMIZED_USER","2013/11/05 07:02:29.59","CUSTOMIZED_USER","EA696BC553D0110FE0436204548C4426","FA_STATE_COUNTY"
"COST","801","CA_INSTANCE","Account","","N","Y","CONSTANT","29900","","Y","OPTIONAL","2014/09/25 19:46:27.888","CUSTOMIZED_USER","2014/09/25 21:52:48.007","CUSTOMIZED_USER","03EB51C00B7C42A0E0536204548C5595","Canada Account"
"COST","801","CA_INSTANCE","Company","","N","Y","CONSTANT","151","","Y","OPTIONAL","2014/09/25 19:46:28.049","CUSTOMIZED_USER","2014/09/25 21:52:48.0","CUSTOMIZED_USER","03EB51C00B7C42A0E0536204548C5595","Corporate Company"
"COST","801","CA_INSTANCE","Cost Center","","N","Y","CONSTANT","000","","Y","OPTIONAL","2014/09/25 19:46:28.061","CUSTOMIZED_USER","2014/09/25 20:08:24.0","CUSTOMIZED_USER","03E9A4928ED05164E0536204548C5849","Canada Cost Center"
"COST","801","CA_INSTANCE","Intercompany","","N","Y","CONSTANT","000","","Y","OPTIONAL","2014/09/25 19:46:28.071","CUSTOMIZED_USER","2014/09/25 20:08:24.006","CUSTOMIZED_USER","03E9A4928ED05164E0536204548C5849","Corporate Company"
"COST","801","CA_INSTANCE","LoB","","N","Y","CONSTANT","10","","Y","OPTIONAL","2014/09/25 19:46:28.083","CUSTOMIZED_USER","2014/09/25 21:52:48.004","CUSTOMIZED_USER","03EB51C00B7C42A0E0536204548C5595","Corporate LoB"
"COST","801","CA_INSTANCE","Product","","N","Y","CONSTANT","000","","Y","OPTIONAL","2014/09/25 19:46:28.096","CUSTOMIZED_USER","2014/09/25 20:08:24.003","CUSTOMIZED_USER","03E9A4928ED05164E0536204548C5849","Corporate Product"
"COST","801","CN_INSTANCE","Account","","N","Y","","","","Y","OPTIONAL","2019/01/04 09:09:23.574","CUSTOMIZED_USER","2019/01/04 09:10:54.364","CUSTOMIZED_USER","7E9E7D43010A4DF8E053C390DF0AE916","China Account"
"COST","801","CN_INSTANCE","Company","","N","Y","","","","Y","OPTIONAL","2019/01/04 09:09:22.749","CUSTOMIZED_USER","2019/01/04 09:09:43.542","CUSTOMIZED_USER","7E9E7D43010A4DF8E053C390DF0AE916","Corporate Company"
"COST","801","CN_INSTANCE","Cost Center","","N","Y","","","","Y","OPTIONAL","2019/01/04 09:09:23.582","CUSTOMIZED_USER","2019/01/04 09:10:54.372","CUSTOMIZED_USER","7E9E7D43010A4DF8E053C390DF0AE916","China Cost Center"
"COST","801","CN_INSTANCE","Intercompany","","N","Y","","","","Y","OPTIONAL","2019/01/04 09:09:23.597","CUSTOMIZED_USER","2019/01/04 09:09:43.562","CUSTOMIZED_USER","7E9E7D43010A4DF8E053C390DF0AE916","Corporate Company"
"COST","801","CN_INSTANCE","LoB","","N","Y","","","","Y","OPTIONAL","2019/01/04 09:09:23.564","CUSTOMIZED_USER","2019/01/04 09:09:43.556","CUSTOMIZED_USER","7E9E7D43010A4DF8E053C390DF0AE916","Corporate LoB"
"COST","801","CN_INSTANCE","Product","","N","Y","","","","Y","OPTIONAL","2019/01/04 09:09:23.588","CUSTOMIZED_USER","2019/01/04 09:09:43.561","CUSTOMIZED_USER","7E9E7D43010A4DF8E053C390DF0AE916","Corporate Product"
"COST","801","GSE_IT_COSTFLEX","GSE_IT_AZIENDA","","N","Y","","","","Y","OPTIONAL","2014/09/02 15:00:38.349","CUSTOMIZED_USER","2014/09/02 15:03:27.771","CUSTOMIZED_USER","0216C2E2B1BA2679E0536204548C00AB","Corporate Company"
"COST","801","GSE_IT_COSTFLEX","GSE_IT_CONTO","","N","Y","","","","Y","OPTIONAL","2014/09/02 15:00:39.361","CUSTOMIZED_USER","2014/09/02 15:03:27.782","CUSTOMIZED_USER","0216C2E2B1BA2679E0536204548C00AB","Corporate Account"
"COST","801","GSE_IT_COSTFLEX","GSE_IT_COST","","N","Y","","","","Y","OPTIONAL","2014/09/02 15:00:39.367","CUSTOMIZED_USER","2014/09/02 15:03:27.782","CUSTOMIZED_USER","0216C2E2B1BA2679E0536204548C00AB","Corporate Cost Center"
"COST","801","GSE_IT_COSTFLEX","GSE_IT_EXTRA","","N","Y","","","","Y","OPTIONAL","2014/09/02 15:00:39.372","CUSTOMIZED_USER","2014/09/02 15:03:27.783","CUSTOMIZED_USER","0216C2E2B1BA2679E0536204548C00AB","Corporate Company"
"COST","801","GSE_IT_COSTFLEX","GSE_IT_PRODOTTO","","N","Y","","","","Y","OPTIONAL","2014/09/02 15:00:39.378","CUSTOMIZED_USER","2014/09/02 15:03:27.784","CUSTOMIZED_USER","0216C2E2B1BA2679E0536204548C00AB","Corporate Product"
"COST","801","GSE_IT_COSTFLEX","GSE_IT_PROGETTO","","N","Y","","","","Y","OPTIONAL","2014/09/02 15:00:39.383","CUSTOMIZED_USER","2014/09/02 15:03:27.785","CUSTOMIZED_USER","0216C2E2B1BA2679E0536204548C00AB","Corporate LoB"
"COST","801","HC_US_Instance","Account","","N","Y","","","","Y","OPTIONAL","2015/05/07 21:15:32.856","CUSTOMIZED_USER","2015/05/07 21:15:41.144","CUSTOMIZED_USER","158441B6DD036B91E0536204548C5DC9","Healthcare Account"
"COST","801","HC_US_Instance","Department","","N","Y","","","","Y","OPTIONAL","2015/05/07 21:15:32.845","CUSTOMIZED_USER","2015/05/07 21:15:41.142","CUSTOMIZED_USER","158441B6DD036B91E0536204548C5DC9","Healthcare Department"
"COST","801","HC_US_Instance","Entity","","N","Y","","","","Y","OPTIONAL","2015/05/07 21:15:31.822","CUSTOMIZED_USER","2015/05/07 21:15:41.136","CUSTOMIZED_USER","158441B6DD036B91E0536204548C5DC9","Healthcare Entity"
"COST","801","HC_US_Instance","Future","","N","Y","","","","Y","OPTIONAL","2015/05/07 21:15:32.893","CUSTOMIZED_USER","2015/05/07 21:15:41.148","CUSTOMIZED_USER","158441B6DD036B91E0536204548C5DC9","Healthcare Future"
"COST","801","HC_US_Instance","InterEntity","","N","Y","","","","Y","OPTIONAL","2015/05/07 21:15:32.885","CUSTOMIZED_USER","2015/05/07 21:15:41.148","CUSTOMIZED_USER","158441B6DD036B91E0536204548C5DC9","Healthcare Entity"
"COST","801","HC_US_Instance","Physician","","N","Y","","","","Y","OPTIONAL","2015/05/07 21:15:32.875","CUSTOMIZED_USER","2015/05/07 21:15:41.147","CUSTOMIZED_USER","158441B6DD036B91E0536204548C5DC9","Healthcare Physician"
"COST","801","HC_US_Instance","Program","","N","Y","","","","Y","OPTIONAL","2015/05/07 21:15:32.869","CUSTOMIZED_USER","2015/05/07 21:15:41.146","CUSTOMIZED_USER","158441B6DD036B91E0536204548C5DC9","Healthcare Program"
"COST","801","HC_US_Instance","Sub Acount","","N","Y","","","","Y","OPTIONAL","2015/05/07 21:15:32.864","CUSTOMIZED_USER","2015/05/07 21:15:41.145","CUSTOMIZED_USER","158441B6DD036B91E0536204548C5DC9","Healthcare Sub Account"
"COST","801","HE_US_Instance","Account","","N","Y","","","","Y","OPTIONAL","2015/05/27 20:01:55.537","CUSTOMIZED_USER","2015/05/27 20:02:38.985","CUSTOMIZED_USER","171087171DD44412E0536204548CC6C5","University Account"
"COST","801","HE_US_Instance","Class","","N","Y","","","","Y","OPTIONAL","2015/05/27 20:01:55.572","CUSTOMIZED_USER","2015/05/27 20:02:38.99","CUSTOMIZED_USER","171087171DD44412E0536204548CC6C5","University Class"
"COST","801","HE_US_Instance","Department","","N","Y","","","","Y","OPTIONAL","2015/05/27 20:01:55.584","CUSTOMIZED_USER","2015/05/27 20:02:38.99","CUSTOMIZED_USER","171087171DD44412E0536204548CC6C5","University Department"
"COST","801","HE_US_Instance","Fund","","N","Y","","","","Y","OPTIONAL","2015/05/27 20:01:55.591","CUSTOMIZED_USER","2015/05/27 20:02:38.992","CUSTOMIZED_USER","171087171DD44412E0536204548CC6C5","University Fund"
"COST","801","HE_US_Instance","Interfund","","N","Y","","","","Y","OPTIONAL","2015/05/27 20:01:55.605","CUSTOMIZED_USER","2015/05/27 20:02:38.993","CUSTOMIZED_USER","171087171DD44412E0536204548CC6C5","University Fund"
"COST","801","HE_US_Instance","Local Use","","N","Y","","","","Y","OPTIONAL","2015/05/27 20:01:55.618","CUSTOMIZED_USER","2015/05/27 20:02:38.994","CUSTOMIZED_USER","171087171DD44412E0536204548CC6C5","University Local Use"
"COST","801","HE_US_Instance","Program","","N","Y","","","","Y","OPTIONAL","2015/05/27 20:01:55.626","CUSTOMIZED_USER","2015/05/27 20:02:38.995","CUSTOMIZED_USER","171087171DD44412E0536204548CC6C5","University Program"
"COST","801","HE_US_Instance","Unit","","N","Y","","","","Y","OPTIONAL","2015/05/27 20:01:55.635","CUSTOMIZED_USER","2015/05/27 20:02:38.996","CUSTOMIZED_USER","171087171DD44412E0536204548CC6C5","University Unit"
"COST","801","MX_INSTANCE","Account","","N","Y","","","","Y","OPTIONAL","2020/04/11 20:27:00.067","CUSTOMIZED_USER","2020/04/11 20:27:09.182","CUSTOMIZED_USER","A30A545CB8210430E053B090DF0A6A5D","Corporate Account"
"COST","801","MX_INSTANCE","Company","","N","Y","CONSTANT","251","","Y","OPTIONAL","2020/04/11 20:26:57.958","CUSTOMIZED_USER","2020/04/11 20:29:58.047","CUSTOMIZED_USER","A30A545CB8210430E053B090DF0A6A5D","Corporate Company"
"COST","801","MX_INSTANCE","Cost Center","","N","Y","","","","Y","OPTIONAL","2020/04/11 20:27:00.084","CUSTOMIZED_USER","2020/04/11 20:27:09.187","CUSTOMIZED_USER","A30A545CB8210430E053B090DF0A6A5D","Corporate Cost Center"
"COST","801","MX_INSTANCE","Intercompany","","N","Y","CONSTANT","000","","Y","OPTIONAL","2020/04/11 20:27:00.112","CUSTOMIZED_USER","2020/04/11 20:29:58.078","CUSTOMIZED_USER","A30A545CB8210430E053B090DF0A6A5D","Corporate Company"
"COST","801","MX_INSTANCE","LoB","","N","Y","CONSTANT","40","","Y","OPTIONAL","2020/04/11 20:27:00.05","CUSTOMIZED_USER","2020/04/11 20:29:58.063","CUSTOMIZED_USER","A30A545CB8210430E053B090DF0A6A5D","Corporate LoB"
"COST","801","MX_INSTANCE","Product","","N","Y","CONSTANT","000","","Y","OPTIONAL","2020/04/11 20:27:00.099","CUSTOMIZED_USER","2020/04/11 20:29:58.069","CUSTOMIZED_USER","A30A545CB8210430E053B090DF0A6A5D","Corporate Product"
"COST","801","Progress UK","Account","","N","Y","","","","Y","OPTIONAL","2021/01/19 16:59:53.38","CUSTOMIZED_USER","2021/01/19 17:59:36.0","CUSTOMIZED_USER","B9458573B3581A2AE0539E90DF0A4B58","Account Progress UK"
"COST","801","Progress UK","Analysis","","N","Y","","","","Y","OPTIONAL","2021/01/19 16:59:53.411","CUSTOMIZED_USER","2021/01/19 17:59:36.082","CUSTOMIZED_USER","B9458573B3581A2AE0539E90DF0A4B58","Analysis Progress UK"
"COST","801","Progress UK","Company","","N","Y","","","","Y","OPTIONAL","2021/01/19 16:59:52.365","CUSTOMIZED_USER","2021/01/19 16:59:58.626","CUSTOMIZED_USER","B9446682769B7891E0539E90DF0AAFB8","Company Progress UK"
"COST","801","Progress UK","Department","","N","Y","","","","Y","OPTIONAL","2021/01/19 16:59:53.392","CUSTOMIZED_USER","2021/01/19 17:59:36.064","CUSTOMIZED_USER","B9458573B3581A2AE0539E90DF0A4B58","Department Progress UK"
"COST","801","Progress UK","Fund","","N","Y","","","","Y","OPTIONAL","2021/01/19 16:59:53.402","CUSTOMIZED_USER","2021/01/19 17:59:36.076","CUSTOMIZED_USER","B9458573B3581A2AE0539E90DF0A4B58","Fund Progress UK"
"COST","801","Progress UK","Future","","N","Y","","","","Y","OPTIONAL","2021/01/19 16:59:53.438","CUSTOMIZED_USER","2021/01/19 17:59:36.104","CUSTOMIZED_USER","B9458573B3581A2AE0539E90DF0A4B58","Future Progress UK"
"COST","801","Progress UK","Intercompany","","N","Y","","","","Y","OPTIONAL","2021/01/19 16:59:53.42","CUSTOMIZED_USER","2021/01/19 17:59:36.087","CUSTOMIZED_USER","B9458573B3581A2AE0539E90DF0A4B58","Intercompany Progress UK"
"COST","801","Progress_US_Instance","Account","","N","Y","","","","Y","OPTIONAL","2014/07/03 21:36:29.415","CUSTOMIZED_USER","2015/05/12 06:19:33.286","CUSTOMIZED_USER","15DD3F3ADC960695E0536204548C7DBB","Progress Account"
"COST","801","Progress_US_Instance","Budget Reference","","N","Y","CONSTANT","0000","","Y","OPTIONAL","2014/07/03 21:36:29.454","CUSTOMIZED_USER","2015/05/12 06:19:33.282","CUSTOMIZED_USER","15DD3F3ADC960695E0536204548C7DBB","Progress Budget Reference"
"COST","801","Progress_US_Instance","Department","","N","Y","CONSTANT","00000","","Y","OPTIONAL","2014/07/03 21:36:29.464","CUSTOMIZED_USER","2015/05/12 06:19:33.285","CUSTOMIZED_USER","15DD3F3ADC960695E0536204548C7DBB","Progress Department"
"COST","801","Progress_US_Instance","Fund","","N","Y","CONSTANT","1001","","Y","OPTIONAL","2014/07/03 21:36:29.471","CUSTOMIZED_USER","2015/05/12 06:19:33.0","CUSTOMIZED_USER","15DD3F3ADC960695E0536204548C7DBB","Progress Fund"
"COST","801","Progress_US_Instance","Funding Source","","N","Y","CONSTANT","0000","","Y","OPTIONAL","2014/07/03 21:36:29.479","CUSTOMIZED_USER","2015/05/12 06:19:33.288","CUSTOMIZED_USER","15DD3F3ADC960695E0536204548C7DBB","Progress Funding Source"
"COST","801","Progress_US_Instance","Program","","N","Y","CONSTANT","0000","","Y","OPTIONAL","2014/07/03 21:36:29.486","CUSTOMIZED_USER","2015/05/12 06:19:33.287","CUSTOMIZED_USER","15DD3F3ADC960695E0536204548C7DBB","Progress Program"
"COST","801","Progress_US_Instance","Project","","N","Y","CONSTANT","00000000","","Y","OPTIONAL","2014/07/03 21:36:29.535","CUSTOMIZED_USER","2015/05/12 06:19:33.289","CUSTOMIZED_USER","15DD3F3ADC960695E0536204548C7DBB","Progress Project"
"COST","801","SA_INSTANCE","Account","","N","Y","","","","Y","OPTIONAL","2020/09/01 20:38:51.006","CUSTOMIZED_USER","2020/09/01 20:39:50.005","CUSTOMIZED_USER","AE4493A4EB5726BBE0539E90DF0A4480","Corporate Account"
"COST","801","SA_INSTANCE","Company","","N","Y","CONSTANT","352","","Y","OPTIONAL","2020/09/01 20:38:49.595","CUSTOMIZED_USER","2020/09/01 20:44:36.677","CUSTOMIZED_USER","AE4493A4EB5726BBE0539E90DF0A4480","Corporate Company"
"COST","801","SA_INSTANCE","Cost Center","","N","Y","","","","Y","OPTIONAL","2020/09/01 20:38:51.019","CUSTOMIZED_USER","2020/09/01 20:39:50.01","CUSTOMIZED_USER","AE4493A4EB5726BBE0539E90DF0A4480","Corporate Cost Center"
"COST","801","SA_INSTANCE","Intercompany","","N","Y","CONSTANT","000","","Y","OPTIONAL","2020/09/01 20:38:51.039","CUSTOMIZED_USER","2020/09/01 20:44:36.71","CUSTOMIZED_USER","AE4493A4EB5726BBE0539E90DF0A4480","Corporate Company"
"COST","801","SA_INSTANCE","LoB","","N","Y","CONSTANT","50","","Y","OPTIONAL","2020/09/01 20:38:50.994","CUSTOMIZED_USER","2020/09/01 20:44:36.695","CUSTOMIZED_USER","AE4493A4EB5726BBE0539E90DF0A4480","Corporate LoB"
"COST","801","SA_INSTANCE","Product","","N","Y","CONSTANT","000","","Y","OPTIONAL","2020/09/01 20:38:51.029","CUSTOMIZED_USER","2020/09/01 20:44:36.701","CUSTOMIZED_USER","AE4493A4EB5726BBE0539E90DF0A4480","Corporate Product"
"COST","801","UAE_INSTANCE","Account","","N","Y","","","","Y","OPTIONAL","2017/10/20 15:33:35.664","CUSTOMIZED_USER","2017/10/20 15:36:32.35","CUSTOMIZED_USER","5BFB8B9A1C415D15E0538DADFD0A311D","Corporate Account"
"COST","801","UAE_INSTANCE","Company","","N","Y","CONSTANT","351","","Y","OPTIONAL","2017/10/20 15:33:38.144","CUSTOMIZED_USER","2017/10/20 15:36:32.385","CUSTOMIZED_USER","5BFB8B9A1C415D15E0538DADFD0A311D","Corporate Company"
"COST","801","UAE_INSTANCE","Cost Center","","N","Y","","","","Y","OPTIONAL","2017/10/20 15:33:38.165","CUSTOMIZED_USER","2017/10/20 15:36:32.393","CUSTOMIZED_USER","5BFB8B9A1C415D15E0538DADFD0A311D","Corporate Cost Center"
"COST","801","UAE_INSTANCE","Intercompany","","N","Y","CONSTANT","000","","Y","OPTIONAL","2017/10/20 15:33:38.198","CUSTOMIZED_USER","2017/10/20 15:36:32.4","CUSTOMIZED_USER","5BFB8B9A1C415D15E0538DADFD0A311D","Corporate Company"
"COST","801","UAE_INSTANCE","LoB","","N","Y","CONSTANT","10","","Y","OPTIONAL","2017/10/20 15:33:38.214","CUSTOMIZED_USER","2017/10/20 15:36:32.407","CUSTOMIZED_USER","5BFB8B9A1C415D15E0538DADFD0A311D","Corporate LoB"
"COST","801","UAE_INSTANCE","Product","","N","Y","CONSTANT","000","","Y","OPTIONAL","2017/10/20 15:33:38.231","CUSTOMIZED_USER","2017/10/20 15:36:32.409","CUSTOMIZED_USER","5BFB8B9A1C415D15E0538DADFD0A311D","Corporate Product"
"COST","801","UK_INSTANCE","Account","","N","Y","","","","Y","OPTIONAL","2013/11/26 12:37:21.148","CUSTOMIZED_USER","2016/04/18 18:25:39.032","CUSTOMIZED_USER","30C4B9750014476EE053790B548C67D8","UK Account"
"COST","801","UK_INSTANCE","Company","","N","Y","CONSTANT","303","","Y","OPTIONAL","2013/11/26 12:37:21.132","CUSTOMIZED_USER","2016/04/18 18:25:39.0","CUSTOMIZED_USER","30C4B9750014476EE053790B548C67D8","Corporate Company"
"COST","801","UK_INSTANCE","Cost Center","","N","Y","CONSTANT","000","","Y","OPTIONAL","2013/11/26 12:37:21.153","CUSTOMIZED_USER","2016/04/18 18:25:39.034","CUSTOMIZED_USER","30C4B9750014476EE053790B548C67D8","UK Cost Center"
"COST","801","UK_INSTANCE","Intercompany","","N","Y","CONSTANT","000","","Y","OPTIONAL","2013/11/26 12:37:21.191","CUSTOMIZED_USER","2016/04/18 18:25:39.038","CUSTOMIZED_USER","30C4B9750014476EE053790B548C67D8","Corporate Company"
"COST","801","UK_INSTANCE","LoB","","N","Y","CONSTANT","30","","Y","OPTIONAL","2013/11/26 12:37:21.144","CUSTOMIZED_USER","2016/04/18 18:25:39.029","CUSTOMIZED_USER","30C4B9750014476EE053790B548C67D8","Corporate LoB"
"COST","801","UK_INSTANCE","Product","","N","Y","CONSTANT","000","","Y","OPTIONAL","2013/11/26 12:37:21.187","CUSTOMIZED_USER","2016/04/18 18:25:39.037","CUSTOMIZED_USER","30C4B9750014476EE053790B548C67D8","Corporate Product"
"COST","801","US_INSTANCE","Account","","N","Y","","11200","","Y","OPTIONAL","2013/11/26 12:15:26.408","CUSTOMIZED_USER","2016/10/31 16:49:55.806","CUSTOMIZED_USER","402C899A2D586854E0537AA3FD0A021F","Corporate Account"
"COST","801","US_INSTANCE","Company","","N","Y","CONSTANT","101","","Y","OPTIONAL","2013/11/26 12:15:26.345","CUSTOMIZED_USER","2016/02/01 22:13:28.0","CUSTOMIZED_USER","2ABD9FE6A07323A3E053790B548C9C37","Corporate Company"
"COST","801","US_INSTANCE","Cost Center","","N","Y","CONSTANT","000","","Y","OPTIONAL","2013/11/26 12:15:26.412","CUSTOMIZED_USER","2014/08/28 18:39:10.043","CUSTOMIZED_USER","01B2155331547B8EE0536204548CAC3C","Corporate Cost Center"
"COST","801","US_INSTANCE","Intercompany","","N","Y","CONSTANT","000","","Y","OPTIONAL","2013/11/26 12:15:26.42","CUSTOMIZED_USER","2016/02/01 22:13:28.01","CUSTOMIZED_USER","2ABD9FE6A07323A3E053790B548C9C37","Corporate Company"
"COST","801","US_INSTANCE","LoB","","N","Y","CONSTANT","10","","Y","OPTIONAL","2013/11/26 12:15:26.403","CUSTOMIZED_USER","2014/08/28 18:39:10.0","CUSTOMIZED_USER","01B2155331547B8EE0536204548CAC3C","Corporate LoB"
"COST","801","US_INSTANCE","Product","","N","Y","CONSTANT","000","","Y","OPTIONAL","2013/11/26 12:15:26.416","CUSTOMIZED_USER","2014/08/28 18:39:10.039","CUSTOMIZED_USER","01B2155331547B8EE0536204548CAC3C","Corporate Product"
"PPG","800","FD People Group KFF SI Test ","Runner","","N","Y","","","","Y","OPTIONAL","2022/03/30 20:34:44.83","CUSTOMIZED_USER","2022/03/30 20:34:52.304","CUSTOMIZED_USER","D9EAF49397314B89E053CE65F00A1CD7","Yes or No "
"GL#","101","AU Council","Account","Account AU Council","Y","Y","","","","Y","OPTIONAL","2021/02/02 16:21:08.711","CUSTOMIZED_USER","2021/02/02 16:21:12.692","CUSTOMIZED_USER","BA5DA4B71A6DE381E0539E90DF0A6B99","Account AU Council"
"GL#","101","AU Council","Activity","Activity AU Council","Y","Y","","","","Y","OPTIONAL","2021/02/02 16:21:09.259","CUSTOMIZED_USER","2021/02/02 16:21:12.767","CUSTOMIZED_USER","BA5DA4B71A6DE381E0539E90DF0A6B99","Activity AU Council"
"GL#","101","AU Council","Cost Centre","Cost Centre AU Council","Y","Y","","","","Y","OPTIONAL","2021/02/02 16:21:07.947","CUSTOMIZED_USER","2021/02/02 16:21:12.646","CUSTOMIZED_USER","BA5DA4B71A6DE381E0539E90DF0A6B99","Cost Centre AU Council"
"GL#","101","AU Council","Fund","Fund AU Council","Y","Y","","","","Y","OPTIONAL","2021/02/02 16:21:07.545","CUSTOMIZED_USER","2021/02/02 16:21:12.511","CUSTOMIZED_USER","BA5DA4B71A6DE381E0539E90DF0A6B99","Fund AU Council"
"GL#","101","AU Council","Program","Program AU Council","Y","Y","","","","Y","OPTIONAL","2021/02/02 16:21:08.863","CUSTOMIZED_USER","2021/02/02 16:21:12.731","CUSTOMIZED_USER","BA5DA4B71A6DE381E0539E90DF0A6B99","Program AU Council"
"GL#","101","Corp_ANZ_CoA","Account","ALL CORPORATE ACCOUNTS","Y","Y","","","","Y","OPTIONAL","2016/05/16 12:20:07.475","CUSTOMIZED_USER","2020/08/03 18:44:41.0","CUSTOMIZED_USER","ABFC676682749FD8E0539E90DF0AAAD6","Corporate Account"
"GL#","101","Corp_ANZ_CoA","Company","ALL CORPORATE ACCOUNTS","Y","Y","","","","Y","OPTIONAL","2016/05/16 12:20:07.49","CUSTOMIZED_USER","2020/08/03 18:21:35.0","CUSTOMIZED_USER","ABFC5E51E2709AD1E0539E90DF0A63FC","Corporate Company"
"GL#","101","Corp_ANZ_CoA","Cost Center","ALL CORPORATE COST CENTERS","Y","Y","CONSTANT","000","","Y","OPTIONAL","2016/05/16 12:20:07.497","CUSTOMIZED_USER","2017/09/28 04:56:42.02","CUSTOMIZED_USER","5A39929AD9176BE8E0538DADFD0AE335","Corporate Cost Center"
"GL#","101","Corp_ANZ_CoA","Intercompany","ALL CORPORATE COMPANY","Y","Y","CONSTANT","000","","Y","OPTIONAL","2016/05/16 12:20:07.504","CUSTOMIZED_USER","2017/09/28 04:56:42.025","CUSTOMIZED_USER","5A39929AD9176BE8E0538DADFD0AE335","Corporate Company"
"GL#","101","Corp_ANZ_CoA","LoB","All Corporate LineOfBusiness","Y","Y","CONSTANT","40","","Y","OPTIONAL","2016/05/16 12:20:07.512","CUSTOMIZED_USER","2017/09/28 04:56:42.01","CUSTOMIZED_USER","5A39929AD9176BE8E0538DADFD0AE335","Corporate LoB"
"GL#","101","Corp_ANZ_CoA","Product","ALL CORPORATE PRODUCTS","Y","Y","CONSTANT","000","","Y","OPTIONAL","2016/05/16 12:20:07.521","CUSTOMIZED_USER","2017/09/28 04:56:42.023","CUSTOMIZED_USER","5A39929AD9176BE8E0538DADFD0AE335","Corporate Product"
"GL#","101","Corp_CA_CoA","Account","All Canada Accounts","Y","Y","","151","","Y","OPTIONAL","2014/08/26 12:23:38.937","CUSTOMIZED_USER","2017/09/28 04:57:59.367","CUSTOMIZED_USER","5A39929AD9176BE8E0538DADFD0AE335","Canada Account"
"GL#","101","Corp_CA_CoA","Company","ALL CORPORATE COMPANY","Y","Y","CONSTANT","151","","Y","OPTIONAL","2014/08/26 12:23:40.972","CUSTOMIZED_USER","2017/09/28 04:57:59.363","CUSTOMIZED_USER","5A39929AD9176BE8E0538DADFD0AE335","Corporate Company"
"GL#","101","Corp_CA_CoA","Cost Center","All Canada Cost Center","Y","Y","CONSTANT","000","","Y","OPTIONAL","2014/08/26 12:23:40.985","CUSTOMIZED_USER","2017/09/28 04:57:59.369","CUSTOMIZED_USER","5A39929AD9176BE8E0538DADFD0AE335","Canada Cost Center"
"GL#","101","Corp_CA_CoA","Intercompany","ALL CORPORATE COMPANY","Y","Y","CONSTANT","000","","Y","OPTIONAL","2014/08/26 12:23:40.997","CUSTOMIZED_USER","2017/09/28 04:57:59.373","CUSTOMIZED_USER","5A39929AD9176BE8E0538DADFD0AE335","Corporate Company"
"GL#","101","Corp_CA_CoA","LoB","All Corporate LineOfBusiness","Y","Y","CONSTANT","10","","Y","OPTIONAL","2014/08/26 12:23:41.006","CUSTOMIZED_USER","2017/09/28 04:57:59.365","CUSTOMIZED_USER","5A39929AD9176BE8E0538DADFD0AE335","Corporate LoB"
"GL#","101","Corp_CA_CoA","Product","ALL CORPORATE PRODUCTS","Y","Y","CONSTANT","000","","Y","OPTIONAL","2014/08/26 12:23:41.018","CUSTOMIZED_USER","2017/09/28 04:57:59.37","CUSTOMIZED_USER","5A39929AD9176BE8E0538DADFD0AE335","Corporate Product"
"GL#","101","Corp_CN_CoA","Account","ALL CHINA ACCOUNTS","Y","Y","","","","Y","OPTIONAL","2014/04/24 09:28:28.38","CUSTOMIZED_USER","2017/09/28 04:59:21.46","CUSTOMIZED_USER","5A39929AD9176BE8E0538DADFD0AE335","China Account"
"GL#","101","Corp_CN_CoA","Company","ALL CORPORATE COMPANY","Y","Y","CONSTANT","402","","Y","OPTIONAL","2014/04/24 09:28:28.551","CUSTOMIZED_USER","2017/09/28 04:59:21.453","CUSTOMIZED_USER","5A39929AD9176BE8E0538DADFD0AE335","Corporate Company"
"GL#","101","Corp_CN_CoA","Cost Center","ALL CHINA COST CENTER","Y","Y","CONSTANT","0000","","Y","OPTIONAL","2014/04/24 09:28:28.563","CUSTOMIZED_USER","2017/09/28 04:59:21.464","CUSTOMIZED_USER","5A39929AD9176BE8E0538DADFD0AE335","China Cost Center"
"GL#","101","Corp_CN_CoA","Intercompany","ALL CORPORATE COMPANY","Y","Y","CONSTANT","000","","Y","OPTIONAL","2014/04/24 09:28:28.574","CUSTOMIZED_USER","2017/09/28 04:59:21.471","CUSTOMIZED_USER","5A39929AD9176BE8E0538DADFD0AE335","Corporate Company"
"GL#","101","Corp_CN_CoA","LoB","All Corporate LineOfBusiness","Y","Y","CONSTANT","40","","Y","OPTIONAL","2014/04/24 09:28:28.585","CUSTOMIZED_USER","2017/09/28 04:59:21.457","CUSTOMIZED_USER","5A39929AD9176BE8E0538DADFD0AE335","Corporate LoB"
"GL#","101","Corp_CN_CoA","Product","ALL CORPORATE PRODUCTS","Y","Y","CONSTANT","000","","Y","OPTIONAL","2014/04/24 09:28:28.597","CUSTOMIZED_USER","2017/09/28 04:59:21.468","CUSTOMIZED_USER","5A39929AD9176BE8E0538DADFD0AE335","Corporate Product"
"GL#","101","Corp_DE_CoA","Account","All Germany Accounts","Y","Y","","301","","Y","OPTIONAL","2016/06/08 14:20:50.877","CUSTOMIZED_USER","2017/09/28 05:01:30.199","CUSTOMIZED_USER","5A39929AD9176BE8E0538DADFD0AE335","Germany Account"
"GL#","101","Corp_DE_CoA","Company","ALL CORPORATE COMPANY","Y","Y","CONSTANT","301","","Y","OPTIONAL","2016/06/08 14:20:53.608","CUSTOMIZED_USER","2017/09/28 05:01:30.195","CUSTOMIZED_USER","5A39929AD9176BE8E0538DADFD0AE335","Corporate Company"
"GL#","101","Corp_DE_CoA","Cost Center","All Germany Cost Center","Y","Y","CONSTANT","000","","Y","OPTIONAL","2016/06/08 14:20:53.616","CUSTOMIZED_USER","2017/09/28 05:01:30.201","CUSTOMIZED_USER","5A39929AD9176BE8E0538DADFD0AE335","Germany Cost Center"
"GL#","101","Corp_DE_CoA","Intercompany","ALL CORPORATE COMPANY","Y","Y","CONSTANT","000","","Y","OPTIONAL","2016/06/08 14:20:53.624","CUSTOMIZED_USER","2017/09/28 05:01:30.204","CUSTOMIZED_USER","5A39929AD9176BE8E0538DADFD0AE335","Corporate Company"
"GL#","101","Corp_DE_CoA","LoB","All Corporate LineOfBusiness","Y","Y","CONSTANT","30","","Y","OPTIONAL","2016/06/08 14:20:53.636","CUSTOMIZED_USER","2017/09/28 05:01:30.197","CUSTOMIZED_USER","5A39929AD9176BE8E0538DADFD0AE335","Corporate LoB"
"GL#","101","Corp_DE_CoA","Product","ALL CORPORATE PRODUCTS","Y","Y","CONSTANT","000","","Y","OPTIONAL","2016/06/08 14:20:53.643","CUSTOMIZED_USER","2017/09/28 05:01:30.202","CUSTOMIZED_USER","5A39929AD9176BE8E0538DADFD0AE335","Corporate Product"
"GL#","101","Corp_ES_CoA","Account","","Y","Y","","","","Y","OPTIONAL","2016/01/27 14:52:50.424","CUSTOMIZED_USER","2016/01/27 15:01:39.522","CUSTOMIZED_USER","2A531446C81B5C34E053790B548C93D3","Spain Account"
"GL#","101","Corp_ES_CoA","Company","","Y","Y","CONSTANT","312","","Y","OPTIONAL","2016/01/27 14:52:54.724","CUSTOMIZED_USER","2016/01/27 15:01:39.526","CUSTOMIZED_USER","2A531446C81B5C34E053790B548C93D3","Corporate Company"
"GL#","101","Corp_ES_CoA","Cost Center","","Y","Y","CONSTANT","000","","Y","OPTIONAL","2016/01/27 14:52:54.734","CUSTOMIZED_USER","2016/01/28 13:34:39.0","CUSTOMIZED_USER","2A6570877B575AC4E053790B548CE3C7","Spain Cost Center"
"GL#","101","Corp_ES_CoA","Future","","Y","Y","CONSTANT","00000","","Y","OPTIONAL","2016/01/27 14:52:54.741","CUSTOMIZED_USER","2016/01/28 13:34:39.014","CUSTOMIZED_USER","2A6570877B575AC4E053790B548CE3C7","Spain Future"
"GL#","101","Corp_ES_CoA","Intercompany","","Y","Y","CONSTANT","312","","Y","OPTIONAL","2016/01/27 14:52:54.75","CUSTOMIZED_USER","2016/01/27 15:01:39.531","CUSTOMIZED_USER","2A531446C81B5C34E053790B548C93D3","Corporate Company"
"GL#","101","Corp_ES_CoA","LoB","","Y","Y","CONSTANT","30","","Y","OPTIONAL","2016/01/27 14:52:54.759","CUSTOMIZED_USER","2016/01/27 15:01:39.533","CUSTOMIZED_USER","2A531446C81B5C34E053790B548C93D3","Corporate LoB"
"GL#","101","Corp_ES_CoA","Product","","Y","Y","CONSTANT","000","","Y","OPTIONAL","2016/01/27 14:52:54.77","CUSTOMIZED_USER","2016/01/27 15:01:39.534","CUSTOMIZED_USER","2A531446C81B5C34E053790B548C93D3","Corporate Product"
"GL#","101","Corp_ES_CoA","Sub Account","","Y","Y","CONSTANT","00000000","","Y","OPTIONAL","2016/01/27 14:52:54.778","CUSTOMIZED_USER","2016/01/28 13:34:39.011","CUSTOMIZED_USER","2A6570877B575AC4E053790B548CE3C7","Spain Project"
"GL#","101","Corp_EU_CoA","Account","All EU Accounts","Y","Y","","","","Y","OPTIONAL","2015/07/13 15:10:48.597","CUSTOMIZED_USER","2017/09/28 05:03:26.864","CUSTOMIZED_USER","5A39929AD9176BE8E0538DADFD0AE335","EU Account"
"GL#","101","Corp_EU_CoA","Company","ALL CORPORATE COMPANY","Y","Y","","305","","Y","OPTIONAL","2015/07/13 15:10:52.658","CUSTOMIZED_USER","2017/09/28 05:03:26.859","CUSTOMIZED_USER","5A39929AD9176BE8E0538DADFD0AE335","Corporate Company"
"GL#","101","Corp_EU_CoA","Cost Center","All EU Cost Center","Y","Y","CONSTANT","000","","Y","OPTIONAL","2015/07/13 15:10:52.667","CUSTOMIZED_USER","2017/09/28 05:03:26.866","CUSTOMIZED_USER","5A39929AD9176BE8E0538DADFD0AE335","EU Cost Center"
"GL#","101","Corp_EU_CoA","Intercompany","ALL CORPORATE COMPANY","Y","Y","CONSTANT","000","","Y","OPTIONAL","2015/07/13 15:10:52.675","CUSTOMIZED_USER","2017/09/28 05:03:26.87","CUSTOMIZED_USER","5A39929AD9176BE8E0538DADFD0AE335","Corporate Company"
"GL#","101","Corp_EU_CoA","LoB","All Corporate LineOfBusiness","Y","Y","CONSTANT","30","","Y","OPTIONAL","2015/07/13 15:10:52.682","CUSTOMIZED_USER","2017/09/28 05:03:26.862","CUSTOMIZED_USER","5A39929AD9176BE8E0538DADFD0AE335","Corporate LoB"
"GL#","101","Corp_EU_CoA","Product","ALL CORPORATE PRODUCTS","Y","Y","CONSTANT","000","","Y","OPTIONAL","2015/07/13 15:10:52.691","CUSTOMIZED_USER","2017/09/28 05:03:26.868","CUSTOMIZED_USER","5A39929AD9176BE8E0538DADFD0AE335","Corporate Product"
"GL#","101","Corp_FR_CoA","Account","ALL FRANCE ACCOUNTS","Y","Y","","","","Y","OPTIONAL","2013/10/31 10:16:58.974","CUSTOMIZED_USER","2017/09/28 05:05:12.146","CUSTOMIZED_USER","5A39929AD9176BE8E0538DADFD0AE335","France Account"
"GL#","101","Corp_FR_CoA","Company","ALL CORPORATE COMPANY","Y","Y","CONSTANT","311","","Y","OPTIONAL","2013/10/31 10:16:58.885","CUSTOMIZED_USER","2017/09/28 05:05:12.141","CUSTOMIZED_USER","5A39929AD9176BE8E0538DADFD0AE335","Corporate Company"
"GL#","101","Corp_FR_CoA","Cost Center","ALL FRANCE COST CENTER","Y","Y","CONSTANT","000","","Y","OPTIONAL","2013/10/31 10:16:58.979","CUSTOMIZED_USER","2017/09/28 05:05:12.147","CUSTOMIZED_USER","5A39929AD9176BE8E0538DADFD0AE335","France Cost Center"
"GL#","101","Corp_FR_CoA","Intercompany","ALL CORPORATE COMPANY","Y","Y","CONSTANT","000","","Y","OPTIONAL","2013/10/31 10:16:58.989","CUSTOMIZED_USER","2017/09/28 05:05:12.151","CUSTOMIZED_USER","5A39929AD9176BE8E0538DADFD0AE335","Corporate Company"
"GL#","101","Corp_FR_CoA","LoB","All Corporate LineOfBusiness","Y","Y","CONSTANT","30","","Y","OPTIONAL","2013/10/31 10:16:58.968","CUSTOMIZED_USER","2017/09/28 05:05:12.144","CUSTOMIZED_USER","5A39929AD9176BE8E0538DADFD0AE335","Corporate LoB"
"GL#","101","Corp_FR_CoA","Product","ALL CORPORATE PRODUCTS","Y","Y","CONSTANT","000","","Y","OPTIONAL","2013/10/31 10:16:58.983","CUSTOMIZED_USER","2017/09/28 05:05:12.149","CUSTOMIZED_USER","5A39929AD9176BE8E0538DADFD0AE335","Corporate Product"
"GL#","101","Corp_IN_CoA","Account","ALL CORPORATE ACCOUNTS","Y","Y","","","","Y","OPTIONAL","2019/06/12 08:15:55.673","CUSTOMIZED_USER","2019/06/12 08:53:03.039","CUSTOMIZED_USER","8B1B68715EC37AC3E053C390DF0ACFC4","Corporate Account"
"GL#","101","Corp_IN_CoA","Company","ALL CORPORATE COMPANY","Y","Y","CONSTANT","410","","Y","OPTIONAL","2019/06/12 08:15:53.969","CUSTOMIZED_USER","2019/06/12 08:53:03.0","CUSTOMIZED_USER","8B1B68715EC37AC3E053C390DF0ACFC4","Corporate Company"
"GL#","101","Corp_IN_CoA","Cost Center","ALL CORPORATE COST CENTERS","Y","Y","CONSTANT","000","","Y","OPTIONAL","2019/06/12 08:15:55.68","CUSTOMIZED_USER","2019/06/12 08:53:03.048","CUSTOMIZED_USER","8B1B68715EC37AC3E053C390DF0ACFC4","Corporate Cost Center"
"GL#","101","Corp_IN_CoA","Intercompany","ALL CORPORATE COMPANY","Y","Y","CONSTANT","000","","Y","OPTIONAL","2019/06/12 08:15:55.694","CUSTOMIZED_USER","2019/06/12 08:53:03.061","CUSTOMIZED_USER","8B1B68715EC37AC3E053C390DF0ACFC4","Corporate Company"
"GL#","101","Corp_IN_CoA","LoB","All Corporate LineOfBusiness","Y","Y","CONSTANT","40","","Y","OPTIONAL","2019/06/12 08:15:55.665","CUSTOMIZED_USER","2019/06/12 08:53:03.033","CUSTOMIZED_USER","8B1B68715EC37AC3E053C390DF0ACFC4","Corporate LoB"
"GL#","101","Corp_IN_CoA","Product","ALL CORPORATE PRODUCTS","Y","Y","CONSTANT","000","","Y","OPTIONAL","2019/06/12 08:15:55.687","CUSTOMIZED_USER","2019/06/12 08:53:03.057","CUSTOMIZED_USER","8B1B68715EC37AC3E053C390DF0ACFC4","Corporate Product"
"GL#","101","Corp_IT_CoA","Account","","Y","Y","","","","Y","OPTIONAL","2015/08/06 11:32:00.336","CUSTOMIZED_USER","2015/08/06 11:49:00.356","CUSTOMIZED_USER","1CA118056FA7531AE0536204548CFBE8","Italy Account"
"GL#","101","Corp_IT_CoA","Company","","Y","Y","CONSTANT","310","","Y","OPTIONAL","2015/08/06 11:32:02.959","CUSTOMIZED_USER","2015/08/06 11:49:00.344","CUSTOMIZED_USER","1CA118056FA7531AE0536204548CFBE8","Corporate Company"
"GL#","101","Corp_IT_CoA","Cost Center","","Y","Y","CONSTANT","000","","Y","OPTIONAL","2015/08/06 11:32:02.97","CUSTOMIZED_USER","2015/08/06 11:49:00.351","CUSTOMIZED_USER","1CA118056FA7531AE0536204548CFBE8","Italy Cost Center"
"GL#","101","Corp_IT_CoA","Future","","Y","Y","CONSTANT","00000","","Y","OPTIONAL","2015/08/06 11:32:02.979","CUSTOMIZED_USER","2015/08/06 11:49:00.361","CUSTOMIZED_USER","1CA118056FA7531AE0536204548CFBE8","Italy Future"
"GL#","101","Corp_IT_CoA","Intercompany","","Y","Y","CONSTANT","000","","Y","OPTIONAL","2015/08/06 11:32:02.987","CUSTOMIZED_USER","2015/08/06 11:49:00.363","CUSTOMIZED_USER","1CA118056FA7531AE0536204548CFBE8","Corporate Company"
"GL#","101","Corp_IT_CoA","LoB","","Y","Y","CONSTANT","30","","Y","OPTIONAL","2015/08/06 11:32:02.996","CUSTOMIZED_USER","2015/08/06 11:49:00.347","CUSTOMIZED_USER","1CA118056FA7531AE0536204548CFBE8","Corporate LoB"
"GL#","101","Corp_IT_CoA","Product","","Y","Y","CONSTANT","000","","Y","OPTIONAL","2015/08/06 11:32:03.009","CUSTOMIZED_USER","2015/08/06 11:49:00.36","CUSTOMIZED_USER","1CA118056FA7531AE0536204548CFBE8","Corporate Product"
"GL#","101","Corp_IT_CoA","Sub Account","","Y","Y","CONSTANT","00000000","","Y","OPTIONAL","2015/08/06 11:32:03.016","CUSTOMIZED_USER","2015/08/06 11:49:00.358","CUSTOMIZED_USER","1CA118056FA7531AE0536204548CFBE8","Italy Project"
"GL#","101","Corp_JP_CoA","Account","","Y","Y","","","","Y","OPTIONAL","2015/03/10 16:50:58.775","CUSTOMIZED_USER","2015/03/10 17:03:43.366","CUSTOMIZED_USER","10EF56B27BF24CCFE0536204548CAA7D","Japan Account"
"GL#","101","Corp_JP_CoA","Company","","Y","Y","CONSTANT","403","","Y","OPTIONAL","2015/03/10 16:50:58.785","CUSTOMIZED_USER","2015/03/10 17:03:43.37","CUSTOMIZED_USER","10EF56B27BF24CCFE0536204548CAA7D","Corporate Company"
"GL#","101","Corp_JP_CoA","Cost Center","","Y","Y","CONSTANT","0000","","Y","OPTIONAL","2015/03/10 16:50:58.826","CUSTOMIZED_USER","2015/03/10 17:03:43.371","CUSTOMIZED_USER","10EF56B27BF24CCFE0536204548CAA7D","Japan Cost Center"
"GL#","101","Corp_JP_CoA","Future","","Y","Y","CONSTANT","00000","","Y","OPTIONAL","2015/03/10 16:50:58.848","CUSTOMIZED_USER","2015/03/10 17:03:43.376","CUSTOMIZED_USER","10EF56B27BF24CCFE0536204548CAA7D","Japan Future"
"GL#","101","Corp_JP_CoA","Intercompany","","Y","Y","CONSTANT","000","","Y","OPTIONAL","2015/03/10 16:50:58.854","CUSTOMIZED_USER","2015/03/10 19:27:56.0","CUSTOMIZED_USER","10F3FDF6E46F4ABBE0536204548CBA9E","Corporate Company"
"GL#","101","Corp_JP_CoA","LoB","","Y","Y","CONSTANT","40","","Y","OPTIONAL","2015/03/10 16:50:58.833","CUSTOMIZED_USER","2015/03/10 17:03:43.373","CUSTOMIZED_USER","10EF56B27BF24CCFE0536204548CAA7D","Corporate LoB"
"GL#","101","Corp_JP_CoA","Product","","Y","Y","CONSTANT","000","","Y","OPTIONAL","2015/03/10 16:50:58.84","CUSTOMIZED_USER","2015/03/10 17:03:43.374","CUSTOMIZED_USER","10EF56B27BF24CCFE0536204548CAA7D","Corporate Product"
"GL#","101","Corp_JP_CoA","Sub Account","","Y","Y","CONSTANT","0000","","Y","OPTIONAL","2015/03/10 16:50:57.495","CUSTOMIZED_USER","2015/03/10 17:03:43.363","CUSTOMIZED_USER","10EF56B27BF24CCFE0536204548CAA7D","Japan Sub Account"
"GL#","101","Corp_MX_CoA","Account","ALL CORPORATE ACCOUNTS","Y","Y","","","","Y","OPTIONAL","2020/04/02 07:39:42.647","CUSTOMIZED_USER","2020/04/02 07:52:11.537","CUSTOMIZED_USER","A23AEAB8C488E5B3E053B090DF0AC76E","Corporate Account"
"GL#","101","Corp_MX_CoA","Company","ALL CORPORATE COMPANY","Y","Y","CONSTANT","251","","Y","OPTIONAL","2020/04/02 07:39:42.315","CUSTOMIZED_USER","2020/04/02 07:52:11.508","CUSTOMIZED_USER","A23AEAB8C488E5B3E053B090DF0AC76E","Corporate Company"
"GL#","101","Corp_MX_CoA","Cost Center","ALL CORPORATE COST CENTERS","Y","Y","CONSTANT","000","","Y","OPTIONAL","2020/04/02 07:39:42.66","CUSTOMIZED_USER","2020/04/02 07:52:11.551","CUSTOMIZED_USER","A23AEAB8C488E5B3E053B090DF0AC76E","Corporate Cost Center"
"GL#","101","Corp_MX_CoA","Intercompany","ALL CORPORATE COMPANY","Y","Y","CONSTANT","000","","Y","OPTIONAL","2020/04/02 07:39:42.693","CUSTOMIZED_USER","2020/04/02 07:52:11.564","CUSTOMIZED_USER","A23AEAB8C488E5B3E053B090DF0AC76E","Corporate Company"
"GL#","101","Corp_MX_CoA","LoB","All Corporate LineOfBusiness","Y","Y","CONSTANT","40","","Y","OPTIONAL","2020/04/02 07:39:42.634","CUSTOMIZED_USER","2020/04/02 07:52:11.53","CUSTOMIZED_USER","A23AEAB8C488E5B3E053B090DF0AC76E","Corporate LoB"
"GL#","101","Corp_MX_CoA","Product","ALL CORPORATE PRODUCTS","Y","Y","CONSTANT","000","","Y","OPTIONAL","2020/04/02 07:39:42.673","CUSTOMIZED_USER","2020/04/02 07:52:11.559","CUSTOMIZED_USER","A23AEAB8C488E5B3E053B090DF0AC76E","Corporate Product"
"GL#","101","Corp_PL_CoA","Account","","Y","Y","","","","Y","OPTIONAL","2018/08/20 14:05:21.739","CUSTOMIZED_USER","2018/08/20 14:34:47.045","CUSTOMIZED_USER","73DEAEF737D53BF1E0537990DF0AE144","Poland Account"
"GL#","101","Corp_PL_CoA","Company","ALL CORPORATE COMPANY","Y","Y","CONSTANT","322","","Y","OPTIONAL","2018/08/20 14:05:19.189","CUSTOMIZED_USER","2018/08/20 14:34:46.993","CUSTOMIZED_USER","73DEAEF737D53BF1E0537990DF0AE144","Corporate Company"
"GL#","101","Corp_PL_CoA","Cost Center","ALL CORPORATE COST CENTERS","Y","Y","CONSTANT","000","","Y","OPTIONAL","2018/08/20 14:05:21.598","CUSTOMIZED_USER","2018/08/20 14:43:48.67","CUSTOMIZED_USER","73DEAEF737D53BF1E0537990DF0AE144","Corporate Cost Center"
"GL#","101","Corp_PL_CoA","Future","","Y","Y","CONSTANT","00000","","Y","OPTIONAL","2018/08/20 14:05:21.853","CUSTOMIZED_USER","2018/08/20 16:18:04.647","CUSTOMIZED_USER","73DEAEF737D53BF1E0537990DF0AE144","Poland Tax"
"GL#","101","Corp_PL_CoA","Intercompany","ALL CORPORATE COMPANY","Y","Y","CONSTANT","000","","Y","OPTIONAL","2018/08/20 14:05:21.871","CUSTOMIZED_USER","2018/08/20 14:34:47.062","CUSTOMIZED_USER","73DEAEF737D53BF1E0537990DF0AE144","Corporate Company"
"GL#","101","Corp_PL_CoA","LoB","All Corporate LineOfBusiness","Y","Y","CONSTANT","30","","Y","OPTIONAL","2018/08/20 14:05:21.577","CUSTOMIZED_USER","2018/08/20 14:34:47.037","CUSTOMIZED_USER","73DEAEF737D53BF1E0537990DF0AE144","Corporate LoB"
"GL#","101","Corp_PL_CoA","Product","ALL CORPORATE PRODUCTS","Y","Y","CONSTANT","000","","Y","OPTIONAL","2018/08/20 14:05:21.802","CUSTOMIZED_USER","2018/08/20 14:34:47.057","CUSTOMIZED_USER","73DEAEF737D53BF1E0537990DF0AE144","Corporate Product"
"GL#","101","Corp_PL_CoA","Sub Account","","Y","Y","CONSTANT","00000000","","Y","OPTIONAL","2018/08/20 14:05:21.779","CUSTOMIZED_USER","2018/08/20 16:18:04.639","CUSTOMIZED_USER","73DEAEF737D53BF1E0537990DF0AE144","Poland SubAccount"
"GL#","101","Corp_SAU_CoA","Account","ALL CORPORATE ACCOUNTS","Y","Y","","","","Y","OPTIONAL","2017/11/09 12:13:46.414","CUSTOMIZED_USER","2017/11/09 12:23:09.911","CUSTOMIZED_USER","5D8ACEE36BF25F52E0538DADFD0A7304","Corporate Account"
"GL#","101","Corp_SAU_CoA","Company","ALL CORPORATE COMPANY","Y","Y","CONSTANT","352","","Y","OPTIONAL","2017/11/09 12:13:48.701","CUSTOMIZED_USER","2017/11/09 12:23:09.923","CUSTOMIZED_USER","5D8ACEE36BF25F52E0538DADFD0A7304","Corporate Company"
"GL#","101","Corp_SAU_CoA","Cost Center","ALL CORPORATE COST CENTERS","Y","Y","CONSTANT","000","","Y","OPTIONAL","2017/11/09 12:13:48.712","CUSTOMIZED_USER","2017/11/09 12:23:09.929","CUSTOMIZED_USER","5D8ACEE36BF25F52E0538DADFD0A7304","Corporate Cost Center"
"GL#","101","Corp_SAU_CoA","Intercompany","ALL CORPORATE COMPANY","Y","Y","CONSTANT","000","","Y","OPTIONAL","2017/11/09 12:13:48.72","CUSTOMIZED_USER","2017/11/09 12:23:09.936","CUSTOMIZED_USER","5D8ACEE36BF25F52E0538DADFD0A7304","Corporate Company"
"GL#","101","Corp_SAU_CoA","LoB","All Corporate LineOfBusiness","Y","Y","CONSTANT","30","","Y","OPTIONAL","2017/11/09 12:13:48.728","CUSTOMIZED_USER","2017/11/09 12:23:09.938","CUSTOMIZED_USER","5D8ACEE36BF25F52E0538DADFD0A7304","Corporate LoB"
"GL#","101","Corp_SAU_CoA","Product","ALL CORPORATE PRODUCTS","Y","Y","CONSTANT","000","","Y","OPTIONAL","2017/11/09 12:13:48.753","CUSTOMIZED_USER","2017/11/09 12:23:09.939","CUSTOMIZED_USER","5D8ACEE36BF25F52E0538DADFD0A7304","Corporate Product"
"GL#","101","Corp_SE_CoA","Account","All Sweden Accounts","Y","Y","","","","Y","OPTIONAL","2017/01/13 14:38:43.762","CUSTOMIZED_USER","2017/09/28 05:07:03.449","CUSTOMIZED_USER","5A39929AD9176BE8E0538DADFD0AE335","Sweden Account"
"GL#","101","Corp_SE_CoA","Company","ALL CORPORATE COMPANY","Y","Y","CONSTANT","302","","Y","OPTIONAL","2017/01/13 14:38:48.169","CUSTOMIZED_USER","2017/09/28 05:07:03.445","CUSTOMIZED_USER","5A39929AD9176BE8E0538DADFD0AE335","Corporate Company"
"GL#","101","Corp_SE_CoA","Cost Center","All Sweden Cost Center","Y","Y","CONSTANT","000","","Y","OPTIONAL","2017/01/13 14:38:48.182","CUSTOMIZED_USER","2017/09/28 05:07:03.451","CUSTOMIZED_USER","5A39929AD9176BE8E0538DADFD0AE335","Sweden Cost Center"
"GL#","101","Corp_SE_CoA","Intercompany","ALL CORPORATE COMPANY","Y","Y","CONSTANT","000","","Y","OPTIONAL","2017/01/13 14:38:48.19","CUSTOMIZED_USER","2017/09/28 05:07:03.455","CUSTOMIZED_USER","5A39929AD9176BE8E0538DADFD0AE335","Corporate Company"
"GL#","101","Corp_SE_CoA","LoB","All Corporate LineOfBusiness","Y","Y","CONSTANT","30","","Y","OPTIONAL","2017/01/13 14:38:48.201","CUSTOMIZED_USER","2017/09/28 05:07:03.447","CUSTOMIZED_USER","5A39929AD9176BE8E0538DADFD0AE335","Corporate LoB"
"GL#","101","Corp_SE_CoA","Product","ALL CORPORATE PRODUCTS","Y","Y","CONSTANT","000","","Y","OPTIONAL","2017/01/13 14:38:48.214","CUSTOMIZED_USER","2017/09/28 05:07:03.453","CUSTOMIZED_USER","5A39929AD9176BE8E0538DADFD0AE335","Corporate Product"
"GL#","101","Corp_TR_CoA","Account","","Y","Y","","","","Y","OPTIONAL","2017/04/21 09:46:42.588","CUSTOMIZED_USER","2017/04/21 10:19:29.277","CUSTOMIZED_USER","4DAA55DD18FC42FCE053C4AEFD0AE1CF","Turkey Account"
"GL#","101","Corp_TR_CoA","Company","","Y","Y","CONSTANT","315","","Y","OPTIONAL","2017/04/21 09:46:55.469","CUSTOMIZED_USER","2017/04/21 10:19:29.286","CUSTOMIZED_USER","4DAA55DD18FC42FCE053C4AEFD0AE1CF","Corporate Company"
"GL#","101","Corp_TR_CoA","Cost Center","","Y","Y","CONSTANT","000","","Y","OPTIONAL","2017/04/21 09:46:55.492","CUSTOMIZED_USER","2017/04/21 13:45:39.0","CUSTOMIZED_USER","4DACF7C040391C2CE053C4AEFD0AC0D5","Turkey Cost Center"
"GL#","101","Corp_TR_CoA","Future","","Y","Y","CONSTANT","00000","","Y","OPTIONAL","2017/04/21 09:46:55.751","CUSTOMIZED_USER","2017/04/21 13:45:39.042","CUSTOMIZED_USER","4DACF7C040391C2CE053C4AEFD0AC0D5","Turkey Future"
"GL#","101","Corp_TR_CoA","Intercompany","","Y","Y","CONSTANT","000","","Y","OPTIONAL","2017/04/21 09:46:55.77","CUSTOMIZED_USER","2017/04/21 10:19:29.295","CUSTOMIZED_USER","4DAA55DD18FC42FCE053C4AEFD0AE1CF","Corporate Company"
"GL#","101","Corp_TR_CoA","LoB","","Y","Y","CONSTANT","30","","Y","OPTIONAL","2017/04/21 09:46:55.784","CUSTOMIZED_USER","2017/04/21 10:19:29.297","CUSTOMIZED_USER","4DAA55DD18FC42FCE053C4AEFD0AE1CF","Corporate LoB"
"GL#","101","Corp_TR_CoA","Product","","Y","Y","CONSTANT","000","","Y","OPTIONAL","2017/04/21 09:46:55.819","CUSTOMIZED_USER","2017/04/21 10:19:29.299","CUSTOMIZED_USER","4DAA55DD18FC42FCE053C4AEFD0AE1CF","Corporate Product"
"GL#","101","Corp_TR_CoA","Sub Account","","Y","Y","CONSTANT","00000000","","Y","OPTIONAL","2017/04/21 09:46:55.837","CUSTOMIZED_USER","2017/04/21 13:45:39.039","CUSTOMIZED_USER","4DACF7C040391C2CE053C4AEFD0AC0D5","Turkey Project"
"GL#","101","Corp_UAE_CoA","Account","ALL CORPORATE ACCOUNTS","Y","Y","","","","Y","OPTIONAL","2017/08/22 15:29:44.014","CUSTOMIZED_USER","2017/08/22 15:51:53.29","CUSTOMIZED_USER","574D1263C5266750E0538DADFD0A7CFC","Corporate Account"
"GL#","101","Corp_UAE_CoA","Company","ALL CORPORATE COMPANY","Y","Y","CONSTANT","351","","Y","OPTIONAL","2017/08/22 15:29:44.217","CUSTOMIZED_USER","2017/08/22 15:51:53.303","CUSTOMIZED_USER","574D1263C5266750E0538DADFD0A7CFC","Corporate Company"
"GL#","101","Corp_UAE_CoA","Cost Center","ALL CORPORATE COST CENTERS","Y","Y","CONSTANT","000","","Y","OPTIONAL","2017/08/22 15:29:44.241","CUSTOMIZED_USER","2017/08/22 15:51:53.314","CUSTOMIZED_USER","574D1263C5266750E0538DADFD0A7CFC","Corporate Cost Center"
"GL#","101","Corp_UAE_CoA","Intercompany","ALL CORPORATE COMPANY","Y","Y","CONSTANT","000","","Y","OPTIONAL","2017/08/22 15:29:44.274","CUSTOMIZED_USER","2017/08/22 15:51:53.321","CUSTOMIZED_USER","574D1263C5266750E0538DADFD0A7CFC","Corporate Company"
"GL#","101","Corp_UAE_CoA","LoB","All Corporate LineOfBusiness","Y","Y","CONSTANT","30","","Y","OPTIONAL","2017/08/22 15:29:44.309","CUSTOMIZED_USER","2017/08/22 15:51:53.324","CUSTOMIZED_USER","574D1263C5266750E0538DADFD0A7CFC","Corporate LoB"
"GL#","101","Corp_UAE_CoA","Product","ALL CORPORATE PRODUCTS","Y","Y","CONSTANT","000","","Y","OPTIONAL","2017/08/22 15:29:44.376","CUSTOMIZED_USER","2017/08/22 15:51:53.327","CUSTOMIZED_USER","574D1263C5266750E0538DADFD0A7CFC","Corporate Product"
"GL#","101","Corp_UK_CoA","Account","ALL UK ACCOUNTS","Y","Y","","","","Y","OPTIONAL","2013/11/01 14:23:09.325","CUSTOMIZED_USER","2017/09/28 05:09:20.972","CUSTOMIZED_USER","5A39929AD9176BE8E0538DADFD0AE335","UK Account"
"GL#","101","Corp_UK_CoA","Company","ALL CORPORATE COMPANY","Y","Y","CONSTANT","303","","Y","OPTIONAL","2013/11/01 14:23:09.174","CUSTOMIZED_USER","2017/09/28 05:09:20.969","CUSTOMIZED_USER","5A39929AD9176BE8E0538DADFD0AE335","Corporate Company"
"GL#","101","Corp_UK_CoA","Cost Center","ALL UK COST CENTER","Y","Y","CONSTANT","000","","Y","OPTIONAL","2013/11/01 14:23:09.33","CUSTOMIZED_USER","2017/09/28 05:09:20.974","CUSTOMIZED_USER","5A39929AD9176BE8E0538DADFD0AE335","UK Cost Center"
"GL#","101","Corp_UK_CoA","Intercompany","ALL CORPORATE COMPANY","Y","Y","CONSTANT","000","","Y","OPTIONAL","2013/11/01 14:23:09.34","CUSTOMIZED_USER","2017/09/28 05:09:20.978","CUSTOMIZED_USER","5A39929AD9176BE8E0538DADFD0AE335","Corporate Company"
"GL#","101","Corp_UK_CoA","LoB","All Corporate LineOfBusiness","Y","Y","CONSTANT","30","","Y","OPTIONAL","2013/11/01 14:23:09.32","CUSTOMIZED_USER","2017/09/28 05:09:20.971","CUSTOMIZED_USER","5A39929AD9176BE8E0538DADFD0AE335","Corporate LoB"
"GL#","101","Corp_UK_CoA","Product","ALL CORPORATE PRODUCTS","Y","Y","CONSTANT","000","","Y","OPTIONAL","2013/11/01 14:23:09.335","CUSTOMIZED_USER","2017/09/28 05:09:20.976","CUSTOMIZED_USER","5A39929AD9176BE8E0538DADFD0AE335","Corporate Product"
"GL#","101","Corp_US_CoA","Account","ALL CORPORATE ACCOUNTS","Y","Y","","","","Y","OPTIONAL","2013/10/24 13:41:26.201","CUSTOMIZED_USER","2017/09/28 05:11:40.089","CUSTOMIZED_USER","5A39929AD9176BE8E0538DADFD0AE335","Corporate Account"
"GL#","101","Corp_US_CoA","Company","ALL CORPORATE COMPANY","Y","Y","CONSTANT","101","","Y","OPTIONAL","2013/10/24 13:41:26.119","CUSTOMIZED_USER","2016/03/16 21:05:39.0","CUSTOMIZED_USER","2E31C98CC991371AE053790B548C3093","Corporate Company"
"GL#","101","Corp_US_CoA","Cost Center","ALL CORPORATE COST CENTERS","Y","Y","CONSTANT","000","","Y","OPTIONAL","2013/10/24 13:41:26.204","CUSTOMIZED_USER","2016/03/16 21:05:39.032","CUSTOMIZED_USER","2E31C98CC991371AE053790B548C3093","Corporate Cost Center"
"GL#","101","Corp_US_CoA","Intercompany","ALL CORPORATE COMPANY","Y","Y","CONSTANT","000","","Y","OPTIONAL","2013/10/24 13:41:26.213","CUSTOMIZED_USER","2016/03/16 21:05:39.036","CUSTOMIZED_USER","2E31C98CC991371AE053790B548C3093","Corporate Company"
"GL#","101","Corp_US_CoA","LoB","All Corporate LineOfBusiness","Y","Y","CONSTANT","10","","Y","OPTIONAL","2013/10/24 13:41:26.197","CUSTOMIZED_USER","2017/05/05 13:01:17.0","CUSTOMIZED_USER","4EC763021F645AA6E053C4AEFD0AB8B0","Corporate LoB"
"GL#","101","Corp_US_CoA","Product","ALL CORPORATE PRODUCTS","Y","Y","CONSTANT","000","","Y","OPTIONAL","2013/10/24 13:41:26.209","CUSTOMIZED_USER","2016/03/16 21:05:39.034","CUSTOMIZED_USER","2E31C98CC991371AE053790B548C3093","Corporate Product"
"GL#","101","Federal_US_COA","Account","","Y","Y","","","","Y","OPTIONAL","2021/01/07 13:51:12.86","CUSTOMIZED_USER","2021/01/07 13:54:13.209","CUSTOMIZED_USER","B84F48D8A56DF148E0539E90DF0A2828","Fed US Account"
"GL#","101","Federal_US_COA","Budget Fiscal Year","","Y","Y","CONSTANT","2021","","Y","OPTIONAL","2021/01/07 13:51:12.874","CUSTOMIZED_USER","2021/01/07 15:28:51.092","CUSTOMIZED_USER","B84F48D8A56DF148E0539E90DF0A2828","Fed US Budget Fiscal Year"
"GL#","101","Federal_US_COA","Cohort Year","","Y","Y","CONSTANT","2021","","Y","OPTIONAL","2021/01/07 13:51:12.884","CUSTOMIZED_USER","2021/01/07 15:28:51.102","CUSTOMIZED_USER","B84F48D8A56DF148E0539E90DF0A2828","Fed US Cohort Year"
"GL#","101","Federal_US_COA","Cost Center","","Y","Y","CONSTANT","000000","","Y","OPTIONAL","2021/01/07 13:51:12.829","CUSTOMIZED_USER","2021/01/07 15:28:51.049","CUSTOMIZED_USER","B84F48D8A56DF148E0539E90DF0A2828","Fed US Cost Center"
"GL#","101","Federal_US_COA","Fund","","Y","Y","CONSTANT","F555X0118DA","","Y","OPTIONAL","2021/01/07 13:51:11.705","CUSTOMIZED_USER","2021/01/07 15:28:51.0","CUSTOMIZED_USER","B84F48D8A56DF148E0539E90DF0A2828","Fed US Fund"
"GL#","101","Federal_US_COA","Future1","","Y","Y","CONSTANT","00000000","","Y","OPTIONAL","2021/01/07 13:51:12.905","CUSTOMIZED_USER","2021/01/07 15:28:51.119","CUSTOMIZED_USER","B84F48D8A56DF148E0539E90DF0A2828","Fed US Future1"
"GL#","101","Federal_US_COA","Future2","","Y","Y","CONSTANT","00000000","","Y","OPTIONAL","2021/01/07 13:51:12.915","CUSTOMIZED_USER","2021/01/07 15:28:51.128","CUSTOMIZED_USER","B84F48D8A56DF148E0539E90DF0A2828","Fed US Future2"
"GL#","101","Federal_US_COA","Object Code","","Y","Y","CONSTANT","000000","","Y","OPTIONAL","2021/01/07 13:51:12.839","CUSTOMIZED_USER","2021/01/07 15:28:51.065","CUSTOMIZED_USER","B84F48D8A56DF148E0539E90DF0A2828","Fed US Object Code"
"GL#","101","Federal_US_COA","Program","","Y","Y","CONSTANT","0000","","Y","OPTIONAL","2021/01/07 13:51:12.816","CUSTOMIZED_USER","2021/01/07 15:28:51.033","CUSTOMIZED_USER","B84F48D8A56DF148E0539E90DF0A2828","Fed US Program"
"GL#","101","Federal_US_COA","Project","","Y","Y","CONSTANT","0000","","Y","OPTIONAL","2021/01/07 13:51:12.848","CUSTOMIZED_USER","2021/01/07 15:28:51.074","CUSTOMIZED_USER","B84F48D8A56DF148E0539E90DF0A2828","Fed US Project"
"GL#","101","Federal_US_COA","Year of Budget Auth","","Y","Y","CONSTANT","2021","","Y","OPTIONAL","2021/01/07 13:51:12.893","CUSTOMIZED_USER","2021/01/07 15:28:51.11","CUSTOMIZED_USER","B84F48D8A56DF148E0539E90DF0A2828","Fed US Year of Budget Auth"
"GL#","101","Fin_Svcs_CoA","Account","","Y","Y","","","","Y","OPTIONAL","2016/01/20 13:22:07.879","CUSTOMIZED_USER","2016/01/20 13:25:07.548","CUSTOMIZED_USER","29C416DF662C7AD7E053790B548C8097","Fin Svcs Account"
"GL#","101","Fin_Svcs_CoA","Affiliate","","Y","Y","","","","Y","OPTIONAL","2016/01/20 13:22:11.327","CUSTOMIZED_USER","2016/01/20 13:25:07.551","CUSTOMIZED_USER","29C416DF662C7AD7E053790B548C8097","Fin Svcs Legal Entity"
"GL#","101","Fin_Svcs_CoA","Cost Center","","Y","Y","","","","Y","OPTIONAL","2016/01/20 13:22:11.335","CUSTOMIZED_USER","2016/01/20 13:25:07.553","CUSTOMIZED_USER","29C416DF662C7AD7E053790B548C8097","Fin Svcs Cost Center"
"GL#","101","Fin_Svcs_CoA","Future Use1","","Y","Y","","","","Y","OPTIONAL","2016/01/20 13:22:11.341","CUSTOMIZED_USER","2016/01/20 13:25:07.554","CUSTOMIZED_USER","29C416DF662C7AD7E053790B548C8097","Fin Svcs Future Use1"
"GL#","101","Fin_Svcs_CoA","Future Use2","","Y","Y","","","","Y","OPTIONAL","2016/01/20 13:22:11.348","CUSTOMIZED_USER","2016/01/20 13:25:07.555","CUSTOMIZED_USER","29C416DF662C7AD7E053790B548C8097","Fin Svcs Future Use2"
"GL#","101","Fin_Svcs_CoA","Legal Entity","","Y","Y","","","","Y","OPTIONAL","2016/01/20 13:22:11.354","CUSTOMIZED_USER","2016/01/20 13:25:07.556","CUSTOMIZED_USER","29C416DF662C7AD7E053790B548C8097","Fin Svcs Legal Entity"
"GL#","101","Fin_Svcs_CoA","Product","","Y","Y","","","","Y","OPTIONAL","2016/01/20 13:22:11.362","CUSTOMIZED_USER","2016/01/20 13:25:07.558","CUSTOMIZED_USER","29C416DF662C7AD7E053790B548C8097","Fin Svcs Product"
"GL#","101","HC_Payor_US_CoA","Account","","Y","Y","","","","Y","OPTIONAL","2018/09/06 14:29:53.34","CUSTOMIZED_USER","2018/09/06 14:36:59.61","CUSTOMIZED_USER","75316ADECB4121D7E0537990DF0A4AE0","HC Payor Account"
"GL#","101","HC_Payor_US_CoA","Company","","Y","Y","CONSTANT","101","","Y","OPTIONAL","2018/09/06 14:29:53.264","CUSTOMIZED_USER","2018/09/07 08:13:46.0","CUSTOMIZED_USER","754328E45EF6027AE0537990DF0A5805","HC Payor Company"
"GL#","101","HC_Payor_US_CoA","Cost Center","","Y","Y","CONSTANT","000","","Y","OPTIONAL","2018/09/06 14:29:53.355","CUSTOMIZED_USER","2018/09/07 08:13:46.017","CUSTOMIZED_USER","754328E45EF6027AE0537990DF0A5805","HC Payor Cost Center"
"GL#","101","HC_Payor_US_CoA","Intercompany","","Y","Y","CONSTANT","000","","Y","OPTIONAL","2018/09/06 14:29:53.375","CUSTOMIZED_USER","2018/09/07 08:13:46.022","CUSTOMIZED_USER","754328E45EF6027AE0537990DF0A5805","HC Payor Company"
"GL#","101","HC_Payor_US_CoA","LoB","","Y","Y","CONSTANT","00","","Y","OPTIONAL","2018/09/06 14:29:53.325","CUSTOMIZED_USER","2018/09/07 08:13:46.005","CUSTOMIZED_USER","754328E45EF6027AE0537990DF0A5805","HC Payor LoB"
"GL#","101","HC_Payor_US_CoA","Product","","Y","Y","CONSTANT","000","","Y","OPTIONAL","2018/09/06 14:29:53.366","CUSTOMIZED_USER","2018/09/07 08:13:46.021","CUSTOMIZED_USER","754328E45EF6027AE0537990DF0A5805","HC Payor Product"
"GL#","101","Healthcare_US_CoA","Account","","Y","Y","","","","Y","OPTIONAL","2015/04/10 17:42:44.608","CUSTOMIZED_USER","2015/04/10 17:46:18.865","CUSTOMIZED_USER","13624EFC810658CAE0536204548C93C8","Healthcare Account"
"GL#","101","Healthcare_US_CoA","Department","","Y","Y","CONSTANT","00000","","Y","OPTIONAL","2015/04/10 17:42:45.705","CUSTOMIZED_USER","2015/04/13 13:25:41.021","CUSTOMIZED_USER","139BA3B1DD947F52E0536204548CA58E","Healthcare Department"
"GL#","101","Healthcare_US_CoA","Entity","","Y","Y","CONSTANT","110","","Y","OPTIONAL","2015/04/10 17:42:45.712","CUSTOMIZED_USER","2015/04/13 13:25:41.0","CUSTOMIZED_USER","139BA3B1DD947F52E0536204548CA58E","Healthcare Entity"
"GL#","101","Healthcare_US_CoA","Future","","Y","Y","CONSTANT","00000","","Y","OPTIONAL","2015/04/10 17:42:45.718","CUSTOMIZED_USER","2015/04/13 13:25:41.029","CUSTOMIZED_USER","139BA3B1DD947F52E0536204548CA58E","Healthcare Future"
"GL#","101","Healthcare_US_CoA","InterEntity","","Y","Y","CONSTANT","000","","Y","OPTIONAL","2015/04/10 17:42:45.724","CUSTOMIZED_USER","2015/04/13 13:25:41.028","CUSTOMIZED_USER","139BA3B1DD947F52E0536204548CA58E","Healthcare Entity"
"GL#","101","Healthcare_US_CoA","Physician","","Y","Y","CONSTANT","000","","Y","OPTIONAL","2015/04/10 17:42:45.731","CUSTOMIZED_USER","2015/04/13 13:25:41.027","CUSTOMIZED_USER","139BA3B1DD947F52E0536204548CA58E","Healthcare Physician"
"GL#","101","Healthcare_US_CoA","Program","","Y","Y","CONSTANT","00000","","Y","OPTIONAL","2015/04/10 17:42:45.74","CUSTOMIZED_USER","2015/04/13 13:25:41.025","CUSTOMIZED_USER","139BA3B1DD947F52E0536204548CA58E","Healthcare Program"
"GL#","101","Healthcare_US_CoA","Sub Account","","Y","Y","CONSTANT","00","","Y","OPTIONAL","2015/04/10 17:42:45.747","CUSTOMIZED_USER","2015/04/13 13:25:41.024","CUSTOMIZED_USER","139BA3B1DD947F52E0536204548CA58E","Healthcare Sub Account"
"GL#","101","Progress UK","Account","Account Progress UK","Y","Y","","","","Y","OPTIONAL","2021/01/11 11:26:29.321","CUSTOMIZED_USER","2021/01/11 11:26:35.955","CUSTOMIZED_USER","B89F1EA4B0A9D01CE0539E90DF0AE185","Account Progress UK"
"GL#","101","Progress UK","Analysis","Analysis Progress UK","Y","Y","CONSTANT","000","","Y","OPTIONAL","2021/01/11 11:26:31.175","CUSTOMIZED_USER","2021/04/26 08:54:54.144","CUSTOMIZED_USER","BF98F80CDEF46478E0532D60FD0A1BB2","Analysis Progress UK"
"GL#","101","Progress UK","Company","Company Progress UK","Y","Y","CONSTANT","110","","Y","OPTIONAL","2021/01/11 11:26:28.978","CUSTOMIZED_USER","2021/04/26 08:54:54.0","CUSTOMIZED_USER","BF98F80CDEF46478E0532D60FD0A1BB2","Company Progress UK"
"GL#","101","Progress UK","Department","Department Progress UK","Y","Y","CONSTANT","00010","","Y","OPTIONAL","2021/01/11 11:26:29.956","CUSTOMIZED_USER","2021/04/26 08:54:54.119","CUSTOMIZED_USER","BF98F80CDEF46478E0532D60FD0A1BB2","Department Progress UK"
"GL#","101","Progress UK","Fund","Fund Progress UK","Y","Y","CONSTANT","000","","Y","OPTIONAL","2021/01/11 11:26:30.909","CUSTOMIZED_USER","2021/04/26 08:54:54.134","CUSTOMIZED_USER","BF98F80CDEF46478E0532D60FD0A1BB2","Fund Progress UK"
"GL#","101","Progress UK","Future","Future Progress UK","Y","Y","CONSTANT","000","","Y","OPTIONAL","2021/01/11 11:26:31.955","CUSTOMIZED_USER","2021/04/26 08:54:54.164","CUSTOMIZED_USER","BF98F80CDEF46478E0532D60FD0A1BB2","Future Progress UK"
"GL#","101","Progress UK","Intercompany","Intercompany Progress UK","Y","Y","CONSTANT","110","","Y","OPTIONAL","2021/01/11 11:26:31.329","CUSTOMIZED_USER","2021/04/26 08:54:54.153","CUSTOMIZED_USER","BF98F80CDEF46478E0532D60FD0A1BB2","Intercompany Progress UK"
"GL#","101","Public_Sector_US_CoA","Account","ALL PROGRESS ACCOUNTS","Y","Y","","","","Y","OPTIONAL","2014/06/04 13:06:25.493","CUSTOMIZED_USER","2022/02/15 16:33:48.189","CUSTOMIZED_USER","D7C9D71242B4325DE0530264FD0AF743","Progress Account"
"GL#","101","Public_Sector_US_CoA","Budget Reference","","Y","Y","CONSTANT","2021","","Y","OPTIONAL","2014/06/04 13:06:26.862","CUSTOMIZED_USER","2020/06/29 12:18:27.0","CUSTOMIZED_USER","A938F4F7915B1EEEE0539E90DF0A3CA3","Progress Budget Reference"
"GL#","101","Public_Sector_US_CoA","Department","ALL PROGRESS DEPARTMENT","Y","Y","","","","Y","OPTIONAL","2014/06/04 13:06:26.875","CUSTOMIZED_USER","2022/02/15 16:33:48.167","CUSTOMIZED_USER","D7C9D71242B4325DE0530264FD0AF743","Progress Department"
"GL#","101","Public_Sector_US_CoA","Fund","ALL PROGRESS FUND","Y","Y","CONSTANT","1001","","Y","OPTIONAL","2014/06/04 13:06:26.882","CUSTOMIZED_USER","2022/02/15 16:33:48.0","CUSTOMIZED_USER","D7C9D71242B4325DE0530264FD0AF743","Progress Fund"
"GL#","101","Public_Sector_US_CoA","Funding Source","","Y","Y","CONSTANT","0000","","Y","OPTIONAL","2014/06/04 13:06:26.889","CUSTOMIZED_USER","2014/06/12 17:09:48.334","CUSTOMIZED_USER","FBA28F2C04B46FC6E0436204548C3017","Progress Funding Source"
"GL#","101","Public_Sector_US_CoA","Program","ALL PROGRESS PROGRAM","Y","Y","CONSTANT","1000","","Y","OPTIONAL","2014/06/04 13:06:26.898","CUSTOMIZED_USER","2022/02/15 16:33:48.196","CUSTOMIZED_USER","D7C9D71242B4325DE0530264FD0AF743","Progress Program"
"GL#","101","Public_Sector_US_CoA","Project","","Y","Y","CONSTANT","00000000","","Y","OPTIONAL","2014/06/04 13:06:26.911","CUSTOMIZED_USER","2014/06/12 17:09:48.332","CUSTOMIZED_USER","FBA28F2C04B46FC6E0436204548C3017","Progress Project"
"GL#","101","Stat_IT_CoA","Account","","Y","Y","","","","Y","OPTIONAL","2015/10/16 13:53:58.976","CUSTOMIZED_USER","2015/10/16 13:58:34.846","CUSTOMIZED_USER","2239F303B15B0FB8E053790B548C2ABE","Italy Account"
"GL#","101","Stat_IT_CoA","Company","","Y","Y","CONSTANT","310","","Y","OPTIONAL","2015/10/16 13:53:55.63","CUSTOMIZED_USER","2015/10/16 13:58:34.839","CUSTOMIZED_USER","2239F303B15B0FB8E053790B548C2ABE","Corporate Company"
"GL#","101","Stat_IT_CoA","Cost Center","","Y","Y","CONSTANT","000","","Y","OPTIONAL","2015/10/16 13:53:58.984","CUSTOMIZED_USER","2015/10/16 13:58:34.849","CUSTOMIZED_USER","2239F303B15B0FB8E053790B548C2ABE","Italy Cost Center"
"GL#","101","University_US_COA","Account","","Y","Y","","","","Y","OPTIONAL","2014/11/10 09:48:12.735","CUSTOMIZED_USER","2014/11/10 10:01:57.792","CUSTOMIZED_USER","074F479F714B115BE0536204548C6BEF","University Account"
"GL#","101","University_US_COA","Class","","Y","Y","CONSTANT","000","","Y","OPTIONAL","2014/11/10 09:48:13.872","CUSTOMIZED_USER","2014/11/10 10:39:18.006","CUSTOMIZED_USER","074F479F714B115BE0536204548C6BEF","University Class"
"GL#","101","University_US_COA","Department","","Y","Y","","","","Y","OPTIONAL","2014/11/10 09:48:13.884","CUSTOMIZED_USER","2014/11/10 10:01:57.833","CUSTOMIZED_USER","074F479F714B115BE0536204548C6BEF","University Department"
"GL#","101","University_US_COA","Fund","","Y","Y","CONSTANT","110","","Y","OPTIONAL","2014/11/10 09:48:13.895","CUSTOMIZED_USER","2014/11/10 10:39:18.0","CUSTOMIZED_USER","074F479F714B115BE0536204548C6BEF","University Fund"
"GL#","101","University_US_COA","Interfund","","Y","Y","CONSTANT","000","","Y","OPTIONAL","2014/11/10 09:48:13.911","CUSTOMIZED_USER","2014/11/10 10:39:18.019","CUSTOMIZED_USER","074F479F714B115BE0536204548C6BEF","University Fund"
"GL#","101","University_US_COA","Local Use","","Y","Y","CONSTANT","000","","Y","OPTIONAL","2014/11/10 09:48:13.919","CUSTOMIZED_USER","2015/02/12 16:17:38.0","CUSTOMIZED_USER","0EE7296E6AF368D7E0536204548CD2AB","University Local Use"
"GL#","101","University_US_COA","Program","","Y","Y","CONSTANT","0000","","Y","OPTIONAL","2014/11/10 09:48:13.93","CUSTOMIZED_USER","2014/11/10 10:39:18.004","CUSTOMIZED_USER","074F479F714B115BE0536204548C6BEF","University Program"
"GL#","101","University_US_COA","Unit","","Y","Y","CONSTANT","00","","Y","OPTIONAL","2014/11/10 09:48:13.943","CUSTOMIZED_USER","2014/11/10 10:39:18.007","CUSTOMIZED_USER","074F479F714B115BE0536204548C6BEF","University Unit"
"MDSP","401","Account_Aliases","Alias","","Y","Y","","","","Y","OPTIONAL","2015/08/12 16:44:50.486","CUSTOMIZED_USER","2015/08/12 16:45:43.802","CUSTOMIZED_USER","1D20C03B1856238FE0536204548CD42F","Account Alias"
"MCAT","10011","FISCAL_CLASSIFICATION","Code","","N","Y","","","","Y","OPTIONAL","2014/01/14 15:44:01.135","CUSTOMIZED_USER","2014/01/14 15:44:54.984","CUSTOMIZED_USER","EFEA72486F042CB7E0436204548CF006","30 Characters"
"MCAT","10011","Free_Form_Catalog","Category","","Y","Y","","","","Y","OPTIONAL","2013/11/11 13:09:39.291","CUSTOMIZED_USER","2013/11/11 13:09:59.463","CUSTOMIZED_USER","EAE2201C62C27C43E0436204548CA68E","Category"
"MCAT","10011","INTENDED_USE","Code","","N","Y","","","","Y","OPTIONAL","2014/01/14 15:45:54.245","CUSTOMIZED_USER","2014/01/14 15:47:25.864","CUSTOMIZED_USER","EFEA72486F042CB7E0436204548CF006","30 Characters"
"MCAT","10011","ITEM_CATEGORIES","Class","","Y","Y","","","","N","OPTIONAL","2013/10/30 16:47:23.57","CUSTOMIZED_USER","2013/10/30 16:47:59.877","CUSTOMIZED_USER","E9F1655A4271345AE0436204548CB8E6","Item_Class_Category_vs"
"MCAT","10011","ITEM_CATEGORIES","Family","","Y","Y","","","","N","OPTIONAL","2013/10/30 16:47:23.555","CUSTOMIZED_USER","2013/10/30 16:47:59.876","CUSTOMIZED_USER","E9F1655A4271345AE0436204548CB8E6","Item_Categories_vs"
"MCAT","10011","PO_ITEM_CATEGORY","Commodity","","Y","Y","","","","N","OPTIONAL","2013/10/30 16:48:59.226","CUSTOMIZED_USER","2013/10/30 16:49:18.134","CUSTOMIZED_USER","E9F71EBB324111FEE0436204548C993F","Commodity_vs"
"MCAT","10011","PO_ITEM_CATEGORY","Item Category","","Y","Y","","","","N","OPTIONAL","2013/10/30 16:48:59.213","CUSTOMIZED_USER","2013/10/30 16:49:18.132","CUSTOMIZED_USER","E9F71EBB324111FEE0436204548C993F","PO_Item_Category_vs"
"MCAT","10011","PRODUCT_CATEGORIES","Product_Category","","Y","Y","","","","N","OPTIONAL","2013/10/30 16:36:50.969","CUSTOMIZED_USER","2013/10/30 16:37:26.254","CUSTOMIZED_USER","E9F5E664D2FD4D1DE0436204548C82F0","Product_Reporting_Classification_vs"
"MCAT","10011","Planning_Catalog","Planning_Category","","N","Y","","","","Y","OPTIONAL","2015/12/04 17:10:35.195","CUSTOMIZED_USER","2015/12/04 17:10:36.79","CUSTOMIZED_USER","261669AEE14D2663E053790B548C8988","Planning_Categories_VS"
"MCAT","10011","Retail_Merchandise","Class","","N","Y","","","","Y","OPTIONAL","2013/11/11 13:32:57.457","CUSTOMIZED_USER","2013/11/11 13:38:39.005","CUSTOMIZED_USER","EAE4431D8F9D1AE0E0436204548CD9F8","Retail_Class"
"MCAT","10011","Retail_Merchandise","Company","","Y","Y","","","","Y","OPTIONAL","2013/11/11 13:32:57.422","CUSTOMIZED_USER","2013/11/11 13:38:39.0","CUSTOMIZED_USER","EAE4431D8F9D1AE0E0436204548CD9F8","Retail_Company"
"MCAT","10011","Retail_Merchandise","Department","","N","Y","","","","Y","OPTIONAL","2013/11/11 13:32:57.454","CUSTOMIZED_USER","2013/11/11 13:38:39.004","CUSTOMIZED_USER","EAE4431D8F9D1AE0E0436204548CD9F8","Retail_Department"
"MCAT","10011","Retail_Merchandise","Group","","N","Y","","","","Y","OPTIONAL","2013/11/11 13:32:57.45","CUSTOMIZED_USER","2013/11/11 13:38:39.004","CUSTOMIZED_USER","EAE4431D8F9D1AE0E0436204548CD9F8","Retail_Group"
"MCAT","10011","Retail_Merchandise","RETAIL_MERCHANDISE","","N","Y","","","","Y","OPTIONAL","2013/11/11 13:32:57.444","CUSTOMIZED_USER","2013/11/11 13:38:39.003","CUSTOMIZED_USER","EAE4431D8F9D1AE0E0436204548CD9F8","Retail_Division"
"MCAT","10011","Retail_Merchandise","Subclass","","N","Y","","","","Y","OPTIONAL","2013/11/11 13:32:57.462","CUSTOMIZED_USER","2013/11/11 13:38:39.006","CUSTOMIZED_USER","EAE4431D8F9D1AE0E0436204548CD9F8","Retail_Subclass"
"MCAT","10011","UNSPSC","UNSPSC_Class","","N","Y","","","","Y","OPTIONAL","2013/11/11 11:07:06.496","CUSTOMIZED_USER","2013/11/11 11:07:09.773","CUSTOMIZED_USER","EAE4431D8F821AE0E0436204548CD9F8","UNSPSC_class"
"MCAT","10011","UNSPSC","UNSPSC_Commodity","","N","Y","","","","Y","OPTIONAL","2013/11/11 11:07:06.5","CUSTOMIZED_USER","2013/11/11 11:07:09.773","CUSTOMIZED_USER","EAE4431D8F821AE0E0436204548CD9F8","UNSPSC_commodity"
"MCAT","10011","UNSPSC","UNSPSC_Family","","N","Y","","","","Y","OPTIONAL","2013/11/11 11:07:06.491","CUSTOMIZED_USER","2013/11/11 11:07:09.772","CUSTOMIZED_USER","EAE4431D8F821AE0E0436204548CD9F8","UNSPSC_family"
"MCAT","10011","UNSPSC","UNSPSC_Segment","","Y","Y","","","","Y","OPTIONAL","2013/11/11 11:07:06.42","CUSTOMIZED_USER","2013/11/11 11:08:45.665","CUSTOMIZED_USER","EAE4431D8F851AE0E0436204548CD9F8","UNSPSC_segment"
"MCAT","10011","eCommerce_Catalog","Area","","N","Y","","","","Y","OPTIONAL","2013/11/11 13:39:49.842","CUSTOMIZED_USER","2013/11/11 13:39:52.705","CUSTOMIZED_USER","EAE7B64F4D761BD8E0436204548CEEE4","eCommerce_Area"
"MCAT","10011","eCommerce_Catalog","Class","","N","Y","","","","Y","OPTIONAL","2013/11/11 13:39:49.845","CUSTOMIZED_USER","2013/11/11 13:39:52.705","CUSTOMIZED_USER","EAE7B64F4D761BD8E0436204548CEEE4","eCommerce_Class"
"MCAT","10011","eCommerce_Catalog","Department","","N","Y","","","","Y","OPTIONAL","2013/11/11 13:39:49.838","CUSTOMIZED_USER","2013/11/11 13:39:52.704","CUSTOMIZED_USER","EAE7B64F4D761BD8E0436204548CEEE4","eCommerce_Department"
"MCAT","10011","eCommerce_Catalog","Product_Type","","Y","Y","","","","Y","OPTIONAL","2013/11/11 13:39:49.819","CUSTOMIZED_USER","2013/11/11 13:40:24.987","CUSTOMIZED_USER","EAE7B64F4D761BD8E0436204548CEEE4","eCommerce_Product_Type"
"MCAT","10011","eCommerce_Catalog","SubClass","","N","Y","","","","Y","OPTIONAL","2013/11/11 13:39:49.848","CUSTOMIZED_USER","2013/11/11 13:39:52.706","CUSTOMIZED_USER","EAE7B64F4D761BD8E0436204548CEEE4","eCommerce_SubClass"
"VRM","10455","Customer Class & Product Group","Customer Class","","N","Y","","","","Y","OPTIONAL","2017/01/20 19:13:05.106","CUSTOMIZED_USER","2017/01/20 19:13:31.176","CUSTOMIZED_USER","46894441822C71C8E0537AA3FD0A75A3","VRM Customer Class"
"VRM","10455","Customer Class & Product Group","Product Group","","N","Y","","","","Y","OPTIONAL","2017/01/20 19:13:05.16","CUSTOMIZED_USER","2020/10/26 19:00:52.0","CUSTOMIZED_USER","B2940E441D5927D2E0539E90DF0A51A7","GL_100_CHARACTERS"
"VRM","10455","Hardware and Software Business","CVS2-Customer Type","","N","Y","","","","Y","OPTIONAL","2014/01/22 21:57:05.708","CUSTOMIZED_USER","2014/01/22 21:57:16.557","CUSTOMIZED_USER","F0925FD5DA56267DE0436204548CC095","CV-Customer Type"
"VRM","10455","Hardware and Software Business","CVS2-Deal Size Band","","N","Y","","","","Y","OPTIONAL","2014/01/22 21:57:06.687","CUSTOMIZED_USER","2014/01/22 21:57:16.563","CUSTOMIZED_USER","F0925FD5DA56267DE0436204548CC095","CV1 Deal Size Band"
"VRM","10455","Hardware and Software Business","CVS2-Geographic Zone","","N","Y","","","","Y","OPTIONAL","2014/01/22 21:57:06.696","CUSTOMIZED_USER","2014/01/22 21:57:16.564","CUSTOMIZED_USER","F0925FD5DA56267DE0436204548CC095","CV-Geographic Zone"
"VRM","10455","Professional Services","CVS-Country","","N","Y","","","","Y","OPTIONAL","2014/01/22 21:57:33.619","CUSTOMIZED_USER","2014/01/22 21:57:36.162","CUSTOMIZED_USER","F0925FD5DA56267DE0436204548CC095","CV1-Country"
"VRM","10455","Professional Services","CVS-Deal Size Band","","N","Y","","","","Y","OPTIONAL","2014/01/22 21:57:33.748","CUSTOMIZED_USER","2014/01/22 21:57:36.163","CUSTOMIZED_USER","F0925FD5DA56267DE0436204548CC095","CV1 Deal Size Band"
"VRM","10455","Professional Services","CVS-Man Days Band","","N","Y","","","","Y","OPTIONAL","2014/01/22 21:57:33.757","CUSTOMIZED_USER","2014/01/22 21:57:36.164","CUSTOMIZED_USER","F0925FD5DA56267DE0436204548CC095","CV1-Man Days Band"
"VRM","10455","Region Product & Sales Channel","Customer Region","","N","Y","","","","Y","OPTIONAL","2017/01/20 19:26:31.18","CUSTOMIZED_USER","2017/01/20 19:26:43.94","CUSTOMIZED_USER","46894441822C71C8E0537AA3FD0A75A3","VRM Zone"
"VRM","10455","Region Product & Sales Channel","Product Group","","N","Y","","","","Y","OPTIONAL","2017/01/20 19:26:31.208","CUSTOMIZED_USER","2020/10/26 19:02:46.673","CUSTOMIZED_USER","B2940E441D5927D2E0539E90DF0A51A7","GL_100_CHARACTERS"
"VRM","10455","Region Product & Sales Channel","Sales Channel","","N","Y","","","","Y","OPTIONAL","2017/01/20 19:26:31.217","CUSTOMIZED_USER","2020/10/26 19:02:46.701","CUSTOMIZED_USER","B2940E441D5927D2E0539E90DF0A51A7","GL_100_CHARACTERS"
"VRM","10455","Region and Sales Channel","Customer Region","","N","Y","","","","Y","OPTIONAL","2017/01/20 12:55:27.036","CUSTOMIZED_USER","2017/01/20 12:55:55.462","CUSTOMIZED_USER","4684E199899F2A72E0537AA3FD0A5E09","VRM Zone"
"VRM","10455","Region and Sales Channel","Deal Band","","N","Y","","","","Y","OPTIONAL","2017/01/20 12:55:32.714","CUSTOMIZED_USER","2017/01/20 12:55:55.471","CUSTOMIZED_USER","4684E199899F2A72E0537AA3FD0A5E09","VRM Value"
"VRM","10455","Region and Sales Channel","Sales Channel","","N","Y","","","","Y","OPTIONAL","2017/01/20 12:55:32.754","CUSTOMIZED_USER","2020/10/26 19:04:11.0","CUSTOMIZED_USER","B2940E441D5927D2E0539E90DF0A51A7","GL_100_CHARACTERS"
"VRM","10455","VRM- Country Zone","Customer Class","","Y","Y","","","","Y","OPTIONAL","2013/12/31 06:22:37.915","SEED_DATA_FROM_APPLICATION","2016/04/06 11:58:01.007","SEED_DATA_FROM_APPLICATION","-1","VRM Customer Class"
"VRM","10455","VRM- Country Zone","Customer Zone","","Y","Y","","","","Y","OPTIONAL","2013/12/31 06:22:37.917","SEED_DATA_FROM_APPLICATION","2016/04/06 11:58:01.008","SEED_DATA_FROM_APPLICATION","-1","VRM Zone"
"VRM","10455","VRM- Country and Class","Bill To Country","","Y","Y","","","","Y","OPTIONAL","2013/12/31 06:22:38.442","SEED_DATA_FROM_APPLICATION","2016/04/06 11:58:01.0","SEED_DATA_FROM_APPLICATION","-1","VRM Customer Country"
"VRM","10455","VRM- Country and Class","Customer Class","","Y","Y","","","","Y","OPTIONAL","2013/12/31 06:22:38.442","SEED_DATA_FROM_APPLICATION","2016/04/06 11:58:01.004","SEED_DATA_FROM_APPLICATION","-1","VRM Customer Class"
"VRM","10455","VRM- Value Band","Bill To Country","","Y","Y","","","","Y","OPTIONAL","2013/12/31 06:22:38.461","SEED_DATA_FROM_APPLICATION","2016/04/06 11:58:01.143","SEED_DATA_FROM_APPLICATION","-1","VRM Customer Country"
"VRM","10455","VRM- Value Band","Customer Class","","Y","Y","","","","Y","OPTIONAL","2013/12/31 06:22:38.462","SEED_DATA_FROM_APPLICATION","2016/04/06 11:58:01.144","SEED_DATA_FROM_APPLICATION","-1","VRM Customer Class"
"VRM","10455","VRM- Value Band","Value","","Y","Y","","","","Y","OPTIONAL","2013/12/31 06:22:38.462","SEED_DATA_FROM_APPLICATION","2016/04/06 11:58:01.145","SEED_DATA_FROM_APPLICATION","-1","VRM Value"
"VRM","10455","VRM- Volume Band","Bill To Country","","Y","Y","","","","Y","OPTIONAL","2013/12/31 06:22:38.482","SEED_DATA_FROM_APPLICATION","2016/04/06 11:58:01.14","SEED_DATA_FROM_APPLICATION","-1","VRM Customer Country"
"VRM","10455","VRM- Volume Band","Customer Class","","Y","Y","","","","Y","OPTIONAL","2013/12/31 06:22:38.483","SEED_DATA_FROM_APPLICATION","2016/04/06 11:58:01.141","SEED_DATA_FROM_APPLICATION","-1","VRM Customer Class"
"VRM","10455","VRM- Volume Band","Volume","","Y","Y","","","","Y","OPTIONAL","2013/12/31 06:22:38.484","SEED_DATA_FROM_APPLICATION","2016/04/06 11:58:01.142","SEED_DATA_FROM_APPLICATION","-1","VRM Volume"
