"FND_APP_KEY_FLEXFIELD.KeyFlexfieldCode","FND_APP_KEY_FLEXFIELD.ApplicationId","KEY_FLEXFIELD_STRUCTURE.StructureCode","ORA_FND_APP_KEY_FLEXFIELD_STRUCTURE_SEGMENT.SegmentCode","SegmentLabelCode","CreationDate","CreatedBy","LastUpdateDate","LastUpdatedBy","LastUpdateLogin"
"XCC","10052","00009211_PROJECT_ABSOLUTE1","PJC_PROJECT_ID","XCC_PPM_PROJECT","2014/08/26 19:10:35.862","CUSTOMIZED_USER","2014/08/26 19:10:37.428","CUSTOMIZED_USER","0188DE42C18A241AE0536204548CA8C7"
"XCC","10052","00009211_TOP_RESOURCE_ADVISORY","PJC_PROJECT_ID","XCC_PPM_PROJECT","2014/08/26 19:10:36.849","CUSTOMIZED_USER","2014/08/26 19:10:37.468","CUSTOMIZED_USER","0188DE42C18A241AE0536204548CA8C7"
"XCC","10052","00009211_TOP_RESOURCE_ADVISORY","PJC_RESOURCE_ID","XCC_PPM_RESOURCE","2014/08/26 19:10:36.873","CUSTOMIZED_USER","2014/08/26 19:10:37.484","CUSTOMIZED_USER","0188DE42C18A241AE0536204548CA8C7"
"XCC","10052","00009910_NCI-63562","PJC_CONTRACT_ID","XCC_PPM_AWARD","2017/09/26 10:25:08.718","CUSTOMIZED_USER","2017/09/26 10:25:09.029","CUSTOMIZED_USER","5A1612E2F7E61FAFE0538DADFD0A9BB9"
"XCC","10052","00009910_NCI-63562","PJC_PROJECT_ID","XCC_PPM_PROJECT","2017/09/26 10:25:08.827","CUSTOMIZED_USER","2017/09/26 10:25:09.053","CUSTOMIZED_USER","5A1612E2F7E61FAFE0538DADFD0A9BB9"
"XCC","10052","00009910_NCI-63562_Top_Resour1","PJC_CONTRACT_ID","XCC_PPM_AWARD","2017/09/26 10:25:09.262","CUSTOMIZED_USER","2017/09/26 10:25:09.645","CUSTOMIZED_USER","5A1612E2F7E61FAFE0538DADFD0A9BB9"
"XCC","10052","00009910_NCI-63562_Top_Resour1","PJC_PROJECT_ID","XCC_PPM_PROJECT","2017/09/26 10:25:09.361","CUSTOMIZED_USER","2017/09/26 10:25:09.664","CUSTOMIZED_USER","5A1612E2F7E61FAFE0538DADFD0A9BB9"
"XCC","10052","00009910_NCI-63562_Top_Resour1","PJC_RESOURCE_ID","XCC_PPM_RESOURCE","2017/09/26 10:25:09.448","CUSTOMIZED_USER","2017/09/26 10:25:09.682","CUSTOMIZED_USER","5A1612E2F7E61FAFE0538DADFD0A9BB9"
"XCC","10052","00009910_NCI-63562_Top_Resourc","PJC_CONTRACT_ID","XCC_PPM_AWARD","2017/09/26 10:25:04.572","CUSTOMIZED_USER","2017/09/26 10:25:08.346","CUSTOMIZED_USER","5A1612E2F7E61FAFE0538DADFD0A9BB9"
"XCC","10052","00009910_NCI-63562_Top_Resourc","PJC_FUNDING_SOURCE_ID","XCC_PPM_FUNDING_SOURCE","2017/09/26 10:25:05.47","CUSTOMIZED_USER","2017/09/26 10:25:08.439","CUSTOMIZED_USER","5A1612E2F7E61FAFE0538DADFD0A9BB9"
"XCC","10052","00009910_NCI-63562_Top_Resourc","PJC_PROJECT_ID","XCC_PPM_PROJECT","2017/09/26 10:25:05.234","CUSTOMIZED_USER","2017/09/26 10:25:08.374","CUSTOMIZED_USER","5A1612E2F7E61FAFE0538DADFD0A9BB9"
"XCC","10052","00009910_NCI-63562_Top_Resourc","PJC_RESOURCE_ID","XCC_PPM_RESOURCE","2017/09/26 10:25:05.336","CUSTOMIZED_USER","2017/09/26 10:25:08.393","CUSTOMIZED_USER","5A1612E2F7E61FAFE0538DADFD0A9BB9"
"XCC","10052","00009913_PROJECT_ABSOLUTE1","PJC_PROJECT_ID","XCC_PPM_PROJECT","2015/04/22 20:23:33.079","CUSTOMIZED_USER","2015/04/22 20:23:34.604","CUSTOMIZED_USER","1456EEF204EF07BCE0536204548CE83C"
"XCC","10052","00009913_TOP_RESOURCE_ADVISORY","PJC_PROJECT_ID","XCC_PPM_PROJECT","2015/04/22 20:23:33.957","CUSTOMIZED_USER","2015/04/22 20:23:34.716","CUSTOMIZED_USER","1456EEF204EF07BCE0536204548CE83C"
"XCC","10052","00009913_TOP_RESOURCE_ADVISORY","PJC_RESOURCE_ID","XCC_PPM_RESOURCE","2015/04/22 20:23:34.045","CUSTOMIZED_USER","2015/04/22 20:23:34.738","CUSTOMIZED_USER","1456EEF204EF07BCE0536204548CE83C"
"XCC","10052","AU Annual Budget","Account","XCC_OBJECT","2021/10/22 09:25:23.137","CUSTOMIZED_USER","2021/10/22 09:25:28.898","CUSTOMIZED_USER","CEEE5E34A9C72DD1E0530264FD0A6108"
"XCC","10052","AU Annual Budget","Cost Centre","XCC_DEPARTMENT","2021/10/22 09:25:23.847","CUSTOMIZED_USER","2021/10/22 09:25:29.042","CUSTOMIZED_USER","CEEE5E34A9C72DD1E0530264FD0A6108"
"XCC","10052","EPM Progress Adopted","Account","XCC_OBJECT","2021/02/24 09:46:53.427","CUSTOMIZED_USER","2021/02/24 09:46:54.617","CUSTOMIZED_USER","BC12424AE5CC7C1EE0539E90DF0A2498"
"XCC","10052","EPM Progress Adopted","Department","XCC_DEPARTMENT","2021/02/24 09:46:53.312","CUSTOMIZED_USER","2021/02/24 09:46:54.451","CUSTOMIZED_USER","BC12424AE5CC7C1EE0539E90DF0A2498"
"XCC","10052","EPM Progress Adopted","Fund","XCC_FUND","2021/02/24 09:46:53.2","CUSTOMIZED_USER","2021/02/24 09:46:54.302","CUSTOMIZED_USER","BC12424AE5CC7C1EE0539E90DF0A2498"
"XCC","10052","EPM Source Budget","Account","XCC_OBJECT","2021/02/24 09:25:15.3","CUSTOMIZED_USER","2021/02/24 09:25:22.541","CUSTOMIZED_USER","BC0E11B885D47F32E0539E90DF0A64CB"
"XCC","10052","EPM Source Budget","Department","XCC_DEPARTMENT","2021/02/24 09:25:15.141","CUSTOMIZED_USER","2021/02/24 09:25:22.42","CUSTOMIZED_USER","BC0E11B885D47F32E0539E90DF0A64CB"
"XCC","10052","EPM Source Budget","Fund","XCC_FUND","2021/02/24 09:25:13.861","CUSTOMIZED_USER","2021/02/24 09:25:22.036","CUSTOMIZED_USER","BC0E11B885D47F32E0539E90DF0A64CB"
"XCC","10052","FY15 University Monthly","Account","XCC_OBJECT","2015/01/29 18:23:18.367","CUSTOMIZED_USER","2015/01/29 18:23:25.538","CUSTOMIZED_USER","0DC90276B8070246E0536204548CA461"
"XCC","10052","FY15 University Monthly","Department","XCC_DEPARTMENT","2015/01/29 18:23:18.298","CUSTOMIZED_USER","2015/01/29 18:23:25.476","CUSTOMIZED_USER","0DC90276B8070246E0536204548CA461"
"XCC","10052","FY15 University Monthly","Fund","XCC_FUND","2015/01/29 18:23:17.684","CUSTOMIZED_USER","2015/01/29 18:23:25.406","CUSTOMIZED_USER","0DC90276B8070246E0536204548CA461"
"XCC","10052","Italy FY15 Control Budget","Account","XCC_OBJECT","2015/10/27 17:03:48.571","CUSTOMIZED_USER","2015/10/27 17:03:54.939","CUSTOMIZED_USER","2315E391AB9C758EE053790B548C8C6B"
"XCC","10052","Monthly Reporting","Account","XCC_OBJECT","2014/08/07 16:03:51.595","CUSTOMIZED_USER","2014/08/07 16:03:54.86","CUSTOMIZED_USER","00056C25EF481A03E0536204548CAE8C"
"XCC","10052","Monthly Reporting","Department","XCC_DEPARTMENT","2014/08/07 16:03:51.575","CUSTOMIZED_USER","2014/08/07 16:03:54.857","CUSTOMIZED_USER","00056C25EF481A03E0536204548CAE8C"
"XCC","10052","Monthly Reporting","Fund","XCC_FUND","2014/08/07 16:03:51.353","CUSTOMIZED_USER","2014/08/07 16:03:54.848","CUSTOMIZED_USER","00056C25EF481A03E0536204548CAE8C"
"XCC","10052","Progress UK Control Budget","Account","XCC_OBJECT","2021/08/20 09:54:22.048","CUSTOMIZED_USER","2021/08/20 09:54:27.518","CUSTOMIZED_USER","C9FB645734639496E0530364FD0A4BDF"
"XCC","10052","Progress UK Control Budget","Department","XCC_DEPARTMENT","2021/08/20 09:54:22.771","CUSTOMIZED_USER","2021/08/20 09:54:27.642","CUSTOMIZED_USER","C9FB645734639496E0530364FD0A4BDF"
"XCC","10052","Test","Department","XCC_DEPARTMENT","2016/04/15 06:03:23.127","CUSTOMIZED_USER","2016/04/15 06:03:29.672","CUSTOMIZED_USER","30805C233F0A3A03E053790B548C71B2"
"XCC","10052","Test","Fund","XCC_FUND","2016/04/15 06:03:22.662","CUSTOMIZED_USER","2016/04/15 06:03:29.649","CUSTOMIZED_USER","30805C233F0A3A03E053790B548C71B2"
"VALU","707","COSTORG","COST_ORGANIZATION","CST_COST_ORG","2016/07/27 17:18:43.151","SEED_DATA_FROM_APPLICATION","2016/07/27 17:18:59.922","SEED_DATA_FROM_APPLICATION","-1"
"VALU","707","COSTORG_INVORG_COUNTRY","COST_ORGANIZATION","CST_COST_ORG","2019/09/20 12:33:28.388242","SEED_DATA_FROM_APPLICATION","2019/09/20 12:33:28.388242","SEED_DATA_FROM_APPLICATION","-1"
"VALU","707","COSTORG_INVORG_GRADE","COST_ORGANIZATION","CST_COST_ORG","2016/07/27 17:18:45.897","SEED_DATA_FROM_APPLICATION","2016/07/27 17:18:59.988","SEED_DATA_FROM_APPLICATION","-1"
"VALU","707","COSTORG_INVORG_LOT","COST_ORGANIZATION","CST_COST_ORG","2016/07/27 17:18:48.939","SEED_DATA_FROM_APPLICATION","2016/07/27 17:19:00.075","SEED_DATA_FROM_APPLICATION","-1"
"VALU","707","COSTORG_INVORG_PROJ","COST_ORGANIZATION","CST_COST_ORG","2019/09/20 12:33:28.388242","SEED_DATA_FROM_APPLICATION","2019/09/20 12:33:28.388242","SEED_DATA_FROM_APPLICATION","-1"
"VALU","707","COSTORG_INVORG_PROJ_TASK","COST_ORGANIZATION","CST_COST_ORG","2019/09/20 12:33:28.388242","SEED_DATA_FROM_APPLICATION","2019/09/20 12:33:28.388242","SEED_DATA_FROM_APPLICATION","-1"
"VALU","707","COSTORG_INVORG_SERIAL","COST_ORGANIZATION","CST_COST_ORG","2016/07/27 17:18:49.054","SEED_DATA_FROM_APPLICATION","2016/07/27 17:19:00.155","SEED_DATA_FROM_APPLICATION","-1"
"VALU","707","COSTORG_INVORG_SUBINVORG","COST_ORGANIZATION","CST_COST_ORG","2016/07/27 17:18:49.155","SEED_DATA_FROM_APPLICATION","2016/07/27 17:19:00.254","SEED_DATA_FROM_APPLICATION","-1"
"VALU","707","COSTORG_INVORG_SUBINVORG_GRADE","COST_ORGANIZATION","CST_COST_ORG","2016/07/27 17:18:49.259","SEED_DATA_FROM_APPLICATION","2016/07/27 17:19:00.341","SEED_DATA_FROM_APPLICATION","-1"
"VALU","707","COSTORG_INVORG_SUBINVORG_LOT","COST_ORGANIZATION","CST_COST_ORG","2016/07/27 17:18:49.395","SEED_DATA_FROM_APPLICATION","2016/07/27 17:19:00.431","SEED_DATA_FROM_APPLICATION","-1"
"VALU","707","COSTORG_INVORG_SUBINVORG_SERIA","COST_ORGANIZATION","CST_COST_ORG","2016/07/27 17:18:49.539","SEED_DATA_FROM_APPLICATION","2016/07/27 17:19:00.539","SEED_DATA_FROM_APPLICATION","-1"
"VALU","707","COSTORG_INVORG_SUBINV_COUNTRY","COST_ORGANIZATION","CST_COST_ORG","2019/09/20 12:33:28.388242","SEED_DATA_FROM_APPLICATION","2019/09/20 12:33:28.388242","SEED_DATA_FROM_APPLICATION","-1"
"VALU","707","COSTORG_INVORG_SUBINV_PROJ","COST_ORGANIZATION","CST_COST_ORG","2019/09/20 12:33:28.388242","SEED_DATA_FROM_APPLICATION","2019/09/20 12:33:28.388242","SEED_DATA_FROM_APPLICATION","-1"
"VALU","707","COST_INV_ORG","Cost Organization","CST_COST_ORG","2013/11/04 21:10:18.91","CUSTOMIZED_USER","2013/11/04 21:10:19.197","CUSTOMIZED_USER","EA60B7A0C6A46DC0E0436204548C2F6B"
"VALU","707","COST_ORG_INV_ORG","Cost Organization","CST_COST_ORG","2016/02/26 09:41:19.506","SEED_DATA_FROM_APPLICATION","2016/02/26 09:41:27.945","SEED_DATA_FROM_APPLICATION","-1"
"VALU","707","CSTORG_INVORG_CNTRY_PROJ_TASK","COST_ORGANIZATION","CST_COST_ORG","2019/09/20 12:33:28.388242","SEED_DATA_FROM_APPLICATION","2019/09/20 12:33:28.388242","SEED_DATA_FROM_APPLICATION","-1"
"VALU","707","CSTORG_INVORG_SUBINV_PROJ_TASK","COST_ORGANIZATION","CST_COST_ORG","2019/09/20 12:33:28.388242","SEED_DATA_FROM_APPLICATION","2019/09/20 12:33:28.388242","SEED_DATA_FROM_APPLICATION","-1"
"VALU","707","CST_INV_SUBINV_CNTRY_PROJ_TASK","COST_ORGANIZATION","CST_COST_ORG","2019/09/20 12:33:28.388242","SEED_DATA_FROM_APPLICATION","2019/09/20 12:33:28.388242","SEED_DATA_FROM_APPLICATION","-1"
"VALU","707","INV_SUBINV","Cost Organization","CST_COST_ORG","2013/11/04 21:51:40.618","CUSTOMIZED_USER","2013/11/04 21:51:40.646","CUSTOMIZED_USER","EA61E35D606E026FE0436204548C3CDD"
"VALU","707","INV_SUBINV_SERIAL","Cost Organization","CST_COST_ORG","2013/11/04 21:14:23.18","CUSTOMIZED_USER","2013/11/04 21:14:23.208","CUSTOMIZED_USER","EA60B7A0C6A46DC0E0436204548C2F6B"
"CAT#","140","ASSET_CATEGORY_FLEXFIELD","MAJOR_CATEGORY","BASED_CATEGORY","2013/11/04 13:39:35.259","CUSTOMIZED_USER","2013/11/04 13:39:36.038","CUSTOMIZED_USER","EA5AABA77227704DE0436204548C5A8A"
"CAT#","140","ASSET_CATEGORY_FLEXFIELD","MINOR_CATEGORY","MINOR_CATEGORY","2013/11/05 06:49:44.039","CUSTOMIZED_USER","2013/11/05 06:49:45.576","CUSTOMIZED_USER","EA67DDEE3336326BE0436204548CC317"
"LOC#","140","ASSET_LOCATION_FLEXFIELD","STATE_COUNTY","LOC_STATE","2013/11/05 06:54:18.224","CUSTOMIZED_USER","2013/11/05 06:54:18.26","CUSTOMIZED_USER","EA696BC553CF110FE0436204548C4426"
"COST","801","Corp_and_Countries_Cost","Account","BALANCING","2014/07/16 16:13:28.0","CUSTOMIZED_USER","2014/07/16 16:13:28.0","CUSTOMIZED_USER","-1"
"COST","801","Corp_and_Countries_Cost","Account","ELEMENT","2014/07/16 16:13:28.0","CUSTOMIZED_USER","2014/07/16 16:13:28.0","CUSTOMIZED_USER","-1"
"COST","801","Corp_and_Countries_Cost","Account","ORGANIZATION","2014/10/17 21:30:19.0","CUSTOMIZED_USER","2014/10/17 21:30:19.035","CUSTOMIZED_USER","05A5D49DD45A640EE0536204548C40E4"
"COST","801","Corp_and_Countries_Cost","Account","PERSON","2016/10/31 16:48:13.0","CUSTOMIZED_USER","2016/10/31 16:48:18.323","CUSTOMIZED_USER","402C899A2D586854E0537AA3FD0A021F"
"COST","801","Corp_and_Countries_Cost","Account","PERSON ELEMENT","2014/07/16 16:13:28.0","CUSTOMIZED_USER","2014/07/16 16:13:28.0","CUSTOMIZED_USER","-1"
"COST","801","Corp_and_Countries_Cost","Company","BALANCING","2014/07/16 16:13:28.0","CUSTOMIZED_USER","2014/07/16 16:13:28.0","CUSTOMIZED_USER","-1"
"COST","801","Corp_and_Countries_Cost","Company","ELEMENT","2014/09/02 18:25:26.0","CUSTOMIZED_USER","2014/09/02 18:25:26.04","CUSTOMIZED_USER","0217E6E4D6A7529CE0536204548C3F38"
"COST","801","Corp_and_Countries_Cost","Company","ORGANIZATION","2014/10/17 21:27:17.0","CUSTOMIZED_USER","2014/10/17 21:27:19.302","CUSTOMIZED_USER","05A5D49DD45A640EE0536204548C40E4"
"COST","801","Corp_and_Countries_Cost","Company","PAYROLL","2014/07/16 16:13:28.0","CUSTOMIZED_USER","2014/07/16 16:13:28.0","CUSTOMIZED_USER","-1"
"COST","801","Corp_and_Countries_Cost","Cost Center","BALANCING","2014/07/16 16:13:28.0","CUSTOMIZED_USER","2014/07/16 16:13:28.0","CUSTOMIZED_USER","-1"
"COST","801","Corp_and_Countries_Cost","Cost Center","ELEMENT","2014/07/16 16:13:28.0","CUSTOMIZED_USER","2014/07/16 16:13:28.0","CUSTOMIZED_USER","-1"
"COST","801","Corp_and_Countries_Cost","Cost Center","ELEMENT ENTRY","2014/07/16 16:13:28.0","CUSTOMIZED_USER","2014/07/16 16:13:28.0","CUSTOMIZED_USER","-1"
"COST","801","Corp_and_Countries_Cost","Cost Center","JOB","2014/07/16 16:13:28.0","CUSTOMIZED_USER","2014/07/16 16:13:28.0","CUSTOMIZED_USER","-1"
"COST","801","Corp_and_Countries_Cost","Cost Center","ORGANIZATION","2014/07/16 16:13:28.0","CUSTOMIZED_USER","2014/07/16 16:13:28.0","CUSTOMIZED_USER","-1"
"COST","801","Corp_and_Countries_Cost","Cost Center","PAYROLL","2014/07/16 16:13:28.0","CUSTOMIZED_USER","2014/07/16 16:13:28.0","CUSTOMIZED_USER","-1"
"COST","801","Corp_and_Countries_Cost","Cost Center","PERSON","2014/07/16 16:13:28.0","CUSTOMIZED_USER","2014/07/16 16:13:28.0","CUSTOMIZED_USER","-1"
"COST","801","Corp_and_Countries_Cost","Cost Center","PERSON ELEMENT","2014/07/16 16:13:28.0","CUSTOMIZED_USER","2014/07/16 16:13:28.0","CUSTOMIZED_USER","-1"
"COST","801","Corp_and_Countries_Cost","Cost Center","POSITION","2014/07/16 16:13:28.0","CUSTOMIZED_USER","2014/07/16 16:13:28.0","CUSTOMIZED_USER","-1"
"COST","801","Corp_and_Countries_Cost","Intercompany","BALANCING","2014/07/16 16:13:28.0","CUSTOMIZED_USER","2014/07/16 16:13:28.0","CUSTOMIZED_USER","-1"
"COST","801","Corp_and_Countries_Cost","Intercompany","ELEMENT","2019/01/04 09:02:45.0","CUSTOMIZED_USER","2019/01/04 09:02:46.713","CUSTOMIZED_USER","7E9E7D43010A4DF8E053C390DF0AE916"
"COST","801","Corp_and_Countries_Cost","Intercompany","ORGANIZATION","2014/10/17 21:31:20.697","CUSTOMIZED_USER","2014/10/17 21:31:20.713","CUSTOMIZED_USER","05A5D49DD45A640EE0536204548C40E4"
"COST","801","Corp_and_Countries_Cost","Intercompany","PAYROLL","2014/07/16 16:13:28.0","CUSTOMIZED_USER","2014/07/16 16:13:28.0","CUSTOMIZED_USER","-1"
"COST","801","Corp_and_Countries_Cost","LoB","BALANCING","2014/07/16 16:13:28.0","CUSTOMIZED_USER","2014/07/16 16:13:28.0","CUSTOMIZED_USER","-1"
"COST","801","Corp_and_Countries_Cost","LoB","ELEMENT","2014/08/27 14:35:17.0","CUSTOMIZED_USER","2014/08/27 14:35:19.934","CUSTOMIZED_USER","0194F141D7AE0D1EE0536204548C1CB8"
"COST","801","Corp_and_Countries_Cost","LoB","ELEMENT ENTRY","2014/07/16 16:13:28.0","CUSTOMIZED_USER","2014/07/16 16:13:28.0","CUSTOMIZED_USER","-1"
"COST","801","Corp_and_Countries_Cost","LoB","ORGANIZATION","2014/07/16 16:13:28.0","CUSTOMIZED_USER","2014/07/16 16:13:28.0","CUSTOMIZED_USER","-1"
"COST","801","Corp_and_Countries_Cost","LoB","PAYROLL","2014/07/16 16:13:28.0","CUSTOMIZED_USER","2014/07/16 16:13:28.0","CUSTOMIZED_USER","-1"
"COST","801","Corp_and_Countries_Cost","LoB","POSITION","2014/07/16 16:13:28.0","CUSTOMIZED_USER","2014/07/16 16:13:28.0","CUSTOMIZED_USER","-1"
"COST","801","Corp_and_Countries_Cost","Product","BALANCING","2014/07/16 16:13:28.0","CUSTOMIZED_USER","2014/07/16 16:13:28.0","CUSTOMIZED_USER","-1"
"COST","801","Corp_and_Countries_Cost","Product","ELEMENT","2014/08/27 14:36:40.404","CUSTOMIZED_USER","2014/08/27 14:36:40.418","CUSTOMIZED_USER","0194F141D7AE0D1EE0536204548C1CB8"
"COST","801","Corp_and_Countries_Cost","Product","ELEMENT ENTRY","2014/07/16 16:13:28.0","CUSTOMIZED_USER","2014/07/16 16:13:28.0","CUSTOMIZED_USER","-1"
"COST","801","Corp_and_Countries_Cost","Product","JOB","2014/07/16 16:13:28.0","CUSTOMIZED_USER","2014/07/16 16:13:28.0","CUSTOMIZED_USER","-1"
"COST","801","Corp_and_Countries_Cost","Product","ORGANIZATION","2014/07/16 16:13:28.0","CUSTOMIZED_USER","2014/07/16 16:13:28.0","CUSTOMIZED_USER","-1"
"COST","801","Corp_and_Countries_Cost","Product","PERSON","2014/07/16 16:13:28.0","CUSTOMIZED_USER","2014/07/16 16:13:28.0","CUSTOMIZED_USER","-1"
"COST","801","Corp_and_Countries_Cost","Product","POSITION","2014/07/16 16:13:28.0","CUSTOMIZED_USER","2014/07/16 16:13:28.0","CUSTOMIZED_USER","-1"
"COST","801","GSE_IT_STR","GSE_IT_AZIENDA","PAYROLL","2014/09/02 14:43:21.017","CUSTOMIZED_USER","2014/09/02 14:43:22.287","CUSTOMIZED_USER","0216C2E2B1BA2679E0536204548C00AB"
"COST","801","GSE_IT_STR","GSE_IT_CONTO","PAYROLL","2014/09/02 14:49:21.317","CUSTOMIZED_USER","2014/09/02 14:49:21.358","CUSTOMIZED_USER","0216C2E2B1BA2679E0536204548C00AB"
"COST","801","GSE_IT_STR","GSE_IT_COST","ORGANIZATION","2014/09/02 14:53:06.141","CUSTOMIZED_USER","2014/09/02 14:53:07.568","CUSTOMIZED_USER","0216C2E2B1BA2679E0536204548C00AB"
"COST","801","GSE_IT_STR","GSE_IT_COST","PERSON","2014/09/02 14:53:06.141","CUSTOMIZED_USER","2014/09/02 14:53:07.574","CUSTOMIZED_USER","0216C2E2B1BA2679E0536204548C00AB"
"COST","801","GSE_IT_STR","GSE_IT_EXTRA","PAYROLL","2014/09/02 14:56:11.252","CUSTOMIZED_USER","2014/09/02 14:56:11.347","CUSTOMIZED_USER","0216C2E2B1BA2679E0536204548C00AB"
"COST","801","GSE_IT_STR","GSE_IT_PRODOTTO","PAYROLL","2014/09/02 14:45:30.775","CUSTOMIZED_USER","2014/09/02 14:45:30.797","CUSTOMIZED_USER","0216C2E2B1BA2679E0536204548C00AB"
"COST","801","GSE_IT_STR","GSE_IT_PROGETTO","PAYROLL","2014/09/02 14:46:52.316","CUSTOMIZED_USER","2014/09/02 14:46:52.327","CUSTOMIZED_USER","0216C2E2B1BA2679E0536204548C00AB"
"COST","801","HCUSCOSTFLEX","Account","BALANCING","2015/05/29 15:00:53.507","CUSTOMIZED_USER","2015/05/29 15:00:53.515","CUSTOMIZED_USER","173AA7E002D740D5E0536204548C6632"
"COST","801","HCUSCOSTFLEX","Account","ELEMENT","2015/05/07 21:09:34.031","CUSTOMIZED_USER","2015/05/07 21:09:34.064","CUSTOMIZED_USER","158441B6DD036B91E0536204548C5DC9"
"COST","801","HCUSCOSTFLEX","Account","PAYROLL","2015/05/07 21:09:34.031","CUSTOMIZED_USER","2015/05/07 21:09:34.064","CUSTOMIZED_USER","158441B6DD036B91E0536204548C5DC9"
"COST","801","HCUSCOSTFLEX","Account","PERSON ELEMENT","2015/05/07 21:09:34.031","CUSTOMIZED_USER","2015/05/07 21:09:34.065","CUSTOMIZED_USER","158441B6DD036B91E0536204548C5DC9"
"COST","801","HCUSCOSTFLEX","Department","BALANCING","2015/05/29 15:00:45.983","CUSTOMIZED_USER","2015/05/29 15:00:46.0","CUSTOMIZED_USER","173AA7E002D740D5E0536204548C6632"
"COST","801","HCUSCOSTFLEX","Department","ELEMENT","2015/05/07 21:08:39.272","CUSTOMIZED_USER","2015/05/07 21:08:39.317","CUSTOMIZED_USER","158441B6DD036B91E0536204548C5DC9"
"COST","801","HCUSCOSTFLEX","Department","ELEMENT ENTRY","2015/05/07 21:08:39.272","CUSTOMIZED_USER","2015/05/07 21:08:39.318","CUSTOMIZED_USER","158441B6DD036B91E0536204548C5DC9"
"COST","801","HCUSCOSTFLEX","Department","ORGANIZATION","2015/05/07 21:08:39.272","CUSTOMIZED_USER","2015/05/07 21:08:39.315","CUSTOMIZED_USER","158441B6DD036B91E0536204548C5DC9"
"COST","801","HCUSCOSTFLEX","Department","PAYROLL","2015/05/07 21:08:39.273","CUSTOMIZED_USER","2015/05/07 21:08:39.319","CUSTOMIZED_USER","158441B6DD036B91E0536204548C5DC9"
"COST","801","HCUSCOSTFLEX","Department","PERSON","2015/05/07 21:08:39.273","CUSTOMIZED_USER","2015/05/07 21:08:39.319","CUSTOMIZED_USER","158441B6DD036B91E0536204548C5DC9"
"COST","801","HCUSCOSTFLEX","Department","POSITION","2015/05/07 21:08:39.273","CUSTOMIZED_USER","2015/05/07 21:08:39.32","CUSTOMIZED_USER","158441B6DD036B91E0536204548C5DC9"
"COST","801","HCUSCOSTFLEX","Entity","BALANCING","2015/05/29 15:00:36.876","CUSTOMIZED_USER","2015/05/29 15:00:38.25","CUSTOMIZED_USER","173AA7E002D740D5E0536204548C6632"
"COST","801","HCUSCOSTFLEX","Entity","ELEMENT","2015/05/07 21:07:38.087","CUSTOMIZED_USER","2015/05/07 21:07:39.063","CUSTOMIZED_USER","158441B6DD036B91E0536204548C5DC9"
"COST","801","HCUSCOSTFLEX","Entity","PAYROLL","2015/05/07 21:07:38.087","CUSTOMIZED_USER","2015/05/07 21:07:39.063","CUSTOMIZED_USER","158441B6DD036B91E0536204548C5DC9"
"COST","801","HCUSCOSTFLEX","Future","BALANCING","2015/05/29 15:01:39.207","CUSTOMIZED_USER","2015/05/29 15:01:39.222","CUSTOMIZED_USER","173AA7E002D740D5E0536204548C6632"
"COST","801","HCUSCOSTFLEX","Future","PAYROLL","2015/05/07 21:14:23.127","CUSTOMIZED_USER","2015/05/07 21:14:23.153","CUSTOMIZED_USER","158441B6DD036B91E0536204548C5DC9"
"COST","801","HCUSCOSTFLEX","InterEntity","BALANCING","2015/05/29 15:01:30.722","CUSTOMIZED_USER","2015/05/29 15:01:30.741","CUSTOMIZED_USER","173AA7E002D740D5E0536204548C6632"
"COST","801","HCUSCOSTFLEX","InterEntity","ELEMENT","2015/05/07 21:13:27.577","CUSTOMIZED_USER","2015/05/07 21:13:27.979","CUSTOMIZED_USER","158441B6DD036B91E0536204548C5DC9"
"COST","801","HCUSCOSTFLEX","InterEntity","PAYROLL","2015/05/07 21:13:27.577","CUSTOMIZED_USER","2015/05/07 21:13:27.98","CUSTOMIZED_USER","158441B6DD036B91E0536204548C5DC9"
"COST","801","HCUSCOSTFLEX","Physician","BALANCING","2015/05/29 15:01:22.133","CUSTOMIZED_USER","2015/05/29 15:01:22.144","CUSTOMIZED_USER","173AA7E002D740D5E0536204548C6632"
"COST","801","HCUSCOSTFLEX","Physician","ORGANIZATION","2015/05/07 21:12:39.23","CUSTOMIZED_USER","2015/05/07 21:12:39.268","CUSTOMIZED_USER","158441B6DD036B91E0536204548C5DC9"
"COST","801","HCUSCOSTFLEX","Physician","PAYROLL","2015/05/07 21:12:39.23","CUSTOMIZED_USER","2015/05/07 21:12:39.269","CUSTOMIZED_USER","158441B6DD036B91E0536204548C5DC9"
"COST","801","HCUSCOSTFLEX","Physician","PERSON","2015/05/07 21:12:39.23","CUSTOMIZED_USER","2015/05/07 21:12:39.27","CUSTOMIZED_USER","158441B6DD036B91E0536204548C5DC9"
"COST","801","HCUSCOSTFLEX","Physician","POSITION","2015/05/07 21:12:39.231","CUSTOMIZED_USER","2015/05/07 21:12:39.27","CUSTOMIZED_USER","158441B6DD036B91E0536204548C5DC9"
"COST","801","HCUSCOSTFLEX","Program","BALANCING","2015/05/29 15:01:15.185","CUSTOMIZED_USER","2015/05/29 15:01:15.194","CUSTOMIZED_USER","173AA7E002D740D5E0536204548C6632"
"COST","801","HCUSCOSTFLEX","Program","ELEMENT","2015/05/07 21:11:27.813","CUSTOMIZED_USER","2015/05/07 21:11:27.851","CUSTOMIZED_USER","158441B6DD036B91E0536204548C5DC9"
"COST","801","HCUSCOSTFLEX","Program","ELEMENT ENTRY","2015/05/07 21:11:27.813","CUSTOMIZED_USER","2015/05/07 21:11:27.852","CUSTOMIZED_USER","158441B6DD036B91E0536204548C5DC9"
"COST","801","HCUSCOSTFLEX","Program","PAYROLL","2015/05/07 21:11:27.814","CUSTOMIZED_USER","2015/05/07 21:11:27.853","CUSTOMIZED_USER","158441B6DD036B91E0536204548C5DC9"
"COST","801","HCUSCOSTFLEX","Program","PERSON","2015/05/07 21:11:27.814","CUSTOMIZED_USER","2015/05/07 21:11:27.853","CUSTOMIZED_USER","158441B6DD036B91E0536204548C5DC9"
"COST","801","HCUSCOSTFLEX","Program","POSITION","2015/05/07 21:11:27.814","CUSTOMIZED_USER","2015/05/07 21:11:27.854","CUSTOMIZED_USER","158441B6DD036B91E0536204548C5DC9"
"COST","801","HCUSCOSTFLEX","Sub Acount","BALANCING","2015/05/29 15:01:08.017","CUSTOMIZED_USER","2015/05/29 15:01:08.038","CUSTOMIZED_USER","173AA7E002D740D5E0536204548C6632"
"COST","801","HCUSCOSTFLEX","Sub Acount","ELEMENT","2015/05/07 21:10:39.533","CUSTOMIZED_USER","2015/05/07 21:10:39.572","CUSTOMIZED_USER","158441B6DD036B91E0536204548C5DC9"
"COST","801","HCUSCOSTFLEX","Sub Acount","PAYROLL","2015/05/07 21:10:39.534","CUSTOMIZED_USER","2015/05/07 21:10:39.573","CUSTOMIZED_USER","158441B6DD036B91E0536204548C5DC9"
"COST","801","HCUSCOSTFLEX","Sub Acount","PERSON ELEMENT","2015/05/07 21:10:39.535","CUSTOMIZED_USER","2015/05/07 21:10:39.573","CUSTOMIZED_USER","158441B6DD036B91E0536204548C5DC9"
"COST","801","HEDUSCOSTFLEX","Account","BALANCING","2015/06/25 15:30:09.885","CUSTOMIZED_USER","2015/06/25 15:30:09.893","CUSTOMIZED_USER","194CBD5C95766AB4E0536204548CB947"
"COST","801","HEDUSCOSTFLEX","Account","ELEMENT","2015/05/27 19:44:52.395","CUSTOMIZED_USER","2015/05/27 19:44:52.439","CUSTOMIZED_USER","17166F1B0766369CE0536204548C188D"
"COST","801","HEDUSCOSTFLEX","Account","ORGANIZATION","2015/05/27 19:44:52.395","CUSTOMIZED_USER","2015/05/27 19:44:52.437","CUSTOMIZED_USER","17166F1B0766369CE0536204548C188D"
"COST","801","HEDUSCOSTFLEX","Account","PAYROLL","2015/05/27 19:44:52.395","CUSTOMIZED_USER","2015/05/27 19:44:52.439","CUSTOMIZED_USER","17166F1B0766369CE0536204548C188D"
"COST","801","HEDUSCOSTFLEX","Account","PERSON ELEMENT","2015/05/27 19:44:52.395","CUSTOMIZED_USER","2015/05/27 19:44:52.44","CUSTOMIZED_USER","17166F1B0766369CE0536204548C188D"
"COST","801","HEDUSCOSTFLEX","Class","BALANCING","2015/06/25 15:30:25.446","CUSTOMIZED_USER","2015/06/25 15:30:25.454","CUSTOMIZED_USER","194CBD5C95766AB4E0536204548CB947"
"COST","801","HEDUSCOSTFLEX","Class","ELEMENT","2015/05/27 19:53:40.643","CUSTOMIZED_USER","2015/05/27 19:53:40.659","CUSTOMIZED_USER","17166D138CA43AA7E0536204548CE5C2"
"COST","801","HEDUSCOSTFLEX","Class","ELEMENT ENTRY","2015/05/27 19:53:40.644","CUSTOMIZED_USER","2015/05/27 19:53:40.66","CUSTOMIZED_USER","17166D138CA43AA7E0536204548CE5C2"
"COST","801","HEDUSCOSTFLEX","Class","ORGANIZATION","2015/05/27 19:50:39.659","CUSTOMIZED_USER","2015/05/27 19:50:39.725","CUSTOMIZED_USER","17166D138CA33AA7E0536204548CE5C2"
"COST","801","HEDUSCOSTFLEX","Class","PAYROLL","2015/05/27 19:50:39.66","CUSTOMIZED_USER","2015/05/27 19:50:39.726","CUSTOMIZED_USER","17166D138CA33AA7E0536204548CE5C2"
"COST","801","HEDUSCOSTFLEX","Class","PERSON","2015/05/27 19:50:39.66","CUSTOMIZED_USER","2015/05/27 19:50:39.727","CUSTOMIZED_USER","17166D138CA33AA7E0536204548CE5C2"
"COST","801","HEDUSCOSTFLEX","Class","POSITION","2015/05/27 19:50:39.66","CUSTOMIZED_USER","2015/05/27 19:50:39.727","CUSTOMIZED_USER","17166D138CA33AA7E0536204548CE5C2"
"COST","801","HEDUSCOSTFLEX","Department","BALANCING","2015/06/25 15:30:01.362","CUSTOMIZED_USER","2015/06/25 15:30:01.41","CUSTOMIZED_USER","194CBD5C95766AB4E0536204548CB947"
"COST","801","HEDUSCOSTFLEX","Department","ELEMENT","2015/05/27 19:43:00.82","CUSTOMIZED_USER","2015/05/27 19:43:00.881","CUSTOMIZED_USER","17166F1B0765369CE0536204548C188D"
"COST","801","HEDUSCOSTFLEX","Department","ELEMENT ENTRY","2015/05/27 19:43:00.82","CUSTOMIZED_USER","2015/05/27 19:43:00.882","CUSTOMIZED_USER","17166F1B0765369CE0536204548C188D"
"COST","801","HEDUSCOSTFLEX","Department","ORGANIZATION","2015/05/27 19:43:00.82","CUSTOMIZED_USER","2015/05/27 19:43:00.875","CUSTOMIZED_USER","17166F1B0765369CE0536204548C188D"
"COST","801","HEDUSCOSTFLEX","Department","PAYROLL","2015/05/27 19:43:00.821","CUSTOMIZED_USER","2015/05/27 19:43:00.883","CUSTOMIZED_USER","17166F1B0765369CE0536204548C188D"
"COST","801","HEDUSCOSTFLEX","Department","PERSON","2015/05/27 19:43:00.821","CUSTOMIZED_USER","2015/05/27 19:43:00.883","CUSTOMIZED_USER","17166F1B0765369CE0536204548C188D"
"COST","801","HEDUSCOSTFLEX","Department","POSITION","2015/05/27 19:43:00.821","CUSTOMIZED_USER","2015/05/27 19:43:00.884","CUSTOMIZED_USER","17166F1B0765369CE0536204548C188D"
"COST","801","HEDUSCOSTFLEX","Fund","BALANCING","2015/06/25 15:29:47.0","CUSTOMIZED_USER","2015/06/25 15:29:52.628","CUSTOMIZED_USER","194CBD5C95766AB4E0536204548CB947"
"COST","801","HEDUSCOSTFLEX","Fund","ELEMENT","2015/05/27 19:41:15.316","CUSTOMIZED_USER","2015/05/27 19:41:16.168","CUSTOMIZED_USER","17166D138CA23AA7E0536204548CE5C2"
"COST","801","HEDUSCOSTFLEX","Fund","ORGANIZATION","2015/05/27 19:41:15.314","CUSTOMIZED_USER","2015/05/27 19:41:16.163","CUSTOMIZED_USER","17166D138CA23AA7E0536204548CE5C2"
"COST","801","HEDUSCOSTFLEX","Fund","PAYROLL","2015/05/27 19:41:15.317","CUSTOMIZED_USER","2015/05/27 19:41:16.168","CUSTOMIZED_USER","17166D138CA23AA7E0536204548CE5C2"
"COST","801","HEDUSCOSTFLEX","Interfund","BALANCING","2015/06/25 15:30:48.341","CUSTOMIZED_USER","2015/06/25 15:30:48.348","CUSTOMIZED_USER","194CBD5C95766AB4E0536204548CB947"
"COST","801","HEDUSCOSTFLEX","Interfund","ELEMENT","2015/05/27 19:57:55.045","CUSTOMIZED_USER","2015/05/27 19:57:55.218","CUSTOMIZED_USER","171087171DD44412E0536204548CC6C5"
"COST","801","HEDUSCOSTFLEX","Interfund","ORGANIZATION","2015/05/27 19:57:55.045","CUSTOMIZED_USER","2015/05/27 19:57:55.215","CUSTOMIZED_USER","171087171DD44412E0536204548CC6C5"
"COST","801","HEDUSCOSTFLEX","Interfund","PAYROLL","2015/05/27 19:57:55.045","CUSTOMIZED_USER","2015/05/27 19:57:55.219","CUSTOMIZED_USER","171087171DD44412E0536204548CC6C5"
"COST","801","HEDUSCOSTFLEX","Local Use","BALANCING","2015/06/25 15:30:40.241","CUSTOMIZED_USER","2015/06/25 15:30:40.249","CUSTOMIZED_USER","194CBD5C95766AB4E0536204548CB947"
"COST","801","HEDUSCOSTFLEX","Local Use","ELEMENT","2015/05/27 19:55:20.76","CUSTOMIZED_USER","2015/05/27 19:55:20.784","CUSTOMIZED_USER","17166F1B0768369CE0536204548C188D"
"COST","801","HEDUSCOSTFLEX","Local Use","ORGANIZATION","2015/05/27 19:55:20.759","CUSTOMIZED_USER","2015/05/27 19:55:20.783","CUSTOMIZED_USER","17166F1B0768369CE0536204548C188D"
"COST","801","HEDUSCOSTFLEX","Local Use","PAYROLL","2015/05/27 19:55:20.76","CUSTOMIZED_USER","2015/05/27 19:55:20.784","CUSTOMIZED_USER","17166F1B0768369CE0536204548C188D"
"COST","801","HEDUSCOSTFLEX","Program","BALANCING","2015/06/25 15:30:17.393","CUSTOMIZED_USER","2015/06/25 15:30:17.408","CUSTOMIZED_USER","194CBD5C95766AB4E0536204548CB947"
"COST","801","HEDUSCOSTFLEX","Program","ELEMENT","2015/05/27 19:47:11.51","CUSTOMIZED_USER","2015/05/27 19:47:11.546","CUSTOMIZED_USER","17166F1B0767369CE0536204548C188D"
"COST","801","HEDUSCOSTFLEX","Program","ELEMENT ENTRY","2015/05/27 19:47:11.511","CUSTOMIZED_USER","2015/05/27 19:47:11.547","CUSTOMIZED_USER","17166F1B0767369CE0536204548C188D"
"COST","801","HEDUSCOSTFLEX","Program","ORGANIZATION","2015/05/27 19:47:11.51","CUSTOMIZED_USER","2015/05/27 19:47:11.546","CUSTOMIZED_USER","17166F1B0767369CE0536204548C188D"
"COST","801","HEDUSCOSTFLEX","Program","PAYROLL","2015/05/27 19:47:11.511","CUSTOMIZED_USER","2015/05/27 19:47:11.548","CUSTOMIZED_USER","17166F1B0767369CE0536204548C188D"
"COST","801","HEDUSCOSTFLEX","Program","PERSON","2015/05/27 19:47:11.511","CUSTOMIZED_USER","2015/05/27 19:47:11.548","CUSTOMIZED_USER","17166F1B0767369CE0536204548C188D"
"COST","801","HEDUSCOSTFLEX","Program","POSITION","2015/05/27 19:47:11.511","CUSTOMIZED_USER","2015/05/27 19:47:11.549","CUSTOMIZED_USER","17166F1B0767369CE0536204548C188D"
"COST","801","HEDUSCOSTFLEX","Unit","BALANCING","2015/06/25 15:30:33.102","CUSTOMIZED_USER","2015/06/25 15:30:33.108","CUSTOMIZED_USER","194CBD5C95766AB4E0536204548CB947"
"COST","801","HEDUSCOSTFLEX","Unit","ORGANIZATION","2015/05/27 19:53:16.621","CUSTOMIZED_USER","2015/05/27 19:53:16.689","CUSTOMIZED_USER","17166D138CA43AA7E0536204548CE5C2"
"COST","801","HEDUSCOSTFLEX","Unit","PAYROLL","2015/05/27 19:53:16.621","CUSTOMIZED_USER","2015/05/27 19:53:16.69","CUSTOMIZED_USER","17166D138CA43AA7E0536204548CE5C2"
"COST","801","HEDUSCOSTFLEX","Unit","PERSON","2015/05/27 19:53:16.621","CUSTOMIZED_USER","2015/05/27 19:53:16.691","CUSTOMIZED_USER","17166D138CA43AA7E0536204548CE5C2"
"COST","801","HEDUSCOSTFLEX","Unit","POSITION","2015/05/27 19:53:16.622","CUSTOMIZED_USER","2015/05/27 19:53:16.692","CUSTOMIZED_USER","17166D138CA43AA7E0536204548CE5C2"
"COST","801","PRGUSCOSTFLEX","Account","BALANCING","2014/07/16 16:13:28.0","CUSTOMIZED_USER","2014/07/16 16:13:28.0","CUSTOMIZED_USER","-1"
"COST","801","PRGUSCOSTFLEX","Account","ELEMENT","2020/03/24 20:43:23.794","CUSTOMIZED_USER","2020/03/24 20:43:23.841","CUSTOMIZED_USER","A19D115472822D92E053B090DF0A0FA5"
"COST","801","PRGUSCOSTFLEX","Account","ELEMENT ENTRY","2020/03/24 20:43:23.795","CUSTOMIZED_USER","2020/03/24 20:43:23.846","CUSTOMIZED_USER","A19D115472822D92E053B090DF0A0FA5"
"COST","801","PRGUSCOSTFLEX","Account","PAYROLL","2014/07/16 16:13:28.0","CUSTOMIZED_USER","2014/07/16 16:13:28.0","CUSTOMIZED_USER","-1"
"COST","801","PRGUSCOSTFLEX","Account","PERSON","2014/07/16 16:13:28.0","CUSTOMIZED_USER","2014/07/16 16:13:28.0","CUSTOMIZED_USER","-1"
"COST","801","PRGUSCOSTFLEX","Account","PERSON ELEMENT","2014/07/16 16:13:28.0","CUSTOMIZED_USER","2014/07/16 16:13:28.0","CUSTOMIZED_USER","-1"
"COST","801","PRGUSCOSTFLEX","Account","POSITION","2020/03/24 20:43:23.796","CUSTOMIZED_USER","2020/03/24 20:43:23.85","CUSTOMIZED_USER","A19D115472822D92E053B090DF0A0FA5"
"COST","801","PRGUSCOSTFLEX","Budget Reference","ELEMENT","2020/03/25 01:17:20.765","CUSTOMIZED_USER","2020/03/25 01:17:20.866","CUSTOMIZED_USER","A1A471963E541143E053B090DF0A4EB3"
"COST","801","PRGUSCOSTFLEX","Budget Reference","ELEMENT ENTRY","2014/07/16 16:13:28.0","CUSTOMIZED_USER","2014/07/16 16:13:28.0","CUSTOMIZED_USER","-1"
"COST","801","PRGUSCOSTFLEX","Budget Reference","PAYROLL","2020/03/24 20:42:35.277","CUSTOMIZED_USER","2020/03/24 20:42:35.354","CUSTOMIZED_USER","A19D115472822D92E053B090DF0A0FA5"
"COST","801","PRGUSCOSTFLEX","Department","BALANCING","2014/07/16 16:13:28.0","CUSTOMIZED_USER","2014/07/16 16:13:28.0","CUSTOMIZED_USER","-1"
"COST","801","PRGUSCOSTFLEX","Department","ELEMENT","2014/07/16 16:13:28.0","CUSTOMIZED_USER","2014/07/16 16:13:28.0","CUSTOMIZED_USER","-1"
"COST","801","PRGUSCOSTFLEX","Department","ELEMENT ENTRY","2020/03/24 20:43:00.031","CUSTOMIZED_USER","2020/03/24 20:43:00.057","CUSTOMIZED_USER","A19D115472822D92E053B090DF0A0FA5"
"COST","801","PRGUSCOSTFLEX","Department","ORGANIZATION","2020/03/24 20:43:00.03","CUSTOMIZED_USER","2020/03/24 20:43:00.048","CUSTOMIZED_USER","A19D115472822D92E053B090DF0A0FA5"
"COST","801","PRGUSCOSTFLEX","Department","PAYROLL","2014/07/16 16:13:28.0","CUSTOMIZED_USER","2014/07/16 16:13:28.0","CUSTOMIZED_USER","-1"
"COST","801","PRGUSCOSTFLEX","Department","PERSON","2014/07/16 16:13:28.0","CUSTOMIZED_USER","2014/07/16 16:13:28.0","CUSTOMIZED_USER","-1"
"COST","801","PRGUSCOSTFLEX","Department","PERSON ELEMENT","2014/07/16 16:13:28.0","CUSTOMIZED_USER","2014/07/16 16:13:28.0","CUSTOMIZED_USER","-1"
"COST","801","PRGUSCOSTFLEX","Department","POSITION","2014/07/16 16:13:28.0","CUSTOMIZED_USER","2014/07/16 16:13:28.0","CUSTOMIZED_USER","-1"
"COST","801","PRGUSCOSTFLEX","Fund","BALANCING","2014/07/16 16:13:28.0","CUSTOMIZED_USER","2014/07/16 16:13:28.0","CUSTOMIZED_USER","-1"
"COST","801","PRGUSCOSTFLEX","Fund","ELEMENT","2014/07/16 16:13:28.0","CUSTOMIZED_USER","2014/07/16 16:13:28.0","CUSTOMIZED_USER","-1"
"COST","801","PRGUSCOSTFLEX","Fund","ELEMENT ENTRY","2014/07/16 16:13:28.0","CUSTOMIZED_USER","2014/07/16 16:13:28.0","CUSTOMIZED_USER","-1"
"COST","801","PRGUSCOSTFLEX","Fund","PAYROLL","2020/03/24 20:42:10.0","CUSTOMIZED_USER","2020/03/24 20:42:12.452","CUSTOMIZED_USER","A19D115472822D92E053B090DF0A0FA5"
"COST","801","PRGUSCOSTFLEX","Fund","PERSON","2014/07/16 16:13:28.0","CUSTOMIZED_USER","2014/07/16 16:13:28.0","CUSTOMIZED_USER","-1"
"COST","801","PRGUSCOSTFLEX","Fund","PERSON ELEMENT","2014/07/16 16:13:28.0","CUSTOMIZED_USER","2014/07/16 16:13:28.0","CUSTOMIZED_USER","-1"
"COST","801","PRGUSCOSTFLEX","Fund","POSITION","2014/07/16 16:13:28.0","CUSTOMIZED_USER","2014/07/16 16:13:28.0","CUSTOMIZED_USER","-1"
"COST","801","PRGUSCOSTFLEX","Funding Source","BALANCING","2014/07/16 16:13:28.0","CUSTOMIZED_USER","2014/07/16 16:13:28.0","CUSTOMIZED_USER","-1"
"COST","801","PRGUSCOSTFLEX","Funding Source","ELEMENT","2014/07/16 16:13:28.0","CUSTOMIZED_USER","2014/07/16 16:13:28.0","CUSTOMIZED_USER","-1"
"COST","801","PRGUSCOSTFLEX","Funding Source","ELEMENT ENTRY","2014/07/16 16:13:28.0","CUSTOMIZED_USER","2014/07/16 16:13:28.0","CUSTOMIZED_USER","-1"
"COST","801","PRGUSCOSTFLEX","Funding Source","PAYROLL","2020/03/24 20:44:05.656","CUSTOMIZED_USER","2020/03/24 20:44:05.687","CUSTOMIZED_USER","A19D115472822D92E053B090DF0A0FA5"
"COST","801","PRGUSCOSTFLEX","Funding Source","PERSON","2014/07/16 16:13:28.0","CUSTOMIZED_USER","2014/07/16 16:13:28.0","CUSTOMIZED_USER","-1"
"COST","801","PRGUSCOSTFLEX","Funding Source","PERSON ELEMENT","2014/07/16 16:13:28.0","CUSTOMIZED_USER","2014/07/16 16:13:28.0","CUSTOMIZED_USER","-1"
"COST","801","PRGUSCOSTFLEX","Funding Source","POSITION","2014/07/16 16:13:28.0","CUSTOMIZED_USER","2014/07/16 16:13:28.0","CUSTOMIZED_USER","-1"
"COST","801","PRGUSCOSTFLEX","Program","BALANCING","2014/07/16 16:13:28.0","CUSTOMIZED_USER","2014/07/16 16:13:28.0","CUSTOMIZED_USER","-1"
"COST","801","PRGUSCOSTFLEX","Program","ELEMENT","2014/07/16 16:13:28.0","CUSTOMIZED_USER","2014/07/16 16:13:28.0","CUSTOMIZED_USER","-1"
"COST","801","PRGUSCOSTFLEX","Program","ELEMENT ENTRY","2014/07/16 16:13:28.0","CUSTOMIZED_USER","2014/07/16 16:13:28.0","CUSTOMIZED_USER","-1"
"COST","801","PRGUSCOSTFLEX","Program","ORGANIZATION","2014/07/16 16:13:28.0","CUSTOMIZED_USER","2014/07/16 16:13:28.0","CUSTOMIZED_USER","-1"
"COST","801","PRGUSCOSTFLEX","Program","PERSON","2014/07/16 16:13:28.0","CUSTOMIZED_USER","2014/07/16 16:13:28.0","CUSTOMIZED_USER","-1"
"COST","801","PRGUSCOSTFLEX","Program","PERSON ELEMENT","2014/07/16 16:13:28.0","CUSTOMIZED_USER","2014/07/16 16:13:28.0","CUSTOMIZED_USER","-1"
"COST","801","PRGUSCOSTFLEX","Program","POSITION","2014/07/16 16:13:28.0","CUSTOMIZED_USER","2014/07/16 16:13:28.0","CUSTOMIZED_USER","-1"
"COST","801","PRGUSCOSTFLEX","Project","BALANCING","2020/03/25 01:16:36.0","CUSTOMIZED_USER","2020/03/25 01:16:36.09","CUSTOMIZED_USER","A1A471963E541143E053B090DF0A4EB3"
"COST","801","PRGUSCOSTFLEX","Project","ELEMENT","2014/07/16 16:13:28.0","CUSTOMIZED_USER","2014/07/16 16:13:28.0","CUSTOMIZED_USER","-1"
"COST","801","PRGUSCOSTFLEX","Project","ELEMENT ENTRY","2014/07/16 16:13:28.0","CUSTOMIZED_USER","2014/07/16 16:13:28.0","CUSTOMIZED_USER","-1"
"COST","801","PRGUSCOSTFLEX","Project","PAYROLL","2020/03/24 20:44:35.442","CUSTOMIZED_USER","2020/03/24 20:44:35.487","CUSTOMIZED_USER","A19D115472822D92E053B090DF0A0FA5"
"COST","801","PRGUSCOSTFLEX","Project","PERSON","2014/07/16 16:13:28.0","CUSTOMIZED_USER","2014/07/16 16:13:28.0","CUSTOMIZED_USER","-1"
"COST","801","PRGUSCOSTFLEX","Project","PERSON ELEMENT","2014/07/16 16:13:28.0","CUSTOMIZED_USER","2014/07/16 16:13:28.0","CUSTOMIZED_USER","-1"
"COST","801","Progress_UK_Structure","Account","BALANCING","2021/01/19 16:52:52.085","CUSTOMIZED_USER","2021/01/19 16:52:52.359","CUSTOMIZED_USER","B9446682769B7891E0539E90DF0AAFB8"
"COST","801","Progress_UK_Structure","Account","ELEMENT","2021/01/19 16:52:52.083","CUSTOMIZED_USER","2021/01/19 16:52:52.347","CUSTOMIZED_USER","B9446682769B7891E0539E90DF0AAFB8"
"COST","801","Progress_UK_Structure","Account","ELEMENT ENTRY","2021/01/19 16:52:52.083","CUSTOMIZED_USER","2021/01/19 16:52:52.351","CUSTOMIZED_USER","B9446682769B7891E0539E90DF0AAFB8"
"COST","801","Progress_UK_Structure","Account","JOB","2021/01/19 16:52:52.084","CUSTOMIZED_USER","2021/01/19 16:52:52.355","CUSTOMIZED_USER","B9446682769B7891E0539E90DF0AAFB8"
"COST","801","Progress_UK_Structure","Account","ORGANIZATION","2021/01/19 16:52:52.081","CUSTOMIZED_USER","2021/01/19 16:52:52.339","CUSTOMIZED_USER","B9446682769B7891E0539E90DF0AAFB8"
"COST","801","Progress_UK_Structure","Account","PAYROLL","2021/01/19 16:52:52.086","CUSTOMIZED_USER","2021/01/19 16:52:52.363","CUSTOMIZED_USER","B9446682769B7891E0539E90DF0AAFB8"
"COST","801","Progress_UK_Structure","Account","PERSON","2021/01/19 16:52:52.089","CUSTOMIZED_USER","2021/01/19 16:52:52.366","CUSTOMIZED_USER","B9446682769B7891E0539E90DF0AAFB8"
"COST","801","Progress_UK_Structure","Account","PERSON ELEMENT","2021/01/19 16:52:52.091","CUSTOMIZED_USER","2021/01/19 16:52:52.378","CUSTOMIZED_USER","B9446682769B7891E0539E90DF0AAFB8"
"COST","801","Progress_UK_Structure","Account","POSITION","2021/01/19 16:52:52.092","CUSTOMIZED_USER","2021/01/19 16:52:52.385","CUSTOMIZED_USER","B9446682769B7891E0539E90DF0AAFB8"
"COST","801","Progress_UK_Structure","Analysis","BALANCING","2021/01/19 16:56:02.308","CUSTOMIZED_USER","2021/01/19 16:56:02.508","CUSTOMIZED_USER","B9446682769B7891E0539E90DF0AAFB8"
"COST","801","Progress_UK_Structure","Analysis","ELEMENT","2021/01/19 16:56:02.305","CUSTOMIZED_USER","2021/01/19 16:56:02.496","CUSTOMIZED_USER","B9446682769B7891E0539E90DF0AAFB8"
"COST","801","Progress_UK_Structure","Analysis","ELEMENT ENTRY","2021/01/19 16:56:02.306","CUSTOMIZED_USER","2021/01/19 16:56:02.5","CUSTOMIZED_USER","B9446682769B7891E0539E90DF0AAFB8"
"COST","801","Progress_UK_Structure","Analysis","JOB","2021/01/19 16:56:02.307","CUSTOMIZED_USER","2021/01/19 16:56:02.504","CUSTOMIZED_USER","B9446682769B7891E0539E90DF0AAFB8"
"COST","801","Progress_UK_Structure","Analysis","ORGANIZATION","2021/01/19 16:56:02.303","CUSTOMIZED_USER","2021/01/19 16:56:02.491","CUSTOMIZED_USER","B9446682769B7891E0539E90DF0AAFB8"
"COST","801","Progress_UK_Structure","Analysis","PAYROLL","2021/01/19 16:56:02.309","CUSTOMIZED_USER","2021/01/19 16:56:02.524","CUSTOMIZED_USER","B9446682769B7891E0539E90DF0AAFB8"
"COST","801","Progress_UK_Structure","Analysis","PERSON","2021/01/19 16:56:02.31","CUSTOMIZED_USER","2021/01/19 16:56:02.528","CUSTOMIZED_USER","B9446682769B7891E0539E90DF0AAFB8"
"COST","801","Progress_UK_Structure","Analysis","PERSON ELEMENT","2021/01/19 16:56:02.311","CUSTOMIZED_USER","2021/01/19 16:56:02.531","CUSTOMIZED_USER","B9446682769B7891E0539E90DF0AAFB8"
"COST","801","Progress_UK_Structure","Analysis","POSITION","2021/01/19 16:56:02.311","CUSTOMIZED_USER","2021/01/19 16:56:02.536","CUSTOMIZED_USER","B9446682769B7891E0539E90DF0AAFB8"
"COST","801","Progress_UK_Structure","Company","BALANCING","2021/01/19 16:52:03.138","CUSTOMIZED_USER","2021/01/19 16:52:04.911","CUSTOMIZED_USER","B9446682769B7891E0539E90DF0AAFB8"
"COST","801","Progress_UK_Structure","Company","ELEMENT","2021/01/19 16:52:03.133","CUSTOMIZED_USER","2021/01/19 16:52:04.883","CUSTOMIZED_USER","B9446682769B7891E0539E90DF0AAFB8"
"COST","801","Progress_UK_Structure","Company","ELEMENT ENTRY","2021/01/19 16:52:03.136","CUSTOMIZED_USER","2021/01/19 16:52:04.894","CUSTOMIZED_USER","B9446682769B7891E0539E90DF0AAFB8"
"COST","801","Progress_UK_Structure","Company","JOB","2021/01/19 16:52:03.137","CUSTOMIZED_USER","2021/01/19 16:52:04.904","CUSTOMIZED_USER","B9446682769B7891E0539E90DF0AAFB8"
"COST","801","Progress_UK_Structure","Company","ORGANIZATION","2021/01/19 16:52:03.125","CUSTOMIZED_USER","2021/01/19 16:52:04.791","CUSTOMIZED_USER","B9446682769B7891E0539E90DF0AAFB8"
"COST","801","Progress_UK_Structure","Company","PAYROLL","2021/01/19 16:52:03.139","CUSTOMIZED_USER","2021/01/19 16:52:04.915","CUSTOMIZED_USER","B9446682769B7891E0539E90DF0AAFB8"
"COST","801","Progress_UK_Structure","Company","PERSON","2021/01/19 16:52:03.139","CUSTOMIZED_USER","2021/01/19 16:52:04.919","CUSTOMIZED_USER","B9446682769B7891E0539E90DF0AAFB8"
"COST","801","Progress_UK_Structure","Company","PERSON ELEMENT","2021/01/19 16:52:03.14","CUSTOMIZED_USER","2021/01/19 16:52:04.923","CUSTOMIZED_USER","B9446682769B7891E0539E90DF0AAFB8"
"COST","801","Progress_UK_Structure","Company","POSITION","2021/01/19 16:52:03.141","CUSTOMIZED_USER","2021/01/19 16:52:04.927","CUSTOMIZED_USER","B9446682769B7891E0539E90DF0AAFB8"
"COST","801","Progress_UK_Structure","Department","BALANCING","2021/01/19 16:53:54.158","CUSTOMIZED_USER","2021/01/19 16:53:54.529","CUSTOMIZED_USER","B9446682769B7891E0539E90DF0AAFB8"
"COST","801","Progress_UK_Structure","Department","ELEMENT","2021/01/19 16:53:54.155","CUSTOMIZED_USER","2021/01/19 16:53:54.517","CUSTOMIZED_USER","B9446682769B7891E0539E90DF0AAFB8"
"COST","801","Progress_UK_Structure","Department","ELEMENT ENTRY","2021/01/19 16:53:54.156","CUSTOMIZED_USER","2021/01/19 16:53:54.521","CUSTOMIZED_USER","B9446682769B7891E0539E90DF0AAFB8"
"COST","801","Progress_UK_Structure","Department","JOB","2021/01/19 16:53:54.157","CUSTOMIZED_USER","2021/01/19 16:53:54.525","CUSTOMIZED_USER","B9446682769B7891E0539E90DF0AAFB8"
"COST","801","Progress_UK_Structure","Department","ORGANIZATION","2021/01/19 16:53:54.153","CUSTOMIZED_USER","2021/01/19 16:53:54.347","CUSTOMIZED_USER","B9446682769B7891E0539E90DF0AAFB8"
"COST","801","Progress_UK_Structure","Department","PAYROLL","2021/01/19 16:53:54.159","CUSTOMIZED_USER","2021/01/19 16:53:54.533","CUSTOMIZED_USER","B9446682769B7891E0539E90DF0AAFB8"
"COST","801","Progress_UK_Structure","Department","PERSON","2021/01/19 16:53:54.16","CUSTOMIZED_USER","2021/01/19 16:53:54.537","CUSTOMIZED_USER","B9446682769B7891E0539E90DF0AAFB8"
"COST","801","Progress_UK_Structure","Department","PERSON ELEMENT","2021/01/19 16:53:54.161","CUSTOMIZED_USER","2021/01/19 16:53:54.542","CUSTOMIZED_USER","B9446682769B7891E0539E90DF0AAFB8"
"COST","801","Progress_UK_Structure","Department","POSITION","2021/01/19 16:53:54.162","CUSTOMIZED_USER","2021/01/19 16:53:54.546","CUSTOMIZED_USER","B9446682769B7891E0539E90DF0AAFB8"
"COST","801","Progress_UK_Structure","Fund","BALANCING","2021/01/19 16:55:05.823","CUSTOMIZED_USER","2021/01/19 16:55:06.002","CUSTOMIZED_USER","B9446682769B7891E0539E90DF0AAFB8"
"COST","801","Progress_UK_Structure","Fund","ELEMENT","2021/01/19 16:55:05.821","CUSTOMIZED_USER","2021/01/19 16:55:05.989","CUSTOMIZED_USER","B9446682769B7891E0539E90DF0AAFB8"
"COST","801","Progress_UK_Structure","Fund","ELEMENT ENTRY","2021/01/19 16:55:05.822","CUSTOMIZED_USER","2021/01/19 16:55:05.993","CUSTOMIZED_USER","B9446682769B7891E0539E90DF0AAFB8"
"COST","801","Progress_UK_Structure","Fund","JOB","2021/01/19 16:55:05.822","CUSTOMIZED_USER","2021/01/19 16:55:05.998","CUSTOMIZED_USER","B9446682769B7891E0539E90DF0AAFB8"
"COST","801","Progress_UK_Structure","Fund","ORGANIZATION","2021/01/19 16:55:05.819","CUSTOMIZED_USER","2021/01/19 16:55:05.983","CUSTOMIZED_USER","B9446682769B7891E0539E90DF0AAFB8"
"COST","801","Progress_UK_Structure","Fund","PAYROLL","2021/01/19 16:55:05.824","CUSTOMIZED_USER","2021/01/19 16:55:06.006","CUSTOMIZED_USER","B9446682769B7891E0539E90DF0AAFB8"
"COST","801","Progress_UK_Structure","Fund","PERSON","2021/01/19 16:55:05.825","CUSTOMIZED_USER","2021/01/19 16:55:06.01","CUSTOMIZED_USER","B9446682769B7891E0539E90DF0AAFB8"
"COST","801","Progress_UK_Structure","Fund","PERSON ELEMENT","2021/01/19 16:55:05.826","CUSTOMIZED_USER","2021/01/19 16:55:06.014","CUSTOMIZED_USER","B9446682769B7891E0539E90DF0AAFB8"
"COST","801","Progress_UK_Structure","Fund","POSITION","2021/01/19 16:55:05.827","CUSTOMIZED_USER","2021/01/19 16:55:06.019","CUSTOMIZED_USER","B9446682769B7891E0539E90DF0AAFB8"
"COST","801","Progress_UK_Structure","Future","BALANCING","2021/01/19 16:57:59.847","CUSTOMIZED_USER","2021/01/19 16:58:00.021","CUSTOMIZED_USER","B9446682769B7891E0539E90DF0AAFB8"
"COST","801","Progress_UK_Structure","Future","ELEMENT","2021/01/19 16:57:59.844","CUSTOMIZED_USER","2021/01/19 16:58:00.008","CUSTOMIZED_USER","B9446682769B7891E0539E90DF0AAFB8"
"COST","801","Progress_UK_Structure","Future","ELEMENT ENTRY","2021/01/19 16:57:59.845","CUSTOMIZED_USER","2021/01/19 16:58:00.013","CUSTOMIZED_USER","B9446682769B7891E0539E90DF0AAFB8"
"COST","801","Progress_UK_Structure","Future","JOB","2021/01/19 16:57:59.846","CUSTOMIZED_USER","2021/01/19 16:58:00.017","CUSTOMIZED_USER","B9446682769B7891E0539E90DF0AAFB8"
"COST","801","Progress_UK_Structure","Future","ORGANIZATION","2021/01/19 16:57:59.843","CUSTOMIZED_USER","2021/01/19 16:58:00.002","CUSTOMIZED_USER","B9446682769B7891E0539E90DF0AAFB8"
"COST","801","Progress_UK_Structure","Future","PAYROLL","2021/01/19 16:57:59.847","CUSTOMIZED_USER","2021/01/19 16:58:00.025","CUSTOMIZED_USER","B9446682769B7891E0539E90DF0AAFB8"
"COST","801","Progress_UK_Structure","Future","PERSON","2021/01/19 16:57:59.848","CUSTOMIZED_USER","2021/01/19 16:58:00.028","CUSTOMIZED_USER","B9446682769B7891E0539E90DF0AAFB8"
"COST","801","Progress_UK_Structure","Future","PERSON ELEMENT","2021/01/19 16:57:59.849","CUSTOMIZED_USER","2021/01/19 16:58:00.032","CUSTOMIZED_USER","B9446682769B7891E0539E90DF0AAFB8"
"COST","801","Progress_UK_Structure","Future","POSITION","2021/01/19 16:57:59.85","CUSTOMIZED_USER","2021/01/19 16:58:00.036","CUSTOMIZED_USER","B9446682769B7891E0539E90DF0AAFB8"
"COST","801","Progress_UK_Structure","Intercompany","BALANCING","2021/01/19 16:57:01.794","CUSTOMIZED_USER","2021/01/19 16:57:01.976","CUSTOMIZED_USER","B9446682769B7891E0539E90DF0AAFB8"
"COST","801","Progress_UK_Structure","Intercompany","ELEMENT","2021/01/19 16:57:01.791","CUSTOMIZED_USER","2021/01/19 16:57:01.965","CUSTOMIZED_USER","B9446682769B7891E0539E90DF0AAFB8"
"COST","801","Progress_UK_Structure","Intercompany","ELEMENT ENTRY","2021/01/19 16:57:01.793","CUSTOMIZED_USER","2021/01/19 16:57:01.969","CUSTOMIZED_USER","B9446682769B7891E0539E90DF0AAFB8"
"COST","801","Progress_UK_Structure","Intercompany","JOB","2021/01/19 16:57:01.794","CUSTOMIZED_USER","2021/01/19 16:57:01.973","CUSTOMIZED_USER","B9446682769B7891E0539E90DF0AAFB8"
"COST","801","Progress_UK_Structure","Intercompany","ORGANIZATION","2021/01/19 16:57:01.789","CUSTOMIZED_USER","2021/01/19 16:57:01.96","CUSTOMIZED_USER","B9446682769B7891E0539E90DF0AAFB8"
"COST","801","Progress_UK_Structure","Intercompany","PAYROLL","2021/01/19 16:57:01.795","CUSTOMIZED_USER","2021/01/19 16:57:01.98","CUSTOMIZED_USER","B9446682769B7891E0539E90DF0AAFB8"
"COST","801","Progress_UK_Structure","Intercompany","PERSON","2021/01/19 16:57:01.796","CUSTOMIZED_USER","2021/01/19 16:57:01.983","CUSTOMIZED_USER","B9446682769B7891E0539E90DF0AAFB8"
"COST","801","Progress_UK_Structure","Intercompany","PERSON ELEMENT","2021/01/19 16:57:01.797","CUSTOMIZED_USER","2021/01/19 16:57:01.987","CUSTOMIZED_USER","B9446682769B7891E0539E90DF0AAFB8"
"COST","801","Progress_UK_Structure","Intercompany","POSITION","2021/01/19 16:57:01.798","CUSTOMIZED_USER","2021/01/19 16:57:01.991","CUSTOMIZED_USER","B9446682769B7891E0539E90DF0AAFB8"
"GL#","101","AU Council","Account","GL_ACCOUNT","2021/02/02 16:21:08.701","CUSTOMIZED_USER","2021/02/02 16:21:11.709","CUSTOMIZED_USER","BA5DA4B71A6DE381E0539E90DF0A6B99"
"GL#","101","AU Council","Cost Centre","FA_COST_CTR","2021/02/02 16:21:07.927","CUSTOMIZED_USER","2021/02/02 16:21:11.481","CUSTOMIZED_USER","BA5DA4B71A6DE381E0539E90DF0A6B99"
"GL#","101","AU Council","Fund","GL_BALANCING","2021/02/02 16:21:06.997","CUSTOMIZED_USER","2021/02/02 16:21:11.083","CUSTOMIZED_USER","BA5DA4B71A6DE381E0539E90DF0A6B99"
"GL#","101","Corporate_and_Countries","Account","GL_ACCOUNT","2013/10/24 13:33:30.992","CUSTOMIZED_USER","2013/10/24 13:33:31.014","CUSTOMIZED_USER","E97D4834577C7D7FE0436204548CD903"
"GL#","101","Corporate_and_Countries","Company","GL_BALANCING","2013/10/24 13:29:21.072","CUSTOMIZED_USER","2013/10/24 13:29:22.155","CUSTOMIZED_USER","E97D4834577C7D7FE0436204548CD903"
"GL#","101","Corporate_and_Countries","Cost Center","FA_COST_CTR","2013/10/24 13:34:59.752","CUSTOMIZED_USER","2013/10/24 13:34:59.787","CUSTOMIZED_USER","E97D4834577C7D7FE0436204548CD903"
"GL#","101","Corporate_and_Countries","Intercompany","GL_INTERCOMPANY","2013/10/24 13:37:09.821","CUSTOMIZED_USER","2013/10/24 13:37:09.847","CUSTOMIZED_USER","E97D4834577C7D7FE0436204548CD903"
"GL#","101","Corporate_and_Countries","Intercompany","GL_LOCAL_USE","2015/05/08 17:15:40.0","CUSTOMIZED_USER","2015/05/08 17:15:41.26","CUSTOMIZED_USER","1595F89A567F5B14E0536204548C4FA4"
"GL#","101","Corporate_and_Countries","Intercompany","GSE_GL_INTERCOMPANY","2015/07/31 19:10:36.347","CUSTOMIZED_USER","2015/07/31 19:10:36.361","CUSTOMIZED_USER","1C3050AC490E131DE0536204548C375D"
"GL#","101","Corporate_and_Countries","LoB","GL_SECONDARY_TRACKING","2013/10/24 13:31:14.682","CUSTOMIZED_USER","2013/10/24 13:31:14.725","CUSTOMIZED_USER","E97D4834577C7D7FE0436204548CD903"
"GL#","101","Corporate_and_Countries","LoB","GSE_GL_LINEOFBUSINESS","2015/07/31 19:09:56.153","CUSTOMIZED_USER","2015/07/31 19:09:59.269","CUSTOMIZED_USER","1C3050AC490E131DE0536204548C375D"
"GL#","101","Corporate_and_Countries","Product","GSE_GL_PRODUCT","2015/07/31 19:10:24.223","CUSTOMIZED_USER","2015/07/31 19:10:24.241","CUSTOMIZED_USER","1C3050AC490E131DE0536204548C375D"
"GL#","101","Corporate_and_Countries_Second","Account","GL_ACCOUNT","2015/03/10 16:37:19.26","CUSTOMIZED_USER","2015/03/10 16:37:19.298","CUSTOMIZED_USER","10EF56B27BF24CCFE0536204548CAA7D"
"GL#","101","Corporate_and_Countries_Second","Company","GL_BALANCING","2015/03/10 16:27:12.419","CUSTOMIZED_USER","2015/03/10 16:27:13.264","CUSTOMIZED_USER","10EF56B27BF24CCFE0536204548CAA7D"
"GL#","101","Corporate_and_Countries_Second","Cost Center","FA_COST_CTR","2015/03/10 16:33:03.843","CUSTOMIZED_USER","2015/03/10 16:33:03.881","CUSTOMIZED_USER","10EF56B27BF24CCFE0536204548CAA7D"
"GL#","101","Corporate_and_Countries_Second","Intercompany","GL_INTERCOMPANY","2015/03/10 16:44:09.119","CUSTOMIZED_USER","2015/03/10 16:44:09.151","CUSTOMIZED_USER","10EF56B27BF24CCFE0536204548CAA7D"
"GL#","101","Corporate_and_Countries_Second","LoB","GL_SECONDARY_TRACKING","2015/03/10 16:30:16.862","CUSTOMIZED_USER","2015/03/10 16:30:16.896","CUSTOMIZED_USER","10EF56B27BF24CCFE0536204548CAA7D"
"GL#","101","Federal_US_COA_Structure","Account","GL_ACCOUNT","2021/01/07 13:22:49.506","CUSTOMIZED_USER","2021/01/07 13:22:49.691","CUSTOMIZED_USER","B84F48D8A56DF148E0539E90DF0A2828"
"GL#","101","Federal_US_COA_Structure","Budget Fiscal Year","FV_BUDGET_FISCAL_YEAR","2021/01/07 13:24:20.037","CUSTOMIZED_USER","2021/01/07 13:24:20.2","CUSTOMIZED_USER","B84F48D8A56DF148E0539E90DF0A2828"
"GL#","101","Federal_US_COA_Structure","Cohort Year","FV_COHORT_YEAR","2021/01/07 13:25:52.661","CUSTOMIZED_USER","2021/01/07 13:25:52.864","CUSTOMIZED_USER","B84F48D8A56DF148E0539E90DF0A2828"
"GL#","101","Federal_US_COA_Structure","Cost Center","FA_COST_CTR","2021/01/07 13:18:42.062","CUSTOMIZED_USER","2021/01/07 13:18:42.231","CUSTOMIZED_USER","B84F48D8A56DF148E0539E90DF0A2828"
"GL#","101","Federal_US_COA_Structure","Fund","GL_BALANCING","2021/01/07 13:13:43.591","CUSTOMIZED_USER","2021/01/07 13:13:45.309","CUSTOMIZED_USER","B84F48D8A56DF148E0539E90DF0A2828"
"GL#","101","Federal_US_COA_Structure","Year of Budget Auth","FV_YR_OF_BUDGET_AUTHORITY","2021/01/07 13:27:55.803","CUSTOMIZED_USER","2021/01/07 13:27:55.993","CUSTOMIZED_USER","B84F48D8A56DF148E0539E90DF0A2828"
"GL#","101","Fin_Svcs","Account","GL_ACCOUNT","2016/01/20 13:06:40.131","CUSTOMIZED_USER","2016/01/20 13:06:40.199","CUSTOMIZED_USER","29C416DF662C7AD7E053790B548C8097"
"GL#","101","Fin_Svcs","Affiliate","GL_INTERCOMPANY","2016/01/20 13:04:44.42","CUSTOMIZED_USER","2016/01/20 13:04:44.463","CUSTOMIZED_USER","29C416DF662C7AD7E053790B548C8097"
"GL#","101","Fin_Svcs","Cost Center","FA_COST_CTR","2016/01/20 13:09:56.691","CUSTOMIZED_USER","2016/01/20 13:09:56.732","CUSTOMIZED_USER","29C416DF662C7AD7E053790B548C8097"
"GL#","101","Fin_Svcs","Legal Entity","GL_BALANCING","2016/01/20 13:02:01.771","CUSTOMIZED_USER","2016/01/20 13:02:04.027","CUSTOMIZED_USER","29C416DF662C7AD7E053790B548C8097"
"GL#","101","Health_Care","Account","GL_ACCOUNT","2015/04/10 17:22:45.902","CUSTOMIZED_USER","2015/04/10 17:22:45.945","CUSTOMIZED_USER","13628DDFC70A3FA5E0536204548C3711"
"GL#","101","Health_Care","Department","FA_COST_CTR","2015/04/10 17:20:33.253","CUSTOMIZED_USER","2015/04/10 17:20:33.313","CUSTOMIZED_USER","13628DDFC70A3FA5E0536204548C3711"
"GL#","101","Health_Care","Entity","GL_BALANCING","2015/04/10 17:17:48.858","CUSTOMIZED_USER","2015/04/10 17:17:50.016","CUSTOMIZED_USER","13628DDFC70A3FA5E0536204548C3711"
"GL#","101","Health_Care","InterEntity","GL_INTERCOMPANY","2015/04/10 17:30:29.585","CUSTOMIZED_USER","2015/04/10 17:30:29.627","CUSTOMIZED_USER","13628DDFC70A3FA5E0536204548C3711"
"GL#","101","Health_Care_Payor","Account","GL_ACCOUNT","2018/09/06 13:40:47.768","CUSTOMIZED_USER","2018/09/06 13:40:47.815","CUSTOMIZED_USER","75316ADECB4121D7E0537990DF0A4AE0"
"GL#","101","Health_Care_Payor","Company","GL_BALANCING","2018/09/06 13:34:20.54","CUSTOMIZED_USER","2018/09/06 13:35:24.415","CUSTOMIZED_USER","75316ADECB4121D7E0537990DF0A4AE0"
"GL#","101","Health_Care_Payor","Cost Center","FA_COST_CTR","2018/09/06 13:42:56.063","CUSTOMIZED_USER","2018/09/06 13:42:56.152","CUSTOMIZED_USER","75316ADECB4121D7E0537990DF0A4AE0"
"GL#","101","Health_Care_Payor","Intercompany","GL_INTERCOMPANY","2018/09/06 13:51:02.032","CUSTOMIZED_USER","2018/09/06 13:51:02.103","CUSTOMIZED_USER","75316ADECB4121D7E0537990DF0A4AE0"
"GL#","101","Higher_Ed","Account","GL_ACCOUNT","2014/11/10 09:31:37.675","CUSTOMIZED_USER","2014/11/10 09:31:37.74","CUSTOMIZED_USER","074F479F714B115BE0536204548C6BEF"
"GL#","101","Higher_Ed","Department","FA_COST_CTR","2014/11/10 09:28:40.22","CUSTOMIZED_USER","2014/11/10 09:28:40.271","CUSTOMIZED_USER","074F479F714B115BE0536204548C6BEF"
"GL#","101","Higher_Ed","Fund","GL_BALANCING","2014/11/10 09:22:24.352","CUSTOMIZED_USER","2014/11/10 09:22:25.434","CUSTOMIZED_USER","074F479F714B115BE0536204548C6BEF"
"GL#","101","Higher_Ed","Interfund","GL_INTERCOMPANY","2014/11/10 09:43:47.818","CUSTOMIZED_USER","2014/11/10 09:43:47.865","CUSTOMIZED_USER","074F479F714B115BE0536204548C6BEF"
"GL#","101","Italy_Statutory_Structure","Account","GL_ACCOUNT","2015/10/16 13:49:41.263","CUSTOMIZED_USER","2015/10/16 13:49:41.294","CUSTOMIZED_USER","2239F303B15B0FB8E053790B548C2ABE"
"GL#","101","Italy_Statutory_Structure","Company","GL_BALANCING","2015/10/16 13:48:08.771","CUSTOMIZED_USER","2015/10/16 13:48:10.997","CUSTOMIZED_USER","2239F303B15B0FB8E053790B548C2ABE"
"GL#","101","Italy_Statutory_Structure","Cost Center","FA_COST_CTR","2015/10/16 13:51:07.393","CUSTOMIZED_USER","2015/10/16 13:51:07.426","CUSTOMIZED_USER","2239F303B15B0FB8E053790B548C2ABE"
"GL#","101","Progress UK","Account","GL_ACCOUNT","2021/01/11 11:26:29.313","CUSTOMIZED_USER","2021/01/11 11:26:34.013","CUSTOMIZED_USER","B89F1EA4B0A9D01CE0539E90DF0AE185"
"GL#","101","Progress UK","Analysis","GL_ANALYSIS","2021/01/11 11:26:31.165","CUSTOMIZED_USER","2021/01/11 11:26:35.032","CUSTOMIZED_USER","B89F1EA4B0A9D01CE0539E90DF0AE185"
"GL#","101","Progress UK","Company","GL_BALANCING","2021/01/11 11:26:28.531","CUSTOMIZED_USER","2021/01/11 11:26:33.715","CUSTOMIZED_USER","B89F1EA4B0A9D01CE0539E90DF0AE185"
"GL#","101","Progress UK","Department","FA_COST_CTR","2021/01/11 11:26:29.942","CUSTOMIZED_USER","2021/01/11 11:26:34.57","CUSTOMIZED_USER","B89F1EA4B0A9D01CE0539E90DF0AE185"
"GL#","101","Progress UK","Fund","GL_FUND","2021/01/11 11:26:30.9","CUSTOMIZED_USER","2021/01/11 11:26:34.819","CUSTOMIZED_USER","B89F1EA4B0A9D01CE0539E90DF0AE185"
"GL#","101","Progress UK","Future","GL_FUTURE","2021/01/11 11:26:31.946","CUSTOMIZED_USER","2021/01/11 11:26:35.463","CUSTOMIZED_USER","B89F1EA4B0A9D01CE0539E90DF0AE185"
"GL#","101","Progress UK","Intercompany","GL_INTERCOMPANY","2021/01/11 11:26:31.32","CUSTOMIZED_USER","2021/01/11 11:26:35.267","CUSTOMIZED_USER","B89F1EA4B0A9D01CE0539E90DF0AE185"
"GL#","101","Public_Sector","Account","GL_ACCOUNT","2014/06/04 12:47:33.942","CUSTOMIZED_USER","2014/06/04 12:47:33.961","CUSTOMIZED_USER","FAF36927E4CE37A9E0436204548C29E5"
"GL#","101","Public_Sector","Department","FA_COST_CTR","2014/06/04 12:46:08.67","CUSTOMIZED_USER","2014/06/04 12:46:08.701","CUSTOMIZED_USER","FAF36927E4CE37A9E0436204548C29E5"
"GL#","101","Public_Sector","Fund","GL_BALANCING","2014/06/04 12:41:53.587","CUSTOMIZED_USER","2014/06/04 12:41:54.485","CUSTOMIZED_USER","FAF36927E4CE37A9E0436204548C29E5"
"VRM","10455","Region Product & Sales Channel","Customer Region","VRM_SET_BAND","2017/01/20 19:23:55.871","CUSTOMIZED_USER","2017/01/20 19:23:58.074","CUSTOMIZED_USER","46894441822C71C8E0537AA3FD0A75A3"
"VRM","10455","Region and Sales Channel","Customer Region","VRM_SET_BAND","2017/01/19 21:13:23.264","CUSTOMIZED_USER","2017/01/19 21:13:25.577","CUSTOMIZED_USER","467866CAB18720FDE0537AA3FD0A67A5"
"VRM","10455","Region and Sales Channel","Deal Band","VRM_AMOUNT_BAND","2017/01/19 21:17:29.685","CUSTOMIZED_USER","2017/01/19 21:17:29.727","CUSTOMIZED_USER","467866CAB18720FDE0537AA3FD0A67A5"
"VRM","10455","VRM- Country Zone","Customer Zone","VRM_SET_BAND","2013/12/31 06:22:36.085","SEED_DATA_FROM_APPLICATION","2013/12/31 06:22:40.969","SEED_DATA_FROM_APPLICATION","-1"
"VRM","10455","VRM- Value Band","Value","VRM_AMOUNT_BAND","2013/12/31 06:22:36.775","SEED_DATA_FROM_APPLICATION","2013/12/31 06:22:40.991","SEED_DATA_FROM_APPLICATION","-1"
"VRM","10455","VRM- Volume Band","Volume","VRM_QUANTITY_BAND","2013/12/31 06:22:36.811","SEED_DATA_FROM_APPLICATION","2013/12/31 06:22:41.063","SEED_DATA_FROM_APPLICATION","-1"
"VRM","10455","VRM-Hardware and Software","CVS2-Deal Size Band","VRM_AMOUNT_BAND","2014/01/22 21:56:10.365","CUSTOMIZED_USER","2014/01/22 21:56:10.393","CUSTOMIZED_USER","F0925FD5DA56267DE0436204548CC095"
"VRM","10455","VRM-Hardware and Software","CVS2-Geographic Zone","VRM_SET_BAND","2014/01/22 21:55:31.684","CUSTOMIZED_USER","2014/01/22 21:55:31.719","CUSTOMIZED_USER","F0925FD5DA56267DE0436204548CC095"
"VRM","10455","VRM-Professional Services","CVS-Deal Size Band","VRM_AMOUNT_BAND","2014/01/22 21:53:18.678","CUSTOMIZED_USER","2014/01/22 21:53:18.73","CUSTOMIZED_USER","F0925FD5DA56267DE0436204548CC095"
"VRM","10455","VRM-Professional Services","CVS-Man Days Band","VRM_QUANTITY_BAND","2014/01/22 21:52:33.743","CUSTOMIZED_USER","2014/01/22 21:52:34.345","CUSTOMIZED_USER","F0925FD5DA56267DE0436204548CC095"
