"FND_APP_KEY_FLEXFIELD.KeyFlexfieldCode","FND_APP_KEY_FLEXFIELD.ApplicationId","StructureInstanceCode","StructureInstanceIdentifier","Name","Description","EnabledFlag","DynamicCombinationCreationAllowed","ShorthandAliasEnabledFlag","CreationDate","CreatedBy","LastUpdateDate","LastUpdatedBy","LastUpdateLogin","StructureCode"
"XCC","10052","00009211_PROJECT_ABSOLUTE1","A00009211ProjectAbsolute1","00009211_PROJECT_ABSOLUTE1","","Y","Y","N","2014/08/26 19:10:36.086","CUSTOMIZED_USER","2014/08/26 19:10:37.433","CUSTOMIZED_USER","0188DE42C18A241AE0536204548CA8C7","00009211_PROJECT_ABSOLUTE1"
"XCC","10052","00009211_TOP_RESOURCE_ADVISORY","A00009211TopResourceAdvisory","00009211_TOP_RESOURCE_ADVISORY","","Y","Y","N","2014/08/26 19:10:36.877","CUSTOMIZED_USER","2014/08/26 19:10:37.485","CUSTOMIZED_USER","0188DE42C18A241AE0536204548CA8C7","00009211_TOP_RESOURCE_ADVISORY"
"XCC","10052","00009910_NCI-63562","A00009910Nci63562","00009910_NCI-63562","","Y","Y","N","2017/09/26 10:25:08.834","CUSTOMIZED_USER","2017/09/26 10:25:09.055","CUSTOMIZED_USER","5A1612E2F7E61FAFE0538DADFD0A9BB9","00009910_NCI-63562"
"XCC","10052","00009910_NCI-63562_Top_Resour1","A00009910Nci63562TopResour1","00009910_NCI-63562_Top_Resour1","","Y","Y","N","2017/09/26 10:25:09.455","CUSTOMIZED_USER","2017/09/26 10:25:09.683","CUSTOMIZED_USER","5A1612E2F7E61FAFE0538DADFD0A9BB9","00009910_NCI-63562_Top_Resour1"
"XCC","10052","00009910_NCI-63562_Top_Resourc","A00009910Nci63562TopResourc","00009910_NCI-63562_Top_Resourc","","Y","Y","N","2017/09/26 10:25:05.479","CUSTOMIZED_USER","2017/09/26 10:25:08.439","CUSTOMIZED_USER","5A1612E2F7E61FAFE0538DADFD0A9BB9","00009910_NCI-63562_Top_Resourc"
"XCC","10052","00009913_PROJECT_ABSOLUTE1","A00009913ProjectAbsolute1","00009913_PROJECT_ABSOLUTE1","","Y","Y","N","2015/04/22 20:23:33.278","CUSTOMIZED_USER","2015/04/22 20:23:34.609","CUSTOMIZED_USER","1456EEF204EF07BCE0536204548CE83C","00009913_PROJECT_ABSOLUTE1"
"XCC","10052","00009913_TOP_RESOURCE_ADVISORY","A00009913TopResourceAdvisory","00009913_TOP_RESOURCE_ADVISORY","","Y","Y","N","2015/04/22 20:23:34.054","CUSTOMIZED_USER","2015/04/22 20:23:34.739","CUSTOMIZED_USER","1456EEF204EF07BCE0536204548CE83C","00009913_TOP_RESOURCE_ADVISORY"
"XCC","10052","AU Annual Budget","AuAnnualBudget","AU Annual Budget","","Y","Y","N","2021/10/22 09:25:23.855","CUSTOMIZED_USER","2021/10/22 09:25:29.051","CUSTOMIZED_USER","CEEE5E34A9C72DD1E0530264FD0A6108","AU Annual Budget"
"XCC","10052","EPM Progress Adopted","EpmProgressAdopted","EPM Progress Adopted","","Y","Y","N","2021/02/24 09:46:53.541","CUSTOMIZED_USER","2021/02/24 09:46:54.775","CUSTOMIZED_USER","BC12424AE5CC7C1EE0539E90DF0A2498","EPM Progress Adopted"
"XCC","10052","EPM Source Budget","EpmSourceBudget","EPM Source Budget","","Y","Y","N","2021/02/24 09:25:15.756","CUSTOMIZED_USER","2021/02/24 09:25:22.894","CUSTOMIZED_USER","BC0E11B885D47F32E0539E90DF0A64CB","EPM Source Budget"
"XCC","10052","FY15 University Monthly","Fy15UniversityMonthly","FY15 University Monthly","","Y","Y","N","2015/01/29 18:23:18.37","CUSTOMIZED_USER","2015/01/29 18:23:25.541","CUSTOMIZED_USER","0DC90276B8070246E0536204548CA461","FY15 University Monthly"
"XCC","10052","Italy FY15 Control Budget","ItalyFy15ControlBudget","Italy FY15 Control Budget","","Y","Y","N","2015/10/27 17:03:48.948","CUSTOMIZED_USER","2015/10/27 17:03:54.944","CUSTOMIZED_USER","2315E391AB9C758EE053790B548C8C6B","Italy FY15 Control Budget"
"XCC","10052","Monthly Reporting","MonthlyReporting","Monthly Reporting","","Y","Y","N","2014/08/07 16:03:51.598","CUSTOMIZED_USER","2014/08/07 16:03:54.861","CUSTOMIZED_USER","00056C25EF481A03E0536204548CAE8C","Monthly Reporting"
"XCC","10052","Progress UK Control Budget","ProgressUkControlBudget","Progress UK Control Budget","","Y","Y","N","2021/08/20 09:54:22.782","CUSTOMIZED_USER","2021/08/20 09:54:27.652","CUSTOMIZED_USER","C9FB645734639496E0530364FD0A4BDF","Progress UK Control Budget"
"XCC","10052","Test","Test","Test","","Y","Y","N","2016/04/15 06:03:23.154","CUSTOMIZED_USER","2016/04/15 06:03:29.687","CUSTOMIZED_USER","30805C233F0A3A03E053790B548C71B2","Test"
"VALU","707","COSTORG","Costorg","Cost ORG","Cost organization.","Y","Y","N","2016/07/27 17:18:49.883","SEED_DATA_FROM_APPLICATION","2016/07/27 17:19:00.625","SEED_DATA_FROM_APPLICATION","-1","COSTORG"
"VALU","707","COSTORG_INVORG_COUNTRY","CostorgInvorgCountry","Cost ORG, ORG, Country","Cost org, Inventory org, Country","Y","Y","N","2019/09/20 12:33:28.439727","SEED_DATA_FROM_APPLICATION","2019/09/20 12:33:28.439727","SEED_DATA_FROM_APPLICATION","-1","COSTORG_INVORG_COUNTRY"
"VALU","707","COSTORG_INVORG_GRADE","CostorgInvorgGrade","Cost ORG, ORG, Grade","Cost organization, inventory organization, and grade.","Y","Y","N","2016/07/27 17:18:52.338","SEED_DATA_FROM_APPLICATION","2016/07/27 17:19:00.659","SEED_DATA_FROM_APPLICATION","-1","COSTORG_INVORG_GRADE"
"VALU","707","COSTORG_INVORG_LOT","CostorgInvorgLot","Cost ORG, ORG, Lot","Cost organization, inventory organization, and lot.","Y","Y","N","2016/07/27 17:18:55.735","SEED_DATA_FROM_APPLICATION","2016/07/27 17:19:00.682","SEED_DATA_FROM_APPLICATION","-1","COSTORG_INVORG_LOT"
"VALU","707","COSTORG_INVORG_PROJ","CostorgInvorgProj","Cost ORG, ORG, Project","Cost org, Inventory org, Project","Y","Y","N","2019/09/20 12:33:28.439727","SEED_DATA_FROM_APPLICATION","2019/09/20 12:33:28.439727","SEED_DATA_FROM_APPLICATION","-1","COSTORG_INVORG_PROJ"
"VALU","707","COSTORG_INVORG_PROJ_TASK","CostorgInvorgProjTask","Cost ORG, ORG, Project, Task","Cost org, Inventory org, Project, Task","Y","Y","N","2019/09/20 12:33:28.439727","SEED_DATA_FROM_APPLICATION","2019/09/20 12:33:28.439727","SEED_DATA_FROM_APPLICATION","-1","COSTORG_INVORG_PROJ_TASK"
"VALU","707","COSTORG_INVORG_SERIAL","CostorgInvorgSerial","Cost ORG, ORG, Serial","Cost organization, inventory organization, and serial.","Y","Y","N","2016/07/27 17:18:55.779","SEED_DATA_FROM_APPLICATION","2016/07/27 17:19:00.707","SEED_DATA_FROM_APPLICATION","-1","COSTORG_INVORG_SERIAL"
"VALU","707","COSTORG_INVORG_SUBINVORG","CostorgInvorgSubinvorg","Cost ORG, ORG, Subinventory","Cost organization, inventory organization, and subinventory.","Y","Y","N","2016/07/27 17:18:55.821","SEED_DATA_FROM_APPLICATION","2016/07/27 17:19:00.727","SEED_DATA_FROM_APPLICATION","-1","COSTORG_INVORG_SUBINVORG"
"VALU","707","COSTORG_INVORG_SUBINVORG_GRADE","CostorgInvorgSubinvorgGrade","Cost ORG, ORG, Subinventory, Grade","Cost organization, inventory organization, subinventory, and grade.","Y","Y","N","2016/07/27 17:18:55.887","SEED_DATA_FROM_APPLICATION","2016/07/27 17:19:00.755","SEED_DATA_FROM_APPLICATION","-1","COSTORG_INVORG_SUBINVORG_GRADE"
"VALU","707","COSTORG_INVORG_SUBINVORG_LOT","CostorgInvorgSubinvorgLot","Cost ORG, ORG, Subinventory, Lot","Cost organization, inventory organization, subinventory, and lot.","Y","Y","N","2016/07/27 17:18:55.928","SEED_DATA_FROM_APPLICATION","2016/07/27 17:19:00.777","SEED_DATA_FROM_APPLICATION","-1","COSTORG_INVORG_SUBINVORG_LOT"
"VALU","707","COSTORG_INVORG_SUBINVORG_SERIA","CostorgInvorgSubinvorgSeria","Cost ORG, ORG, Subinventory, Serial","Cost organization, inventory organization, subinventory, and serial.","Y","Y","N","2016/07/27 17:18:55.965","SEED_DATA_FROM_APPLICATION","2016/07/27 17:19:00.8","SEED_DATA_FROM_APPLICATION","-1","COSTORG_INVORG_SUBINVORG_SERIA"
"VALU","707","COSTORG_INVORG_SUBINV_COUNTRY","CostorgInvorgSubinvCountry","Cost ORG, ORG, Subinventory, Country","Cost org, Inventory org, Subinventory, Country","Y","Y","N","2019/09/20 12:33:28.439727","SEED_DATA_FROM_APPLICATION","2019/09/20 12:33:28.439727","SEED_DATA_FROM_APPLICATION","-1","COSTORG_INVORG_SUBINV_COUNTRY"
"VALU","707","COSTORG_INVORG_SUBINV_PROJ","CostorgInvorgSubinvProj","Cost ORG, ORG, Subinventory, Project","Cost org, Inventory org, Subinventory, Project","Y","Y","N","2019/09/20 12:33:28.439727","SEED_DATA_FROM_APPLICATION","2019/09/20 12:33:28.439727","SEED_DATA_FROM_APPLICATION","-1","COSTORG_INVORG_SUBINV_PROJ"
"VALU","707","COST_INV_ORG","","Cost Organization and Inventory Organization","Cost Organization and Inventory Organization","Y","Y","N","2013/11/04 21:57:20.016","CUSTOMIZED_USER","2013/11/04 21:58:31.684","CUSTOMIZED_USER","EA5DB3A7190120B5E0436204548CD986","COST_INV_ORG"
"VALU","707","COST_ORG_INV_ORG","CostOrgInvOrg","Cost ORG, ORG","Cost organization, and inventory organization.","Y","Y","N","2016/02/26 09:41:21.244","SEED_DATA_FROM_APPLICATION","2016/07/27 17:19:00.822","SEED_DATA_FROM_APPLICATION","-1","COST_ORG_INV_ORG"
"VALU","707","CSTORG_INVORG_CNTRY_PROJ_TASK","CstorgInvorgCntryProjTask","Cost ORG, ORG, Country, Project, Task","Cost org, Inventory org, Country, Project, Task","Y","Y","N","2019/09/20 12:33:28.439727","SEED_DATA_FROM_APPLICATION","2019/09/20 12:33:28.439727","SEED_DATA_FROM_APPLICATION","-1","CSTORG_INVORG_CNTRY_PROJ_TASK"
"VALU","707","CSTORG_INVORG_SUBINV_PROJ_TASK","CstorgInvorgSubinvProjTask","Cost ORG, ORG, Subinventory, Project, Task","Cost org, Inventory org, Subinventory, Project, Task","Y","Y","N","2019/09/20 12:33:28.439727","SEED_DATA_FROM_APPLICATION","2019/09/20 12:33:28.439727","SEED_DATA_FROM_APPLICATION","-1","CSTORG_INVORG_SUBINV_PROJ_TASK"
"VALU","707","CST_INV_SUBINV_CNTRY_PROJ_TASK","CstInvSubinvCntryProjTask","Cost ORG,ORG,Subinventory,Country,Project,Task","Cost org,Inventory org,Subinventory,Country,Project,Task","Y","Y","N","2019/09/20 12:33:28.439727","SEED_DATA_FROM_APPLICATION","2019/09/20 12:33:28.439727","SEED_DATA_FROM_APPLICATION","-1","CST_INV_SUBINV_CNTRY_PROJ_TASK"
"VALU","707","INV_SUBINV","","Inventory Subinventory","Inventory Organization_Subinventory","Y","Y","N","2013/11/04 21:58:49.373","CUSTOMIZED_USER","2013/11/04 21:59:34.734","CUSTOMIZED_USER","EA5CFD6A99C62D04E0436204548C60F8","INV_SUBINV"
"VALU","707","INV_SUBINV_SERIAL","","InventoryOrganization_ Subinventory_Serial","Inventory Organization, Subinventory and Serial","Y","Y","N","2013/11/04 21:59:53.839","CUSTOMIZED_USER","2013/11/04 22:00:40.459","CUSTOMIZED_USER","EA5DB3A7190220B5E0436204548CD986","INV_SUBINV_SERIAL"
"CAT#","140","MAJOR_CATEGORY","","Category","Category","Y","Y","N","2013/11/05 06:59:54.504","CUSTOMIZED_USER","2013/11/05 07:23:00.298","CUSTOMIZED_USER","EA67DDEE333B326BE0436204548CC317","ASSET_CATEGORY_FLEXFIELD"
"KEY#","140","ASSET_KEY","","Asset Key","Asset Key","Y","Y","N","2013/11/05 06:58:30.142","CUSTOMIZED_USER","2013/11/05 06:59:38.706","CUSTOMIZED_USER","EA696BC553D0110FE0436204548C4426","ASSET_KEY_FLEXFIELD"
"LOC#","140","LOCATION","flexUniqueIdBackfill1","Location","Location","Y","Y","N","2013/11/05 07:01:38.898","CUSTOMIZED_USER","2013/11/05 07:02:29.588","CUSTOMIZED_USER","EA696BC553D0110FE0436204548C4426","ASSET_LOCATION_FLEXFIELD"
"COST","801","CA_INSTANCE","CaInstance","CA Cost Flex Instance","CA Cost Flex Instance","Y","Y","N","2014/09/25 19:45:58.0","CUSTOMIZED_USER","2014/09/25 19:48:39.433","CUSTOMIZED_USER","03E9A4928ED05164E0536204548C5849","Corp_and_Countries_Cost"
"COST","801","CN_INSTANCE","CnInstance","CN Cost Flex Instance","CN Cost Flex Instance","Y","Y","N","2019/01/04 09:08:32.0","CUSTOMIZED_USER","2019/01/04 09:09:43.471","CUSTOMIZED_USER","7E9E7D43010A4DF8E053C390DF0AE916","Corp_and_Countries_Cost"
"COST","801","GSE_IT_COSTFLEX","ItalianCostFlexInstance","Italian Cost Flex Instance","","Y","Y","N","2014/09/02 15:00:15.724","CUSTOMIZED_USER","2014/09/02 15:03:27.747","CUSTOMIZED_USER","0216C2E2B1BA2679E0536204548C00AB","GSE_IT_STR"
"COST","801","HC_US_Instance","HcUsInstance","Healthcare US Cost Flex Instance","Healthcare US Cost Flex Instance","Y","Y","N","2015/05/07 21:15:05.123","CUSTOMIZED_USER","2015/05/07 21:15:41.105","CUSTOMIZED_USER","158441B6DD036B91E0536204548C5DC9","HCUSCOSTFLEX"
"COST","801","HE_US_Instance","HeUsInstance","Higher Ed US Cost Flex Instance","Higher Ed US Cost Structure Instance","Y","Y","N","2015/05/27 20:01:05.026","CUSTOMIZED_USER","2015/05/27 20:02:38.944","CUSTOMIZED_USER","171087171DD44412E0536204548CC6C5","HEDUSCOSTFLEX"
"COST","801","MX_INSTANCE","MxInstance","MX Cost Flex Instance","","Y","Y","N","2020/04/11 20:26:17.0","CUSTOMIZED_USER","2020/04/11 20:27:08.233","CUSTOMIZED_USER","A30A545CB8210430E053B090DF0A6A5D","Corp_and_Countries_Cost"
"COST","801","Progress UK","Progressuk","Progress UK","Progress UK","Y","Y","N","2021/01/19 16:58:58.391","CUSTOMIZED_USER","2021/01/19 16:59:58.273","CUSTOMIZED_USER","B9446682769B7891E0539E90DF0AAFB8","Progress_UK_Structure"
"COST","801","Progress_US_Instance","ProgressUsInstance","Progress US Cost Flex Instance","Progress US Cost Flexfield Instance","Y","Y","N","2014/07/03 21:36:03.753","CUSTOMIZED_USER","2014/07/03 21:37:02.544","CUSTOMIZED_USER","FD4E38D5A3FB5AD6E0436204548CF903","PRGUSCOSTFLEX"
"COST","801","SA_INSTANCE","SaInstance","SA Cost Flex Instance","","Y","Y","N","2020/09/01 20:37:38.0","CUSTOMIZED_USER","2020/09/01 20:39:49.543","CUSTOMIZED_USER","AE4493A4EB5726BBE0539E90DF0A4480","Corp_and_Countries_Cost"
"COST","801","UAE_INSTANCE","UaeInstance","UAE Cost Flex Instance","","Y","Y","N","2017/10/20 15:32:26.0","CUSTOMIZED_USER","2017/10/20 15:36:32.268","CUSTOMIZED_USER","5BFB8B9A1C415D15E0538DADFD0A311D","Corp_and_Countries_Cost"
"COST","801","UK_INSTANCE","","UK Cost Flex Instance","UK Cost Flex Instance","Y","Y","N","2013/11/26 12:32:09.761","CUSTOMIZED_USER","2013/11/26 12:41:52.996","CUSTOMIZED_USER","EC130B68FDF42C0FE0436204548CFEBE","Corp_and_Countries_Cost"
"COST","801","US_INSTANCE","","US Cost Flex Instance","","Y","Y","N","2013/11/26 12:15:18.848","CUSTOMIZED_USER","2013/11/26 12:27:37.404","CUSTOMIZED_USER","EC130B68FDF42C0FE0436204548CFEBE","Corp_and_Countries_Cost"
"PPG","800","FD People Group KFF SI Test ","FdPeopleGroupKffSiTest","FD People Group KFF SI Test ","FD People Group KFF SI Test ","Y","Y","N","2022/03/30 20:34:35.329","CUSTOMIZED_USER","2022/03/30 20:34:51.959","CUSTOMIZED_USER","D9EAF49397314B89E053CE65F00A1CD7","FD People Group KFF Test"
"PPG","800","Healthcare US People Group","HealthcareUsPeopleGroup","Healthcare US People Group Flexfield","Healthcare US People Group Flexfield","Y","Y","N","2014/08/04 14:14:58.391","CUSTOMIZED_USER","2014/08/04 14:16:39.796","CUSTOMIZED_USER","FFCF4D3019672820E0436204548C00E1","GSE_USHC_PPG"
"PPG","800","People Group Flexfield","","People Group Flexfield","","Y","Y","N","2013/08/08 06:34:18.255","SEED_DATA_FROM_APPLICATION","2013/08/08 06:34:19.073","SEED_DATA_FROM_APPLICATION","-1","People Group Flexfield"
"PPG","800","Progress UK People Group Flex","ProgressUkPeopleGroupFlex","Progress UK People Group Flexfield","Progress UK People Group Flexfield","Y","Y","N","2014/08/04 16:34:56.411","CUSTOMIZED_USER","2014/08/04 16:35:41.813","CUSTOMIZED_USER","FFD0AD5FBCE144ABE0436204548C1AD5","GSE_PRGUK_PPG"
"PPG","800","Progress US People Group Flex","ProgressUsPeopleGroupFlex","Progress US People Group Flexfield","","Y","Y","N","2014/06/24 20:25:30.028","CUSTOMIZED_USER","2014/06/24 20:26:02.48","CUSTOMIZED_USER","FC9861FF36E33B8CE0436204548CA416","PRGUSPPG"
"PPG","800","University US People Group","UniversityUsPeopleGroup","University US People Group Flexfield","University US People Group Flexfield","Y","Y","N","2014/12/31 15:20:51.167","CUSTOMIZED_USER","2014/12/31 15:21:36.915","CUSTOMIZED_USER","0B79D87E3B944D3BE0536204548C19B9","GSE_UNIV_US_PPG"
"GL#","101","AU Council","AuCouncil","AU Council","Australia Council Chart of Accounts","Y","Y","N","2021/02/02 16:21:04.99","CUSTOMIZED_USER","2021/02/15 10:13:42.0","CUSTOMIZED_USER","BB57C2D45B480A88E0539E90DF0A46C5","AU Council"
"GL#","101","Corp_ANZ_CoA","CorpAnzCoa","ANZ Chart of Accounts","Vision ANZ Chart of Accounts","Y","Y","N","2016/05/16 12:19:25.83","CUSTOMIZED_USER","2016/05/16 12:20:54.418","CUSTOMIZED_USER","32F1ECB237D12044E053CFFBE70ADC4C","Corporate_and_Countries"
"GL#","101","Corp_CA_CoA","CorpCaCoa","CA Chart of Accounts","Vision Canada Chart of Accounts","Y","Y","N","2014/08/26 12:21:40.0","CUSTOMIZED_USER","2014/08/26 12:40:57.254","CUSTOMIZED_USER","0187B5D413F34FF4E0536204548CEF1C","Corporate_and_Countries"
"GL#","101","Corp_CN_CoA","CorpCnCoa","CN Chart of Accounts","Vision China Chart of Accounts","Y","Y","N","2014/04/24 09:27:23.248","CUSTOMIZED_USER","2014/04/24 09:39:42.475","CUSTOMIZED_USER","F7C2ECC353465D45E0436204548CC0C4","Corporate_and_Countries"
"GL#","101","Corp_DE_CoA","CorpDeCoa","DE Chart of Accounts","Vision Germany Chart of Accounts","Y","Y","Y","2016/06/08 14:19:41.0","CUSTOMIZED_USER","2020/11/12 10:54:19.0","CUSTOMIZED_USER","B3E772532F4346A3E0539E90DF0AABCE","Corporate_and_Countries"
"GL#","101","Corp_ES_CoA","CorpEsCoa","ES Chart of Accounts","Vision Spain Chart of Accounts","Y","Y","N","2016/01/27 14:51:57.0","CUSTOMIZED_USER","2016/01/27 15:01:39.493","CUSTOMIZED_USER","2A531446C81B5C34E053790B548C93D3","Corporate_and_Countries_Second"
"GL#","101","Corp_EU_CoA","CorpEuCoa","EU Chart of Accounts","Vision European Union Chart of Accounts","Y","Y","Y","2015/07/13 15:09:07.0","CUSTOMIZED_USER","2016/08/25 12:19:17.0","CUSTOMIZED_USER","3AE104D7625252C6E0537AA3FD0A37F6","Corporate_and_Countries"
"GL#","101","Corp_FR_CoA","","FR Chart of Accounts","Vision France Chart of Accounts","Y","Y","N","2013/10/31 10:14:55.0","CUSTOMIZED_USER","2013/10/31 10:17:28.268","CUSTOMIZED_USER","EA072E6F18033051E0436204548CA575","Corporate_and_Countries"
"GL#","101","Corp_IN_CoA","CorpInCoa","IN Chart of Accounts","Vision India Chart of Accounts","Y","Y","Y","2019/06/12 08:13:41.0","CUSTOMIZED_USER","2019/06/12 08:18:51.053","CUSTOMIZED_USER","8B1B68715EC37AC3E053C390DF0ACFC4","Corporate_and_Countries"
"GL#","101","Corp_IT_CoA","CorpItCoa","IT Chart of Accounts","Vision Italy Chart of Accounts","Y","Y","N","2015/08/06 11:30:52.0","CUSTOMIZED_USER","2015/08/06 11:33:59.587","CUSTOMIZED_USER","1CA118056FA7531AE0536204548CFBE8","Corporate_and_Countries_Second"
"GL#","101","Corp_JP_CoA","CorpJpCoa","JP Chart of Accounts","Vision Japan Chart of Accounts","Y","Y","N","2015/03/10 16:49:21.492","CUSTOMIZED_USER","2015/03/10 16:53:24.547","CUSTOMIZED_USER","10EF56B27BF24CCFE0536204548CAA7D","Corporate_and_Countries_Second"
"GL#","101","Corp_MX_CoA","CorpMxCoa","MX Chart of Accounts","Vision Mexico Chart of Accounts","Y","Y","Y","2020/04/02 07:38:01.699","CUSTOMIZED_USER","2020/04/02 07:40:20.104","CUSTOMIZED_USER","A23AEAB8C488E5B3E053B090DF0AC76E","Corporate_and_Countries"
"GL#","101","Corp_PL_CoA","CorpPlCoa","PL Chart of Accounts","Vision Poland Chart of Accounts","Y","Y","Y","2018/08/20 14:03:53.0","CUSTOMIZED_USER","2018/08/20 14:34:46.8","CUSTOMIZED_USER","73DEAEF737D53BF1E0537990DF0AE144","Corporate_and_Countries_Second"
"GL#","101","Corp_SAU_CoA","CorpSauCoa","SAU Chart of Account","Vision SAU Chart of Accounts","Y","Y","Y","2017/11/09 12:11:36.0","CUSTOMIZED_USER","2017/11/09 12:23:09.84","CUSTOMIZED_USER","5D8ACEE36BF25F52E0538DADFD0A7304","Corporate_and_Countries"
"GL#","101","Corp_SE_CoA","CorpSeCoa","SE Chart of Accounts","Vision Sweden Chart of Accounts","Y","Y","N","2017/01/13 14:37:16.0","CUSTOMIZED_USER","2017/01/13 14:40:12.879","CUSTOMIZED_USER","45FB31DD644B6E87E0537AA3FD0A0F02","Corporate_and_Countries"
"GL#","101","Corp_TR_CoA","CorpTrCoa","TR Chart of Accounts","Vision Turkey Chart of Accounts","Y","Y","Y","2017/04/21 09:45:01.0","CUSTOMIZED_USER","2017/04/21 10:19:29.074","CUSTOMIZED_USER","4DAA55DD18FC42FCE053C4AEFD0AE1CF","Corporate_and_Countries_Second"
"GL#","101","Corp_UAE_CoA","CorpUaeCoa","UAE Chart of Accounts","Vision UAE Chart of Accounts","Y","Y","Y","2017/08/22 15:21:35.0","CUSTOMIZED_USER","2017/08/22 15:33:54.063","CUSTOMIZED_USER","574D1263C5266750E0538DADFD0A7CFC","Corporate_and_Countries"
"GL#","101","Corp_UK_CoA","","UK Chart of Accounts","Vision UK Chart of Accounts","Y","Y","N","2013/11/01 14:21:51.0","CUSTOMIZED_USER","2013/11/01 14:25:17.859","CUSTOMIZED_USER","EA1ACB0F2A2930E7E0436204548CAC8D","Corporate_and_Countries"
"GL#","101","Corp_US_CoA","","US Chart of Accounts","Vision US Chart of Accounts","Y","Y","Y","2013/10/24 13:41:20.372","CUSTOMIZED_USER","2016/03/07 12:16:08.0","CUSTOMIZED_USER","2D752DC18D792A25E053790B548C0A96","Corporate_and_Countries"
"GL#","101","Federal_US_COA","FederalUsCoa","Federal US Chart of Accounts","Federal US Chart of Accounts","Y","Y","N","2021/01/07 13:50:39.012","CUSTOMIZED_USER","2021/01/07 13:54:11.173","CUSTOMIZED_USER","B84F48D8A56DF148E0539E90DF0A2828","Federal_US_COA_Structure"
"GL#","101","Fin_Svcs_CoA","FinSvcsCoa","Fin Svcs Chart of Accounts","Financial Services Chart of Accounts","Y","Y","N","2016/01/20 13:21:12.021","CUSTOMIZED_USER","2016/01/20 13:23:12.237","CUSTOMIZED_USER","29C416DF662C7AD7E053790B548C8097","Fin_Svcs"
"GL#","101","HC_Payor_US_CoA","HcPayorUsCoa","HC Payor US Chart of Accounts","Vision Healthcare Payor US Chart of Accounts","Y","Y","N","2018/09/06 14:16:47.0","CUSTOMIZED_USER","2018/09/06 14:36:59.467","CUSTOMIZED_USER","75316ADECB4121D7E0537990DF0A4AE0","Health_Care_Payor"
"GL#","101","Healthcare_US_CoA","HealthcareUsCoa","Healthcare US Chart of Accounts","Healthcare US Chart of Accounts","Y","Y","Y","2015/04/10 17:41:30.184","CUSTOMIZED_USER","2018/02/28 11:26:36.0","CUSTOMIZED_USER","663F7570CE8BB54BE053E9A7FD0A4986","Health_Care"
"GL#","101","Progress UK","ProgressUk","Progress UK","Progress UK Chart of Accounts","Y","Y","N","2021/01/11 11:26:26.294","CUSTOMIZED_USER","2021/04/29 15:05:56.006","CUSTOMIZED_USER","BF98C14C5FDAF61AE0532C60FD0AC7C4","Progress UK"
"GL#","101","Public_Sector_US_CoA","PublicSectorUsCoa","Public Sector US Chart of Accounts","Progress Public Sector US Chart of Accounts","Y","Y","Y","2014/06/04 13:05:06.59","CUSTOMIZED_USER","2017/08/24 14:12:14.0","CUSTOMIZED_USER","57815248CF623943E0538DADFD0ABDFE","Public_Sector"
"GL#","101","Stat_IT_CoA","StatItCoa","IT Stat Chart of Accounts","Vision Italy Statutory Chart of Accounts","Y","Y","N","2015/10/16 13:52:44.737","CUSTOMIZED_USER","2015/10/16 13:58:34.815","CUSTOMIZED_USER","2239F303B15B0FB8E053790B548C2ABE","Italy_Statutory_Structure"
"GL#","101","University_US_COA","UniversityUsCoA","University US Chart of Accounts","University US Chart of Accounts","Y","Y","N","2014/11/10 09:46:32.887","CUSTOMIZED_USER","2014/11/10 10:01:57.739","CUSTOMIZED_USER","074F479F714B115BE0536204548C6BEF","Higher_Ed"
"MDSP","401","Account_Aliases","AccountAliases","Account Alias","Account Alias","Y","Y","N","2015/08/12 16:43:52.919","CUSTOMIZED_USER","2015/08/12 16:45:43.744","CUSTOMIZED_USER","1D20C03B1856238FE0536204548CD42F","Account_Alias"
"MCAT","10011","FISCAL_CLASSIFICATION","FiscalClassification","Fiscal Classification","Fiscal Classification","Y","Y","N","2014/01/14 15:43:30.029","CUSTOMIZED_USER","2014/01/14 15:44:54.975","CUSTOMIZED_USER","EFEA72486F042CB7E0436204548CF006","FISCAL_CLASSIFICATION"
"MCAT","10011","Free_Form_Catalog","","Free Form Catalog","Free Form Catalog","Y","Y","N","2013/11/11 13:09:25.396","CUSTOMIZED_USER","2013/11/11 13:09:43.014","CUSTOMIZED_USER","EAE51B8CDDEB01E6E0436204548C61B8","free_form_catalog"
"MCAT","10011","INTENDED_USE","IntendedUse","Intended Use","Intended Use","Y","Y","N","2014/01/14 15:45:14.807","CUSTOMIZED_USER","2014/01/14 15:47:25.861","CUSTOMIZED_USER","EFEA72486F042CB7E0436204548CF006","INTENDED_USE"
"MCAT","10011","ITEM_CATEGORIES","","Item Categories","Inventory Item Flexfiedls","Y","Y","N","2013/10/30 16:47:02.946","CUSTOMIZED_USER","2013/10/30 16:47:30.041","CUSTOMIZED_USER","E9F1655A4270345AE0436204548CB8E6","ITEM_CATEGORIES"
"MCAT","10011","PO_ITEM_CATEGORY","","PO Item Category","Purchasing Item Category Flexfield","Y","Y","N","2013/10/30 16:48:45.854","CUSTOMIZED_USER","2013/10/30 16:49:01.175","CUSTOMIZED_USER","E9F71EBB324111FEE0436204548C993F","PO_ITEM_CATEGORY"
"MCAT","10011","PRODUCT_CATEGORIES","","Product Categories","Product Reporting Categories","Y","Y","N","2013/10/30 16:36:30.0","CUSTOMIZED_USER","2013/10/30 16:36:57.672","CUSTOMIZED_USER","E9F71EBB324011FEE0436204548C993F","PRODUCT_CATEGORIES"
"MCAT","10011","Planning_Catalog","PlanningCatalog","Planning Catalog","Main Planning Catalog","Y","Y","N","2015/11/18 13:00:18.904","CUSTOMIZED_USER","2015/11/18 13:00:50.754","CUSTOMIZED_USER","24CF930578A779B0E053790B548C3D82","Planning_Catalog"
"MCAT","10011","Retail_Merchandise","","Retail Merchandise","Retail Merchandise","Y","Y","N","2013/11/11 13:32:44.498","CUSTOMIZED_USER","2013/11/11 13:33:07.386","CUSTOMIZED_USER","EAE744E0665526C2E0436204548C4B92","RETAIL_MERCHANDISE"
"MCAT","10011","UNSPSC","","UNSPSC","UNSPSC","Y","Y","N","2013/11/11 11:06:56.431","CUSTOMIZED_USER","2013/11/11 11:07:09.762","CUSTOMIZED_USER","EAE4431D8F821AE0E0436204548CD9F8","UNSPSC"
"MCAT","10011","eCommerce_Catalog","","eCommerce Catalog","eCommerce Catalog","Y","Y","N","2013/11/11 13:39:35.536","CUSTOMIZED_USER","2013/11/11 13:39:52.702","CUSTOMIZED_USER","EAE7B64F4D761BD8E0436204548CEEE4","eCommerce_Catalog"
"VRM","10455","Customer Class & Product Group","CustomerClassProductGroup","Customer Class & Product Group","Customer Class & Product Group","Y","Y","N","2017/01/20 19:12:48.67","CUSTOMIZED_USER","2017/01/20 19:13:31.147","CUSTOMIZED_USER","46894441822C71C8E0537AA3FD0A75A3","Customer Class & Product Group"
"VRM","10455","Hardware and Software Business","HardwareAndSoftwareBusiness","Hardware and Software Business","Hardware and Software Business","Y","Y","N","2014/01/22 21:56:51.253","CUSTOMIZED_USER","2014/01/22 21:57:16.545","CUSTOMIZED_USER","F0925FD5DA56267DE0436204548CC095","VRM-Hardware and Software"
"VRM","10455","Professional Services","ProfessionalServices","Professional Services","Professional Services","Y","Y","N","2014/01/22 21:57:21.562","CUSTOMIZED_USER","2014/01/22 21:57:36.16","CUSTOMIZED_USER","F0925FD5DA56267DE0436204548CC095","VRM-Professional Services"
"VRM","10455","Region Product & Sales Channel","RegionProductSalesChannel","Region Product & Sales Channel","Region Product & Sales Channel","Y","Y","N","2017/01/20 19:26:19.062","CUSTOMIZED_USER","2017/01/20 19:26:43.912","CUSTOMIZED_USER","46894441822C71C8E0537AA3FD0A75A3","Region Product & Sales Channel"
"VRM","10455","Region and Sales Channel","RegionAndSalesChannel","Region and Sales Channel","Region and Sales Channel","Y","Y","N","2017/01/20 12:55:01.0","CUSTOMIZED_USER","2017/01/20 12:55:55.312","CUSTOMIZED_USER","4684E199899F2A72E0537AA3FD0A5E09","Region and Sales Channel"
"VRM","10455","VRM- Country Zone","","Revenue Management Country Zone Name","Revenue Management Country Zone Description","Y","Y","N","2013/12/31 06:22:37.275","SEED_DATA_FROM_APPLICATION","2013/12/31 06:22:41.077","SEED_DATA_FROM_APPLICATION","-1","VRM- Country Zone"
"VRM","10455","VRM- Country and Class","","Revenue Management Country and Class Name","Revenue Management Country and Class Description","Y","Y","N","2013/12/31 06:22:38.434","SEED_DATA_FROM_APPLICATION","2013/12/31 06:22:41.089","SEED_DATA_FROM_APPLICATION","-1","VRM- Country and Class"
"VRM","10455","VRM- Value Band","","Revenue Management Value Band Name","Revenue Management Value Band Description","Y","Y","N","2013/12/31 06:22:38.454","SEED_DATA_FROM_APPLICATION","2013/12/31 06:22:41.092","SEED_DATA_FROM_APPLICATION","-1","VRM- Value Band"
"VRM","10455","VRM- Volume Band","","Revenue Management Volume Band Name","Revenue Management Volume Band Description","Y","Y","N","2013/12/31 06:22:38.476","SEED_DATA_FROM_APPLICATION","2013/12/31 06:22:41.096","SEED_DATA_FROM_APPLICATION","-1","VRM- Volume Band"
