"FND_APP_KEY_FLEXFIELD.KeyFlexfieldCode","FND_APP_KEY_FLEXFIELD.ApplicationId","SegmentLabelCode","Name","Description","BIObjectName","CreationDate","CreatedBy","LastUpdateDate","LastUpdatedBy","LastUpdateLogin"
"GL#","101","FV_BUDGET_FISCAL_YEAR","Budget Fiscal Year Segment","Identifies the Budget Fiscal Year","","2021/01/07 13:01:09.0","CUSTOMIZED_USER","2021/01/07 13:03:36.285","CUSTOMIZED_USER","B84F48D8A56DF148E0539E90DF0A2828"
"GL#","101","FV_COHORT_YEAR","Cohort Year Segment","Identifies the Cohort Year","","2021/01/07 13:01:50.624","CUSTOMIZED_USER","2021/01/07 13:03:36.803","CUSTOMIZED_USER","B84F48D8A56DF148E0539E90DF0A2828"
"GL#","101","FV_YR_OF_BUDGET_AUTHORITY","Year of Budget Authority Segment","Identifies the Year of Budget Authority","","2021/01/07 13:02:32.238","CUSTOMIZED_USER","2021/01/07 13:03:36.926","CUSTOMIZED_USER","B84F48D8A56DF148E0539E90DF0A2828"
"GL#","101","GL_ANALYSIS","Analysis Segment","Analysis Segment","Dim - GL Segment3","2021/01/11 11:26:31.069","CUSTOMIZED_USER","2021/01/11 11:26:36.409","CUSTOMIZED_USER","B89F1EA4B0A9D01CE0539E90DF0AE185"
"GL#","101","GL_FUND","Fund Segment","Fund Segment","Dim - GL Segment1","2021/01/11 11:26:30.238","CUSTOMIZED_USER","2021/01/11 11:26:36.123","CUSTOMIZED_USER","B89F1EA4B0A9D01CE0539E90DF0AE185"
"GL#","101","GL_FUTURE","Future Segment","Future Segment","Dim - GL Segment7","2021/01/11 11:26:31.886","CUSTOMIZED_USER","2021/01/11 11:26:36.586","CUSTOMIZED_USER","B89F1EA4B0A9D01CE0539E90DF0AE185"
"GL#","101","GSE_GL_INTERCOMPANY","GSE Intercompany Segment","Identifies the Intercompany segment","Dim - GL Segment6","2015/07/31 19:06:49.0","CUSTOMIZED_USER","2015/07/31 19:08:37.91","CUSTOMIZED_USER","1C3050AC490E131DE0536204548C375D"
"GL#","101","GSE_GL_LINEOFBUSINESS","GSE LoB Segment","Identifies the loB segment","Dim - GL Segment2","2015/07/31 19:07:24.314","CUSTOMIZED_USER","2015/07/31 19:08:37.955","CUSTOMIZED_USER","1C3050AC490E131DE0536204548C375D"
"GL#","101","GSE_GL_PRODUCT","GSE Local Use Product Segment","Identifies the local use Product segment","Dim - GL Segment5","2015/07/31 19:07:55.083","CUSTOMIZED_USER","2015/07/31 19:08:37.982","CUSTOMIZED_USER","1C3050AC490E131DE0536204548C375D"
