<MigrationProcessCSVMetadataVO>
   <MigrationProcessCSVMetadataVORow>
      <ProcessId>-999</ProcessId>
      <ProcessName>Manage Accounting Class Usages_20240822_012554_608</ProcessName>
      <ProcessDescription>Manage Accounting Class Usages_20240822_012554_608</ProcessDescription>
      <ProcessDate>2024-08-22 13:26:23.389</ProcessDate>
      <ObjectShortName>XLA_MANAGE_ACCOUNTING_CLASS_USAGES</ObjectShortName>
      <ObjectType>TASK</ObjectType>
      <CreatedByFlow>TASK_CSV_SERVICE</CreatedByFlow>
      <ProcessType>EXPORT</ProcessType>
      <ProcessStatus>COMPLETED</ProcessStatus>
      <ProcessEnv>esds-dev9</ProcessEnv>
      <ProcessStartDate>2024-08-22 13:25:55.207</ProcessStartDate>
      <ProcessEndDate>2024-08-22 13:26:23.389</ProcessEndDate>
      <ProcessRelease>11.13.24.07.0</ProcessRelease>
      <SubmittedBy>CURTIS.FEITTY</SubmittedBy>
      <ESSRequestId>7988470</ESSRequestId>
      <MigrationProcessBusinessObjectCSVMetadata1>
         <MigrationProcessBusinessObjectCSVMetadataVORow>
            <ProcessId>-999</ProcessId>
            <BusinessObjectShortName>XLA_ACCOUNTING_CLASS_USAGE</BusinessObjectShortName>
            <BatchName null="true"/>
            <XmlAttributeList>ProgramCode,ProgramOwnerCode,Name,Description,CreatedBy,LastUpdateDate,LastUpdatedBy,LastUpdateLogin,CreationDate,ApplicationShortName,ApplicationShortNameXLA</XmlAttributeList>
            <XmlAttributeTypeList>string,string,string,string,string,dateTime,string,string,dateTime,string,string</XmlAttributeTypeList>
            <XmlNodePath>/PostAccountingProgramVO/PostAccountingProgramVORow</XmlNodePath>
            <NodeSequence>1</NodeSequence>
         </MigrationProcessBusinessObjectCSVMetadataVORow>
         <MigrationProcessBusinessObjectCSVMetadataVORow>
            <ProcessId>-999</ProcessId>
            <BusinessObjectShortName>XLA_ACCOUNTING_CLASS_USAGE_TRANSLATION</BusinessObjectShortName>
            <BatchName null="true"/>
            <XmlAttributeList>ProgramCode,ProgramOwnerCode,Name,Description,Language,SourceLang,CreationDate,CreatedBy,LastUpdateDate,LastUpdatedBy,LastUpdateLogin</XmlAttributeList>
            <XmlAttributeTypeList>string,string,string,string,string,string,dateTime,string,dateTime,string,string</XmlAttributeTypeList>
            <XmlNodePath>/PostAccountingProgramVO/PostAccountingProgramVORow/PostAccountingProgramTranslation/PostAccountingProgramTranslationVORow</XmlNodePath>
            <NodeSequence>1</NodeSequence>
         </MigrationProcessBusinessObjectCSVMetadataVORow>
         <MigrationProcessBusinessObjectCSVMetadataVORow>
            <ProcessId>-999</ProcessId>
            <BusinessObjectShortName>ORA_XLA_ACC_ASSIGN_DEF</BusinessObjectShortName>
            <BatchName null="true"/>
            <XmlAttributeList>ProgramCode,ProgramOwnerCode,AssignmentCode,AssignmentOwnerCode,EnabledFlag,Name,CreatedBy,LastUpdateDate,LastUpdatedBy,LastUpdateLogin,CreationDate,LedgerName</XmlAttributeList>
            <XmlAttributeTypeList>string,string,string,string,string,string,string,dateTime,string,string,dateTime,string</XmlAttributeTypeList>
            <XmlNodePath>/PostAccountingProgramVO/PostAccountingProgramVORow/AssignmentDefinition/AssignmentDefinitionVORow</XmlNodePath>
            <NodeSequence>3</NodeSequence>
         </MigrationProcessBusinessObjectCSVMetadataVORow>
         <MigrationProcessBusinessObjectCSVMetadataVORow>
            <ProcessId>-999</ProcessId>
            <BusinessObjectShortName>ORA_XLA_ACC_ASSIGN_DEF_TRANSLATION</BusinessObjectShortName>
            <BatchName null="true"/>
            <XmlAttributeList>ProgramCode,ProgramOwnerCode,AssignmentCode,AssignmentOwnerCode,Name,Language,SourceLang,CreationDate,CreatedBy,LastUpdateDate,LastUpdatedBy,LastUpdateLogin</XmlAttributeList>
            <XmlAttributeTypeList>string,string,string,string,string,string,string,dateTime,string,dateTime,string,string</XmlAttributeTypeList>
            <XmlNodePath>/PostAccountingProgramVO/PostAccountingProgramVORow/AssignmentDefinition/AssignmentDefinitionVORow/AssignmentDefinitionTranslation/AssignmentDefinitionTranslationVORow</XmlNodePath>
            <NodeSequence>3</NodeSequence>
         </MigrationProcessBusinessObjectCSVMetadataVORow>
         <MigrationProcessBusinessObjectCSVMetadataVORow>
            <ProcessId>-999</ProcessId>
            <BusinessObjectShortName>ORA_XLA_ACC_CLASS_ASSIGN</BusinessObjectShortName>
            <BatchName null="true"/>
            <XmlAttributeList>ProgramCode,ProgramOwnerCode,AssignmentCode,AssignmentOwnerCode,AccountingClassCode,CreationDate,CreatedBy,LastUpdateDate,LastUpdatedBy,LastUpdateLogin</XmlAttributeList>
            <XmlAttributeTypeList>string,string,string,string,string,dateTime,string,dateTime,string,string</XmlAttributeTypeList>
            <XmlNodePath>/PostAccountingProgramVO/PostAccountingProgramVORow/AssignmentDefinition/AssignmentDefinitionVORow/AccountingClassAssignment/AccountingClassAssignmentVORow</XmlNodePath>
            <NodeSequence>5</NodeSequence>
         </MigrationProcessBusinessObjectCSVMetadataVORow>
      </MigrationProcessBusinessObjectCSVMetadata1>
      <MigrationProcessBatchCSVMetadata null="true"/>
      <MigrationProcessScopeValueCSVMetadata null="true"/>
      <MigrationProcessMigrationObjectCSVMetadata>
         <MigrationProcessMigrationObjectCSVMetadataVORow>
            <ProcessId>-999</ProcessId>
            <BusinessObjectShortName>ORA_XLA_ACC_ASSIGN_DEF</BusinessObjectShortName>
            <MigrateFlag>Y</MigrateFlag>
            <IncludeExternalDataFlag>Y</IncludeExternalDataFlag>
         </MigrationProcessMigrationObjectCSVMetadataVORow>
         <MigrationProcessMigrationObjectCSVMetadataVORow>
            <ProcessId>-999</ProcessId>
            <BusinessObjectShortName>ORA_XLA_ACC_CLASS_ASSIGN</BusinessObjectShortName>
            <MigrateFlag>Y</MigrateFlag>
            <IncludeExternalDataFlag>Y</IncludeExternalDataFlag>
         </MigrationProcessMigrationObjectCSVMetadataVORow>
         <MigrationProcessMigrationObjectCSVMetadataVORow>
            <ProcessId>-999</ProcessId>
            <BusinessObjectShortName>XLA_ACCOUNTING_CLASS_USAGE</BusinessObjectShortName>
            <MigrateFlag>Y</MigrateFlag>
            <IncludeExternalDataFlag>Y</IncludeExternalDataFlag>
         </MigrationProcessMigrationObjectCSVMetadataVORow>
      </MigrationProcessMigrationObjectCSVMetadata>
      <MigrationProcessTaskCSVMetadata null="true"/>
      <MigrationProcessServiceVersionCSVMetadata null="true"/>
   </MigrationProcessCSVMetadataVORow>
</MigrationProcessCSVMetadataVO>