<?xml version="1.0" encoding="UTF-8"?>
<Package>
    <LOCALE>en_US</LOCALE>
    <User name="" password=""/>
    <ExportedVersion>24.07.52</ExportedVersion>
    <ExportedDateUTC>20240812</ExportedDateUTC>
    <ExportedTimeUTC>00:00</ExportedTimeUTC>
    <ExportedBy>epm_default_cloud_admin</ExportedBy>
    <IDMDomain></IDMDomain>
    <ServiceInstance>epm-303496-fcc</ServiceInstance>        <Task>
            <Source type="FileSystem" filePath="/"/>
            <Target type="Application" product="HUB" project="Foundation" application="Shared Services"/><Artifact recursive="false" parentPath="/Native Directory/Assigned Roles/Default Application Group" pattern="Document Repository"/><Artifact recursive="false" parentPath="/Native Directory/Assigned Roles/Default Application Group" pattern="VisCnsl"/><Artifact recursive="false" parentPath="/Native Directory/Assigned Roles/EssbaseCluster-1" pattern="EssbaseCluster-1"/><Artifact recursive="false" parentPath="/Native Directory/Assigned Roles/EssbaseCluster-1" pattern="VisCnsl"/><Artifact recursive="false" parentPath="/Native Directory/Assigned Roles/FDM" pattern="FDM Enterprise Edition"/><Artifact recursive="false" parentPath="/Native Directory/Assigned Roles/Foundation" pattern="Calculation Manager"/><Artifact recursive="false" parentPath="/Native Directory/Assigned Roles/Foundation" pattern="Deployment Metadata"/><Artifact recursive="false" parentPath="/Native Directory/Assigned Roles/Foundation" pattern="Shared Services"/><Artifact recursive="false" parentPath="/Native Directory" pattern="Groups"/><Artifact recursive="false" parentPath="/Native Directory" pattern="Predefined-Groups"/><Artifact recursive="false" parentPath="/Native Directory" pattern="Roles"/><Artifact recursive="false" parentPath="/Native Directory" pattern="Users"/><Artifact recursive="false" parentPath="/Options" pattern="Options"/>        </Task>
     </Package>
