{
    "items": [
        {
            "set_of_books_id": null,
            "set_of_books_name": "MCD AU Primary Ledger",
            "lookup_type": "ACCOUNT",
            "lookup_code": null,
            "description": "Funds collected for future spend - marketing fund",
            "orcl_segment1": null,
            "orcl_segment2": "000",
            "orcl_segment3": null,
            "orcl_segment4": null,
            "orcl_segment5": "210070073",
            "orcl_segment6": null,
            "orcl_segment7": null,
            "lgcy_segment1": "3115318",
            "lgcy_segment2": null,
            "lgcy_segment3": null,
            "lgcy_segment4": null,
            "lgcy_segment5": null,
            "lgcy_segment6": null,
            "lgcy_segment7": null,
            "enable_flag": "Y",
            "start_date_active": "1951-01-01T00:00:00Z",
            "end_date_active": null,
            "attribute_category": null,
            "attribute1": "AU",
            "attribute2": null,
            "attribute3": null,
            "attribute4": null,
            "attribute5": null,
            "attribute6": null,
            "attribute7": null,
            "attribute8": null,
            "attribute9": null,
            "attribute10": null,
            "attribute11": null,
            "attribute12": null,
            "attribute13": null,
            "attribute14": null,
            "attribute15": null,
            "interface_type": "I",
            "created_by": "ADMIN",
            "creation_date": "2022-06-10T14:13:41Z",
            "last_update_login": "ADMIN",
            "last_updated_by": "ADMIN",
            "last_update_date": "2022-06-10T14:13:41Z",
            "orcl_segment8": null,
            "mapper_id": 1,
            "links": [
                {
                    "rel": "self",
                    "href": "https://biforv8ttzke2zv-intgtst1.adb.us-ashburn-1.oraclecloudapps.com/ords/xxmcd_erpintg/xxmcd_paas_mapper_tbl/1"
                }
            ]
        },
        {
            "set_of_books_id": null,
            "set_of_books_name": "MCD AU Primary Ledger",
            "lookup_type": "ACCOUNT",
            "lookup_code": null,
            "description": "Funds collected for future spend - marketing fund",
            "orcl_segment1": null,
            "orcl_segment2": "000",
            "orcl_segment3": null,
            "orcl_segment4": null,
            "orcl_segment5": "210070073",
            "orcl_segment6": null,
            "orcl_segment7": null,
            "lgcy_segment1": "3115319",
            "lgcy_segment2": null,
            "lgcy_segment3": null,
            "lgcy_segment4": null,
            "lgcy_segment5": null,
            "lgcy_segment6": null,
            "lgcy_segment7": null,
            "enable_flag": "Y",
            "start_date_active": "1951-01-01T00:00:00Z",
            "end_date_active": null,
            "attribute_category": null,
            "attribute1": "AU",
            "attribute2": null,
            "attribute3": null,
            "attribute4": null,
            "attribute5": null,
            "attribute6": null,
            "attribute7": null,
            "attribute8": null,
            "attribute9": null,
            "attribute10": null,
            "attribute11": null,
            "attribute12": null,
            "attribute13": null,
            "attribute14": null,
            "attribute15": null,
            "interface_type": "I",
            "created_by": "ADMIN",
            "creation_date": "2022-06-10T14:13:41Z",
            "last_update_login": "ADMIN",
            "last_updated_by": "ADMIN",
            "last_update_date": "2022-06-10T14:13:41Z",
            "orcl_segment8": null,
            "mapper_id": 2,
            "links": [
                {
                    "rel": "self",
                    "href": "https://biforv8ttzke2zv-intgtst1.adb.us-ashburn-1.oraclecloudapps.com/ords/xxmcd_erpintg/xxmcd_paas_mapper_tbl/2"
                }
            ]
        },
        {
            "set_of_books_id": null,
            "set_of_books_name": "MCD AU Primary Ledger",
            "lookup_type": "ACCOUNT",
            "lookup_code": null,
            "description": "Funds collected for future spend - marketing fund",
            "orcl_segment1": null,
            "orcl_segment2": "000",
            "orcl_segment3": null,
            "orcl_segment4": null,
            "orcl_segment5": "210070073",
            "orcl_segment6": null,
            "orcl_segment7": null,
            "lgcy_segment1": "3115320",
            "lgcy_segment2": null,
            "lgcy_segment3": null,
            "lgcy_segment4": null,
            "lgcy_segment5": null,
            "lgcy_segment6": null,
            "lgcy_segment7": null,
            "enable_flag": "Y",
            "start_date_active": "1951-01-01T00:00:00Z",
            "end_date_active": null,
            "attribute_category": null,
            "attribute1": "AU",
            "attribute2": null,
            "attribute3": null,
            "attribute4": null,
            "attribute5": null,
            "attribute6": null,
            "attribute7": null,
            "attribute8": null,
            "attribute9": null,
            "attribute10": null,
            "attribute11": null,
            "attribute12": null,
            "attribute13": null,
            "attribute14": null,
            "attribute15": null,
            "interface_type": "I",
            "created_by": "ADMIN",
            "creation_date": "2022-06-10T14:13:41Z",
            "last_update_login": "ADMIN",
            "last_updated_by": "ADMIN",
            "last_update_date": "2022-06-10T14:13:41Z",
            "orcl_segment8": null,
            "mapper_id": 3,
            "links": [
                {
                    "rel": "self",
                    "href": "https://biforv8ttzke2zv-intgtst1.adb.us-ashburn-1.oraclecloudapps.com/ords/xxmcd_erpintg/xxmcd_paas_mapper_tbl/3"
                }
            ]
        },
        {
            "set_of_books_id": null,
            "set_of_books_name": "MCD AU Primary Ledger",
            "lookup_type": "ACCOUNT",
            "lookup_code": null,
            "description": "Funds collected for future spend - marketing fund",
            "orcl_segment1": null,
            "orcl_segment2": "000",
            "orcl_segment3": null,
            "orcl_segment4": null,
            "orcl_segment5": "210070073",
            "orcl_segment6": null,
            "orcl_segment7": null,
            "lgcy_segment1": "3115234",
            "lgcy_segment2": null,
            "lgcy_segment3": null,
            "lgcy_segment4": null,
            "lgcy_segment5": null,
            "lgcy_segment6": null,
            "lgcy_segment7": null,
            "enable_flag": "Y",
            "start_date_active": "1951-01-01T00:00:00Z",
            "end_date_active": null,
            "attribute_category": null,
            "attribute1": "AU",
            "attribute2": null,
            "attribute3": null,
            "attribute4": null,
            "attribute5": null,
            "attribute6": null,
            "attribute7": null,
            "attribute8": null,
            "attribute9": null,
            "attribute10": null,
            "attribute11": null,
            "attribute12": null,
            "attribute13": null,
            "attribute14": null,
            "attribute15": null,
            "interface_type": "I",
            "created_by": "ADMIN",
            "creation_date": "2022-06-10T14:13:41Z",
            "last_update_login": "ADMIN",
            "last_updated_by": "ADMIN",
            "last_update_date": "2022-06-10T14:13:41Z",
            "orcl_segment8": null,
            "mapper_id": 4,
            "links": [
                {
                    "rel": "self",
                    "href": "https://biforv8ttzke2zv-intgtst1.adb.us-ashburn-1.oraclecloudapps.com/ords/xxmcd_erpintg/xxmcd_paas_mapper_tbl/4"
                }
            ]
        },
        {
            "set_of_books_id": null,
            "set_of_books_name": "MCD AU Primary Ledger",
            "lookup_type": "ACCOUNT",
            "lookup_code": null,
            "description": "Funds collected for future spend - marketing fund",
            "orcl_segment1": null,
            "orcl_segment2": "000",
            "orcl_segment3": null,
            "orcl_segment4": null,
            "orcl_segment5": "210070073",
            "orcl_segment6": null,
            "orcl_segment7": null,
            "lgcy_segment1": "3115235",
            "lgcy_segment2": null,
            "lgcy_segment3": null,
            "lgcy_segment4": null,
            "lgcy_segment5": null,
            "lgcy_segment6": null,
            "lgcy_segment7": null,
            "enable_flag": "Y",
            "start_date_active": "1951-01-01T00:00:00Z",
            "end_date_active": null,
            "attribute_category": null,
            "attribute1": "AU",
            "attribute2": null,
            "attribute3": null,
            "attribute4": null,
            "attribute5": null,
            "attribute6": null,
            "attribute7": null,
            "attribute8": null,
            "attribute9": null,
            "attribute10": null,
            "attribute11": null,
            "attribute12": null,
            "attribute13": null,
            "attribute14": null,
            "attribute15": null,
            "interface_type": "I",
            "created_by": "ADMIN",
            "creation_date": "2022-06-10T14:13:41Z",
            "last_update_login": "ADMIN",
            "last_updated_by": "ADMIN",
            "last_update_date": "2022-06-10T14:13:41Z",
            "orcl_segment8": null,
            "mapper_id": 5,
            "links": [
                {
                    "rel": "self",
                    "href": "https://biforv8ttzke2zv-intgtst1.adb.us-ashburn-1.oraclecloudapps.com/ords/xxmcd_erpintg/xxmcd_paas_mapper_tbl/5"
                }
            ]
        },
        {
            "set_of_books_id": null,
            "set_of_books_name": "MCD AU Primary Ledger",
            "lookup_type": "ACCOUNT",
            "lookup_code": null,
            "description": "Funds collected for future spend - marketing fund",
            "orcl_segment1": null,
            "orcl_segment2": "000",
            "orcl_segment3": null,
            "orcl_segment4": null,
            "orcl_segment5": "210070073",
            "orcl_segment6": null,
            "orcl_segment7": null,
            "lgcy_segment1": "3115236",
            "lgcy_segment2": null,
            "lgcy_segment3": null,
            "lgcy_segment4": null,
            "lgcy_segment5": null,
            "lgcy_segment6": null,
            "lgcy_segment7": null,
            "enable_flag": "Y",
            "start_date_active": "1951-01-01T00:00:00Z",
            "end_date_active": null,
            "attribute_category": null,
            "attribute1": "AU",
            "attribute2": null,
            "attribute3": null,
            "attribute4": null,
            "attribute5": null,
            "attribute6": null,
            "attribute7": null,
            "attribute8": null,
            "attribute9": null,
            "attribute10": null,
            "attribute11": null,
            "attribute12": null,
            "attribute13": null,
            "attribute14": null,
            "attribute15": null,
            "interface_type": "I",
            "created_by": "ADMIN",
            "creation_date": "2022-06-10T14:13:41Z",
            "last_update_login": "ADMIN",
            "last_updated_by": "ADMIN",
            "last_update_date": "2022-06-10T14:13:41Z",
            "orcl_segment8": null,
            "mapper_id": 6,
            "links": [
                {
                    "rel": "self",
                    "href": "https://biforv8ttzke2zv-intgtst1.adb.us-ashburn-1.oraclecloudapps.com/ords/xxmcd_erpintg/xxmcd_paas_mapper_tbl/6"
                }
            ]
        },
        {
            "set_of_books_id": null,
            "set_of_books_name": "MCD AU Primary Ledger",
            "lookup_type": "ACCOUNT",
            "lookup_code": null,
            "description": "Funds collected for future spend - marketing fund",
            "orcl_segment1": null,
            "orcl_segment2": "000",
            "orcl_segment3": null,
            "orcl_segment4": null,
            "orcl_segment5": "210070073",
            "orcl_segment6": null,
            "orcl_segment7": null,
            "lgcy_segment1": "3115237",
            "lgcy_segment2": null,
            "lgcy_segment3": null,
            "lgcy_segment4": null,
            "lgcy_segment5": null,
            "lgcy_segment6": null,
            "lgcy_segment7": null,
            "enable_flag": "Y",
            "start_date_active": "1951-01-01T00:00:00Z",
            "end_date_active": null,
            "attribute_category": null,
            "attribute1": "AU",
            "attribute2": null,
            "attribute3": null,
            "attribute4": null,
            "attribute5": null,
            "attribute6": null,
            "attribute7": null,
            "attribute8": null,
            "attribute9": null,
            "attribute10": null,
            "attribute11": null,
            "attribute12": null,
            "attribute13": null,
            "attribute14": null,
            "attribute15": null,
            "interface_type": "I",
            "created_by": "ADMIN",
            "creation_date": "2022-06-10T14:13:41Z",
            "last_update_login": "ADMIN",
            "last_updated_by": "ADMIN",
            "last_update_date": "2022-06-10T14:13:41Z",
            "orcl_segment8": null,
            "mapper_id": 7,
            "links": [
                {
                    "rel": "self",
                    "href": "https://biforv8ttzke2zv-intgtst1.adb.us-ashburn-1.oraclecloudapps.com/ords/xxmcd_erpintg/xxmcd_paas_mapper_tbl/7"
                }
            ]
        },
        {
            "set_of_books_id": null,
            "set_of_books_name": "MCD AU Primary Ledger",
            "lookup_type": "ACCOUNT",
            "lookup_code": null,
            "description": "Funds collected for future spend - marketing fund",
            "orcl_segment1": null,
            "orcl_segment2": "000",
            "orcl_segment3": null,
            "orcl_segment4": null,
            "orcl_segment5": "210070073",
            "orcl_segment6": null,
            "orcl_segment7": null,
            "lgcy_segment1": "3115238",
            "lgcy_segment2": null,
            "lgcy_segment3": null,
            "lgcy_segment4": null,
            "lgcy_segment5": null,
            "lgcy_segment6": null,
            "lgcy_segment7": null,
            "enable_flag": "Y",
            "start_date_active": "1951-01-01T00:00:00Z",
            "end_date_active": null,
            "attribute_category": null,
            "attribute1": "AU",
            "attribute2": null,
            "attribute3": null,
            "attribute4": null,
            "attribute5": null,
            "attribute6": null,
            "attribute7": null,
            "attribute8": null,
            "attribute9": null,
            "attribute10": null,
            "attribute11": null,
            "attribute12": null,
            "attribute13": null,
            "attribute14": null,
            "attribute15": null,
            "interface_type": "I",
            "created_by": "ADMIN",
            "creation_date": "2022-06-10T14:13:41Z",
            "last_update_login": "ADMIN",
            "last_updated_by": "ADMIN",
            "last_update_date": "2022-06-10T14:13:41Z",
            "orcl_segment8": null,
            "mapper_id": 8,
            "links": [
                {
                    "rel": "self",
                    "href": "https://biforv8ttzke2zv-intgtst1.adb.us-ashburn-1.oraclecloudapps.com/ords/xxmcd_erpintg/xxmcd_paas_mapper_tbl/8"
                }
            ]
        },
        {
            "set_of_books_id": null,
            "set_of_books_name": "MCD AU Primary Ledger",
            "lookup_type": "ACCOUNT",
            "lookup_code": null,
            "description": "Funds collected for future spend - marketing fund",
            "orcl_segment1": null,
            "orcl_segment2": "000",
            "orcl_segment3": null,
            "orcl_segment4": null,
            "orcl_segment5": "210070073",
            "orcl_segment6": null,
            "orcl_segment7": null,
            "lgcy_segment1": "3115239",
            "lgcy_segment2": null,
            "lgcy_segment3": null,
            "lgcy_segment4": null,
            "lgcy_segment5": null,
            "lgcy_segment6": null,
            "lgcy_segment7": null,
            "enable_flag": "Y",
            "start_date_active": "1951-01-01T00:00:00Z",
            "end_date_active": null,
            "attribute_category": null,
            "attribute1": "AU",
            "attribute2": null,
            "attribute3": null,
            "attribute4": null,
            "attribute5": null,
            "attribute6": null,
            "attribute7": null,
            "attribute8": null,
            "attribute9": null,
            "attribute10": null,
            "attribute11": null,
            "attribute12": null,
            "attribute13": null,
            "attribute14": null,
            "attribute15": null,
            "interface_type": "I",
            "created_by": "ADMIN",
            "creation_date": "2022-06-10T14:13:41Z",
            "last_update_login": "ADMIN",
            "last_updated_by": "ADMIN",
            "last_update_date": "2022-06-10T14:13:41Z",
            "orcl_segment8": null,
            "mapper_id": 9,
            "links": [
                {
                    "rel": "self",
                    "href": "https://biforv8ttzke2zv-intgtst1.adb.us-ashburn-1.oraclecloudapps.com/ords/xxmcd_erpintg/xxmcd_paas_mapper_tbl/9"
                }
            ]
        },
        {
            "set_of_books_id": null,
            "set_of_books_name": "MCD AU Primary Ledger",
            "lookup_type": "ACCOUNT",
            "lookup_code": null,
            "description": "Funds collected for future spend - marketing fund",
            "orcl_segment1": null,
            "orcl_segment2": "000",
            "orcl_segment3": null,
            "orcl_segment4": null,
            "orcl_segment5": "210070073",
            "orcl_segment6": null,
            "orcl_segment7": null,
            "lgcy_segment1": "3115240",
            "lgcy_segment2": null,
            "lgcy_segment3": null,
            "lgcy_segment4": null,
            "lgcy_segment5": null,
            "lgcy_segment6": null,
            "lgcy_segment7": null,
            "enable_flag": "Y",
            "start_date_active": "1951-01-01T00:00:00Z",
            "end_date_active": null,
            "attribute_category": null,
            "attribute1": "AU",
            "attribute2": null,
            "attribute3": null,
            "attribute4": null,
            "attribute5": null,
            "attribute6": null,
            "attribute7": null,
            "attribute8": null,
            "attribute9": null,
            "attribute10": null,
            "attribute11": null,
            "attribute12": null,
            "attribute13": null,
            "attribute14": null,
            "attribute15": null,
            "interface_type": "I",
            "created_by": "ADMIN",
            "creation_date": "2022-06-10T14:13:41Z",
            "last_update_login": "ADMIN",
            "last_updated_by": "ADMIN",
            "last_update_date": "2022-06-10T14:13:41Z",
            "orcl_segment8": null,
            "mapper_id": 10,
            "links": [
                {
                    "rel": "self",
                    "href": "https://biforv8ttzke2zv-intgtst1.adb.us-ashburn-1.oraclecloudapps.com/ords/xxmcd_erpintg/xxmcd_paas_mapper_tbl/10"
                }
            ]
        },
        {
            "set_of_books_id": null,
            "set_of_books_name": "MCD AU Primary Ledger",
            "lookup_type": "ACCOUNT",
            "lookup_code": null,
            "description": "Funds collected for future spend - marketing fund",
            "orcl_segment1": null,
            "orcl_segment2": "000",
            "orcl_segment3": null,
            "orcl_segment4": null,
            "orcl_segment5": "210070073",
            "orcl_segment6": null,
            "orcl_segment7": null,
            "lgcy_segment1": "3115241",
            "lgcy_segment2": null,
            "lgcy_segment3": null,
            "lgcy_segment4": null,
            "lgcy_segment5": null,
            "lgcy_segment6": null,
            "lgcy_segment7": null,
            "enable_flag": "Y",
            "start_date_active": "1951-01-01T00:00:00Z",
            "end_date_active": null,
            "attribute_category": null,
            "attribute1": "AU",
            "attribute2": null,
            "attribute3": null,
            "attribute4": null,
            "attribute5": null,
            "attribute6": null,
            "attribute7": null,
            "attribute8": null,
            "attribute9": null,
            "attribute10": null,
            "attribute11": null,
            "attribute12": null,
            "attribute13": null,
            "attribute14": null,
            "attribute15": null,
            "interface_type": "I",
            "created_by": "ADMIN",
            "creation_date": "2022-06-10T14:13:42Z",
            "last_update_login": "ADMIN",
            "last_updated_by": "ADMIN",
            "last_update_date": "2022-06-10T14:13:42Z",
            "orcl_segment8": null,
            "mapper_id": 11,
            "links": [
                {
                    "rel": "self",
                    "href": "https://biforv8ttzke2zv-intgtst1.adb.us-ashburn-1.oraclecloudapps.com/ords/xxmcd_erpintg/xxmcd_paas_mapper_tbl/11"
                }
            ]
        },
        {
            "set_of_books_id": null,
            "set_of_books_name": "MCD AU Primary Ledger",
            "lookup_type": "ACCOUNT",
            "lookup_code": null,
            "description": "Funds collected for future spend - marketing fund",
            "orcl_segment1": null,
            "orcl_segment2": "000",
            "orcl_segment3": null,
            "orcl_segment4": null,
            "orcl_segment5": "210070073",
            "orcl_segment6": null,
            "orcl_segment7": null,
            "lgcy_segment1": "3115242",
            "lgcy_segment2": null,
            "lgcy_segment3": null,
            "lgcy_segment4": null,
            "lgcy_segment5": null,
            "lgcy_segment6": null,
            "lgcy_segment7": null,
            "enable_flag": "Y",
            "start_date_active": "1951-01-01T00:00:00Z",
            "end_date_active": null,
            "attribute_category": null,
            "attribute1": "AU",
            "attribute2": null,
            "attribute3": null,
            "attribute4": null,
            "attribute5": null,
            "attribute6": null,
            "attribute7": null,
            "attribute8": null,
            "attribute9": null,
            "attribute10": null,
            "attribute11": null,
            "attribute12": null,
            "attribute13": null,
            "attribute14": null,
            "attribute15": null,
            "interface_type": "I",
            "created_by": "ADMIN",
            "creation_date": "2022-06-10T14:13:42Z",
            "last_update_login": "ADMIN",
            "last_updated_by": "ADMIN",
            "last_update_date": "2022-06-10T14:13:42Z",
            "orcl_segment8": null,
            "mapper_id": 12,
            "links": [
                {
                    "rel": "self",
                    "href": "https://biforv8ttzke2zv-intgtst1.adb.us-ashburn-1.oraclecloudapps.com/ords/xxmcd_erpintg/xxmcd_paas_mapper_tbl/12"
                }
            ]
        },
        {
            "set_of_books_id": null,
            "set_of_books_name": "MCD AU Primary Ledger",
            "lookup_type": "ACCOUNT",
            "lookup_code": null,
            "description": "Funds collected for future spend - marketing fund",
            "orcl_segment1": null,
            "orcl_segment2": "000",
            "orcl_segment3": null,
            "orcl_segment4": null,
            "orcl_segment5": "210070073",
            "orcl_segment6": null,
            "orcl_segment7": null,
            "lgcy_segment1": "3115243",
            "lgcy_segment2": null,
            "lgcy_segment3": null,
            "lgcy_segment4": null,
            "lgcy_segment5": null,
            "lgcy_segment6": null,
            "lgcy_segment7": null,
            "enable_flag": "Y",
            "start_date_active": "1951-01-01T00:00:00Z",
            "end_date_active": null,
            "attribute_category": null,
            "attribute1": "AU",
            "attribute2": null,
            "attribute3": null,
            "attribute4": null,
            "attribute5": null,
            "attribute6": null,
            "attribute7": null,
            "attribute8": null,
            "attribute9": null,
            "attribute10": null,
            "attribute11": null,
            "attribute12": null,
            "attribute13": null,
            "attribute14": null,
            "attribute15": null,
            "interface_type": "I",
            "created_by": "ADMIN",
            "creation_date": "2022-06-10T14:13:42Z",
            "last_update_login": "ADMIN",
            "last_updated_by": "ADMIN",
            "last_update_date": "2022-06-10T14:13:42Z",
            "orcl_segment8": null,
            "mapper_id": 13,
            "links": [
                {
                    "rel": "self",
                    "href": "https://biforv8ttzke2zv-intgtst1.adb.us-ashburn-1.oraclecloudapps.com/ords/xxmcd_erpintg/xxmcd_paas_mapper_tbl/13"
                }
            ]
        },
        {
            "set_of_books_id": null,
            "set_of_books_name": "MCD AU Primary Ledger",
            "lookup_type": "ACCOUNT",
            "lookup_code": null,
            "description": "Funds collected for future spend - marketing fund",
            "orcl_segment1": null,
            "orcl_segment2": "000",
            "orcl_segment3": null,
            "orcl_segment4": null,
            "orcl_segment5": "210070073",
            "orcl_segment6": null,
            "orcl_segment7": null,
            "lgcy_segment1": "3115244",
            "lgcy_segment2": null,
            "lgcy_segment3": null,
            "lgcy_segment4": null,
            "lgcy_segment5": null,
            "lgcy_segment6": null,
            "lgcy_segment7": null,
            "enable_flag": "Y",
            "start_date_active": "1951-01-01T00:00:00Z",
            "end_date_active": null,
            "attribute_category": null,
            "attribute1": "AU",
            "attribute2": null,
            "attribute3": null,
            "attribute4": null,
            "attribute5": null,
            "attribute6": null,
            "attribute7": null,
            "attribute8": null,
            "attribute9": null,
            "attribute10": null,
            "attribute11": null,
            "attribute12": null,
            "attribute13": null,
            "attribute14": null,
            "attribute15": null,
            "interface_type": "I",
            "created_by": "ADMIN",
            "creation_date": "2022-06-10T14:13:42Z",
            "last_update_login": "ADMIN",
            "last_updated_by": "ADMIN",
            "last_update_date": "2022-06-10T14:13:42Z",
            "orcl_segment8": null,
            "mapper_id": 14,
            "links": [
                {
                    "rel": "self",
                    "href": "https://biforv8ttzke2zv-intgtst1.adb.us-ashburn-1.oraclecloudapps.com/ords/xxmcd_erpintg/xxmcd_paas_mapper_tbl/14"
                }
            ]
        },
        {
            "set_of_books_id": null,
            "set_of_books_name": "MCD AU Primary Ledger",
            "lookup_type": "ACCOUNT",
            "lookup_code": null,
            "description": "Funds collected for future spend - marketing fund",
            "orcl_segment1": null,
            "orcl_segment2": "000",
            "orcl_segment3": null,
            "orcl_segment4": null,
            "orcl_segment5": "210070073",
            "orcl_segment6": null,
            "orcl_segment7": null,
            "lgcy_segment1": "3115245",
            "lgcy_segment2": null,
            "lgcy_segment3": null,
            "lgcy_segment4": null,
            "lgcy_segment5": null,
            "lgcy_segment6": null,
            "lgcy_segment7": null,
            "enable_flag": "Y",
            "start_date_active": "1951-01-01T00:00:00Z",
            "end_date_active": null,
            "attribute_category": null,
            "attribute1": "AU",
            "attribute2": null,
            "attribute3": null,
            "attribute4": null,
            "attribute5": null,
            "attribute6": null,
            "attribute7": null,
            "attribute8": null,
            "attribute9": null,
            "attribute10": null,
            "attribute11": null,
            "attribute12": null,
            "attribute13": null,
            "attribute14": null,
            "attribute15": null,
            "interface_type": "I",
            "created_by": "ADMIN",
            "creation_date": "2022-06-10T14:13:42Z",
            "last_update_login": "ADMIN",
            "last_updated_by": "ADMIN",
            "last_update_date": "2022-06-10T14:13:42Z",
            "orcl_segment8": null,
            "mapper_id": 15,
            "links": [
                {
                    "rel": "self",
                    "href": "https://biforv8ttzke2zv-intgtst1.adb.us-ashburn-1.oraclecloudapps.com/ords/xxmcd_erpintg/xxmcd_paas_mapper_tbl/15"
                }
            ]
        },
        {
            "set_of_books_id": null,
            "set_of_books_name": "MCD AU Primary Ledger",
            "lookup_type": "ACCOUNT",
            "lookup_code": null,
            "description": "Funds collected for future spend - marketing fund",
            "orcl_segment1": null,
            "orcl_segment2": "000",
            "orcl_segment3": null,
            "orcl_segment4": null,
            "orcl_segment5": "210070073",
            "orcl_segment6": null,
            "orcl_segment7": null,
            "lgcy_segment1": "3115246",
            "lgcy_segment2": null,
            "lgcy_segment3": null,
            "lgcy_segment4": null,
            "lgcy_segment5": null,
            "lgcy_segment6": null,
            "lgcy_segment7": null,
            "enable_flag": "Y",
            "start_date_active": "1951-01-01T00:00:00Z",
            "end_date_active": null,
            "attribute_category": null,
            "attribute1": "AU",
            "attribute2": null,
            "attribute3": null,
            "attribute4": null,
            "attribute5": null,
            "attribute6": null,
            "attribute7": null,
            "attribute8": null,
            "attribute9": null,
            "attribute10": null,
            "attribute11": null,
            "attribute12": null,
            "attribute13": null,
            "attribute14": null,
            "attribute15": null,
            "interface_type": "I",
            "created_by": "ADMIN",
            "creation_date": "2022-06-10T14:13:42Z",
            "last_update_login": "ADMIN",
            "last_updated_by": "ADMIN",
            "last_update_date": "2022-06-10T14:13:42Z",
            "orcl_segment8": null,
            "mapper_id": 16,
            "links": [
                {
                    "rel": "self",
                    "href": "https://biforv8ttzke2zv-intgtst1.adb.us-ashburn-1.oraclecloudapps.com/ords/xxmcd_erpintg/xxmcd_paas_mapper_tbl/16"
                }
            ]
        },
        {
            "set_of_books_id": null,
            "set_of_books_name": "MCD AU Primary Ledger",
            "lookup_type": "ACCOUNT",
            "lookup_code": null,
            "description": "Funds collected for future spend - marketing fund",
            "orcl_segment1": null,
            "orcl_segment2": "000",
            "orcl_segment3": null,
            "orcl_segment4": null,
            "orcl_segment5": "210070073",
            "orcl_segment6": null,
            "orcl_segment7": null,
            "lgcy_segment1": "3115247",
            "lgcy_segment2": null,
            "lgcy_segment3": null,
            "lgcy_segment4": null,
            "lgcy_segment5": null,
            "lgcy_segment6": null,
            "lgcy_segment7": null,
            "enable_flag": "Y",
            "start_date_active": "1951-01-01T00:00:00Z",
            "end_date_active": null,
            "attribute_category": null,
            "attribute1": "AU",
            "attribute2": null,
            "attribute3": null,
            "attribute4": null,
            "attribute5": null,
            "attribute6": null,
            "attribute7": null,
            "attribute8": null,
            "attribute9": null,
            "attribute10": null,
            "attribute11": null,
            "attribute12": null,
            "attribute13": null,
            "attribute14": null,
            "attribute15": null,
            "interface_type": "I",
            "created_by": "ADMIN",
            "creation_date": "2022-06-10T14:13:42Z",
            "last_update_login": "ADMIN",
            "last_updated_by": "ADMIN",
            "last_update_date": "2022-06-10T14:13:42Z",
            "orcl_segment8": null,
            "mapper_id": 17,
            "links": [
                {
                    "rel": "self",
                    "href": "https://biforv8ttzke2zv-intgtst1.adb.us-ashburn-1.oraclecloudapps.com/ords/xxmcd_erpintg/xxmcd_paas_mapper_tbl/17"
                }
            ]
        },
        {
            "set_of_books_id": null,
            "set_of_books_name": "MCD AU Primary Ledger",
            "lookup_type": "ACCOUNT",
            "lookup_code": null,
            "description": "Funds collected for future spend - marketing fund",
            "orcl_segment1": null,
            "orcl_segment2": "000",
            "orcl_segment3": null,
            "orcl_segment4": null,
            "orcl_segment5": "210070073",
            "orcl_segment6": null,
            "orcl_segment7": null,
            "lgcy_segment1": "3115248",
            "lgcy_segment2": null,
            "lgcy_segment3": null,
            "lgcy_segment4": null,
            "lgcy_segment5": null,
            "lgcy_segment6": null,
            "lgcy_segment7": null,
            "enable_flag": "Y",
            "start_date_active": "1951-01-01T00:00:00Z",
            "end_date_active": null,
            "attribute_category": null,
            "attribute1": "AU",
            "attribute2": null,
            "attribute3": null,
            "attribute4": null,
            "attribute5": null,
            "attribute6": null,
            "attribute7": null,
            "attribute8": null,
            "attribute9": null,
            "attribute10": null,
            "attribute11": null,
            "attribute12": null,
            "attribute13": null,
            "attribute14": null,
            "attribute15": null,
            "interface_type": "I",
            "created_by": "ADMIN",
            "creation_date": "2022-06-10T14:13:42Z",
            "last_update_login": "ADMIN",
            "last_updated_by": "ADMIN",
            "last_update_date": "2022-06-10T14:13:42Z",
            "orcl_segment8": null,
            "mapper_id": 18,
            "links": [
                {
                    "rel": "self",
                    "href": "https://biforv8ttzke2zv-intgtst1.adb.us-ashburn-1.oraclecloudapps.com/ords/xxmcd_erpintg/xxmcd_paas_mapper_tbl/18"
                }
            ]
        },
        {
            "set_of_books_id": null,
            "set_of_books_name": "MCD AU Primary Ledger",
            "lookup_type": "ACCOUNT",
            "lookup_code": null,
            "description": "Funds collected for future spend - marketing fund",
            "orcl_segment1": null,
            "orcl_segment2": "000",
            "orcl_segment3": null,
            "orcl_segment4": null,
            "orcl_segment5": "210070073",
            "orcl_segment6": null,
            "orcl_segment7": null,
            "lgcy_segment1": "3115249",
            "lgcy_segment2": null,
            "lgcy_segment3": null,
            "lgcy_segment4": null,
            "lgcy_segment5": null,
            "lgcy_segment6": null,
            "lgcy_segment7": null,
            "enable_flag": "Y",
            "start_date_active": "1951-01-01T00:00:00Z",
            "end_date_active": null,
            "attribute_category": null,
            "attribute1": "AU",
            "attribute2": null,
            "attribute3": null,
            "attribute4": null,
            "attribute5": null,
            "attribute6": null,
            "attribute7": null,
            "attribute8": null,
            "attribute9": null,
            "attribute10": null,
            "attribute11": null,
            "attribute12": null,
            "attribute13": null,
            "attribute14": null,
            "attribute15": null,
            "interface_type": "I",
            "created_by": "ADMIN",
            "creation_date": "2022-06-10T14:13:42Z",
            "last_update_login": "ADMIN",
            "last_updated_by": "ADMIN",
            "last_update_date": "2022-06-10T14:13:42Z",
            "orcl_segment8": null,
            "mapper_id": 19,
            "links": [
                {
                    "rel": "self",
                    "href": "https://biforv8ttzke2zv-intgtst1.adb.us-ashburn-1.oraclecloudapps.com/ords/xxmcd_erpintg/xxmcd_paas_mapper_tbl/19"
                }
            ]
        },
        {
            "set_of_books_id": null,
            "set_of_books_name": "MCD AU Primary Ledger",
            "lookup_type": "ACCOUNT",
            "lookup_code": null,
            "description": "Funds collected for future spend - marketing fund",
            "orcl_segment1": null,
            "orcl_segment2": "000",
            "orcl_segment3": null,
            "orcl_segment4": null,
            "orcl_segment5": "210070073",
            "orcl_segment6": null,
            "orcl_segment7": null,
            "lgcy_segment1": "3115250",
            "lgcy_segment2": null,
            "lgcy_segment3": null,
            "lgcy_segment4": null,
            "lgcy_segment5": null,
            "lgcy_segment6": null,
            "lgcy_segment7": null,
            "enable_flag": "Y",
            "start_date_active": "1951-01-01T00:00:00Z",
            "end_date_active": null,
            "attribute_category": null,
            "attribute1": "AU",
            "attribute2": null,
            "attribute3": null,
            "attribute4": null,
            "attribute5": null,
            "attribute6": null,
            "attribute7": null,
            "attribute8": null,
            "attribute9": null,
            "attribute10": null,
            "attribute11": null,
            "attribute12": null,
            "attribute13": null,
            "attribute14": null,
            "attribute15": null,
            "interface_type": "I",
            "created_by": "ADMIN",
            "creation_date": "2022-06-10T14:13:42Z",
            "last_update_login": "ADMIN",
            "last_updated_by": "ADMIN",
            "last_update_date": "2022-06-10T14:13:42Z",
            "orcl_segment8": null,
            "mapper_id": 20,
            "links": [
                {
                    "rel": "self",
                    "href": "https://biforv8ttzke2zv-intgtst1.adb.us-ashburn-1.oraclecloudapps.com/ords/xxmcd_erpintg/xxmcd_paas_mapper_tbl/20"
                }
            ]
        },
        {
            "set_of_books_id": null,
            "set_of_books_name": "MCD AU Primary Ledger",
            "lookup_type": "ACCOUNT",
            "lookup_code": null,
            "description": "Funds collected for future spend - marketing fund",
            "orcl_segment1": null,
            "orcl_segment2": "000",
            "orcl_segment3": null,
            "orcl_segment4": null,
            "orcl_segment5": "210070073",
            "orcl_segment6": null,
            "orcl_segment7": null,
            "lgcy_segment1": "3115251",
            "lgcy_segment2": null,
            "lgcy_segment3": null,
            "lgcy_segment4": null,
            "lgcy_segment5": null,
            "lgcy_segment6": null,
            "lgcy_segment7": null,
            "enable_flag": "Y",
            "start_date_active": "1951-01-01T00:00:00Z",
            "end_date_active": null,
            "attribute_category": null,
            "attribute1": "AU",
            "attribute2": null,
            "attribute3": null,
            "attribute4": null,
            "attribute5": null,
            "attribute6": null,
            "attribute7": null,
            "attribute8": null,
            "attribute9": null,
            "attribute10": null,
            "attribute11": null,
            "attribute12": null,
            "attribute13": null,
            "attribute14": null,
            "attribute15": null,
            "interface_type": "I",
            "created_by": "ADMIN",
            "creation_date": "2022-06-10T14:13:42Z",
            "last_update_login": "ADMIN",
            "last_updated_by": "ADMIN",
            "last_update_date": "2022-06-10T14:13:42Z",
            "orcl_segment8": null,
            "mapper_id": 21,
            "links": [
                {
                    "rel": "self",
                    "href": "https://biforv8ttzke2zv-intgtst1.adb.us-ashburn-1.oraclecloudapps.com/ords/xxmcd_erpintg/xxmcd_paas_mapper_tbl/21"
                }
            ]
        },
        {
            "set_of_books_id": null,
            "set_of_books_name": "MCD AU Primary Ledger",
            "lookup_type": "ACCOUNT",
            "lookup_code": null,
            "description": "Funds collected for future spend - marketing fund",
            "orcl_segment1": null,
            "orcl_segment2": "000",
            "orcl_segment3": null,
            "orcl_segment4": null,
            "orcl_segment5": "210070073",
            "orcl_segment6": null,
            "orcl_segment7": null,
            "lgcy_segment1": "3115252",
            "lgcy_segment2": null,
            "lgcy_segment3": null,
            "lgcy_segment4": null,
            "lgcy_segment5": null,
            "lgcy_segment6": null,
            "lgcy_segment7": null,
            "enable_flag": "Y",
            "start_date_active": "1951-01-01T00:00:00Z",
            "end_date_active": null,
            "attribute_category": null,
            "attribute1": "AU",
            "attribute2": null,
            "attribute3": null,
            "attribute4": null,
            "attribute5": null,
            "attribute6": null,
            "attribute7": null,
            "attribute8": null,
            "attribute9": null,
            "attribute10": null,
            "attribute11": null,
            "attribute12": null,
            "attribute13": null,
            "attribute14": null,
            "attribute15": null,
            "interface_type": "I",
            "created_by": "ADMIN",
            "creation_date": "2022-06-10T14:13:42Z",
            "last_update_login": "ADMIN",
            "last_updated_by": "ADMIN",
            "last_update_date": "2022-06-10T14:13:42Z",
            "orcl_segment8": null,
            "mapper_id": 22,
            "links": [
                {
                    "rel": "self",
                    "href": "https://biforv8ttzke2zv-intgtst1.adb.us-ashburn-1.oraclecloudapps.com/ords/xxmcd_erpintg/xxmcd_paas_mapper_tbl/22"
                }
            ]
        },
        {
            "set_of_books_id": null,
            "set_of_books_name": "MCD AU Primary Ledger",
            "lookup_type": "ACCOUNT",
            "lookup_code": null,
            "description": "Funds collected for future spend - marketing fund",
            "orcl_segment1": null,
            "orcl_segment2": "000",
            "orcl_segment3": null,
            "orcl_segment4": null,
            "orcl_segment5": "210070073",
            "orcl_segment6": null,
            "orcl_segment7": null,
            "lgcy_segment1": "3115253",
            "lgcy_segment2": null,
            "lgcy_segment3": null,
            "lgcy_segment4": null,
            "lgcy_segment5": null,
            "lgcy_segment6": null,
            "lgcy_segment7": null,
            "enable_flag": "Y",
            "start_date_active": "1951-01-01T00:00:00Z",
            "end_date_active": null,
            "attribute_category": null,
            "attribute1": "AU",
            "attribute2": null,
            "attribute3": null,
            "attribute4": null,
            "attribute5": null,
            "attribute6": null,
            "attribute7": null,
            "attribute8": null,
            "attribute9": null,
            "attribute10": null,
            "attribute11": null,
            "attribute12": null,
            "attribute13": null,
            "attribute14": null,
            "attribute15": null,
            "interface_type": "I",
            "created_by": "ADMIN",
            "creation_date": "2022-06-10T14:13:42Z",
            "last_update_login": "ADMIN",
            "last_updated_by": "ADMIN",
            "last_update_date": "2022-06-10T14:13:42Z",
            "orcl_segment8": null,
            "mapper_id": 23,
            "links": [
                {
                    "rel": "self",
                    "href": "https://biforv8ttzke2zv-intgtst1.adb.us-ashburn-1.oraclecloudapps.com/ords/xxmcd_erpintg/xxmcd_paas_mapper_tbl/23"
                }
            ]
        },
        {
            "set_of_books_id": null,
            "set_of_books_name": "MCD AU Primary Ledger",
            "lookup_type": "ACCOUNT",
            "lookup_code": null,
            "description": "Funds collected for future spend - marketing fund",
            "orcl_segment1": null,
            "orcl_segment2": "000",
            "orcl_segment3": null,
            "orcl_segment4": null,
            "orcl_segment5": "210070073",
            "orcl_segment6": null,
            "orcl_segment7": null,
            "lgcy_segment1": "3115254",
            "lgcy_segment2": null,
            "lgcy_segment3": null,
            "lgcy_segment4": null,
            "lgcy_segment5": null,
            "lgcy_segment6": null,
            "lgcy_segment7": null,
            "enable_flag": "Y",
            "start_date_active": "1951-01-01T00:00:00Z",
            "end_date_active": null,
            "attribute_category": null,
            "attribute1": "AU",
            "attribute2": null,
            "attribute3": null,
            "attribute4": null,
            "attribute5": null,
            "attribute6": null,
            "attribute7": null,
            "attribute8": null,
            "attribute9": null,
            "attribute10": null,
            "attribute11": null,
            "attribute12": null,
            "attribute13": null,
            "attribute14": null,
            "attribute15": null,
            "interface_type": "I",
            "created_by": "ADMIN",
            "creation_date": "2022-06-10T14:13:42Z",
            "last_update_login": "ADMIN",
            "last_updated_by": "ADMIN",
            "last_update_date": "2022-06-10T14:13:42Z",
            "orcl_segment8": null,
            "mapper_id": 24,
            "links": [
                {
                    "rel": "self",
                    "href": "https://biforv8ttzke2zv-intgtst1.adb.us-ashburn-1.oraclecloudapps.com/ords/xxmcd_erpintg/xxmcd_paas_mapper_tbl/24"
                }
            ]
        },
        {
            "set_of_books_id": null,
            "set_of_books_name": "MCD AU Primary Ledger",
            "lookup_type": "ACCOUNT",
            "lookup_code": null,
            "description": "Funds collected for future spend - marketing fund",
            "orcl_segment1": null,
            "orcl_segment2": "000",
            "orcl_segment3": null,
            "orcl_segment4": null,
            "orcl_segment5": "210070073",
            "orcl_segment6": null,
            "orcl_segment7": null,
            "lgcy_segment1": "3115255",
            "lgcy_segment2": null,
            "lgcy_segment3": null,
            "lgcy_segment4": null,
            "lgcy_segment5": null,
            "lgcy_segment6": null,
            "lgcy_segment7": null,
            "enable_flag": "Y",
            "start_date_active": "1951-01-01T00:00:00Z",
            "end_date_active": null,
            "attribute_category": null,
            "attribute1": "AU",
            "attribute2": null,
            "attribute3": null,
            "attribute4": null,
            "attribute5": null,
            "attribute6": null,
            "attribute7": null,
            "attribute8": null,
            "attribute9": null,
            "attribute10": null,
            "attribute11": null,
            "attribute12": null,
            "attribute13": null,
            "attribute14": null,
            "attribute15": null,
            "interface_type": "I",
            "created_by": "ADMIN",
            "creation_date": "2022-06-10T14:13:42Z",
            "last_update_login": "ADMIN",
            "last_updated_by": "ADMIN",
            "last_update_date": "2022-06-10T14:13:42Z",
            "orcl_segment8": null,
            "mapper_id": 25,
            "links": [
                {
                    "rel": "self",
                    "href": "https://biforv8ttzke2zv-intgtst1.adb.us-ashburn-1.oraclecloudapps.com/ords/xxmcd_erpintg/xxmcd_paas_mapper_tbl/25"
                }
            ]
        }
    ],
    "hasMore": true,
    "limit": 25,
    "offset": 0,
    "count": 25,
    "links": [
        {
            "rel": "self",
            "href": "https://biforv8ttzke2zv-intgtst1.adb.us-ashburn-1.oraclecloudapps.com/ords/xxmcd_erpintg/xxmcd_paas_mapper_tbl/"
        },
        {
            "rel": "edit",
            "href": "https://biforv8ttzke2zv-intgtst1.adb.us-ashburn-1.oraclecloudapps.com/ords/xxmcd_erpintg/xxmcd_paas_mapper_tbl/"
        },
        {
            "rel": "describedby",
            "href": "https://biforv8ttzke2zv-intgtst1.adb.us-ashburn-1.oraclecloudapps.com/ords/xxmcd_erpintg/metadata-catalog/xxmcd_paas_mapper_tbl/"
        },
        {
            "rel": "first",
            "href": "https://biforv8ttzke2zv-intgtst1.adb.us-ashburn-1.oraclecloudapps.com/ords/xxmcd_erpintg/xxmcd_paas_mapper_tbl/"
        },
        {
            "rel": "next",
            "href": "https://biforv8ttzke2zv-intgtst1.adb.us-ashburn-1.oraclecloudapps.com/ords/xxmcd_erpintg/xxmcd_paas_mapper_tbl/?offset=25"
        }
    ]
}