<?xml version="1.0" encoding="UTF-8"?>
<Package>
    <LOCALE>en_US</LOCALE>
    <User name="" password=""/>
    <ExportedVersion>24.07.52</ExportedVersion>
    <ExportedDateUTC>20240812</ExportedDateUTC>
    <ExportedTimeUTC>00:00</ExportedTimeUTC>
    <ExportedBy>epm_default_cloud_admin</ExportedBy>
    <IDMDomain></IDMDomain>
    <ServiceInstance>epm-303496-fcc</ServiceInstance>        <Task>
            <Source type="FileSystem" filePath="/"/>
            <Target type="Application" product="AIF" project="FDM" application="FDM Enterprise Edition"/><Artifact recursive="false" parentPath="/Application Data/Custom Applications/ExportFCCS" pattern="Application Category Mapping"/><Artifact recursive="false" parentPath="/Application Data/Custom Applications/ExportFCCS" pattern="Application Definition"/><Artifact recursive="false" parentPath="/Application Data/Custom Applications/ExportFCCS" pattern="Application Drill Details"/><Artifact recursive="false" parentPath="/Application Data/Custom Applications/ExportFCCS" pattern="Application Period Mapping"/><Artifact recursive="false" parentPath="/Application Data/Custom Applications/ExportFCCS" pattern="Batch Definition"/><Artifact recursive="false" parentPath="/Application Data/Custom Applications/ExportFCCS" pattern="Check Group"/><Artifact recursive="false" parentPath="/Application Data/Custom Applications/ExportFCCS" pattern="Check Rule"/><Artifact recursive="false" parentPath="/Application Data/Custom Applications/ExportFCCS" pattern="Data Load Mapping"/><Artifact recursive="false" parentPath="/Application Data/Custom Applications/ExportFCCS/Data Load Mapping By Location" pattern="Export to Custom App"/><Artifact recursive="false" parentPath="/Application Data/Custom Applications/ExportFCCS" pattern="Data Load Rule"/><Artifact recursive="false" parentPath="/Application Data/Custom Applications/ExportFCCS" pattern="Explicit Source Period Mapping"/><Artifact recursive="false" parentPath="/Application Data/Custom Applications/ExportFCCS" pattern="Import Format"/><Artifact recursive="false" parentPath="/Application Data/Custom Applications/ExportFCCS" pattern="Location"/><Artifact recursive="false" parentPath="/Application Data/Custom Applications/ExportFCCS" pattern="Logic Group"/><Artifact recursive="false" parentPath="/Application Data/Datasource Applications/ERP Chart of Accounts" pattern="Application Definition"/><Artifact recursive="false" parentPath="/Application Data/Essbase Applications/AMgmtRpt-MgmtRpt" pattern="Application Category Mapping"/><Artifact recursive="false" parentPath="/Application Data/Essbase Applications/AMgmtRpt-MgmtRpt" pattern="Application Definition"/><Artifact recursive="false" parentPath="/Application Data/Essbase Applications/AMgmtRpt-MgmtRpt" pattern="Application Drill Details"/><Artifact recursive="false" parentPath="/Application Data/Essbase Applications/AMgmtRpt-MgmtRpt" pattern="Application Period Mapping"/><Artifact recursive="false" parentPath="/Application Data/Essbase Applications/AMgmtRpt-MgmtRpt" pattern="Batch Definition"/><Artifact recursive="false" parentPath="/Application Data/Essbase Applications/AMgmtRpt-MgmtRpt" pattern="Check Group"/><Artifact recursive="false" parentPath="/Application Data/Essbase Applications/AMgmtRpt-MgmtRpt" pattern="Check Rule"/><Artifact recursive="false" parentPath="/Application Data/Essbase Applications/AMgmtRpt-MgmtRpt" pattern="Data Load Mapping"/><Artifact recursive="false" parentPath="/Application Data/Essbase Applications/AMgmtRpt-MgmtRpt/Data Load Mapping By Location" pattern="Data Warehouse"/><Artifact recursive="false" parentPath="/Application Data/Essbase Applications/AMgmtRpt-MgmtRpt" pattern="Data Load Rule"/><Artifact recursive="false" parentPath="/Application Data/Essbase Applications/AMgmtRpt-MgmtRpt" pattern="Explicit Source Period Mapping"/><Artifact recursive="false" parentPath="/Application Data/Essbase Applications/AMgmtRpt-MgmtRpt" pattern="Import Format"/><Artifact recursive="false" parentPath="/Application Data/Essbase Applications/AMgmtRpt-MgmtRpt" pattern="Location"/><Artifact recursive="false" parentPath="/Application Data/Essbase Applications/AMgmtRpt-MgmtRpt" pattern="Logic Group"/><Artifact recursive="false" parentPath="/Application Data/Essbase Applications/CAChartofAccounts" pattern="Application Category Mapping"/><Artifact recursive="false" parentPath="/Application Data/Essbase Applications/CAChartofAccounts" pattern="Application Definition"/><Artifact recursive="false" parentPath="/Application Data/Essbase Applications/CAChartofAccounts" pattern="Application Drill Details"/><Artifact recursive="false" parentPath="/Application Data/Essbase Applications/CAChartofAccounts" pattern="Application Period Mapping"/><Artifact recursive="false" parentPath="/Application Data/Essbase Applications/CAChartofAccounts" pattern="Batch Definition"/><Artifact recursive="false" parentPath="/Application Data/Essbase Applications/CAChartofAccounts" pattern="Check Group"/><Artifact recursive="false" parentPath="/Application Data/Essbase Applications/CAChartofAccounts" pattern="Check Rule"/><Artifact recursive="false" parentPath="/Application Data/Essbase Applications/CAChartofAccounts" pattern="Data Load Mapping"/><Artifact recursive="false" parentPath="/Application Data/Essbase Applications/CAChartofAccounts" pattern="Data Load Rule"/><Artifact recursive="false" parentPath="/Application Data/Essbase Applications/CAChartofAccounts" pattern="Explicit Source Period Mapping"/><Artifact recursive="false" parentPath="/Application Data/Essbase Applications/CAChartofAccounts" pattern="Import Format"/><Artifact recursive="false" parentPath="/Application Data/Essbase Applications/CAChartofAccounts" pattern="Location"/><Artifact recursive="false" parentPath="/Application Data/Essbase Applications/CAChartofAccounts" pattern="Logic Group"/><Artifact recursive="false" parentPath="/Application Data/Essbase Applications/UKChartofAccounts" pattern="Application Category Mapping"/><Artifact recursive="false" parentPath="/Application Data/Essbase Applications/UKChartofAccounts" pattern="Application Definition"/><Artifact recursive="false" parentPath="/Application Data/Essbase Applications/UKChartofAccounts" pattern="Application Drill Details"/><Artifact recursive="false" parentPath="/Application Data/Essbase Applications/UKChartofAccounts" pattern="Application Period Mapping"/><Artifact recursive="false" parentPath="/Application Data/Essbase Applications/UKChartofAccounts" pattern="Batch Definition"/><Artifact recursive="false" parentPath="/Application Data/Essbase Applications/UKChartofAccounts" pattern="Check Group"/><Artifact recursive="false" parentPath="/Application Data/Essbase Applications/UKChartofAccounts" pattern="Check Rule"/><Artifact recursive="false" parentPath="/Application Data/Essbase Applications/UKChartofAccounts" pattern="Data Load Mapping"/><Artifact recursive="false" parentPath="/Application Data/Essbase Applications/UKChartofAccounts" pattern="Data Load Rule"/><Artifact recursive="false" parentPath="/Application Data/Essbase Applications/UKChartofAccounts" pattern="Explicit Source Period Mapping"/><Artifact recursive="false" parentPath="/Application Data/Essbase Applications/UKChartofAccounts" pattern="Import Format"/><Artifact recursive="false" parentPath="/Application Data/Essbase Applications/UKChartofAccounts" pattern="Location"/><Artifact recursive="false" parentPath="/Application Data/Essbase Applications/UKChartofAccounts" pattern="Logic Group"/><Artifact recursive="false" parentPath="/Application Data/Essbase Applications/USChartofAccounts" pattern="Application Category Mapping"/><Artifact recursive="false" parentPath="/Application Data/Essbase Applications/USChartofAccounts" pattern="Application Definition"/><Artifact recursive="false" parentPath="/Application Data/Essbase Applications/USChartofAccounts" pattern="Application Drill Details"/><Artifact recursive="false" parentPath="/Application Data/Essbase Applications/USChartofAccounts" pattern="Application Period Mapping"/><Artifact recursive="false" parentPath="/Application Data/Essbase Applications/USChartofAccounts" pattern="Batch Definition"/><Artifact recursive="false" parentPath="/Application Data/Essbase Applications/USChartofAccounts" pattern="Check Group"/><Artifact recursive="false" parentPath="/Application Data/Essbase Applications/USChartofAccounts" pattern="Check Rule"/><Artifact recursive="false" parentPath="/Application Data/Essbase Applications/USChartofAccounts" pattern="Data Load Mapping"/><Artifact recursive="false" parentPath="/Application Data/Essbase Applications/USChartofAccounts" pattern="Data Load Rule"/><Artifact recursive="false" parentPath="/Application Data/Essbase Applications/USChartofAccounts" pattern="Explicit Source Period Mapping"/><Artifact recursive="false" parentPath="/Application Data/Essbase Applications/USChartofAccounts" pattern="Import Format"/><Artifact recursive="false" parentPath="/Application Data/Essbase Applications/USChartofAccounts" pattern="Location"/><Artifact recursive="false" parentPath="/Application Data/Essbase Applications/USChartofAccounts" pattern="Logic Group"/><Artifact recursive="false" parentPath="/Application Data/Planning Applications/EPBCS" pattern="Application Category Mapping"/><Artifact recursive="false" parentPath="/Application Data/Planning Applications/EPBCS" pattern="Application Definition"/><Artifact recursive="false" parentPath="/Application Data/Planning Applications/EPBCS" pattern="Application Drill Details"/><Artifact recursive="false" parentPath="/Application Data/Planning Applications/EPBCS" pattern="Application Period Mapping"/><Artifact recursive="false" parentPath="/Application Data/Planning Applications/EPBCS" pattern="Batch Definition"/><Artifact recursive="false" parentPath="/Application Data/Planning Applications/EPBCS" pattern="Check Group"/><Artifact recursive="false" parentPath="/Application Data/Planning Applications/EPBCS" pattern="Check Rule"/><Artifact recursive="false" parentPath="/Application Data/Planning Applications/EPBCS" pattern="Data Load Mapping"/><Artifact recursive="false" parentPath="/Application Data/Planning Applications/EPBCS/Data Load Mapping By Location" pattern="Actual to Planning"/><Artifact recursive="false" parentPath="/Application Data/Planning Applications/EPBCS/Data Load Mapping By Location" pattern="Adjusts to Planning"/><Artifact recursive="false" parentPath="/Application Data/Planning Applications/EPBCS" pattern="Data Load Rule"/><Artifact recursive="false" parentPath="/Application Data/Planning Applications/EPBCS" pattern="Explicit Source Period Mapping"/><Artifact recursive="false" parentPath="/Application Data/Planning Applications/EPBCS" pattern="Import Format"/><Artifact recursive="false" parentPath="/Application Data/Planning Applications/EPBCS" pattern="Location"/><Artifact recursive="false" parentPath="/Application Data/Planning Applications/EPBCS" pattern="Logic Group"/><Artifact recursive="false" parentPath="/Application Data/Planning Applications/FinFSN" pattern="Application Category Mapping"/><Artifact recursive="false" parentPath="/Application Data/Planning Applications/FinFSN" pattern="Application Definition"/><Artifact recursive="false" parentPath="/Application Data/Planning Applications/FinFSN" pattern="Application Drill Details"/><Artifact recursive="false" parentPath="/Application Data/Planning Applications/FinFSN" pattern="Application Period Mapping"/><Artifact recursive="false" parentPath="/Application Data/Planning Applications/FinFSN" pattern="Batch Definition"/><Artifact recursive="false" parentPath="/Application Data/Planning Applications/FinFSN" pattern="Check Group"/><Artifact recursive="false" parentPath="/Application Data/Planning Applications/FinFSN" pattern="Check Rule"/><Artifact recursive="false" parentPath="/Application Data/Planning Applications/FinFSN" pattern="Data Load Mapping"/><Artifact recursive="false" parentPath="/Application Data/Planning Applications/FinFSN" pattern="Data Load Rule"/><Artifact recursive="false" parentPath="/Application Data/Planning Applications/FinFSN" pattern="Explicit Source Period Mapping"/><Artifact recursive="false" parentPath="/Application Data/Planning Applications/FinFSN" pattern="Import Format"/><Artifact recursive="false" parentPath="/Application Data/Planning Applications/FinFSN" pattern="Location"/><Artifact recursive="false" parentPath="/Application Data/Planning Applications/FinFSN" pattern="Logic Group"/><Artifact recursive="false" parentPath="/Application Data/Planning Applications/VisCnsl - Account" pattern="Application Category Mapping"/><Artifact recursive="false" parentPath="/Application Data/Planning Applications/VisCnsl - Account" pattern="Application Definition"/><Artifact recursive="false" parentPath="/Application Data/Planning Applications/VisCnsl - Account" pattern="Application Drill Details"/><Artifact recursive="false" parentPath="/Application Data/Planning Applications/VisCnsl - Account" pattern="Application Period Mapping"/><Artifact recursive="false" parentPath="/Application Data/Planning Applications/VisCnsl - Account" pattern="Batch Definition"/><Artifact recursive="false" parentPath="/Application Data/Planning Applications/VisCnsl - Account" pattern="Check Group"/><Artifact recursive="false" parentPath="/Application Data/Planning Applications/VisCnsl - Account" pattern="Check Rule"/><Artifact recursive="false" parentPath="/Application Data/Planning Applications/VisCnsl - Account" pattern="Data Load Mapping"/><Artifact recursive="false" parentPath="/Application Data/Planning Applications/VisCnsl - Account" pattern="Data Load Rule"/><Artifact recursive="false" parentPath="/Application Data/Planning Applications/VisCnsl - Account" pattern="Explicit Source Period Mapping"/><Artifact recursive="false" parentPath="/Application Data/Planning Applications/VisCnsl - Account" pattern="Import Format"/><Artifact recursive="false" parentPath="/Application Data/Planning Applications/VisCnsl - Account" pattern="Location"/><Artifact recursive="false" parentPath="/Application Data/Planning Applications/VisCnsl - Account" pattern="Logic Group"/><Artifact recursive="false" parentPath="/Application Data/Planning Applications/VisCnsl - Custom" pattern="Application Category Mapping"/><Artifact recursive="false" parentPath="/Application Data/Planning Applications/VisCnsl - Custom" pattern="Application Definition"/><Artifact recursive="false" parentPath="/Application Data/Planning Applications/VisCnsl - Custom" pattern="Application Drill Details"/><Artifact recursive="false" parentPath="/Application Data/Planning Applications/VisCnsl - Custom" pattern="Application Period Mapping"/><Artifact recursive="false" parentPath="/Application Data/Planning Applications/VisCnsl - Custom" pattern="Batch Definition"/><Artifact recursive="false" parentPath="/Application Data/Planning Applications/VisCnsl - Custom" pattern="Check Group"/><Artifact recursive="false" parentPath="/Application Data/Planning Applications/VisCnsl - Custom" pattern="Check Rule"/><Artifact recursive="false" parentPath="/Application Data/Planning Applications/VisCnsl - Custom" pattern="Data Load Mapping"/><Artifact recursive="false" parentPath="/Application Data/Planning Applications/VisCnsl - Custom/Data Load Mapping By Location" pattern="ERP Product Metadata"/><Artifact recursive="false" parentPath="/Application Data/Planning Applications/VisCnsl - Custom" pattern="Data Load Rule"/><Artifact recursive="false" parentPath="/Application Data/Planning Applications/VisCnsl - Custom" pattern="Explicit Source Period Mapping"/><Artifact recursive="false" parentPath="/Application Data/Planning Applications/VisCnsl - Custom" pattern="Import Format"/><Artifact recursive="false" parentPath="/Application Data/Planning Applications/VisCnsl - Custom" pattern="Location"/><Artifact recursive="false" parentPath="/Application Data/Planning Applications/VisCnsl - Custom" pattern="Logic Group"/><Artifact recursive="false" parentPath="/Application Data/Planning Applications/VisCnsl - Entity" pattern="Application Category Mapping"/><Artifact recursive="false" parentPath="/Application Data/Planning Applications/VisCnsl - Entity" pattern="Application Definition"/><Artifact recursive="false" parentPath="/Application Data/Planning Applications/VisCnsl - Entity" pattern="Application Drill Details"/><Artifact recursive="false" parentPath="/Application Data/Planning Applications/VisCnsl - Entity" pattern="Application Period Mapping"/><Artifact recursive="false" parentPath="/Application Data/Planning Applications/VisCnsl - Entity" pattern="Batch Definition"/><Artifact recursive="false" parentPath="/Application Data/Planning Applications/VisCnsl - Entity" pattern="Check Group"/><Artifact recursive="false" parentPath="/Application Data/Planning Applications/VisCnsl - Entity" pattern="Check Rule"/><Artifact recursive="false" parentPath="/Application Data/Planning Applications/VisCnsl - Entity" pattern="Data Load Mapping"/><Artifact recursive="false" parentPath="/Application Data/Planning Applications/VisCnsl - Entity" pattern="Data Load Rule"/><Artifact recursive="false" parentPath="/Application Data/Planning Applications/VisCnsl - Entity" pattern="Explicit Source Period Mapping"/><Artifact recursive="false" parentPath="/Application Data/Planning Applications/VisCnsl - Entity" pattern="Import Format"/><Artifact recursive="false" parentPath="/Application Data/Planning Applications/VisCnsl - Entity" pattern="Location"/><Artifact recursive="false" parentPath="/Application Data/Planning Applications/VisCnsl - Entity" pattern="Logic Group"/><Artifact recursive="false" parentPath="/Application Data/Planning Applications/VisCnsl" pattern="Application Category Mapping"/><Artifact recursive="false" parentPath="/Application Data/Planning Applications/VisCnsl" pattern="Application Definition"/><Artifact recursive="false" parentPath="/Application Data/Planning Applications/VisCnsl" pattern="Application Drill Details"/><Artifact recursive="false" parentPath="/Application Data/Planning Applications/VisCnsl" pattern="Application Period Mapping"/><Artifact recursive="false" parentPath="/Application Data/Planning Applications/VisCnsl" pattern="Batch Definition"/><Artifact recursive="false" parentPath="/Application Data/Planning Applications/VisCnsl" pattern="Check Group"/><Artifact recursive="false" parentPath="/Application Data/Planning Applications/VisCnsl" pattern="Check Rule"/><Artifact recursive="false" parentPath="/Application Data/Planning Applications/VisCnsl" pattern="Data Load Mapping"/><Artifact recursive="false" parentPath="/Application Data/Planning Applications/VisCnsl/Data Load Mapping By Location" pattern="Cloud ERP"/><Artifact recursive="false" parentPath="/Application Data/Planning Applications/VisCnsl/Data Load Mapping By Location" pattern="Cloud ERP Supremo"/><Artifact recursive="false" parentPath="/Application Data/Planning Applications/VisCnsl/Data Load Mapping By Location" pattern="Cloud ERP UK"/><Artifact recursive="false" parentPath="/Application Data/Planning Applications/VisCnsl/Data Load Mapping By Location" pattern="EBS"/><Artifact recursive="false" parentPath="/Application Data/Planning Applications/VisCnsl/Data Load Mapping By Location" pattern="Europe"/><Artifact recursive="false" parentPath="/Application Data/Planning Applications/VisCnsl/Data Load Mapping By Location" pattern="Europe Business Unit"/><Artifact recursive="false" parentPath="/Application Data/Planning Applications/VisCnsl/Data Load Mapping By Location" pattern="Europe Closing Bal"/><Artifact recursive="false" parentPath="/Application Data/Planning Applications/VisCnsl/Data Load Mapping By Location" pattern="PeopleSoft"/><Artifact recursive="false" parentPath="/Application Data/Planning Applications/VisCnsl/Data Load Mapping By Location" pattern="Planning"/><Artifact recursive="false" parentPath="/Application Data/Planning Applications/VisCnsl/Data Load Mapping By Location" pattern="Planning Fin Fusion"/><Artifact recursive="false" parentPath="/Application Data/Planning Applications/VisCnsl/Data Load Mapping By Location" pattern="Singapore"/><Artifact recursive="false" parentPath="/Application Data/Planning Applications/VisCnsl/Data Load Mapping By Location" pattern="VisCnsl"/><Artifact recursive="false" parentPath="/Application Data/Planning Applications/VisCnsl" pattern="Data Load Rule"/><Artifact recursive="false" parentPath="/Application Data/Planning Applications/VisCnsl" pattern="Explicit Source Period Mapping"/><Artifact recursive="false" parentPath="/Application Data/Planning Applications/VisCnsl" pattern="Import Format"/><Artifact recursive="false" parentPath="/Application Data/Planning Applications/VisCnsl" pattern="Location"/><Artifact recursive="false" parentPath="/Application Data/Planning Applications/VisCnsl" pattern="Logic Group"/><Artifact recursive="false" parentPath="/Cross Application Data" pattern="Business Rule Assignments"/><Artifact recursive="false" parentPath="/Cross Application Data" pattern="Cluster Assignments"/><Artifact recursive="false" parentPath="/Cross Application Data" pattern="Multi-Application Batches"/><Artifact recursive="false" parentPath="/Cross Application Data/Pipeline Definition" pattern="SubDataLoad"/><Artifact recursive="false" parentPath="/Cross Application Data" pattern="View Defaults"/><Artifact recursive="false" parentPath="/Global Setup Artifacts" pattern="Batch Group"/><Artifact recursive="false" parentPath="/Global Setup Artifacts" pattern="Category Mapping"/><Artifact recursive="false" parentPath="/Global Setup Artifacts" pattern="Clusters"/><Artifact recursive="false" parentPath="/Global Setup Artifacts" pattern="Location Security"/><Artifact recursive="false" parentPath="/Global Setup Artifacts" pattern="Period Mapping"/><Artifact recursive="false" parentPath="/Global Setup Artifacts" pattern="Query Definition"/><Artifact recursive="false" parentPath="/Global Setup Artifacts" pattern="Report Definition"/><Artifact recursive="false" parentPath="/Global Setup Artifacts" pattern="Report Group"/><Artifact recursive="false" parentPath="/Global Setup Artifacts" pattern="Security Setting"/><Artifact recursive="false" parentPath="/Global Setup Artifacts/Source Period Mapping" pattern="Data Source"/><Artifact recursive="false" parentPath="/Global Setup Artifacts/Source Period Mapping" pattern="EBS Source GL"/><Artifact recursive="false" parentPath="/Global Setup Artifacts/Source Period Mapping" pattern="File"/><Artifact recursive="false" parentPath="/Global Setup Artifacts/Source Period Mapping" pattern="PeopleSoft"/><Artifact recursive="false" parentPath="/Global Setup Artifacts" pattern="Source System"/><Artifact recursive="false" parentPath="/Global Setup Artifacts" pattern="System Setting"/><Artifact recursive="false" parentPath="/Global Setup Artifacts" pattern="View Definition"/>        </Task>
     </Package>
