{
    "openapi": "3.0.0",
    "info": {
        "title": "Ledgers",
        "description": "Get the list of ledger values for Ledger field",
        "version": "1.0.0"
    },
    "servers": [
        {
            "url": "https://intgdev1-atp.mcd.com/ords/xxmcd_erpintg/ledgermodule_role",
            "description": "Ords Xxmcd Erpintg",
            "x-vb": {
                "authentication": {
                    "authenticated": {
                        "type": "oauth2_client_credentials",
                        "clientIdCredentials": "vb_dc3873d8-2f3e-479b-9674-7943cae7342b",
                        "authUrl": "https://intgdev1-atp.mcd.com/ords/xxmcd_erpintg/oauth/token"
                    }
                }
            }
        }
    ],
    "paths": {
        "/distinctledger_role/": {
            "post": {
                "operationId": "postDistinctledger_role",
                "requestBody": {
                    "description": "Request for application/json",
                    "content": {
                        "application/json": {
                            "schema": {
                                "$ref": "#/components/schemas/PostDistinctledger_roleRequest"
                            },
                            "examples": {
                                "vb": {
                                    "summary": "Example stored by VB User",
                                    "externalValue": "./examples/postDistinctledger_role/request_application_json_vb.json"
                                }
                            }
                        }
                    }
                },
                "responses": {
                    "default": {
                        "description": "Response for default",
                        "content": {
                            "application/json": {
                                "schema": {
                                    "$ref": "#/components/schemas/PostDistinctledger_roleResponse"
                                },
                                "examples": {
                                    "vb": {
                                        "summary": "Example stored by VB User",
                                        "externalValue": "./examples/postDistinctledger_role/response_default_application_json_vb.json"
                                    }
                                }
                            }
                        }
                    }
                },
                "x-vb": {
                    "actionHint": "create"
                }
            }
        }
    },
    "components": {
        "schemas": {
            "PostDistinctledger_roleRequest": {
                "type": "object",
                "properties": {
                    "rolenames": {
                        "type": "string"
                    }
                }
            },
            "PostDistinctledger_roleResponse": {
                "type": "object",
                "properties": {
                    "ledgerlist": {
                        "type": "array",
                        "items": {
                            "type": "object",
                            "properties": {
                                "set_of_boks_name": {
                                    "type": "string"
                                }
                            }
                        }
                    }
                }
            }
        }
    }
}