<MigrationProcessCSVMetadataVO>
   <MigrationProcessCSVMetadataVORow>
      <ProcessId>-999</ProcessId>
      <ProcessName>Manage Sources_20240822_015433_479</ProcessName>
      <ProcessDescription>Manage Sources_20240822_015433_479</ProcessDescription>
      <ProcessDate>2024-08-22 13:55:13.695</ProcessDate>
      <ObjectShortName>XLA_MANAGE_SOURCES</ObjectShortName>
      <ObjectType>TASK</ObjectType>
      <CreatedByFlow>TASK_CSV_SERVICE</CreatedByFlow>
      <ProcessType>EXPORT</ProcessType>
      <ProcessStatus>COMPLETED</ProcessStatus>
      <ProcessEnv>esds-dev9</ProcessEnv>
      <ProcessStartDate>2024-08-22 13:54:34.522</ProcessStartDate>
      <ProcessEndDate>2024-08-22 13:55:13.695</ProcessEndDate>
      <ProcessRelease>11.13.24.07.0</ProcessRelease>
      <SubmittedBy>CURTIS.FEITTY</SubmittedBy>
      <ESSRequestId>7988552</ESSRequestId>
      <MigrationProcessBusinessObjectCSVMetadata1>
         <MigrationProcessBusinessObjectCSVMetadataVORow>
            <ProcessId>-999</ProcessId>
            <BusinessObjectShortName>XLA_STANDARD_SOURCE</BusinessObjectShortName>
            <BatchName null="true"/>
            <XmlAttributeList>CreatedBy,CreationDate,DatatypeCode,Description,EnabledFlag,EntityStateTrans,IdFlexCode,KeyFlexfieldFlag,LastUpdateDate,LastUpdateLogin,LastUpdatedBy,LookupType,Name,PlsqlFunctionName,SegmentCode,SourceCode,OverrideColumnMapping,SourceColumnName,SourceTableName,SourceTypeCode,SumFlag,TranslatedFlag,VisibleFlag,ApplicationShortName,FlexApplicationShortName,ViewApplicationShortName,ValueSetCode,SplitTransactionFlag</XmlAttributeList>
            <XmlAttributeTypeList>string,dateTime,string,string,string,string,string,string,dateTime,string,string,string,string,string,string,string,string,string,string,string,string,string,string,string,string,string,string,string</XmlAttributeTypeList>
            <XmlNodePath>/SourceVO/SourceVORow</XmlNodePath>
            <NodeSequence>1</NodeSequence>
         </MigrationProcessBusinessObjectCSVMetadataVORow>
         <MigrationProcessBusinessObjectCSVMetadataVORow>
            <ProcessId>-999</ProcessId>
            <BusinessObjectShortName>XLA_STANDARD_SOURCE_TRANSLATION</BusinessObjectShortName>
            <BatchName null="true"/>
            <XmlAttributeList>CreatedBy,CreationDate,Description,Language,LastUpdateDate,LastUpdateLogin,LastUpdatedBy,Name,SourceCode,SourceLang,SourceTypeCode</XmlAttributeList>
            <XmlAttributeTypeList>string,dateTime,string,string,dateTime,string,string,string,string,string,string</XmlAttributeTypeList>
            <XmlNodePath>/SourceVO/SourceVORow/SourceTranslation/SourceTranslationVORow</XmlNodePath>
            <NodeSequence>1</NodeSequence>
         </MigrationProcessBusinessObjectCSVMetadataVORow>
      </MigrationProcessBusinessObjectCSVMetadata1>
      <MigrationProcessBatchCSVMetadata null="true"/>
      <MigrationProcessScopeValueCSVMetadata null="true"/>
      <MigrationProcessMigrationObjectCSVMetadata>
         <MigrationProcessMigrationObjectCSVMetadataVORow>
            <ProcessId>-999</ProcessId>
            <BusinessObjectShortName>XLA_STANDARD_SOURCE</BusinessObjectShortName>
            <MigrateFlag>Y</MigrateFlag>
            <IncludeExternalDataFlag>Y</IncludeExternalDataFlag>
         </MigrationProcessMigrationObjectCSVMetadataVORow>
      </MigrationProcessMigrationObjectCSVMetadata>
      <MigrationProcessTaskCSVMetadata null="true"/>
      <MigrationProcessServiceVersionCSVMetadata null="true"/>
   </MigrationProcessCSVMetadataVORow>
</MigrationProcessCSVMetadataVO>