<MigrationProcessCSVMetadataVO>
   <MigrationProcessCSVMetadataVORow>
      <ProcessId>-999</ProcessId>
      <ProcessName>Manage Journal Line Rules_20240822_014615_902</ProcessName>
      <ProcessDescription>Manage Journal Line Rules_20240822_014615_902</ProcessDescription>
      <ProcessDate>2024-08-22 13:47:08.482</ProcessDate>
      <ObjectShortName>XLA_MANAGE_JOURNAL_LINE_RULE</ObjectShortName>
      <ObjectType>TASK</ObjectType>
      <CreatedByFlow>TASK_CSV_SERVICE</CreatedByFlow>
      <ProcessType>EXPORT</ProcessType>
      <ProcessStatus>COMPLETED</ProcessStatus>
      <ProcessEnv>esds-dev9</ProcessEnv>
      <ProcessStartDate>2024-08-22 13:46:16.388</ProcessStartDate>
      <ProcessEndDate>2024-08-22 13:47:08.482</ProcessEndDate>
      <ProcessRelease>11.13.24.07.0</ProcessRelease>
      <SubmittedBy>CURTIS.FEITTY</SubmittedBy>
      <ESSRequestId>7988542</ESSRequestId>
      <MigrationProcessBusinessObjectCSVMetadata1>
         <MigrationProcessBusinessObjectCSVMetadataVORow>
            <ProcessId>-999</ProcessId>
            <BusinessObjectShortName>ORA_XLA_JLT_ACCT_ATTRS</BusinessObjectShortName>
            <BatchName>JournalLineRule</BatchName>
            <XmlAttributeList>AccountingAttributeCode,AmbContextCode,CreatedBy,CreationDate,EventClassCode,EventClassDefaultFlag,JournalLineRuleCode,JournalLineRuleTypeCode,LastUpdateDate,LastUpdateLogin,LastUpdatedBy,SourceCode,SourceTypeCode,SourceOriginCode,SourceApplicationShortName</XmlAttributeList>
            <XmlAttributeTypeList>string,string,string,dateTime,string,string,string,string,dateTime,string,string,string,string,string,string</XmlAttributeTypeList>
            <XmlNodePath>/JournalLineRuleVO/JournalLineRuleVORow/JournalLineRuleAttrAssign/JournalLineRuleAttrAssignVORow</XmlNodePath>
            <NodeSequence>3</NodeSequence>
         </MigrationProcessBusinessObjectCSVMetadataVORow>
         <MigrationProcessBusinessObjectCSVMetadataVORow>
            <ProcessId>-999</ProcessId>
            <BusinessObjectShortName>XLA_JOURNAL_LINE_RULE</BusinessObjectShortName>
            <BatchName>JournalLineRule</BatchName>
            <XmlAttributeList>AccountingClassCode,AccountingEntryTypeCode,AmbContextCode,BusinessClassCode,BusinessMethodCode,CreatedBy,CreationDate,CrossLedgerBalancingFlag,Description,EnabledFlag,EntityCode,EventClassCode,GainOrLossFlag,GlTransferModeCode,JournalLineRuleCode,JournalLineRuleTypeCode,LastUpdateDate,LastUpdateLogin,LastUpdatedBy,MergeDuplicateCode,MpaOptionCode,Name,NaturalSideCode,RoundingClassCode,SwitchSideFlag,ApplicationShortName,TransactionCoaStrInsCode,MultiperiodOptionFlag,MultiperiodClassCode</XmlAttributeList>
            <XmlAttributeTypeList>string,string,string,string,string,string,dateTime,string,string,string,string,string,string,string,string,string,dateTime,string,string,string,string,string,string,string,string,string,string,string,string</XmlAttributeTypeList>
            <XmlNodePath>/JournalLineRuleVO/JournalLineRuleVORow</XmlNodePath>
            <NodeSequence>1</NodeSequence>
         </MigrationProcessBusinessObjectCSVMetadataVORow>
         <MigrationProcessBusinessObjectCSVMetadataVORow>
            <ProcessId>-999</ProcessId>
            <BusinessObjectShortName>XLA_JOURNAL_LINE_RULE_TRANSLATION</BusinessObjectShortName>
            <BatchName>JournalLineRule</BatchName>
            <XmlAttributeList>AmbContextCode,CreatedBy,CreationDate,Description,EntityCode,EventClassCode,JournalLineRuleCode,JournalLineRuleTypeCode,Language,LastUpdateDate,LastUpdateLogin,LastUpdatedBy,Name,SourceLang</XmlAttributeList>
            <XmlAttributeTypeList>string,string,dateTime,string,string,string,string,string,string,dateTime,string,string,string,string</XmlAttributeTypeList>
            <XmlNodePath>/JournalLineRuleVO/JournalLineRuleVORow/JournalLineRuleTranslation/JournalLineRuleTranslationVORow</XmlNodePath>
            <NodeSequence>1</NodeSequence>
         </MigrationProcessBusinessObjectCSVMetadataVORow>
         <MigrationProcessBusinessObjectCSVMetadataVORow>
            <ProcessId>-999</ProcessId>
            <BusinessObjectShortName>XLA_JOURNAL_LINE_TYPE_COND</BusinessObjectShortName>
            <BatchName>JournalLineRule</BatchName>
            <XmlAttributeList>AccountingLineCode,AccountingLineTypeCode,AmbContextCode,BracketLeftCode,BracketRightCode,CreatedBy,CreationDate,EntityCode,EventClassCode,FlexfieldSegmentCode,IndependentValueConstant,LastUpdateDate,LastUpdateLogin,LastUpdatedBy,LineOperatorCode,LogicalOperatorCode,SourceCode,SourceTypeCode,SourceOriginCode,UserSequence,ValueConstant,ValueFlexfieldSegmentCode,ValueSourceCode,ValueSourceTypeCode,ValueTypeCode,ValueSourceOriginCode,ApplicationShortName,SourceAppShortName,ValueSourceAppShortName,SegmentRuleCode,SegmentRuleTypeCode,UserSequence1,AmbContextCode1,ApplicationShortName1,DescriptionCode,DescriptionTypeCode,UserSequence2,AmbContextCode2,ApplicationShortName2,ApplicationShortNameXLA,SourceAppShortNameXLA,ValueSourceAppShortNameXLA,ApplicationShortNameXLA1,ApplicationShortNameXLA2</XmlAttributeList>
            <XmlAttributeTypeList>string,string,string,string,string,string,dateTime,string,string,string,string,dateTime,string,string,string,string,string,string,string,decimal,string,string,string,string,string,string,string,string,string,string,string,string,string,string,string,string,string,string,string,string,string,string,string,string</XmlAttributeTypeList>
            <XmlNodePath>/JournalLineRuleVO/JournalLineRuleVORow/Condition/ConditionVORow</XmlNodePath>
            <NodeSequence>4</NodeSequence>
         </MigrationProcessBusinessObjectCSVMetadataVORow>
      </MigrationProcessBusinessObjectCSVMetadata1>
      <MigrationProcessBatchCSVMetadata>
         <MigrationProcessBatchCSVMetadataVORow>
            <ProcessId>-999</ProcessId>
            <BatchName>JournalLineRule</BatchName>
            <ImportSequence>0</ImportSequence>
            <ServiceName>oracle.apps.financials.subledgerAccounting.accountingMethodSetup.journalLineRulesService.model.JournalLineRulesService</ServiceName>
            <BatchSize>100</BatchSize>
         </MigrationProcessBatchCSVMetadataVORow>
      </MigrationProcessBatchCSVMetadata>
      <MigrationProcessScopeValueCSVMetadata null="true"/>
      <MigrationProcessMigrationObjectCSVMetadata>
         <MigrationProcessMigrationObjectCSVMetadataVORow>
            <ProcessId>-999</ProcessId>
            <BusinessObjectShortName>ORA_XLA_JLT_ACCT_ATTRS</BusinessObjectShortName>
            <MigrateFlag>Y</MigrateFlag>
            <IncludeExternalDataFlag>Y</IncludeExternalDataFlag>
         </MigrationProcessMigrationObjectCSVMetadataVORow>
         <MigrationProcessMigrationObjectCSVMetadataVORow>
            <ProcessId>-999</ProcessId>
            <BusinessObjectShortName>XLA_JOURNAL_LINE_RULE</BusinessObjectShortName>
            <MigrateFlag>Y</MigrateFlag>
            <IncludeExternalDataFlag>Y</IncludeExternalDataFlag>
         </MigrationProcessMigrationObjectCSVMetadataVORow>
         <MigrationProcessMigrationObjectCSVMetadataVORow>
            <ProcessId>-999</ProcessId>
            <BusinessObjectShortName>XLA_JOURNAL_LINE_TYPE_COND</BusinessObjectShortName>
            <MigrateFlag>Y</MigrateFlag>
            <IncludeExternalDataFlag>Y</IncludeExternalDataFlag>
         </MigrationProcessMigrationObjectCSVMetadataVORow>
      </MigrationProcessMigrationObjectCSVMetadata>
      <MigrationProcessTaskCSVMetadata null="true"/>
      <MigrationProcessServiceVersionCSVMetadata null="true"/>
   </MigrationProcessCSVMetadataVORow>
</MigrationProcessCSVMetadataVO>