"XLA_JOURNAL_LINE_RULE.ApplicationShortName","XLA_JOURNAL_LINE_RULE.EntityCode","XLA_JOURNAL_LINE_RULE.EventClassCode","XLA_JOURNAL_LINE_RULE.JournalLineRuleTypeCode","XLA_JOURNAL_LINE_RULE.Name","XLA_JOURNAL_LINE_RULE.AmbContextCode","AmbContextCode","AccountingLineCode","AccountingLineTypeCode","EntityCode","EventClassCode","UserSequence","ApplicationShortName","SegmentRuleCode","SegmentRuleTypeCode","UserSequence1","DescriptionCode","DescriptionTypeCode","UserSequence2","ApplicationShortNameXLA1","ApplicationShortNameXLA2","BracketLeftCode","BracketRightCode","CreatedBy","CreationDate","FlexfieldSegmentCode","IndependentValueConstant","LastUpdateDate","LastUpdateLogin","LastUpdatedBy","LineOperatorCode","LogicalOperatorCode","SourceCode","SourceTypeCode","SourceOriginCode","ValueConstant","ValueFlexfieldSegmentCode","ValueSourceCode","ValueSourceTypeCode","ValueTypeCode","ValueSourceOriginCode","SourceAppShortName","ValueSourceAppShortName","AmbContextCode1","ApplicationShortName1","AmbContextCode2","ApplicationShortName2","ApplicationShortNameXLA","SourceAppShortNameXLA","ValueSourceAppShortNameXLA"
"FAH_INSURANCE","COMM_P_AND_C","COMM_P_AND_C","C","CR Reinsurance Payable","DEFAULT","DEFAULT","CR_REINSURANCE_PAYABLE","C","COMM_P_AND_C","COMM_P_AND_C","10","","","","","","","","","","","","FIN_IMPL","2014/02/05 17:34:26.609","","","2014/02/05 17:34:26.628","F1AC295D2BE049D6E0436204548CABAA","FIN_IMPL","E","A","REINSURANCE_TYPE","S","","TRT","","","","C","","","","","","","","FAH_INSURANCE","FAH_INSURANCE",""
"FAH_INSURANCE","COMM_P_AND_C","COMM_P_AND_C","C","CR Reinsurance Payable","DEFAULT","DEFAULT","CR_REINSURANCE_PAYABLE","C","COMM_P_AND_C","COMM_P_AND_C","20","","","","","","","","","","","","FIN_IMPL","2014/02/05 17:34:26.617","","","2014/02/05 17:34:26.63","F1AC295D2BE049D6E0436204548CABAA","FIN_IMPL","X","","TREATY_PARTICIPANT","S","","","","","","","","","","","","","","FAH_INSURANCE","FAH_INSURANCE",""
"FAH_INSURANCE","COMM_P_AND_C","COMM_P_AND_C","C","DR Ceded Paid Loss Receivable","DEFAULT","DEFAULT","DR_CEDE_PAID_LOSS_REC","C","COMM_P_AND_C","COMM_P_AND_C","10","","","","","","","","","","","","FIN_IMPL","2014/02/05 17:44:46.139","","","2014/02/05 17:44:46.157","F1AC295D2BE049D6E0436204548CABAA","FIN_IMPL","E","A","REINSURANCE_TYPE","S","","TRT","","","","C","","","","","","","","FAH_INSURANCE","FAH_INSURANCE",""
"FAH_INSURANCE","COMM_P_AND_C","COMM_P_AND_C","C","DR Ceded Paid Loss Receivable","DEFAULT","DEFAULT","DR_CEDE_PAID_LOSS_REC","C","COMM_P_AND_C","COMM_P_AND_C","20","","","","","","","","","","","","FIN_IMPL","2014/02/05 17:44:46.146","","","2014/02/05 17:44:46.157","F1AC295D2BE049D6E0436204548CABAA","FIN_IMPL","X","","TREATY_PARTICIPANT","S","","","","","","","","","","","","","","FAH_INSURANCE","FAH_INSURANCE",""
"FAH_INSURANCE","COMM_P_AND_C","COMM_P_AND_C","C","DR Ceded Premiums","DEFAULT","DEFAULT","DR_CEDED_PREMIUMS","C","COMM_P_AND_C","COMM_P_AND_C","10","","","","","","","","","","","","FIN_IMPL","2014/02/05 17:46:12.548","","","2014/02/05 17:46:12.605","F1AC295D2BE049D6E0436204548CABAA","FIN_IMPL","E","A","REINSURANCE_TYPE","S","","TRT","","","","C","","","","","","","","FAH_INSURANCE","FAH_INSURANCE",""
"FAH_INSURANCE","COMM_P_AND_C","COMM_P_AND_C","C","DR Ceded Premiums","DEFAULT","DEFAULT","DR_CEDED_PREMIUMS","C","COMM_P_AND_C","COMM_P_AND_C","20","","","","","","","","","","","","FIN_IMPL","2014/02/05 17:46:12.555","","","2014/02/05 17:46:12.606","F1AC295D2BE049D6E0436204548CABAA","FIN_IMPL","X","","TREATY_PARTICIPANT","S","","","","","","","","","","","","","","FAH_INSURANCE","FAH_INSURANCE",""
"CMR","RECEIVING","RECEIVING","C","Receiving Inspection User Defined (US)","DEFAULT","DEFAULT","REC_INSP_USER_DEFINED_US","C","RECEIVING","RECEIVING","10","CMR","","","","","","","","","","","SCM_IMPL","2013/11/26 22:01:32.446","","","2013/11/26 22:01:32.728","EC1C5BA5CC7A456DE0436204548CFFDB","SCM_IMPL","E","","ACCOUNTING_LINE_TYPE","S","","RECEIVING_INSPECTION","","","","C","","CMR","","","","","","CMR","CMR",""
"CMR","RECEIVING","RECEIVING","C","Receiving Inspection User Defined (FR)","DEFAULT","DEFAULT","REC_INSP_USER_DEFINED_FR","C","RECEIVING","RECEIVING","10","CMR","","","","","","","","","","","SCM_IMPL","2014/01/29 17:58:48.142","","","2014/01/29 17:58:48.173","F11E41E5C4773313E0436204548CFFCB","SCM_IMPL","E","","ACCOUNTING_LINE_TYPE","S","","RECEIVING_INSPECTION","","","","C","","CMR","","","","","","CMR","CMR",""
"CMR","RECEIVING","RECEIVING","C","Receiving Inspection - User Defined (UK)","DEFAULT","DEFAULT","RCV_INSP_USER_DEFINED_UK","C","RECEIVING","RECEIVING","10","CMR","","","","","","","","","","","SCM_IMPL","2014/03/26 19:31:03.01","","","2014/03/26 19:31:03.043","F5885392D26F6364E0436204548CB17F","SCM_IMPL","E","","ACCOUNTING_LINE_TYPE","S","","RECEIVING_INSPECTION","","","","C","","CMR","","","","","","CMR","CMR",""
"FAH_INSURANCE","COMM_P_AND_C","COMM_P_AND_C","C","CR Comm Unearned Premium","DEFAULT","DEFAULT","CR_COMM_UNEARNED_PREM","C","COMM_P_AND_C","COMM_P_AND_C","10","","","","","","","","","","","","FIN_IMPL","2014/02/05 17:23:14.23","","","2014/02/05 17:23:14.255","F1AC295D2BE049D6E0436204548CABAA","FIN_IMPL","E","A","REINSURANCE_TYPE","S","","TRT","","","","C","","","","","","","","FAH_INSURANCE","FAH_INSURANCE",""
"FAH_INSURANCE","COMM_P_AND_C","COMM_P_AND_C","C","CR Comm Unearned Premium","DEFAULT","DEFAULT","CR_COMM_UNEARNED_PREM","C","COMM_P_AND_C","COMM_P_AND_C","20","","","","","","","","","","","","FIN_IMPL","2014/02/05 17:23:14.243","","","2014/02/05 17:23:14.26","F1AC295D2BE049D6E0436204548CABAA","FIN_IMPL","X","","TREATY_PARTICIPANT","S","","","","","","","","","","","","","","FAH_INSURANCE","FAH_INSURANCE",""
"PO","PO","PO","C","Purchase Order GASB","DEFAULT","DEFAULT","PO_GASB","C","PO","PO","10","PO","","","","","","","","","","","FIN_IMPL","2014/08/20 19:34:55.411","","","2014/08/20 19:34:55.448","01141281D3702A41E0536204548C7638","FIN_IMPL","E","","XLA_EVENT_TYPE_CODE","Y","","ABC","","","","C","","XLA","","","","","","PO","XLA",""
"PO","REQ","REQ","C","Requisition GASB","DEFAULT","DEFAULT","RES_GASB","C","REQ","REQ","10","PO","","","","","","","","","","","FIN_IMPL","2014/08/20 19:35:26.675","","","2014/08/20 19:35:26.697","01141281D3702A41E0536204548C7638","FIN_IMPL","E","","XLA_EVENT_TYPE_CODE","Y","","ABC","","","","C","","XLA","","","","","","PO","XLA",""
"AP","AP_INVOICES","INVOICES","C","Fin Svcs Item Expense 2","DEFAULT","DEFAULT","FS_INV_EXP_2","C","AP_INVOICES","INVOICES","10","AP","","","","","","","","","(","","FIN_IMPL","2016/10/05 17:09:17.128","","","2016/10/05 17:09:17.27","3E14587749E65561E0537AA3FD0AC8B6","FIN_IMPL","E","O","AID_LINE_TYPE_LOOKUP_CODE","S","","RETROEXPENSE","","","","C","","AP","","","","","","AP","AP",""
"AP","AP_INVOICES","INVOICES","C","Fin Svcs Item Expense 2","DEFAULT","DEFAULT","FS_INV_EXP_2","C","AP_INVOICES","INVOICES","20","AP","","","","","","","","","","","FIN_IMPL","2016/10/05 17:09:17.141","","","2016/10/05 17:09:17.289","3E14587749E65561E0537AA3FD0AC8B6","FIN_IMPL","E","O","AID_LINE_TYPE_LOOKUP_CODE","S","","ITEM","","","","C","","AP","","","","","","AP","AP",""
"AP","AP_INVOICES","INVOICES","C","Fin Svcs Item Expense 2","DEFAULT","DEFAULT","FS_INV_EXP_2","C","AP_INVOICES","INVOICES","30","AP","","","","","","","","","(","","FIN_IMPL","2016/10/05 17:09:17.151","","","2016/10/05 17:09:17.292","3E14587749E65561E0537AA3FD0AC8B6","FIN_IMPL","E","A","AID_LINE_TYPE_LOOKUP_CODE","S","","ERV","","","","C","","AP","","","","","","AP","AP",""
"AP","AP_INVOICES","INVOICES","C","Fin Svcs Item Expense 2","DEFAULT","DEFAULT","FS_INV_EXP_2","C","AP_INVOICES","INVOICES","40","AP","","","","","","","","","",")","FIN_IMPL","2016/10/05 17:09:17.16","","","2016/10/05 17:09:17.293","3E14587749E65561E0537AA3FD0AC8B6","FIN_IMPL","D","O","POD_ACCRUE_ON_RECEIPT_FLAG","S","","Y","","","","C","","AP","","","","","","AP","AP",""
"AP","AP_INVOICES","INVOICES","C","Fin Svcs Item Expense 2","DEFAULT","DEFAULT","FS_INV_EXP_2","C","AP_INVOICES","INVOICES","50","AP","","","","","","","","","(","","FIN_IMPL","2016/10/05 17:09:17.168","","","2016/10/05 17:09:17.295","3E14587749E65561E0537AA3FD0AC8B6","FIN_IMPL","E","A","AID_LINE_TYPE_LOOKUP_CODE","S","","IPV","","","","C","","AP","","","","","","AP","AP",""
"AP","AP_INVOICES","INVOICES","C","Fin Svcs Item Expense 2","DEFAULT","DEFAULT","FS_INV_EXP_2","C","AP_INVOICES","INVOICES","60","AP","","","","","","","","","",")","FIN_IMPL","2016/10/05 17:09:17.182","","","2016/10/05 17:09:17.296","3E14587749E65561E0537AA3FD0AC8B6","FIN_IMPL","D","","POD_ACCRUE_ON_RECEIPT_FLAG","S","","Y","","","","C","","AP","","","","","","AP","AP",""
"AP","AP_INVOICES","INVOICES","C","Fin Svcs Item Expense 2","DEFAULT","DEFAULT","FS_INV_EXP_2","C","AP_INVOICES","INVOICES","70","AP","","","","","","","","","",")","FIN_IMPL","2016/10/05 17:09:17.194","","","2016/10/05 17:09:17.297","3E14587749E65561E0537AA3FD0AC8B6","FIN_IMPL","","A","","","","","","","","","","","","","","","","AP","",""
"AP","AP_INVOICES","INVOICES","C","Fin Svcs Item Expense 2","DEFAULT","DEFAULT","FS_INV_EXP_2","C","AP_INVOICES","INVOICES","80","AP","","","","","","","","","","","FIN_IMPL","2016/10/05 17:09:17.2","GL_ACCOUNT","","2016/10/05 17:09:17.3","3E14587749E65561E0537AA3FD0AC8B6","FIN_IMPL","E","","AID_DIST_CCID","S","","20491","","","","C","","AP","","","","","","AP","AP",""
"AP","AP_INVOICES","INVOICES","C","Fin Svcs Item Expense 1","DEFAULT","DEFAULT","FS_INV_EXP_1","C","AP_INVOICES","INVOICES","10","AP","","","","","","","","","(","","FIN_IMPL","2016/10/05 16:57:21.229","","","2016/10/05 16:57:23.59","3E220B00299A553DE0537AA3FD0A2CCD","FIN_IMPL","E","O","AID_LINE_TYPE_LOOKUP_CODE","S","","RETROEXPENSE","","","","C","","AP","","","","","","AP","AP",""
"AP","AP_INVOICES","INVOICES","C","Fin Svcs Item Expense 1","DEFAULT","DEFAULT","FS_INV_EXP_1","C","AP_INVOICES","INVOICES","20","AP","","","","","","","","","","","FIN_IMPL","2016/10/05 16:57:21.316","","","2016/10/05 16:57:23.667","3E220B00299A553DE0537AA3FD0A2CCD","FIN_IMPL","E","O","AID_LINE_TYPE_LOOKUP_CODE","S","","ITEM","","","","C","","AP","","","","","","AP","AP",""
"AP","AP_INVOICES","INVOICES","C","Fin Svcs Item Expense 1","DEFAULT","DEFAULT","FS_INV_EXP_1","C","AP_INVOICES","INVOICES","30","AP","","","","","","","","","(","","FIN_IMPL","2016/10/05 16:57:21.327","","","2016/10/05 16:57:23.669","3E220B00299A553DE0537AA3FD0A2CCD","FIN_IMPL","E","A","AID_LINE_TYPE_LOOKUP_CODE","S","","ERV","","","","C","","AP","","","","","","AP","AP",""
"AP","AP_INVOICES","INVOICES","C","Fin Svcs Item Expense 1","DEFAULT","DEFAULT","FS_INV_EXP_1","C","AP_INVOICES","INVOICES","40","AP","","","","","","","","","",")","FIN_IMPL","2016/10/05 16:57:21.335","","","2016/10/05 16:57:23.67","3E220B00299A553DE0537AA3FD0A2CCD","FIN_IMPL","D","O","POD_ACCRUE_ON_RECEIPT_FLAG","S","","Y","","","","C","","AP","","","","","","AP","AP",""
"AP","AP_INVOICES","INVOICES","C","Fin Svcs Item Expense 1","DEFAULT","DEFAULT","FS_INV_EXP_1","C","AP_INVOICES","INVOICES","50","AP","","","","","","","","","(","","FIN_IMPL","2016/10/05 16:57:21.344","","","2016/10/05 16:57:23.672","3E220B00299A553DE0537AA3FD0A2CCD","FIN_IMPL","E","A","AID_LINE_TYPE_LOOKUP_CODE","S","","IPV","","","","C","","AP","","","","","","AP","AP",""
"AP","AP_INVOICES","INVOICES","C","Fin Svcs Item Expense 1","DEFAULT","DEFAULT","FS_INV_EXP_1","C","AP_INVOICES","INVOICES","60","AP","","","","","","","","","",")","FIN_IMPL","2016/10/05 16:57:21.353","","","2016/10/05 16:57:23.674","3E220B00299A553DE0537AA3FD0A2CCD","FIN_IMPL","D","","POD_ACCRUE_ON_RECEIPT_FLAG","S","","Y","","","","C","","AP","","","","","","AP","AP",""
"AP","AP_INVOICES","INVOICES","C","Fin Svcs Item Expense 1","DEFAULT","DEFAULT","FS_INV_EXP_1","C","AP_INVOICES","INVOICES","70","AP","","","","","","","","","",")","FIN_IMPL","2016/10/05 16:57:21.364","","","2016/10/05 16:57:23.69","3E220B00299A553DE0537AA3FD0A2CCD","FIN_IMPL","","A","","","","","","","","","","","","","","","","AP","",""
"AP","AP_INVOICES","INVOICES","C","Fin Svcs Item Expense 1","DEFAULT","DEFAULT","FS_INV_EXP_1","C","AP_INVOICES","INVOICES","80","AP","","","","","","","","","","","FIN_IMPL","2016/10/05 16:57:21.375","GL_ACCOUNT","","2016/10/05 16:57:23.695","3E220B00299A553DE0537AA3FD0A2CCD","FIN_IMPL","D","","AID_DIST_CCID","S","","20491","","","","C","","AP","","","","","","AP","AP",""
"FA","TRANSACTIONS","ADDITIONS","C","Addition, Cost Clearing XX","DEFAULT","DEFAULT","ADDITION_CC_XX","C","TRANSACTIONS","ADDITIONS","10","FA","","","","","","","","","","","FIN_IMPL","2017/09/26 15:16:25.0","","","2017/09/26 15:16:25.65","5A172C2AE6945385E0538DADFD0A799D","FIN_IMPL","E","","ADJUSTMENT_TYPE","S","","COST CLEARING","","","","C","","FA","","","","","","FA","FA",""
"AP","AP_INVOICES","INVOICES","C","Nonrecoverable Tax XX","DEFAULT","DEFAULT","NONRECOVTAX_XX","C","AP_INVOICES","INVOICES","10","AP","","","","","","","","","(","","FIN_IMPL","2017/10/03 13:44:24.0","","","2017/10/03 13:44:33.351","5AA3C7EAADFD3633E0538DADFD0A57B6","FIN_IMPL","E","O","AID_LINE_TYPE_LOOKUP_CODE","S","","NONREC_TAX","","","","C","","AP","","","","","","AP","AP",""
"AP","AP_INVOICES","INVOICES","C","Nonrecoverable Tax XX","DEFAULT","DEFAULT","NONRECOVTAX_XX","C","AP_INVOICES","INVOICES","20","AP","","","","","","","","","","","FIN_IMPL","2017/10/03 13:44:24.142","","","2017/10/03 13:44:33.396","5AA3C7EAADFD3633E0538DADFD0A57B6","FIN_IMPL","E","O","AID_LINE_TYPE_LOOKUP_CODE","S","","TERV","","","","C","","AP","","","","","","AP","AP",""
"AP","AP_INVOICES","INVOICES","C","Nonrecoverable Tax XX","DEFAULT","DEFAULT","NONRECOVTAX_XX","C","AP_INVOICES","INVOICES","30","AP","","","","","","","","","","","FIN_IMPL","2017/10/03 13:44:24.147","","","2017/10/03 13:44:33.404","5AA3C7EAADFD3633E0538DADFD0A57B6","FIN_IMPL","E","O","AID_LINE_TYPE_LOOKUP_CODE","S","","TIPV","","","","C","","AP","","","","","","AP","AP",""
"AP","AP_INVOICES","INVOICES","C","Nonrecoverable Tax XX","DEFAULT","DEFAULT","NONRECOVTAX_XX","C","AP_INVOICES","INVOICES","40","AP","","","","","","","","","",")","FIN_IMPL","2017/10/03 13:44:24.151","","","2017/10/03 13:44:33.407","5AA3C7EAADFD3633E0538DADFD0A57B6","FIN_IMPL","E","A","AID_LINE_TYPE_LOOKUP_CODE","S","","TRV","","","","C","","AP","","","","","","AP","AP",""
"AP","AP_INVOICES","INVOICES","C","Nonrecoverable Tax XX","DEFAULT","DEFAULT","NONRECOVTAX_XX","C","AP_INVOICES","INVOICES","50","AP","","","","","","","","","","","FIN_IMPL","2017/10/03 13:44:24.155","","","2017/10/03 13:44:33.41","5AA3C7EAADFD3633E0538DADFD0A57B6","FIN_IMPL","D","A","POD_ACCRUE_ON_RECEIPT_FLAG","S","","Y","","","","C","","AP","","","","","","AP","AP",""
"AP","AP_INVOICES","INVOICES","C","Nonrecoverable Tax XX","DEFAULT","DEFAULT","NONRECOVTAX_XX","C","AP_INVOICES","INVOICES","60","AP","","","","","","","","","","","FIN_IMPL","2017/10/03 13:44:24.159","","","2017/10/03 13:44:33.414","5AA3C7EAADFD3633E0538DADFD0A57B6","FIN_IMPL","D","A","SELF_ASSESSED_TAX_FLAG","S","","Y","","","","C","","AP","","","","","","AP","AP",""
"AP","AP_INVOICES","INVOICES","C","Nonrecoverable Tax XX","DEFAULT","DEFAULT","NONRECOVTAX_XX","C","AP_INVOICES","INVOICES","70","AP","","","","","","","","","","","FIN_IMPL","2017/10/03 13:44:24.162","","","2017/10/03 13:44:33.417","5AA3C7EAADFD3633E0538DADFD0A57B6","FIN_IMPL","N","","DEFERRED_START_DATE_DIST","S","","","","","","","","AP","","","","","","AP","AP",""
"AHC_LOAN","AHC_LOAN","AHC_LOAN","C","AHC Cash Clearing","DEFAULT","DEFAULT","AHC_CASH_CLEARING","C","AHC_LOAN","AHC_LOAN","10","","","","","","","","","","","","FIN_IMPL","2017/11/02 20:48:26.54","","","2017/11/02 20:48:26.714","5D071AC3534E773EE0538DADFD0AAAC8","FIN_IMPL","E","O","LINE_TYPE","S","","FEE","","","","C","","","","","","","","AHC_LOAN","AHC_LOAN",""
"AHC_LOAN","AHC_LOAN","AHC_LOAN","C","AHC Cash Clearing","DEFAULT","DEFAULT","AHC_CASH_CLEARING","C","AHC_LOAN","AHC_LOAN","20","","","","","","","","","","","","FIN_IMPL","2017/11/02 20:48:26.554","","","2017/11/02 20:48:26.716","5D071AC3534E773EE0538DADFD0AAAC8","FIN_IMPL","E","O","LINE_TYPE","S","","INTEREST","","","","C","","","","","","","","AHC_LOAN","AHC_LOAN",""
"AHC_LOAN","AHC_LOAN","AHC_LOAN","C","AHC Cash Clearing","DEFAULT","DEFAULT","AHC_CASH_CLEARING","C","AHC_LOAN","AHC_LOAN","30","","","","","","","","","","","","FIN_IMPL","2017/11/02 20:48:26.563","","","2017/11/02 20:48:26.717","5D071AC3534E773EE0538DADFD0AAAC8","FIN_IMPL","E","O","LINE_TYPE","S","","CHARGE","","","","C","","","","","","","","AHC_LOAN","AHC_LOAN",""
"AHC_LOAN","AHC_LOAN","AHC_LOAN","C","AHC Cash Clearing","DEFAULT","DEFAULT","AHC_CASH_CLEARING","C","AHC_LOAN","AHC_LOAN","40","","","","","","","","","","","","FIN_IMPL","2017/11/02 20:48:26.573","","","2017/11/02 20:48:26.718","5D071AC3534E773EE0538DADFD0AAAC8","FIN_IMPL","E","O","LINE_TYPE","S","","LOAN","","","","C","","","","","","","","AHC_LOAN","AHC_LOAN",""
"AHC_LOAN","AHC_LOAN","AHC_LOAN","C","AHC Cash Clearing","DEFAULT","DEFAULT","AHC_CASH_CLEARING","C","AHC_LOAN","AHC_LOAN","50","","","","","","","","","","","","FIN_IMPL","2017/11/02 20:48:26.584","","","2017/11/02 20:48:26.718","5D071AC3534E773EE0538DADFD0AAAC8","FIN_IMPL","E","","LINE_TYPE","S","","PRINCIPAL","","","","C","","","","","","","","AHC_LOAN","AHC_LOAN",""
"AP","AP_INVOICES","INVOICES","C","Item Expense XX","DEFAULT","DEFAULT","ITEMEXP_XX","C","AP_INVOICES","INVOICES","10","AP","","","","","","","","","(","","FIN_IMPL","2017/09/26 14:35:44.0","","","2017/09/26 14:35:53.786","5A172C2AE6945385E0538DADFD0A799D","FIN_IMPL","E","O","AID_LINE_TYPE_LOOKUP_CODE","S","","RETROEXPENSE","","","","C","","AP","","","","","","AP","AP",""
"AP","AP_INVOICES","INVOICES","C","Item Expense XX","DEFAULT","DEFAULT","ITEMEXP_XX","C","AP_INVOICES","INVOICES","20","AP","","","","","","","","","","","FIN_IMPL","2017/09/26 14:35:44.129","","","2017/09/26 14:35:53.836","5A172C2AE6945385E0538DADFD0A799D","FIN_IMPL","E","O","AID_LINE_TYPE_LOOKUP_CODE","S","","ITEM","","","","C","","AP","","","","","","AP","AP",""
"AP","AP_INVOICES","INVOICES","C","Item Expense XX","DEFAULT","DEFAULT","ITEMEXP_XX","C","AP_INVOICES","INVOICES","30","AP","","","","","","","","","(","","FIN_IMPL","2017/09/26 14:35:44.134","","","2017/09/26 14:35:53.84","5A172C2AE6945385E0538DADFD0A799D","FIN_IMPL","E","A","AID_LINE_TYPE_LOOKUP_CODE","S","","ERV","","","","C","","AP","","","","","","AP","AP",""
"AP","AP_INVOICES","INVOICES","C","Item Expense XX","DEFAULT","DEFAULT","ITEMEXP_XX","C","AP_INVOICES","INVOICES","40","AP","","","","","","","","","",")","FIN_IMPL","2017/09/26 14:35:44.138","","","2017/09/26 14:35:53.842","5A172C2AE6945385E0538DADFD0A799D","FIN_IMPL","D","O","POD_ACCRUE_ON_RECEIPT_FLAG","S","","Y","","","","C","","AP","","","","","","AP","AP",""
"AP","AP_INVOICES","INVOICES","C","Item Expense XX","DEFAULT","DEFAULT","ITEMEXP_XX","C","AP_INVOICES","INVOICES","50","AP","","","","","","","","","(","","FIN_IMPL","2017/09/26 14:35:44.146","","","2017/09/26 14:35:53.844","5A172C2AE6945385E0538DADFD0A799D","FIN_IMPL","E","A","AID_LINE_TYPE_LOOKUP_CODE","S","","IPV","","","","C","","AP","","","","","","AP","AP",""
"AP","AP_INVOICES","INVOICES","C","Item Expense XX","DEFAULT","DEFAULT","ITEMEXP_XX","C","AP_INVOICES","INVOICES","60","AP","","","","","","","","","",")","FIN_IMPL","2017/09/26 14:35:44.151","","","2017/09/26 14:35:53.846","5A172C2AE6945385E0538DADFD0A799D","FIN_IMPL","D","","POD_ACCRUE_ON_RECEIPT_FLAG","S","","Y","","","","C","","AP","","","","","","AP","AP",""
"AP","AP_INVOICES","INVOICES","C","Item Expense XX","DEFAULT","DEFAULT","ITEMEXP_XX","C","AP_INVOICES","INVOICES","70","AP","","","","","","","","","",")","FIN_IMPL","2017/09/26 14:35:44.155","","","2017/09/26 14:35:53.847","5A172C2AE6945385E0538DADFD0A799D","FIN_IMPL","","A","","","","","","","","","","","","","","","","AP","",""
"AP","AP_INVOICES","INVOICES","C","Item Expense XX","DEFAULT","DEFAULT","ITEMEXP_XX","C","AP_INVOICES","INVOICES","80","AP","","","","","","","","","","","FIN_IMPL","2017/09/26 14:35:44.159","","","2017/09/26 14:35:53.849","5A172C2AE6945385E0538DADFD0A799D","FIN_IMPL","N","","DEFERRED_START_DATE_DIST","S","","","","","","","","AP","","","","","","AP","AP",""
"AHC_LOAN","AHC_LOAN","AHC_LOAN","C","AHC Loan Receivable CR","DEFAULT","DEFAULT","AHC_LOAN_RECEIVABLE","C","AHC_LOAN","AHC_LOAN","10","","","","","","","","","","","","FIN_IMPL","2017/11/02 20:34:11.39","","","2017/11/02 20:34:11.446","5D05DD9281A91445E0538DADFD0AF0F6","FIN_IMPL","E","O","LINE_TYPE","S","","LOAN","","","","C","","","","","","","","AHC_LOAN","AHC_LOAN",""
"AHC_LOAN","AHC_LOAN","AHC_LOAN","C","AHC Loan Receivable CR","DEFAULT","DEFAULT","AHC_LOAN_RECEIVABLE","C","AHC_LOAN","AHC_LOAN","20","","","","","","","","","","","","FIN_IMPL","2017/11/02 20:34:11.404","","","2017/11/02 20:34:11.449","5D05DD9281A91445E0538DADFD0AF0F6","FIN_IMPL","E","","LINE_TYPE","S","","PRINCIPAL","","","","C","","","","","","","","AHC_LOAN","AHC_LOAN",""
"AHC_LOAN","AHC_LOAN","AHC_LOAN","C","AHC Loan Fee Accrual","DEFAULT","DEFAULT","AHC_LOAN_FEE_ACCRUAL","C","AHC_LOAN","AHC_LOAN","10","","","","","","","","","","","","FIN_IMPL","2017/11/02 20:39:08.995","","","2017/11/02 20:39:09.008","5D06FAB11D6B6D88E0538DADFD0AB33A","FIN_IMPL","E","","LINE_TYPE","S","","FEE","","","","C","","","","","","","","AHC_LOAN","AHC_LOAN",""
"AHC_LOAN","AHC_LOAN","AHC_LOAN","C","AHC Interest Receivable","DEFAULT","DEFAULT","AHC_INTEREST_RECEIVABLE","C","AHC_LOAN","AHC_LOAN","10","","","","","","","","","","","","FIN_IMPL","2017/11/02 20:50:58.621","","","2017/11/02 20:50:58.648","5D071AC3534F773EE0538DADFD0AAAC8","FIN_IMPL","E","","LINE_TYPE","S","","ACCRUED_INTEREST","","","","C","","","","","","","","AHC_LOAN","AHC_LOAN",""
"AHC_LOAN","AHC_LOAN","AHC_LOAN","C","AHC Interest Income","DEFAULT","DEFAULT","AHC_INTEREST_INCOME","C","AHC_LOAN","AHC_LOAN","10","","","","","","","","","","","","FIN_IMPL","2017/11/02 20:53:05.347","","","2017/11/02 20:53:05.402","5D072CBAF08F7BF7E0538DADFD0A330D","FIN_IMPL","E","O","LINE_TYPE","S","","ACCRUED_INTEREST","","","","C","","","","","","","","AHC_LOAN","AHC_LOAN",""
"AHC_LOAN","AHC_LOAN","AHC_LOAN","C","AHC Interest Income","DEFAULT","DEFAULT","AHC_INTEREST_INCOME","C","AHC_LOAN","AHC_LOAN","20","","","","","","","","","","","","FIN_IMPL","2017/11/02 20:53:05.363","","","2017/11/02 20:53:05.403","5D072CBAF08F7BF7E0538DADFD0A330D","FIN_IMPL","E","","LINE_TYPE","S","","INTEREST","","","","C","","","","","","","","AHC_LOAN","AHC_LOAN",""
"AHC_LOAN","AHC_LOAN","AHC_LOAN","C","AHC Late Charge","DEFAULT","DEFAULT","AHC_LATE_CHARGE","C","AHC_LOAN","AHC_LOAN","10","","","","","","","","","","","","FIN_IMPL","2017/11/02 20:54:43.11","","","2017/11/02 20:54:43.128","5D07328EB0E07F58E0538DADFD0A5BBE","FIN_IMPL","E","","LINE_TYPE","S","","CHARGE","","","","C","","","","","","","","AHC_LOAN","AHC_LOAN",""
"AHC_BILLING","AHC_BILLING","AHC_BILLING","C","Unearned Revenue","DEFAULT","DEFAULT","UNEARNED_REVENUE","C","AHC_BILLING","AHC_BILLING","10","","","","","","","","","","","","FIN_IMPL","2018/01/02 17:20:14.302","","","2018/01/02 17:20:14.941","61CF2B5FA927348EE0536AA0FD0A5926","FIN_IMPL","X","","CONTRACT_NUMBER","S","","","","","","","","","","","","","","AHC_BILLING","AHC_BILLING",""
"AHC_BILLING","AHC_BILLING","AHC_BILLING","C","Revenue","DEFAULT","DEFAULT","REVENUE","C","AHC_BILLING","AHC_BILLING","10","","","","","","","","","","","","FIN_IMPL","2017/12/28 09:11:48.009","","","2017/12/28 09:11:48.377","615CA35573826868E0536AA0FD0A112A","FIN_IMPL","N","","CONTRACT_NUMBER","S","","","","","","","","","","","","","","AHC_BILLING","AHC_BILLING",""
"AHC_INSURANCE","AHC_INSURANCE","AHC_INSURANCE","C","CR Reinsurance Payable","DEFAULT","DEFAULT","CR_REINSU_PAYABLE","C","AHC_INSURANCE","AHC_INSURANCE","10","","","","","","","","","","","","FIN_IMPL","2018/03/07 10:25:22.378","","","2018/03/07 10:25:22.691","66CF573F738362C5E053E9A7FD0A0049","FIN_IMPL","X","","REINSURANCE_TYPE","S","","","","","","","","","","","","","","AHC_INSURANCE","AHC_INSURANCE",""
"AHC_INSURANCE","AHC_INSURANCE","AHC_INSURANCE","C","DR Unearned Premium Reinsurance","DEFAULT","DEFAULT","DR_UNEARN_PREM","C","AHC_INSURANCE","AHC_INSURANCE","10","","","","","","","","","","","","FIN_IMPL","2018/03/07 10:28:01.834","","","2018/03/07 10:28:01.929","66CF573F738362C5E053E9A7FD0A0049","FIN_IMPL","X","","REINSURANCE_TYPE","S","","","","","","","","","","","","","","AHC_INSURANCE","AHC_INSURANCE",""
"AHC_BILLING","AHC_BILLING","AHC_BILLING","C","Billing Tax","DEFAULT","DEFAULT","BILLING_TAX","C","AHC_BILLING","AHC_BILLING","10","","","","","","","","","","","","FIN_IMPL","2018/03/09 10:35:10.72","","","2018/03/09 10:35:11.276","66F928555C12EE7CE053E9A7FD0AAD18","FIN_IMPL","D","","TAXES","S","","0","","","","C","","","","","","","","AHC_BILLING","AHC_BILLING",""
"AHC_BILLING","AHC_BILLING","AHC_BILLING","C","Revenue Dr","DEFAULT","DEFAULT","REVENE_DEBIT","C","AHC_BILLING","AHC_BILLING","10","","","","","","","","","","","","FIN_IMPL","2018/03/09 10:45:43.777","","","2018/03/09 10:45:43.805","66F951A2AE87EF5FE053E9A7FD0AAB09","FIN_IMPL","N","","CONTRACT_NUMBER","S","","","","","","","","","","","","","","AHC_BILLING","AHC_BILLING",""
"AHC_BILLING","AHC_BILLING","AHC_BILLING","C","Billing Tax Dr","DEFAULT","DEFAULT","BILLING_TAX_DEBIT","C","AHC_BILLING","AHC_BILLING","10","","","","","","","","","","","","FIN_IMPL","2018/03/09 10:46:36.846","","","2018/03/09 10:46:36.966","66F951A2AE87EF5FE053E9A7FD0AAB09","FIN_IMPL","D","","TAXES","S","","0","","","","C","","","","","","","","AHC_BILLING","AHC_BILLING",""
"AHC_ENDOWMENT","AHC_ENDOWMENT","AHC_ENDOWMENT","C","Endowment Revenue Line","DEFAULT","DEFAULT","ENDOWMENT_REVENUE_LINE","C","AHC_ENDOWMENT","AHC_ENDOWMENT","10","","","","","","","","","","","","FIN_IMPL","2018/10/11 11:42:19.053","","","2018/10/11 11:42:19.53","77F20EFFD1CB67FFE0537990DF0ADB76","FIN_IMPL","E","O","AGENCY_CODE","S","","Foundation","","","","C","","","","","","","","AHC_ENDOWMENT","AHC_ENDOWMENT",""
"AHC_ENDOWMENT","AHC_ENDOWMENT","AHC_ENDOWMENT","C","Endowment Revenue Line","DEFAULT","DEFAULT","ENDOWMENT_REVENUE_LINE","C","AHC_ENDOWMENT","AHC_ENDOWMENT","20","","","","","","","","","","","","FIN_IMPL","2018/10/11 11:42:19.086","","","2018/10/11 11:42:20.05","77F20EFFD1CB67FFE0537990DF0ADB76","FIN_IMPL","E","O","AGENCY_CODE","S","","Cancer Center","","","","C","","","","","","","","AHC_ENDOWMENT","AHC_ENDOWMENT",""
"AHC_ENDOWMENT","AHC_ENDOWMENT","AHC_ENDOWMENT","C","Endowment Revenue Line","DEFAULT","DEFAULT","ENDOWMENT_REVENUE_LINE","C","AHC_ENDOWMENT","AHC_ENDOWMENT","30","","","","","","","","","","","","FIN_IMPL","2018/10/11 11:42:19.12","","","2018/10/11 11:42:20.052","77F20EFFD1CB67FFE0537990DF0ADB76","FIN_IMPL","E","","AGENCY_CODE","S","","Regents","","","","C","","","","","","","","AHC_ENDOWMENT","AHC_ENDOWMENT",""
"AHC_LI_INS","AHC_LI_INS","AHC_LI_INS","C","CR Insurance Premium Revenue","DEFAULT","DEFAULT","AHC_CR_AHLI_IPR","C","AHC_LI_INS","AHC_LI_INS","10","","","","","","","","","","","","FIN_IMPL","2019/02/25 09:38:14.368","","","2019/02/25 09:38:14.454","82B372CEA5CF140BE053C390DF0AB1A0","FIN_IMPL","E","","TRANSACTION_CODE","S","","Premium","","","","C","","","","","","","","AHC_LI_INS","AHC_LI_INS",""
"AHC_LI_INS","AHC_LI_INS","AHC_LI_INS","C","CR Benefit Premium Due","DEFAULT","DEFAULT","AHC_CR_BPD","C","AHC_LI_INS","AHC_LI_INS","10","","","","","","","","","","","","FIN_IMPL","2019/02/25 09:36:49.009","","","2019/02/25 09:36:49.135","82B372CEA5CF140BE053C390DF0AB1A0","FIN_IMPL","E","","TRANSACTION_CODE","S","","Premium","","","","C","","","","","","","","AHC_LI_INS","AHC_LI_INS",""
"AHC_LI_INS","AHC_LI_INS","AHC_LI_INS","C","CR Premium Fee Due","DEFAULT","DEFAULT","AHC_CR_PFD","C","AHC_LI_INS","AHC_LI_INS","10","","","","","","","","","","","","FIN_IMPL","2019/02/25 09:39:18.229","","","2019/02/25 09:39:18.318","82B372CEA5CF140BE053C390DF0AB1A0","FIN_IMPL","E","","TRANSACTION_CODE","S","","Fee","","","","C","","","","","","","","AHC_LI_INS","AHC_LI_INS",""
"AHC_LI_INS","AHC_LI_INS","AHC_LI_INS","C","DR Net Premium Due","DEFAULT","DEFAULT","AHC_DR_NPD","C","AHC_LI_INS","AHC_LI_INS","10","","","","","","","","","","","","FIN_IMPL","2019/02/25 09:42:44.082","","","2019/02/25 09:42:44.217","82B372CEA5CF140BE053C390DF0AB1A0","FIN_IMPL","E","","TRANSACTION_CODE","S","","Premium","","","","C","","","","","","","","AHC_LI_INS","AHC_LI_INS",""
"AHC_BILLING","AHC_BILLING","AHC_BILLING","C","Unearned Revenue - MPA","DEFAULT","DEFAULT","UNEARNED_REV_MPA","C","AHC_BILLING","AHC_BILLING","10","","","","","","","","","","","","FIN_IMPL","2019/09/11 06:17:37.829","","","2019/09/11 06:17:39.308","924128F0211EB460E053C390DF0A283A","FIN_IMPL","X","","CONTRACT_NUMBER","S","","","","","","","","","","","","","","AHC_BILLING","AHC_BILLING",""
"AHC_LOAN","AHC_LOAN","AHC_LOAN","C","AHC Loan Receivable DR","DEFAULT","DEFAULT","AHC_LOAN_RECEIVABLE_DR","C","AHC_LOAN","AHC_LOAN","10","","","","","","","","","","","","FIN_IMPL","2019/09/11 10:36:00.085","","","2019/09/11 10:36:00.363","9245203917CA8A69E053C390DF0A1380","FIN_IMPL","E","O","LINE_TYPE","S","","LOAN","","","","C","","","","","","","","AHC_LOAN","AHC_LOAN",""
"AHC_LOAN","AHC_LOAN","AHC_LOAN","C","AHC Loan Receivable DR","DEFAULT","DEFAULT","AHC_LOAN_RECEIVABLE_DR","C","AHC_LOAN","AHC_LOAN","20","","","","","","","","","","","","FIN_IMPL","2019/09/11 10:36:00.089","","","2019/09/11 10:36:00.365","9245203917CA8A69E053C390DF0A1380","FIN_IMPL","E","","LINE_TYPE","S","","PRINCIPAL","","","","C","","","","","","","","AHC_LOAN","AHC_LOAN",""
"AR","TRANSACTIONS","INVOICE","C","Invoice Clearing VRM","DEFAULT","DEFAULT","INV_CLEARING_VRM","C","TRANSACTIONS","INVOICE","10","AR","","","","","","","","","(","","FIN_IMPL","2020/02/13 20:32:24.16","","","2020/02/13 20:32:24.325","9E799A03BEF34832E053B090DF0A73E5","FIN_IMPL","E","A","TRX_LINE_DIST_ACCOUNT_CLASS","S","","REV","","","","C","","AR","","","","","","AR","AR",""
"AR","TRANSACTIONS","INVOICE","C","Invoice Clearing VRM","DEFAULT","DEFAULT","INV_CLEARING_VRM","C","TRANSACTIONS","INVOICE","20","AR","","","","","","","","","",")","FIN_IMPL","2020/02/13 20:32:24.172","","","2020/02/13 20:32:24.329","9E799A03BEF34832E053B090DF0A73E5","FIN_IMPL","N","A","ROUNDING_CORRECTION_FLAG","S","","","","","","","","AR","","","","","","AR","AR",""
"AR","TRANSACTIONS","INVOICE","C","Invoice Clearing VRM","DEFAULT","DEFAULT","INV_CLEARING_VRM","C","TRANSACTIONS","INVOICE","30","AR","","","","","","","","","(","","FIN_IMPL","2020/02/13 20:32:24.18","","","2020/02/13 20:32:24.33","9E799A03BEF34832E053B090DF0A73E5","FIN_IMPL","X","A","ADOPTION_PERIOD_START_DATE","S","","","","","","","","AR","","","","","","AR","AR",""
"AR","TRANSACTIONS","INVOICE","C","Invoice Clearing VRM","DEFAULT","DEFAULT","INV_CLEARING_VRM","C","TRANSACTIONS","INVOICE","40","AR","","","","","","","","","","","FIN_IMPL","2020/02/13 20:32:24.187","","","2020/02/13 20:32:24.331","9E799A03BEF34832E053B090DF0A73E5","FIN_IMPL","X","A","TRX_REV_REC_APPLICATION","S","","","","","","","","AR","","","","","","AR","AR",""
"AR","TRANSACTIONS","INVOICE","C","Invoice Clearing VRM","DEFAULT","DEFAULT","INV_CLEARING_VRM","C","TRANSACTIONS","INVOICE","50","AR","","","","","","","","","","","FIN_IMPL","2020/02/13 20:32:24.195","","","2020/02/13 20:32:24.332","9E799A03BEF34832E053B090DF0A73E5","FIN_IMPL","D","A","TRX_REV_REC_APPLICATION","S","","RECEIVABLES","","","","C","","AR","","","","","","AR","AR",""
"AR","TRANSACTIONS","INVOICE","C","Invoice Clearing VRM","DEFAULT","DEFAULT","INV_CLEARING_VRM","C","TRANSACTIONS","INVOICE","60","AR","","","","","","","","","",")","FIN_IMPL","2020/02/13 20:32:24.203","","","2020/02/13 20:32:24.333","9E799A03BEF34832E053B090DF0A73E5","FIN_IMPL","H","","TRX_LINE_DIST_GL_DATE","S","","","","ADOPTION_PERIOD_START_DATE","S","S","","AR","AR","","","","","AR","AR","AR"
"AR","TRANSACTIONS","CREDIT_MEMO","C","Credit Memo Clearing VRM","DEFAULT","DEFAULT","CM_CLEARING_VRM","C","TRANSACTIONS","CREDIT_MEMO","10","AR","","","","","","","","","","","FIN_IMPL","2020/02/13 20:32:24.254","","","2020/02/13 20:32:24.341","9E799A03BEF34832E053B090DF0A73E5","FIN_IMPL","E","A","CM_LINE_DIST_ACCOUNT_CLASS","S","","REV","","","","C","","AR","","","","","","AR","AR",""
"AR","TRANSACTIONS","CREDIT_MEMO","C","Credit Memo Clearing VRM","DEFAULT","DEFAULT","CM_CLEARING_VRM","C","TRANSACTIONS","CREDIT_MEMO","20","AR","","","","","","","","","(","","FIN_IMPL","2020/02/13 20:32:24.263","","","2020/02/13 20:32:24.342","9E799A03BEF34832E053B090DF0A73E5","FIN_IMPL","X","A","ADOPTION_PERIOD_START_DATE","S","","","","","","","","AR","","","","","","AR","AR",""
"AR","TRANSACTIONS","CREDIT_MEMO","C","Credit Memo Clearing VRM","DEFAULT","DEFAULT","CM_CLEARING_VRM","C","TRANSACTIONS","CREDIT_MEMO","30","AR","","","","","","","","","","","FIN_IMPL","2020/02/13 20:32:24.274","","","2020/02/13 20:32:24.343","9E799A03BEF34832E053B090DF0A73E5","FIN_IMPL","X","A","CM_REV_REC_APPLICATION","S","","","","","","","","AR","","","","","","AR","AR",""
"AR","TRANSACTIONS","CREDIT_MEMO","C","Credit Memo Clearing VRM","DEFAULT","DEFAULT","CM_CLEARING_VRM","C","TRANSACTIONS","CREDIT_MEMO","40","AR","","","","","","","","","","","FIN_IMPL","2020/02/13 20:32:24.282","","","2020/02/13 20:32:24.344","9E799A03BEF34832E053B090DF0A73E5","FIN_IMPL","D","A","CM_REV_REC_APPLICATION","S","","RECEIVABLES","","","","C","","AR","","","","","","AR","AR",""
"AR","TRANSACTIONS","CREDIT_MEMO","C","Credit Memo Clearing VRM","DEFAULT","DEFAULT","CM_CLEARING_VRM","C","TRANSACTIONS","CREDIT_MEMO","50","AR","","","","","","","","","",")","FIN_IMPL","2020/02/13 20:32:24.29","","","2020/02/13 20:32:24.345","9E799A03BEF34832E053B090DF0A73E5","FIN_IMPL","H","","CM_LINE_DIST_GL_DATE","S","","","","ADOPTION_PERIOD_START_DATE","S","S","","AR","AR","","","","","AR","AR","AR"
"AHC_ENDOWMENT","AHC_ENDOWMENT","AHC_ENDOWMENT","C","Endowment Asset Line","DEFAULT","DEFAULT","ENDOWMENT_ASSET_LINE","C","AHC_ENDOWMENT","AHC_ENDOWMENT","10","","","","","","","","","","","","FIN_IMPL","2018/10/11 11:40:39.677","","","2018/10/11 11:40:45.407","77F20EFFD1CB67FFE0537990DF0ADB76","FIN_IMPL","E","O","AGENCY_CODE","S","","Foundation","","","","C","","","","","","","","AHC_ENDOWMENT","AHC_ENDOWMENT",""
"AHC_ENDOWMENT","AHC_ENDOWMENT","AHC_ENDOWMENT","C","Endowment Asset Line","DEFAULT","DEFAULT","ENDOWMENT_ASSET_LINE","C","AHC_ENDOWMENT","AHC_ENDOWMENT","20","","","","","","","","","","","","FIN_IMPL","2018/10/11 11:40:40.17","","","2018/10/11 11:40:46.267","77F20EFFD1CB67FFE0537990DF0ADB76","FIN_IMPL","E","O","AGENCY_CODE","S","","Cancer Center","","","","C","","","","","","","","AHC_ENDOWMENT","AHC_ENDOWMENT",""
"AHC_ENDOWMENT","AHC_ENDOWMENT","AHC_ENDOWMENT","C","Endowment Asset Line","DEFAULT","DEFAULT","ENDOWMENT_ASSET_LINE","C","AHC_ENDOWMENT","AHC_ENDOWMENT","30","","","","","","","","","","","","FIN_IMPL","2018/10/11 11:40:40.197","","","2018/10/11 11:40:46.268","77F20EFFD1CB67FFE0537990DF0ADB76","FIN_IMPL","E","","AGENCY_CODE","S","","Regents","","","","C","","","","","","","","AHC_ENDOWMENT","AHC_ENDOWMENT",""
"AR","TRANSACTIONS","INVOICE","C","Invoice Revenue VRM","DEFAULT","DEFAULT","INV_REV_VRM","C","TRANSACTIONS","INVOICE","10","AR","","","","","","","","","(","","FIN_IMPL","2020/02/13 20:11:38.518","","","2020/02/13 20:11:38.782","9E799A03BEF34832E053B090DF0A73E5","FIN_IMPL","E","A","TRX_LINE_DIST_ACCOUNT_CLASS","S","","REV","","","","C","","AR","","","","","","AR","AR",""
"AR","TRANSACTIONS","INVOICE","C","Invoice Revenue VRM","DEFAULT","DEFAULT","INV_REV_VRM","C","TRANSACTIONS","INVOICE","20","AR","","","","","","","","","",")","FIN_IMPL","2020/02/13 20:11:38.531","","","2020/02/13 20:11:38.784","9E799A03BEF34832E053B090DF0A73E5","FIN_IMPL","N","A","ROUNDING_CORRECTION_FLAG","S","","","","","","","","AR","","","","","","AR","AR",""
"AR","TRANSACTIONS","INVOICE","C","Invoice Revenue VRM","DEFAULT","DEFAULT","INV_REV_VRM","C","TRANSACTIONS","INVOICE","30","AR","","","","","","","","","(","","FIN_IMPL","2020/02/13 20:11:38.539","","","2020/02/13 20:11:38.786","9E799A03BEF34832E053B090DF0A73E5","FIN_IMPL","","","","","","","","","","","","","","","","","","AR","",""
"AR","TRANSACTIONS","INVOICE","C","Invoice Revenue VRM","DEFAULT","DEFAULT","INV_REV_VRM","C","TRANSACTIONS","INVOICE","40","AR","","","","","","","","","(",")","FIN_IMPL","2020/02/13 20:11:38.543","","","2020/02/13 20:11:38.787","9E799A03BEF34832E053B090DF0A73E5","FIN_IMPL","N","O","ADOPTION_PERIOD_START_DATE","S","","","","","","","","AR","","","","","","AR","AR",""
"AR","TRANSACTIONS","INVOICE","C","Invoice Revenue VRM","DEFAULT","DEFAULT","INV_REV_VRM","C","TRANSACTIONS","INVOICE","50","AR","","","","","","","","","(","","FIN_IMPL","2020/02/13 20:11:38.551","","","2020/02/13 20:11:38.788","9E799A03BEF34832E053B090DF0A73E5","FIN_IMPL","X","A","ADOPTION_PERIOD_START_DATE","S","","","","","","","","AR","","","","","","AR","AR",""
"AR","TRANSACTIONS","INVOICE","C","Invoice Revenue VRM","DEFAULT","DEFAULT","INV_REV_VRM","C","TRANSACTIONS","INVOICE","60","AR","","","","","","","","","(","","FIN_IMPL","2020/02/13 20:11:38.558","","","2020/02/13 20:11:38.789","9E799A03BEF34832E053B090DF0A73E5","FIN_IMPL","N","O","TRX_REV_REC_APPLICATION","S","","","","","","","","AR","","","","","","AR","AR",""
"AR","TRANSACTIONS","INVOICE","C","Invoice Revenue VRM","DEFAULT","DEFAULT","INV_REV_VRM","C","TRANSACTIONS","INVOICE","70","AR","","","","","","","","","",")","FIN_IMPL","2020/02/13 20:11:38.565","","","2020/02/13 20:11:38.79","9E799A03BEF34832E053B090DF0A73E5","FIN_IMPL","E","","TRX_REV_REC_APPLICATION","S","","RECEIVABLES","","","","C","","AR","","","","","","AR","AR",""
"AR","TRANSACTIONS","INVOICE","C","Invoice Revenue VRM","DEFAULT","DEFAULT","INV_REV_VRM","C","TRANSACTIONS","INVOICE","80","AR","","","","","","","","","",")","FIN_IMPL","2020/02/13 20:11:38.573","","","2020/02/13 20:11:38.791","9E799A03BEF34832E053B090DF0A73E5","FIN_IMPL","","O","","","","","","","","","","","","","","","","AR","",""
"AR","TRANSACTIONS","INVOICE","C","Invoice Revenue VRM","DEFAULT","DEFAULT","INV_REV_VRM","C","TRANSACTIONS","INVOICE","90","AR","","","","","","","","","(","","FIN_IMPL","2020/02/13 20:11:38.577","","","2020/02/13 20:11:38.792","9E799A03BEF34832E053B090DF0A73E5","FIN_IMPL","X","A","ADOPTION_PERIOD_START_DATE","S","","","","","","","","AR","","","","","","AR","AR",""
"AR","TRANSACTIONS","INVOICE","C","Invoice Revenue VRM","DEFAULT","DEFAULT","INV_REV_VRM","C","TRANSACTIONS","INVOICE","100","AR","","","","","","","","","","","FIN_IMPL","2020/02/13 20:11:38.584","","","2020/02/13 20:11:38.793","9E799A03BEF34832E053B090DF0A73E5","FIN_IMPL","D","A","TRX_REV_REC_APPLICATION","S","","RECEIVABLES","","","","C","","AR","","","","","","AR","AR",""
"AR","TRANSACTIONS","INVOICE","C","Invoice Revenue VRM","DEFAULT","DEFAULT","INV_REV_VRM","C","TRANSACTIONS","INVOICE","110","AR","","","","","","","","","",")","FIN_IMPL","2020/02/13 20:11:38.592","","","2020/02/13 20:11:38.794","9E799A03BEF34832E053B090DF0A73E5","FIN_IMPL","L","","TRX_LINE_DIST_GL_DATE","S","","","","ADOPTION_PERIOD_START_DATE","S","S","","AR","AR","","","","","AR","AR","AR"
"AR","TRANSACTIONS","INVOICE","C","Invoice Revenue VRM","DEFAULT","DEFAULT","INV_REV_VRM","C","TRANSACTIONS","INVOICE","120","AR","","","","","","","","","",")","FIN_IMPL","2020/02/13 20:11:38.602","","","2020/02/13 20:11:38.795","9E799A03BEF34832E053B090DF0A73E5","FIN_IMPL","","","","","","","","","","","","","","","","","","AR","",""
"AHC_LOAN","AHC_LOAN","AHC_LOAN","C","AHC Cash Clearing CR","DEFAULT","DEFAULT","AHC_CASH_CLEARING_CR","C","AHC_LOAN","AHC_LOAN","10","","","","","","","","","","","","FIN_IMPL","2019/09/11 10:32:20.0","","","2019/09/11 10:32:20.366","9245203917CA8A69E053C390DF0A1380","FIN_IMPL","E","O","LINE_TYPE","S","","FEE","","","","C","","","","","","","","AHC_LOAN","AHC_LOAN",""
"AHC_LOAN","AHC_LOAN","AHC_LOAN","C","AHC Cash Clearing CR","DEFAULT","DEFAULT","AHC_CASH_CLEARING_CR","C","AHC_LOAN","AHC_LOAN","20","","","","","","","","","","","","FIN_IMPL","2019/09/11 10:32:20.009","","","2019/09/11 10:32:20.373","9245203917CA8A69E053C390DF0A1380","FIN_IMPL","E","O","LINE_TYPE","S","","INTEREST","","","","C","","","","","","","","AHC_LOAN","AHC_LOAN",""
"AHC_LOAN","AHC_LOAN","AHC_LOAN","C","AHC Cash Clearing CR","DEFAULT","DEFAULT","AHC_CASH_CLEARING_CR","C","AHC_LOAN","AHC_LOAN","30","","","","","","","","","","","","FIN_IMPL","2019/09/11 10:32:20.013","","","2019/09/11 10:32:20.375","9245203917CA8A69E053C390DF0A1380","FIN_IMPL","E","O","LINE_TYPE","S","","CHARGE","","","","C","","","","","","","","AHC_LOAN","AHC_LOAN",""
"AHC_LOAN","AHC_LOAN","AHC_LOAN","C","AHC Cash Clearing CR","DEFAULT","DEFAULT","AHC_CASH_CLEARING_CR","C","AHC_LOAN","AHC_LOAN","40","","","","","","","","","","","","FIN_IMPL","2019/09/11 10:32:20.017","","","2019/09/11 10:32:20.375","9245203917CA8A69E053C390DF0A1380","FIN_IMPL","E","O","LINE_TYPE","S","","LOAN","","","","C","","","","","","","","AHC_LOAN","AHC_LOAN",""
"AHC_LOAN","AHC_LOAN","AHC_LOAN","C","AHC Cash Clearing CR","DEFAULT","DEFAULT","AHC_CASH_CLEARING_CR","C","AHC_LOAN","AHC_LOAN","50","","","","","","","","","","","","FIN_IMPL","2019/09/11 10:32:20.019","","","2019/09/11 10:32:20.376","9245203917CA8A69E053C390DF0A1380","FIN_IMPL","E","","LINE_TYPE","S","","PRINCIPAL","","","","C","","","","","","","","AHC_LOAN","AHC_LOAN",""
"AR","TRANSACTIONS","CREDIT_MEMO","C","Credit Memo Revenue VRM","DEFAULT","DEFAULT","CM_REV_VRM","C","TRANSACTIONS","CREDIT_MEMO","10","AR","","","","","","","","","","","FIN_IMPL","2020/02/13 20:11:38.617","","","2020/02/13 20:11:38.798","9E799A03BEF34832E053B090DF0A73E5","FIN_IMPL","E","A","CM_LINE_DIST_ACCOUNT_CLASS","S","","REV","","","","C","","AR","","","","","","AR","AR",""
"AR","TRANSACTIONS","CREDIT_MEMO","C","Credit Memo Revenue VRM","DEFAULT","DEFAULT","CM_REV_VRM","C","TRANSACTIONS","CREDIT_MEMO","20","AR","","","","","","","","","(","","FIN_IMPL","2020/02/13 20:11:38.626","","","2020/02/13 20:11:38.8","9E799A03BEF34832E053B090DF0A73E5","FIN_IMPL","","","","","","","","","","","","","","","","","","AR","",""
"AR","TRANSACTIONS","CREDIT_MEMO","C","Credit Memo Revenue VRM","DEFAULT","DEFAULT","CM_REV_VRM","C","TRANSACTIONS","CREDIT_MEMO","30","AR","","","","","","","","","(",")","FIN_IMPL","2020/02/13 20:11:38.63","","","2020/02/13 20:11:38.802","9E799A03BEF34832E053B090DF0A73E5","FIN_IMPL","N","O","ADOPTION_PERIOD_START_DATE","S","","","","","","","","AR","","","","","","AR","AR",""
"AR","TRANSACTIONS","CREDIT_MEMO","C","Credit Memo Revenue VRM","DEFAULT","DEFAULT","CM_REV_VRM","C","TRANSACTIONS","CREDIT_MEMO","40","AR","","","","","","","","","(","","FIN_IMPL","2020/02/13 20:11:38.637","","","2020/02/13 20:11:38.805","9E799A03BEF34832E053B090DF0A73E5","FIN_IMPL","X","A","ADOPTION_PERIOD_START_DATE","S","","","","","","","","AR","","","","","","AR","AR",""
"AR","TRANSACTIONS","CREDIT_MEMO","C","Credit Memo Revenue VRM","DEFAULT","DEFAULT","CM_REV_VRM","C","TRANSACTIONS","CREDIT_MEMO","50","AR","","","","","","","","","(","","FIN_IMPL","2020/02/13 20:11:38.644","","","2020/02/13 20:11:38.806","9E799A03BEF34832E053B090DF0A73E5","FIN_IMPL","N","O","CM_REV_REC_APPLICATION","S","","","","","","","","AR","","","","","","AR","AR",""
"AR","TRANSACTIONS","CREDIT_MEMO","C","Credit Memo Revenue VRM","DEFAULT","DEFAULT","CM_REV_VRM","C","TRANSACTIONS","CREDIT_MEMO","60","AR","","","","","","","","","",")","FIN_IMPL","2020/02/13 20:11:38.652","","","2020/02/13 20:11:38.807","9E799A03BEF34832E053B090DF0A73E5","FIN_IMPL","E","","CM_REV_REC_APPLICATION","S","","RECEIVABLES","","","","C","","AR","","","","","","AR","AR",""
"AR","TRANSACTIONS","CREDIT_MEMO","C","Credit Memo Revenue VRM","DEFAULT","DEFAULT","CM_REV_VRM","C","TRANSACTIONS","CREDIT_MEMO","70","AR","","","","","","","","","",")","FIN_IMPL","2020/02/13 20:11:38.661","","","2020/02/13 20:11:38.807","9E799A03BEF34832E053B090DF0A73E5","FIN_IMPL","","O","","","","","","","","","","","","","","","","AR","",""
"AR","TRANSACTIONS","CREDIT_MEMO","C","Credit Memo Revenue VRM","DEFAULT","DEFAULT","CM_REV_VRM","C","TRANSACTIONS","CREDIT_MEMO","80","AR","","","","","","","","","(","","FIN_IMPL","2020/02/13 20:11:38.665","","","2020/02/13 20:11:38.808","9E799A03BEF34832E053B090DF0A73E5","FIN_IMPL","X","A","ADOPTION_PERIOD_START_DATE","S","","","","","","","","AR","","","","","","AR","AR",""
"AR","TRANSACTIONS","CREDIT_MEMO","C","Credit Memo Revenue VRM","DEFAULT","DEFAULT","CM_REV_VRM","C","TRANSACTIONS","CREDIT_MEMO","90","AR","","","","","","","","","","","FIN_IMPL","2020/02/13 20:11:38.672","","","2020/02/13 20:11:38.809","9E799A03BEF34832E053B090DF0A73E5","FIN_IMPL","D","A","CM_REV_REC_APPLICATION","S","","RECEIVABLES","","","","C","","AR","","","","","","AR","AR",""
"AR","TRANSACTIONS","CREDIT_MEMO","C","Credit Memo Revenue VRM","DEFAULT","DEFAULT","CM_REV_VRM","C","TRANSACTIONS","CREDIT_MEMO","100","AR","","","","","","","","","",")","FIN_IMPL","2020/02/13 20:11:38.681","","","2020/02/13 20:11:38.81","9E799A03BEF34832E053B090DF0A73E5","FIN_IMPL","L","","CM_LINE_DIST_GL_DATE","S","","","","ADOPTION_PERIOD_START_DATE","S","S","","AR","AR","","","","","AR","AR","AR"
"AR","TRANSACTIONS","CREDIT_MEMO","C","Credit Memo Revenue VRM","DEFAULT","DEFAULT","CM_REV_VRM","C","TRANSACTIONS","CREDIT_MEMO","110","AR","","","","","","","","","",")","FIN_IMPL","2020/02/13 20:11:38.69","","","2020/02/13 20:11:38.812","9E799A03BEF34832E053B090DF0A73E5","FIN_IMPL","","","","","","","","","","","","","","","","","","AR","",""
"AR","ADJUSTMENTS","ADJUSTMENT","C","Modified: Multifund Adjustment Receivable","DEFAULT","DEFAULT","MOD_MFAR_ADJ_REC","C","ADJUSTMENTS","ADJUSTMENT","10","AR","","","","","","","","","","","FIN_IMPL","2021/02/17 11:10:16.786","","","2021/02/17 11:10:18.051","BB86D0AB262D0F97E0539E90DF0A9DDB","FIN_IMPL","D","A","TRX_LINE_DIST_ACCOUNT_CLASS","S","","REC","","","","C","","AR","","","","","","AR","AR",""
"AR","ADJUSTMENTS","ADJUSTMENT","C","Modified: Multifund Adjustment Receivable","DEFAULT","DEFAULT","MOD_MFAR_ADJ_REC","C","ADJUSTMENTS","ADJUSTMENT","20","AR","","","","","","","","","","","FIN_IMPL","2021/02/17 11:10:17.963","","","2021/02/17 11:10:18.057","BB86D0AB262D0F97E0539E90DF0A9DDB","FIN_IMPL","D","","MULTIFUND_UPGRADED_TRX_FLAG","S","","Y","","","","C","","AR","","","","","","AR","AR",""
"AR","ADJUSTMENTS","ADJUSTMENT","C","New: Multifund Adjustment Default Receivables","DEFAULT","DEFAULT","NEW_MFAR_ADJ_DEF_REC","C","ADJUSTMENTS","ADJUSTMENT","10","AR","","","","","","","","","","","FIN_IMPL","2021/02/17 11:14:41.916","","","2021/02/17 11:14:42.558","BB86D0AB262D0F97E0539E90DF0A9DDB","FIN_IMPL","E","A","DIST_SOURCE_TYPE","S","","REC","","","","C","","AR","","","","","","AR","AR",""
"AR","ADJUSTMENTS","ADJUSTMENT","C","New: Multifund Adjustment Default Receivables","DEFAULT","DEFAULT","NEW_MFAR_ADJ_DEF_REC","C","ADJUSTMENTS","ADJUSTMENT","20","AR","","","","","","","","","","","FIN_IMPL","2021/02/17 11:14:41.929","","","2021/02/17 11:14:42.56","BB86D0AB262D0F97E0539E90DF0A9DDB","FIN_IMPL","E","","MULTIFUND_UPGRADED_TRX_FLAG","S","","Y","","","","C","","AR","","","","","","AR","AR",""
"AR","RECEIPTS","RECEIPT","C","Modified: Receipt Application to Multifund Transaction Confirmation","DEFAULT","DEFAULT","MOD_RECE_APP_TO_MFAR_TRAN_CON","C","RECEIPTS","RECEIPT","10","AR","","","","","","","","","","","FIN_IMPL","2021/02/17 13:43:27.524","","","2021/02/17 13:43:28.0","BB86D0AB262D0F97E0539E90DF0A9DDB","FIN_IMPL","E","A","DIST_SOURCE_TYPE","S","","CONFIRMATION","","","","C","","AR","","","","","","AR","AR",""
"AR","RECEIPTS","RECEIPT","C","Modified: Receipt Application to Multifund Transaction Confirmation","DEFAULT","DEFAULT","MOD_RECE_APP_TO_MFAR_TRAN_CON","C","RECEIPTS","RECEIPT","20","AR","","","","","","","","","","","FIN_IMPL","2021/02/17 13:43:27.533","","","2021/02/17 13:43:28.006","BB86D0AB262D0F97E0539E90DF0A9DDB","FIN_IMPL","E","A","DIST_MFAR_ADDITIONAL_ENTRY","S","","Y","","","","C","","AR","","","","","","AR","AR",""
"AR","RECEIPTS","RECEIPT","C","Modified: Receipt Application to Multifund Transaction Confirmation","DEFAULT","DEFAULT","MOD_RECE_APP_TO_MFAR_TRAN_CON","C","RECEIPTS","RECEIPT","30","AR","","","","","","","","","","","FIN_IMPL","2021/02/17 13:43:27.541","","","2021/02/17 13:43:28.007","BB86D0AB262D0F97E0539E90DF0A9DDB","FIN_IMPL","D","","MULTIFUND_UPGRADED_TRX_FLAG","S","","Y","","","","C","","AR","","","","","","AR","AR",""
"AR","RECEIPTS","RECEIPT","C","Modified: Multifund Remitted Cash Reversal","DEFAULT","DEFAULT","MOD_MFAR_REMM_CASH_REV","C","RECEIPTS","RECEIPT","10","AR","","","","","","","","","","","FIN_IMPL","2021/02/17 13:43:27.575","","","2021/02/17 13:43:28.017","BB86D0AB262D0F97E0539E90DF0A9DDB","FIN_IMPL","E","A","DIST_SOURCE_TYPE","S","","REMITTANCE","","","","C","","AR","","","","","","AR","AR",""
"AR","RECEIPTS","RECEIPT","C","Modified: Multifund Remitted Cash Reversal","DEFAULT","DEFAULT","MOD_MFAR_REMM_CASH_REV","C","RECEIPTS","RECEIPT","20","AR","","","","","","","","","","","FIN_IMPL","2021/02/17 13:43:27.584","","","2021/02/17 13:43:28.019","BB86D0AB262D0F97E0539E90DF0A9DDB","FIN_IMPL","E","A","DIST_MFAR_ADDITIONAL_ENTRY","S","","Y","","","","C","","AR","","","","","","AR","AR",""
"AR","RECEIPTS","RECEIPT","C","Modified: Multifund Remitted Cash Reversal","DEFAULT","DEFAULT","MOD_MFAR_REMM_CASH_REV","C","RECEIPTS","RECEIPT","30","AR","","","","","","","","","","","FIN_IMPL","2021/02/17 13:43:27.593","","","2021/02/17 13:43:28.02","BB86D0AB262D0F97E0539E90DF0A9DDB","FIN_IMPL","D","","MULTIFUND_UPGRADED_TRX_FLAG","S","","Y","","","","C","","AR","","","","","","AR","AR",""
"AR","RECEIPTS","RECEIPT","C","Modified: Receipt Application to Multifund Transaction Receivable","DEFAULT","DEFAULT","MOD_APP_TO_MFAR_TRAN_REC","C","RECEIPTS","RECEIPT","10","AR","","","","","","","","","(","","FIN_IMPL","2021/02/17 14:26:21.929","","","2021/02/17 14:26:22.122","BB86D0AB262D0F97E0539E90DF0A9DDB","FIN_IMPL","E","O","TRX_LINE_DIST_ACCOUNT_CLASS","S","","REV","","","","C","","AR","","","","","","AR","AR",""
"AR","RECEIPTS","RECEIPT","C","Modified: Receipt Application to Multifund Transaction Receivable","DEFAULT","DEFAULT","MOD_APP_TO_MFAR_TRAN_REC","C","RECEIPTS","RECEIPT","20","AR","","","","","","","","","","","FIN_IMPL","2021/02/17 14:26:21.945","","","2021/02/17 14:26:22.124","BB86D0AB262D0F97E0539E90DF0A9DDB","FIN_IMPL","E","O","TRX_LINE_DIST_ACCOUNT_CLASS","S","","TAX","","","","C","","AR","","","","","","AR","AR",""
"AR","RECEIPTS","RECEIPT","C","Modified: Receipt Application to Multifund Transaction Receivable","DEFAULT","DEFAULT","MOD_APP_TO_MFAR_TRAN_REC","C","RECEIPTS","RECEIPT","30","AR","","","","","","","","","","","FIN_IMPL","2021/02/17 14:26:21.954","","","2021/02/17 14:26:22.125","BB86D0AB262D0F97E0539E90DF0A9DDB","FIN_IMPL","E","O","TRX_LINE_DIST_ACCOUNT_CLASS","S","","FREIGHT","","","","C","","AR","","","","","","AR","AR",""
"AR","RECEIPTS","RECEIPT","C","Modified: Receipt Application to Multifund Transaction Receivable","DEFAULT","DEFAULT","MOD_APP_TO_MFAR_TRAN_REC","C","RECEIPTS","RECEIPT","40","AR","","","","","","","","","","","FIN_IMPL","2021/02/17 14:26:21.963","","","2021/02/17 14:26:22.126","BB86D0AB262D0F97E0539E90DF0A9DDB","FIN_IMPL","E","O","TRX_LINE_DIST_ACCOUNT_CLASS","S","","ROUND","","","","C","","AR","","","","","","AR","AR",""
"AR","RECEIPTS","RECEIPT","C","Modified: Receipt Application to Multifund Transaction Receivable","DEFAULT","DEFAULT","MOD_APP_TO_MFAR_TRAN_REC","C","RECEIPTS","RECEIPT","50","AR","","","","","","","","","","","FIN_IMPL","2021/02/17 14:26:21.972","","","2021/02/17 14:26:22.128","BB86D0AB262D0F97E0539E90DF0A9DDB","FIN_IMPL","E","O","TRX_LINE_DIST_ACCOUNT_CLASS","S","","CHARGES","","","","C","","AR","","","","","","AR","AR",""
"AR","RECEIPTS","RECEIPT","C","Modified: Receipt Application to Multifund Transaction Receivable","DEFAULT","DEFAULT","MOD_APP_TO_MFAR_TRAN_REC","C","RECEIPTS","RECEIPT","60","AR","","","","","","","","","","","FIN_IMPL","2021/02/17 14:26:21.982","","","2021/02/17 14:26:22.129","BB86D0AB262D0F97E0539E90DF0A9DDB","FIN_IMPL","E","O","TRX_LINE_DIST_ACCOUNT_CLASS","S","","SUSPENSE","","","","C","","AR","","","","","","AR","AR",""
"AR","RECEIPTS","RECEIPT","C","Modified: Receipt Application to Multifund Transaction Receivable","DEFAULT","DEFAULT","MOD_APP_TO_MFAR_TRAN_REC","C","RECEIPTS","RECEIPT","70","AR","","","","","","","","","","","FIN_IMPL","2021/02/17 14:26:21.992","","","2021/02/17 14:26:22.13","BB86D0AB262D0F97E0539E90DF0A9DDB","FIN_IMPL","E","O","TRX_LINE_DIST_ACCOUNT_CLASS","S","","UNEARN","","","","C","","AR","","","","","","AR","AR",""
"AR","RECEIPTS","RECEIPT","C","Modified: Receipt Application to Multifund Transaction Receivable","DEFAULT","DEFAULT","MOD_APP_TO_MFAR_TRAN_REC","C","RECEIPTS","RECEIPT","80","AR","","","","","","","","","",")","FIN_IMPL","2021/02/17 14:26:22.001","","","2021/02/17 14:26:22.132","BB86D0AB262D0F97E0539E90DF0A9DDB","FIN_IMPL","E","A","TRX_LINE_DIST_ACCOUNT_CLASS","S","","UNBILL","","","","C","","AR","","","","","","AR","AR",""
"AR","RECEIPTS","RECEIPT","C","Modified: Receipt Application to Multifund Transaction Receivable","DEFAULT","DEFAULT","MOD_APP_TO_MFAR_TRAN_REC","C","RECEIPTS","RECEIPT","90","AR","","","","","","","","","","","FIN_IMPL","2021/02/17 14:26:22.011","","","2021/02/17 14:26:22.133","BB86D0AB262D0F97E0539E90DF0A9DDB","FIN_IMPL","E","A","DIST_SOURCE_TYPE","S","","REC","","","","C","","AR","","","","","","AR","AR",""
"AR","RECEIPTS","RECEIPT","C","Modified: Receipt Application to Multifund Transaction Receivable","DEFAULT","DEFAULT","MOD_APP_TO_MFAR_TRAN_REC","C","RECEIPTS","RECEIPT","100","AR","","","","","","","","","","","FIN_IMPL","2021/02/17 14:26:22.022","","","2021/02/17 14:26:22.134","BB86D0AB262D0F97E0539E90DF0A9DDB","FIN_IMPL","E","A","DIST_MFAR_ADDITIONAL_ENTRY","S","","N","","","","C","","AR","","","","","","AR","AR",""
"AR","RECEIPTS","RECEIPT","C","Modified: Receipt Application to Multifund Transaction Receivable","DEFAULT","DEFAULT","MOD_APP_TO_MFAR_TRAN_REC","C","RECEIPTS","RECEIPT","110","AR","","","","","","","","","","","FIN_IMPL","2021/02/17 14:26:22.031","","","2021/02/17 14:26:22.135","BB86D0AB262D0F97E0539E90DF0A9DDB","FIN_IMPL","D","","MULTIFUND_UPGRADED_TRX_FLAG","S","","Y","","","","C","","AR","","","","","","AR","AR",""
"AR","TRANSACTIONS","CREDIT_MEMO","C","Modified: Multifund Credit Memo Applied To Receivable","DEFAULT","DEFAULT","MOD_MFAR_CM_APP_TO_REC","C","TRANSACTIONS","CREDIT_MEMO","10","AR","","","","","","","","","","","FIN_IMPL","2021/02/17 12:36:18.02","","","2021/02/17 12:36:18.218","BB86D0AB262D0F97E0539E90DF0A9DDB","FIN_IMPL","E","A","DIST_SOURCE_TYPE","S","","REC","","","","C","","AR","","","","","","AR","AR",""
"AR","TRANSACTIONS","CREDIT_MEMO","C","Modified: Multifund Credit Memo Applied To Receivable","DEFAULT","DEFAULT","MOD_MFAR_CM_APP_TO_REC","C","TRANSACTIONS","CREDIT_MEMO","20","AR","","","","","","","","","","","FIN_IMPL","2021/02/17 12:36:18.033","","","2021/02/17 12:36:18.219","BB86D0AB262D0F97E0539E90DF0A9DDB","FIN_IMPL","E","A","CM_APP_FROM_TO_FLAG","S","","T","","","","C","","AR","","","","","","AR","AR",""
"AR","TRANSACTIONS","CREDIT_MEMO","C","Modified: Multifund Credit Memo Applied To Receivable","DEFAULT","DEFAULT","MOD_MFAR_CM_APP_TO_REC","C","TRANSACTIONS","CREDIT_MEMO","30","AR","","","","","","","","","(","","FIN_IMPL","2021/02/17 12:36:18.044","","","2021/02/17 12:36:18.221","BB86D0AB262D0F97E0539E90DF0A9DDB","FIN_IMPL","E","O","TRX_LINE_DIST_ACCOUNT_CLASS","S","","REV","","","","C","","AR","","","","","","AR","AR",""
"AR","TRANSACTIONS","CREDIT_MEMO","C","Modified: Multifund Credit Memo Applied To Receivable","DEFAULT","DEFAULT","MOD_MFAR_CM_APP_TO_REC","C","TRANSACTIONS","CREDIT_MEMO","40","AR","","","","","","","","","","","FIN_IMPL","2021/02/17 12:36:18.058","","","2021/02/17 12:36:18.222","BB86D0AB262D0F97E0539E90DF0A9DDB","FIN_IMPL","E","O","TRX_LINE_DIST_ACCOUNT_CLASS","S","","TAX","","","","C","","AR","","","","","","AR","AR",""
"AR","TRANSACTIONS","CREDIT_MEMO","C","Modified: Multifund Credit Memo Applied To Receivable","DEFAULT","DEFAULT","MOD_MFAR_CM_APP_TO_REC","C","TRANSACTIONS","CREDIT_MEMO","50","AR","","","","","","","","","","","FIN_IMPL","2021/02/17 12:36:18.067","","","2021/02/17 12:36:18.224","BB86D0AB262D0F97E0539E90DF0A9DDB","FIN_IMPL","E","O","TRX_LINE_DIST_ACCOUNT_CLASS","S","","FREIGHT","","","","C","","AR","","","","","","AR","AR",""
"AR","TRANSACTIONS","CREDIT_MEMO","C","Modified: Multifund Credit Memo Applied To Receivable","DEFAULT","DEFAULT","MOD_MFAR_CM_APP_TO_REC","C","TRANSACTIONS","CREDIT_MEMO","60","AR","","","","","","","","","","","FIN_IMPL","2021/02/17 12:36:18.078","","","2021/02/17 12:36:18.225","BB86D0AB262D0F97E0539E90DF0A9DDB","FIN_IMPL","E","O","TRX_LINE_DIST_ACCOUNT_CLASS","S","","ROUND","","","","C","","AR","","","","","","AR","AR",""
"AR","TRANSACTIONS","CREDIT_MEMO","C","Modified: Multifund Credit Memo Applied To Receivable","DEFAULT","DEFAULT","MOD_MFAR_CM_APP_TO_REC","C","TRANSACTIONS","CREDIT_MEMO","70","AR","","","","","","","","","","","FIN_IMPL","2021/02/17 12:36:18.089","","","2021/02/17 12:36:18.226","BB86D0AB262D0F97E0539E90DF0A9DDB","FIN_IMPL","E","O","TRX_LINE_DIST_ACCOUNT_CLASS","S","","SUSPENSE","","","","C","","AR","","","","","","AR","AR",""
"AR","TRANSACTIONS","CREDIT_MEMO","C","Modified: Multifund Credit Memo Applied To Receivable","DEFAULT","DEFAULT","MOD_MFAR_CM_APP_TO_REC","C","TRANSACTIONS","CREDIT_MEMO","80","AR","","","","","","","","","","","FIN_IMPL","2021/02/17 12:36:18.098","","","2021/02/17 12:36:18.228","BB86D0AB262D0F97E0539E90DF0A9DDB","FIN_IMPL","E","O","TRX_LINE_DIST_ACCOUNT_CLASS","S","","DEFERRED_TAX","","","","C","","AR","","","","","","AR","AR",""
"AR","TRANSACTIONS","CREDIT_MEMO","C","Modified: Multifund Credit Memo Applied To Receivable","DEFAULT","DEFAULT","MOD_MFAR_CM_APP_TO_REC","C","TRANSACTIONS","CREDIT_MEMO","90","AR","","","","","","","","","","","FIN_IMPL","2021/02/17 12:36:18.108","","","2021/02/17 12:36:18.229","BB86D0AB262D0F97E0539E90DF0A9DDB","FIN_IMPL","E","O","TRX_LINE_DIST_ACCOUNT_CLASS","S","","UNEARN","","","","C","","AR","","","","","","AR","AR",""
"AR","TRANSACTIONS","CREDIT_MEMO","C","Modified: Multifund Credit Memo Applied To Receivable","DEFAULT","DEFAULT","MOD_MFAR_CM_APP_TO_REC","C","TRANSACTIONS","CREDIT_MEMO","100","AR","","","","","","","","","",")","FIN_IMPL","2021/02/17 12:36:18.12","","","2021/02/17 12:36:18.231","BB86D0AB262D0F97E0539E90DF0A9DDB","FIN_IMPL","E","A","TRX_LINE_DIST_ACCOUNT_CLASS","S","","UNBILL","","","","C","","AR","","","","","","AR","AR",""
"AR","TRANSACTIONS","CREDIT_MEMO","C","Modified: Multifund Credit Memo Applied To Receivable","DEFAULT","DEFAULT","MOD_MFAR_CM_APP_TO_REC","C","TRANSACTIONS","CREDIT_MEMO","110","AR","","","","","","","","","","","FIN_IMPL","2021/02/17 12:36:18.132","","","2021/02/17 12:36:18.232","BB86D0AB262D0F97E0539E90DF0A9DDB","FIN_IMPL","D","","MULTIFUND_UPGRADED_TRX_FLAG","S","","Y","","","","C","","AR","","","","","","AR","AR",""
"AR","RECEIPTS","RECEIPT","C","Modified: Receipt Application to Multifund Transaction Remittance","DEFAULT","DEFAULT","MOD_RECE_APP_TO_MFAR_TRAN_REMM","C","RECEIPTS","RECEIPT","10","AR","","","","","","","","","","","FIN_IMPL","2021/02/17 13:43:27.626","","","2021/02/17 13:43:28.027","BB86D0AB262D0F97E0539E90DF0A9DDB","FIN_IMPL","E","A","DIST_SOURCE_TYPE","S","","REMITTANCE","","","","C","","AR","","","","","","AR","AR",""
"AR","RECEIPTS","RECEIPT","C","Modified: Receipt Application to Multifund Transaction Remittance","DEFAULT","DEFAULT","MOD_RECE_APP_TO_MFAR_TRAN_REMM","C","RECEIPTS","RECEIPT","20","AR","","","","","","","","","","","FIN_IMPL","2021/02/17 13:43:27.635","","","2021/02/17 13:43:28.028","BB86D0AB262D0F97E0539E90DF0A9DDB","FIN_IMPL","E","A","DIST_MFAR_ADDITIONAL_ENTRY","S","","Y","","","","C","","AR","","","","","","AR","AR",""
"AR","RECEIPTS","RECEIPT","C","Modified: Receipt Application to Multifund Transaction Remittance","DEFAULT","DEFAULT","MOD_RECE_APP_TO_MFAR_TRAN_REMM","C","RECEIPTS","RECEIPT","30","AR","","","","","","","","","","","FIN_IMPL","2021/02/17 13:43:27.645","","","2021/02/17 13:43:28.029","BB86D0AB262D0F97E0539E90DF0A9DDB","FIN_IMPL","D","","MULTIFUND_UPGRADED_TRX_FLAG","S","","Y","","","","C","","AR","","","","","","AR","AR",""
"AR","RECEIPTS","RECEIPT","C","Modified: Multifund Receipts Cleared Cash","DEFAULT","DEFAULT","MOD_MFAR_RECE_CLE_CASH","C","RECEIPTS","RECEIPT","10","AR","","","","","","","","","","","FIN_IMPL","2021/02/17 13:43:27.677","","","2021/02/17 13:43:28.036","BB86D0AB262D0F97E0539E90DF0A9DDB","FIN_IMPL","E","A","DIST_SOURCE_TYPE","S","","CASH","","","","C","","AR","","","","","","AR","AR",""
"AR","RECEIPTS","RECEIPT","C","Modified: Multifund Receipts Cleared Cash","DEFAULT","DEFAULT","MOD_MFAR_RECE_CLE_CASH","C","RECEIPTS","RECEIPT","20","AR","","","","","","","","","","","FIN_IMPL","2021/02/17 13:43:27.686","","","2021/02/17 13:43:28.037","BB86D0AB262D0F97E0539E90DF0A9DDB","FIN_IMPL","E","A","DIST_MFAR_ADDITIONAL_ENTRY","S","","Y","","","","C","","AR","","","","","","AR","AR",""
"AR","RECEIPTS","RECEIPT","C","Modified: Multifund Receipts Cleared Cash","DEFAULT","DEFAULT","MOD_MFAR_RECE_CLE_CASH","C","RECEIPTS","RECEIPT","30","AR","","","","","","","","","","","FIN_IMPL","2021/02/17 13:43:27.696","","","2021/02/17 13:43:28.039","BB86D0AB262D0F97E0539E90DF0A9DDB","FIN_IMPL","D","","MULTIFUND_UPGRADED_TRX_FLAG","S","","Y","","","","C","","AR","","","","","","AR","AR",""
"AR","TRANSACTIONS","CREDIT_MEMO","C","New: Multifund Credit Memo Default Application","DEFAULT","DEFAULT","NEW_MFAR_CM_DEF_APPL","C","TRANSACTIONS","CREDIT_MEMO","10","AR","","","","","","","","","","","FIN_IMPL","2021/02/17 12:34:17.256","","","2021/02/17 12:34:17.394","BB86D0AB262D0F97E0539E90DF0A9DDB","FIN_IMPL","E","A","CM_LINE_DIST_ACCOUNT_CLASS","S","","REC","","","","C","","AR","","","","","","AR","AR",""
"AR","TRANSACTIONS","CREDIT_MEMO","C","New: Multifund Credit Memo Default Application","DEFAULT","DEFAULT","NEW_MFAR_CM_DEF_APPL","C","TRANSACTIONS","CREDIT_MEMO","20","AR","","","","","","","","","","","FIN_IMPL","2021/02/17 12:34:17.267","","","2021/02/17 12:34:17.397","BB86D0AB262D0F97E0539E90DF0A9DDB","FIN_IMPL","E","","MULTIFUND_UPGRADED_TRX_FLAG","S","","Y","","","","C","","AR","","","","","","AR","AR",""
"AR","RECEIPTS","RECEIPT","C","Modified: Multifund Receipts Cleared Cash Reversal","DEFAULT","DEFAULT","MOD_MFAR_RECE_CLE_CASH_REV","C","RECEIPTS","RECEIPT","10","AR","","","","","","","","","","","FIN_IMPL","2021/02/17 13:43:27.728","","","2021/02/17 13:43:28.045","BB86D0AB262D0F97E0539E90DF0A9DDB","FIN_IMPL","E","A","DIST_SOURCE_TYPE","S","","CASH","","","","C","","AR","","","","","","AR","AR",""
"AR","RECEIPTS","RECEIPT","C","Modified: Multifund Receipts Cleared Cash Reversal","DEFAULT","DEFAULT","MOD_MFAR_RECE_CLE_CASH_REV","C","RECEIPTS","RECEIPT","20","AR","","","","","","","","","","","FIN_IMPL","2021/02/17 13:43:27.737","","","2021/02/17 13:43:28.046","BB86D0AB262D0F97E0539E90DF0A9DDB","FIN_IMPL","E","A","DIST_MFAR_ADDITIONAL_ENTRY","S","","Y","","","","C","","AR","","","","","","AR","AR",""
"AR","RECEIPTS","RECEIPT","C","Modified: Multifund Receipts Cleared Cash Reversal","DEFAULT","DEFAULT","MOD_MFAR_RECE_CLE_CASH_REV","C","RECEIPTS","RECEIPT","30","AR","","","","","","","","","","","FIN_IMPL","2021/02/17 13:43:27.746","","","2021/02/17 13:43:28.048","BB86D0AB262D0F97E0539E90DF0A9DDB","FIN_IMPL","D","","MULTIFUND_UPGRADED_TRX_FLAG","S","","Y","","","","C","","AR","","","","","","AR","AR",""
"AR","TRANSACTIONS","INVOICE","C","New: Multifund Invoice Receivables for Rules","DEFAULT","DEFAULT","NEW_MFAR_INV_REC_RULES","C","TRANSACTIONS","INVOICE","10","AR","","","","","","","","","(",")","FIN_IMPL","2021/02/17 13:27:47.831","","","2021/02/17 13:27:48.02","BB86D0AB262D0F97E0539E90DF0A9DDB","FIN_IMPL","X","A","TRX_INVOICING_RULE_ID","S","","","","","","","","AR","","","","","","AR","AR",""
"AR","TRANSACTIONS","INVOICE","C","New: Multifund Invoice Receivables for Rules","DEFAULT","DEFAULT","NEW_MFAR_INV_REC_RULES","C","TRANSACTIONS","INVOICE","20","AR","","","","","","","","","(","","FIN_IMPL","2021/02/17 13:27:47.844","","","2021/02/17 13:27:48.023","BB86D0AB262D0F97E0539E90DF0A9DDB","FIN_IMPL","E","O","TRX_LINE_DIST_ACCOUNT_CLASS","S","","TAX","","","","C","","AR","","","","","","AR","AR",""
"AR","TRANSACTIONS","INVOICE","C","New: Multifund Invoice Receivables for Rules","DEFAULT","DEFAULT","NEW_MFAR_INV_REC_RULES","C","TRANSACTIONS","INVOICE","30","AR","","","","","","","","","","","FIN_IMPL","2021/02/17 13:27:47.856","","","2021/02/17 13:27:48.025","BB86D0AB262D0F97E0539E90DF0A9DDB","FIN_IMPL","E","O","TRX_LINE_DIST_ACCOUNT_CLASS","S","","FREIGHT","","","","C","","AR","","","","","","AR","AR",""
"AR","TRANSACTIONS","INVOICE","C","New: Multifund Invoice Receivables for Rules","DEFAULT","DEFAULT","NEW_MFAR_INV_REC_RULES","C","TRANSACTIONS","INVOICE","40","AR","","","","","","","","","","","FIN_IMPL","2021/02/17 13:27:47.865","","","2021/02/17 13:27:48.026","BB86D0AB262D0F97E0539E90DF0A9DDB","FIN_IMPL","E","O","TRX_LINE_DIST_ACCOUNT_CLASS","S","","ROUND","","","","C","","AR","","","","","","AR","AR",""
"AR","TRANSACTIONS","INVOICE","C","New: Multifund Invoice Receivables for Rules","DEFAULT","DEFAULT","NEW_MFAR_INV_REC_RULES","C","TRANSACTIONS","INVOICE","50","AR","","","","","","","","","","","FIN_IMPL","2021/02/17 13:27:47.874","","","2021/02/17 13:27:48.028","BB86D0AB262D0F97E0539E90DF0A9DDB","FIN_IMPL","E","O","TRX_LINE_DIST_ACCOUNT_CLASS","S","","CHARGES","","","","C","","AR","","","","","","AR","AR",""
"AR","TRANSACTIONS","INVOICE","C","New: Multifund Invoice Receivables for Rules","DEFAULT","DEFAULT","NEW_MFAR_INV_REC_RULES","C","TRANSACTIONS","INVOICE","60","AR","","","","","","","","","","","FIN_IMPL","2021/02/17 13:27:47.883","","","2021/02/17 13:27:48.029","BB86D0AB262D0F97E0539E90DF0A9DDB","FIN_IMPL","E","O","TRX_LINE_DIST_ACCOUNT_CLASS","S","","DEFERRED_TAX","","","","C","","AR","","","","","","AR","AR",""
"AR","TRANSACTIONS","INVOICE","C","New: Multifund Invoice Receivables for Rules","DEFAULT","DEFAULT","NEW_MFAR_INV_REC_RULES","C","TRANSACTIONS","INVOICE","70","AR","","","","","","","","","(","","FIN_IMPL","2021/02/17 13:27:47.892","","","2021/02/17 13:27:48.031","BB86D0AB262D0F97E0539E90DF0A9DDB","FIN_IMPL","E","A","TRX_LINE_DIST_ACCOUNT_CLASS","S","","UNBILL","","","","C","","AR","","","","","","AR","AR",""
"AR","TRANSACTIONS","INVOICE","C","New: Multifund Invoice Receivables for Rules","DEFAULT","DEFAULT","NEW_MFAR_INV_REC_RULES","C","TRANSACTIONS","INVOICE","80","AR","","","","","","","","","",")","FIN_IMPL","2021/02/17 13:27:47.901","","","2021/02/17 13:27:48.032","BB86D0AB262D0F97E0539E90DF0A9DDB","FIN_IMPL","E","O","REC_OFFSET_FLAG","S","","Y","","","","C","","AR","","","","","","AR","AR",""
"AR","TRANSACTIONS","INVOICE","C","New: Multifund Invoice Receivables for Rules","DEFAULT","DEFAULT","NEW_MFAR_INV_REC_RULES","C","TRANSACTIONS","INVOICE","90","AR","","","","","","","","","(","","FIN_IMPL","2021/02/17 13:27:47.911","","","2021/02/17 13:27:48.033","BB86D0AB262D0F97E0539E90DF0A9DDB","FIN_IMPL","E","A","TRX_LINE_DIST_ACCOUNT_CLASS","S","","UNEARN","","","","C","","AR","","","","","","AR","AR",""
"AR","TRANSACTIONS","INVOICE","C","New: Multifund Invoice Receivables for Rules","DEFAULT","DEFAULT","NEW_MFAR_INV_REC_RULES","C","TRANSACTIONS","INVOICE","100","AR","","","","","","","","","",")","FIN_IMPL","2021/02/17 13:27:47.92","","","2021/02/17 13:27:48.035","BB86D0AB262D0F97E0539E90DF0A9DDB","FIN_IMPL","E","","REC_OFFSET_FLAG","S","","Y","","","","C","","AR","","","","","","AR","AR",""
"AR","TRANSACTIONS","INVOICE","C","New: Multifund Invoice Receivables for Rules","DEFAULT","DEFAULT","NEW_MFAR_INV_REC_RULES","C","TRANSACTIONS","INVOICE","110","AR","","","","","","","","","",")","FIN_IMPL","2021/02/17 13:27:47.93","","","2021/02/17 13:27:48.036","BB86D0AB262D0F97E0539E90DF0A9DDB","FIN_IMPL","","","","","","","","","","","","","","","","","","AR","",""
"AR","TRANSACTIONS","DEBIT_MEMO","C","New: Multifund Debit Memo Receivables for Rules ","DEFAULT","DEFAULT","NEW_MFAR_DEB_MEM_REC_FOR_RULES","C","TRANSACTIONS","DEBIT_MEMO","10","AR","","","","","","","","","(",")","FIN_IMPL","2021/02/17 13:15:02.345","","","2021/02/17 13:15:02.543","BB86D0AB262D0F97E0539E90DF0A9DDB","FIN_IMPL","X","A","TRX_INVOICING_RULE_ID","S","","","","","","","","AR","","","","","","AR","AR",""
"AR","TRANSACTIONS","DEBIT_MEMO","C","New: Multifund Debit Memo Receivables for Rules ","DEFAULT","DEFAULT","NEW_MFAR_DEB_MEM_REC_FOR_RULES","C","TRANSACTIONS","DEBIT_MEMO","20","AR","","","","","","","","","(","","FIN_IMPL","2021/02/17 13:15:02.374","","","2021/02/17 13:15:02.549","BB86D0AB262D0F97E0539E90DF0A9DDB","FIN_IMPL","E","O","TRX_LINE_DIST_ACCOUNT_CLASS","S","","TAX","","","","C","","AR","","","","","","AR","AR",""
"AR","TRANSACTIONS","DEBIT_MEMO","C","New: Multifund Debit Memo Receivables for Rules ","DEFAULT","DEFAULT","NEW_MFAR_DEB_MEM_REC_FOR_RULES","C","TRANSACTIONS","DEBIT_MEMO","30","AR","","","","","","","","","","","FIN_IMPL","2021/02/17 13:15:02.386","","","2021/02/17 13:15:02.551","BB86D0AB262D0F97E0539E90DF0A9DDB","FIN_IMPL","E","O","TRX_LINE_DIST_ACCOUNT_CLASS","S","","FREIGHT","","","","C","","AR","","","","","","AR","AR",""
"AR","TRANSACTIONS","DEBIT_MEMO","C","New: Multifund Debit Memo Receivables for Rules ","DEFAULT","DEFAULT","NEW_MFAR_DEB_MEM_REC_FOR_RULES","C","TRANSACTIONS","DEBIT_MEMO","40","AR","","","","","","","","","","","FIN_IMPL","2021/02/17 13:15:02.396","","","2021/02/17 13:15:02.552","BB86D0AB262D0F97E0539E90DF0A9DDB","FIN_IMPL","E","O","TRX_LINE_DIST_ACCOUNT_CLASS","S","","ROUND","","","","C","","AR","","","","","","AR","AR",""
"AR","TRANSACTIONS","DEBIT_MEMO","C","New: Multifund Debit Memo Receivables for Rules ","DEFAULT","DEFAULT","NEW_MFAR_DEB_MEM_REC_FOR_RULES","C","TRANSACTIONS","DEBIT_MEMO","50","AR","","","","","","","","","","","FIN_IMPL","2021/02/17 13:15:02.406","","","2021/02/17 13:15:02.553","BB86D0AB262D0F97E0539E90DF0A9DDB","FIN_IMPL","E","O","TRX_LINE_DIST_ACCOUNT_CLASS","S","","CHARGES","","","","C","","AR","","","","","","AR","AR",""
"AR","TRANSACTIONS","DEBIT_MEMO","C","New: Multifund Debit Memo Receivables for Rules ","DEFAULT","DEFAULT","NEW_MFAR_DEB_MEM_REC_FOR_RULES","C","TRANSACTIONS","DEBIT_MEMO","60","AR","","","","","","","","","","","FIN_IMPL","2021/02/17 13:15:02.416","","","2021/02/17 13:15:02.555","BB86D0AB262D0F97E0539E90DF0A9DDB","FIN_IMPL","E","O","TRX_LINE_DIST_ACCOUNT_CLASS","S","","DEFERRED_TAX","","","","C","","AR","","","","","","AR","AR",""
"AR","TRANSACTIONS","DEBIT_MEMO","C","New: Multifund Debit Memo Receivables for Rules ","DEFAULT","DEFAULT","NEW_MFAR_DEB_MEM_REC_FOR_RULES","C","TRANSACTIONS","DEBIT_MEMO","70","AR","","","","","","","","","(","","FIN_IMPL","2021/02/17 13:15:02.425","","","2021/02/17 13:15:02.556","BB86D0AB262D0F97E0539E90DF0A9DDB","FIN_IMPL","E","A","TRX_LINE_DIST_ACCOUNT_CLASS","S","","UNBILL","","","","C","","AR","","","","","","AR","AR",""
"AR","TRANSACTIONS","DEBIT_MEMO","C","New: Multifund Debit Memo Receivables for Rules ","DEFAULT","DEFAULT","NEW_MFAR_DEB_MEM_REC_FOR_RULES","C","TRANSACTIONS","DEBIT_MEMO","80","AR","","","","","","","","","",")","FIN_IMPL","2021/02/17 13:15:02.437","","","2021/02/17 13:15:02.557","BB86D0AB262D0F97E0539E90DF0A9DDB","FIN_IMPL","E","O","REC_OFFSET_FLAG","S","","Y","","","","C","","AR","","","","","","AR","AR",""
"AR","TRANSACTIONS","DEBIT_MEMO","C","New: Multifund Debit Memo Receivables for Rules ","DEFAULT","DEFAULT","NEW_MFAR_DEB_MEM_REC_FOR_RULES","C","TRANSACTIONS","DEBIT_MEMO","90","AR","","","","","","","","","(","","FIN_IMPL","2021/02/17 13:15:02.447","","","2021/02/17 13:15:02.559","BB86D0AB262D0F97E0539E90DF0A9DDB","FIN_IMPL","E","A","TRX_LINE_DIST_ACCOUNT_CLASS","S","","UNEARN","","","","C","","AR","","","","","","AR","AR",""
"AR","TRANSACTIONS","DEBIT_MEMO","C","New: Multifund Debit Memo Receivables for Rules ","DEFAULT","DEFAULT","NEW_MFAR_DEB_MEM_REC_FOR_RULES","C","TRANSACTIONS","DEBIT_MEMO","100","AR","","","","","","","","","",")","FIN_IMPL","2021/02/17 13:15:02.457","","","2021/02/17 13:15:02.56","BB86D0AB262D0F97E0539E90DF0A9DDB","FIN_IMPL","E","","REC_OFFSET_FLAG","S","","Y","","","","C","","AR","","","","","","AR","AR",""
"AR","TRANSACTIONS","DEBIT_MEMO","C","New: Multifund Debit Memo Receivables for Rules ","DEFAULT","DEFAULT","NEW_MFAR_DEB_MEM_REC_FOR_RULES","C","TRANSACTIONS","DEBIT_MEMO","110","AR","","","","","","","","","",")","FIN_IMPL","2021/02/17 13:15:02.467","","","2021/02/17 13:15:02.561","BB86D0AB262D0F97E0539E90DF0A9DDB","FIN_IMPL","","","","","","","","","","","","","","","","","","AR","",""
"AR","TRANSACTIONS","CREDIT_MEMO","C","Modified: Multifund Credit Memo Activity From Receivable","DEFAULT","DEFAULT","MOD_MFARCM_ACT_FROM_REC","C","TRANSACTIONS","CREDIT_MEMO","10","AR","","","","","","","","","","","FIN_IMPL","2021/02/17 12:34:17.299","","","2021/02/17 12:34:17.405","BB86D0AB262D0F97E0539E90DF0A9DDB","FIN_IMPL","E","A","DIST_SOURCE_TYPE","S","","REC","","","","C","","AR","","","","","","AR","AR",""
"AR","TRANSACTIONS","CREDIT_MEMO","C","Modified: Multifund Credit Memo Activity From Receivable","DEFAULT","DEFAULT","MOD_MFARCM_ACT_FROM_REC","C","TRANSACTIONS","CREDIT_MEMO","20","AR","","","","","","","","","","","FIN_IMPL","2021/02/17 12:34:17.309","","","2021/02/17 12:34:17.406","BB86D0AB262D0F97E0539E90DF0A9DDB","FIN_IMPL","E","A","CM_APP_FROM_TO_FLAG","S","","F","","","","C","","AR","","","","","","AR","AR",""
"AR","TRANSACTIONS","CREDIT_MEMO","C","Modified: Multifund Credit Memo Activity From Receivable","DEFAULT","DEFAULT","MOD_MFARCM_ACT_FROM_REC","C","TRANSACTIONS","CREDIT_MEMO","30","AR","","","","","","","","","","","FIN_IMPL","2021/02/17 12:34:17.319","","","2021/02/17 12:34:17.407","BB86D0AB262D0F97E0539E90DF0A9DDB","FIN_IMPL","E","A","DIST_MFAR_ADDITIONAL_ENTRY","S","","N","","","","C","","AR","","","","","","AR","AR",""
"AR","TRANSACTIONS","CREDIT_MEMO","C","Modified: Multifund Credit Memo Activity From Receivable","DEFAULT","DEFAULT","MOD_MFARCM_ACT_FROM_REC","C","TRANSACTIONS","CREDIT_MEMO","40","AR","","","","","","","","","","","FIN_IMPL","2021/02/17 12:34:17.331","","","2021/02/17 12:34:17.409","BB86D0AB262D0F97E0539E90DF0A9DDB","FIN_IMPL","D","","MULTIFUND_UPGRADED_TRX_FLAG","S","","Y","","","","C","","AR","","","","","","AR","AR",""
"AR","RECEIPTS","RECEIPT","C","Modified: Multifund Confirmed Cash Reversal","DEFAULT","DEFAULT","MOD_MFAR_CON_CASH_REV","C","RECEIPTS","RECEIPT","10","AR","","","","","","","","","","","FIN_IMPL","2021/02/17 13:43:27.474","","","2021/02/17 13:43:27.989","BB86D0AB262D0F97E0539E90DF0A9DDB","FIN_IMPL","E","A","DIST_SOURCE_TYPE","S","","CONFIRMATION","","","","C","","AR","","","","","","AR","AR",""
"AR","RECEIPTS","RECEIPT","C","Modified: Multifund Confirmed Cash Reversal","DEFAULT","DEFAULT","MOD_MFAR_CON_CASH_REV","C","RECEIPTS","RECEIPT","20","AR","","","","","","","","","","","FIN_IMPL","2021/02/17 13:43:27.485","","","2021/02/17 13:43:27.992","BB86D0AB262D0F97E0539E90DF0A9DDB","FIN_IMPL","E","A","DIST_MFAR_ADDITIONAL_ENTRY","S","","Y","","","","C","","AR","","","","","","AR","AR",""
"AR","RECEIPTS","RECEIPT","C","Modified: Multifund Confirmed Cash Reversal","DEFAULT","DEFAULT","MOD_MFAR_CON_CASH_REV","C","RECEIPTS","RECEIPT","30","AR","","","","","","","","","","","FIN_IMPL","2021/02/17 13:43:27.494","","","2021/02/17 13:43:27.993","BB86D0AB262D0F97E0539E90DF0A9DDB","FIN_IMPL","D","","MULTIFUND_UPGRADED_TRX_FLAG","S","","Y","","","","C","","AR","","","","","","AR","AR",""
"AR","RECEIPTS","RECEIPT","C","New: Multifund Receipt Default Application","DEFAULT","DEFAULT","NEW_MFAR_RECPT_DEF_APP","C","RECEIPTS","RECEIPT","10","AR","","","","","","","","","","","FIN_IMPL","2021/02/17 13:47:08.361","","","2021/02/17 13:47:08.672","BB86D0AB262D0F97E0539E90DF0A9DDB","FIN_IMPL","E","A","DIST_SOURCE_TYPE","S","","REC","","","","C","","AR","","","","","","AR","AR",""
"AR","RECEIPTS","RECEIPT","C","New: Multifund Receipt Default Application","DEFAULT","DEFAULT","NEW_MFAR_RECPT_DEF_APP","C","RECEIPTS","RECEIPT","20","AR","","","","","","","","","","","FIN_IMPL","2021/02/17 13:47:08.376","","","2021/02/17 13:47:08.675","BB86D0AB262D0F97E0539E90DF0A9DDB","FIN_IMPL","E","A","DIST_MFAR_ADDITIONAL_ENTRY","S","","N","","","","C","","AR","","","","","","AR","AR",""
"AR","RECEIPTS","RECEIPT","C","New: Multifund Receipt Default Application","DEFAULT","DEFAULT","NEW_MFAR_RECPT_DEF_APP","C","RECEIPTS","RECEIPT","30","AR","","","","","","","","","","","FIN_IMPL","2021/02/17 13:47:08.386","","","2021/02/17 13:47:08.68","BB86D0AB262D0F97E0539E90DF0A9DDB","FIN_IMPL","E","","MULTIFUND_UPGRADED_TRX_FLAG","S","","Y","","","","C","","AR","","","","","","AR","AR",""
"AHC_EXT_ERP","AHC_EXT_ERP","AHC_EXT_ERP","C","SAP AP Bank CR","DEFAULT","DEFAULT","CR_AP_BANK","C","AHC_EXT_ERP","AHC_EXT_ERP","10","","","","","","","","","","","","FIN_IMPL","2021/05/25 18:37:56.24","","","2021/05/25 18:37:57.495","C2E6F605D8E78F32E0532C60FD0AEBD3","FIN_IMPL","E","A","SOURCE_SYSTEM","S","","SAP","","","","C","","","","","","","","AHC_EXT_ERP","AHC_EXT_ERP",""
"AHC_EXT_ERP","AHC_EXT_ERP","AHC_EXT_ERP","C","SAP AP Bank CR","DEFAULT","DEFAULT","CR_AP_BANK","C","AHC_EXT_ERP","AHC_EXT_ERP","20","","","","","","","","","","","","FIN_IMPL","2021/05/25 18:37:56.258","","","2021/05/25 18:37:57.497","C2E6F605D8E78F32E0532C60FD0AEBD3","FIN_IMPL","E","","SOURCE_LINE_DESCRIPTION","S","","Cash","","","","C","","","","","","","","AHC_EXT_ERP","AHC_EXT_ERP",""
"AHC_EXT_ERP","AHC_EXT_ERP","AHC_EXT_ERP","C","SAP AP Liability CR","DEFAULT","DEFAULT","CR_AP_LIABILILTY","C","AHC_EXT_ERP","AHC_EXT_ERP","10","","","","","","","","","","(","","FIN_IMPL","2021/05/26 12:13:28.61","","","2021/05/26 12:13:28.829","C2E6DBA0B1798F62E0532C60FD0A4A9C","FIN_IMPL","E","O","LINE_TYPE","S","","AP Liability","","","","C","","","","","","","","AHC_EXT_ERP","AHC_EXT_ERP",""
"AHC_EXT_ERP","AHC_EXT_ERP","AHC_EXT_ERP","C","SAP AP Liability CR","DEFAULT","DEFAULT","CR_AP_LIABILILTY","C","AHC_EXT_ERP","AHC_EXT_ERP","20","","","","","","","","","","",")","FIN_IMPL","2021/05/26 12:13:28.658","","","2021/05/26 12:13:28.834","C2E6DBA0B1798F62E0532C60FD0A4A9C","FIN_IMPL","E","A","LINE_TYPE","S","","Tax Liability","","","","C","","","","","","","","AHC_EXT_ERP","AHC_EXT_ERP",""
"AHC_EXT_ERP","AHC_EXT_ERP","AHC_EXT_ERP","C","SAP AP Liability CR","DEFAULT","DEFAULT","CR_AP_LIABILILTY","C","AHC_EXT_ERP","AHC_EXT_ERP","30","","","","","","","","","","","","FIN_IMPL","2021/05/26 12:13:28.675","","","2021/05/26 12:13:28.836","C2E6DBA0B1798F62E0532C60FD0A4A9C","FIN_IMPL","E","","SOURCE_SYSTEM","S","","SAP","","","","C","","","","","","","","AHC_EXT_ERP","AHC_EXT_ERP",""
"AHC_EXT_ERP","AHC_EXT_ERP","AHC_EXT_ERP","C","SAP AP Liability DR","DEFAULT","DEFAULT","DR_AP_LIABILILTY","C","AHC_EXT_ERP","AHC_EXT_ERP","10","","","","","","","","","","","","FIN_IMPL","2021/05/25 18:37:56.484","","","2021/05/25 18:37:57.549","C2E6F605D8E78F32E0532C60FD0AEBD3","FIN_IMPL","E","A","SOURCE_LINE_DESCRIPTION","S","","AP Liability","","","","C","","","","","","","","AHC_EXT_ERP","AHC_EXT_ERP",""
"AHC_EXT_ERP","AHC_EXT_ERP","AHC_EXT_ERP","C","SAP AP Liability DR","DEFAULT","DEFAULT","DR_AP_LIABILILTY","C","AHC_EXT_ERP","AHC_EXT_ERP","20","","","","","","","","","","","","FIN_IMPL","2021/05/25 18:37:56.492","","","2021/05/25 18:37:57.55","C2E6F605D8E78F32E0532C60FD0AEBD3","FIN_IMPL","E","","SOURCE_SYSTEM","S","","SAP","","","","C","","","","","","","","AHC_EXT_ERP","AHC_EXT_ERP",""
"AHC_EXT_ERP","AHC_EXT_ERP","AHC_EXT_ERP","C","SAP Tax Expense DR","DEFAULT","DEFAULT","DR_TAX_EXP","C","AHC_EXT_ERP","AHC_EXT_ERP","10","","","","","","","","","","","","FIN_IMPL","2021/05/25 18:37:56.596","","","2021/05/25 18:37:57.569","C2E6F605D8E78F32E0532C60FD0AEBD3","FIN_IMPL","E","A","LINE_TYPE","S","","Tax Expense","","","","C","","","","","","","","AHC_EXT_ERP","AHC_EXT_ERP",""
"AHC_EXT_ERP","AHC_EXT_ERP","AHC_EXT_ERP","C","SAP Tax Expense DR","DEFAULT","DEFAULT","DR_TAX_EXP","C","AHC_EXT_ERP","AHC_EXT_ERP","20","","","","","","","","","","","","FIN_IMPL","2021/05/25 18:37:56.602","","","2021/05/25 18:37:57.57","C2E6F605D8E78F32E0532C60FD0AEBD3","FIN_IMPL","E","","SOURCE_SYSTEM","S","","SAP","","","","C","","","","","","","","AHC_EXT_ERP","AHC_EXT_ERP",""
"AHC_EXT_ERP","AHC_EXT_ERP","AHC_EXT_ERP","C","PSFT AP Liability CR","DEFAULT","DEFAULT","PSFT_AP_LIABILITY_CR","C","AHC_EXT_ERP","AHC_EXT_ERP","10","","","","","","","","","","(","","FIN_IMPL","2021/05/26 12:13:28.709","","","2021/05/26 12:13:28.844","C2E6DBA0B1798F62E0532C60FD0A4A9C","FIN_IMPL","E","O","LINE_TYPE","S","","AP Liability","","","","C","","","","","","","","AHC_EXT_ERP","AHC_EXT_ERP",""
"AHC_EXT_ERP","AHC_EXT_ERP","AHC_EXT_ERP","C","PSFT AP Liability CR","DEFAULT","DEFAULT","PSFT_AP_LIABILITY_CR","C","AHC_EXT_ERP","AHC_EXT_ERP","20","","","","","","","","","","",")","FIN_IMPL","2021/05/26 12:13:28.72","","","2021/05/26 12:13:28.845","C2E6DBA0B1798F62E0532C60FD0A4A9C","FIN_IMPL","E","A","LINE_TYPE","S","","Tax Liability","","","","C","","","","","","","","AHC_EXT_ERP","AHC_EXT_ERP",""
"AHC_EXT_ERP","AHC_EXT_ERP","AHC_EXT_ERP","C","PSFT AP Liability CR","DEFAULT","DEFAULT","PSFT_AP_LIABILITY_CR","C","AHC_EXT_ERP","AHC_EXT_ERP","30","","","","","","","","","","","","FIN_IMPL","2021/05/26 12:13:28.73","","","2021/05/26 12:13:28.846","C2E6DBA0B1798F62E0532C60FD0A4A9C","FIN_IMPL","E","","SOURCE_SYSTEM","S","","PSFT","","","","C","","","","","","","","AHC_EXT_ERP","AHC_EXT_ERP",""
"AHC_EXT_ERP","AHC_EXT_ERP","AHC_EXT_ERP","C","PSFT Item Expense DR","DEFAULT","DEFAULT","PSFT_ITEM_EXP_DR","C","AHC_EXT_ERP","AHC_EXT_ERP","10","","","","","","","","","","","","FIN_IMPL","2021/05/25 18:37:56.828","","","2021/05/25 18:37:57.614","C2E6F605D8E78F32E0532C60FD0AEBD3","FIN_IMPL","E","A","LINE_TYPE","S","","Expense","","","","C","","","","","","","","AHC_EXT_ERP","AHC_EXT_ERP",""
"AHC_EXT_ERP","AHC_EXT_ERP","AHC_EXT_ERP","C","PSFT Item Expense DR","DEFAULT","DEFAULT","PSFT_ITEM_EXP_DR","C","AHC_EXT_ERP","AHC_EXT_ERP","20","","","","","","","","","","","","FIN_IMPL","2021/05/25 18:37:56.835","","","2021/05/25 18:37:57.615","C2E6F605D8E78F32E0532C60FD0AEBD3","FIN_IMPL","E","","SOURCE_SYSTEM","S","","PSFT","","","","C","","","","","","","","AHC_EXT_ERP","AHC_EXT_ERP",""
"AHC_EXT_ERP","AHC_EXT_ERP","AHC_EXT_ERP","C","PSFT Manual JE CR","DEFAULT","DEFAULT","PSFT_MANUAL_JE_CR","C","AHC_EXT_ERP","AHC_EXT_ERP","10","","","","","","","","","","","","FIN_IMPL","2021/05/25 18:37:56.958","","","2021/05/25 18:37:57.635","C2E6F605D8E78F32E0532C60FD0AEBD3","FIN_IMPL","X","A","SOURCE_CR","S","","","","","","","","","","","","","","AHC_EXT_ERP","AHC_EXT_ERP",""
"AHC_EXT_ERP","AHC_EXT_ERP","AHC_EXT_ERP","C","PSFT Manual JE CR","DEFAULT","DEFAULT","PSFT_MANUAL_JE_CR","C","AHC_EXT_ERP","AHC_EXT_ERP","20","","","","","","","","","","","","FIN_IMPL","2021/05/25 18:37:56.966","","","2021/05/25 18:37:57.637","C2E6F605D8E78F32E0532C60FD0AEBD3","FIN_IMPL","E","","SOURCE_SYSTEM","S","","PSFT","","","","C","","","","","","","","AHC_EXT_ERP","AHC_EXT_ERP",""
"AHC_EXT_ERP","AHC_EXT_ERP","AHC_EXT_ERP","C","PSFT Manual JE DR","DEFAULT","DEFAULT","PSFT_MANUAL_JE_DR","C","AHC_EXT_ERP","AHC_EXT_ERP","10","","","","","","","","","","","","FIN_IMPL","2021/05/25 18:37:57.071","","","2021/05/25 18:37:57.661","C2E6F605D8E78F32E0532C60FD0AEBD3","FIN_IMPL","X","A","SOURCE_DR","S","","","","","","","","","","","","","","AHC_EXT_ERP","AHC_EXT_ERP",""
"AHC_EXT_ERP","AHC_EXT_ERP","AHC_EXT_ERP","C","PSFT Manual JE DR","DEFAULT","DEFAULT","PSFT_MANUAL_JE_DR","C","AHC_EXT_ERP","AHC_EXT_ERP","20","","","","","","","","","","","","FIN_IMPL","2021/05/25 18:37:57.077","","","2021/05/25 18:37:57.662","C2E6F605D8E78F32E0532C60FD0AEBD3","FIN_IMPL","E","","SOURCE_SYSTEM","S","","PSFT","","","","C","","","","","","","","AHC_EXT_ERP","AHC_EXT_ERP",""
"AHC_EXT_ERP","AHC_EXT_ERP","AHC_EXT_ERP","C","PSFT Tax Epense DR","DEFAULT","DEFAULT","PSFT_TAX_EXP_DR","C","AHC_EXT_ERP","AHC_EXT_ERP","10","","","","","","","","","","","","FIN_IMPL","2021/05/25 18:37:57.197","","","2021/05/25 18:37:57.683","C2E6F605D8E78F32E0532C60FD0AEBD3","FIN_IMPL","E","A","LINE_TYPE","S","","Tax Expense","","","","C","","","","","","","","AHC_EXT_ERP","AHC_EXT_ERP",""
"AHC_EXT_ERP","AHC_EXT_ERP","AHC_EXT_ERP","C","PSFT Tax Epense DR","DEFAULT","DEFAULT","PSFT_TAX_EXP_DR","C","AHC_EXT_ERP","AHC_EXT_ERP","20","","","","","","","","","","","","FIN_IMPL","2021/05/25 18:37:57.203","","","2021/05/25 18:37:57.684","C2E6F605D8E78F32E0532C60FD0AEBD3","FIN_IMPL","E","","SOURCE_SYSTEM","S","","PSFT","","","","C","","","","","","","","AHC_EXT_ERP","AHC_EXT_ERP",""
"AHC_EXT_ERP","AHC_EXT_ERP","AHC_EXT_ERP","C","SAP Item Expense DR","DEFAULT","DEFAULT","SAP_ITEM_EXP_DR","C","AHC_EXT_ERP","AHC_EXT_ERP","10","","","","","","","","","","","","FIN_IMPL","2021/05/25 18:37:57.331","","","2021/05/25 18:37:57.705","C2E6F605D8E78F32E0532C60FD0AEBD3","FIN_IMPL","E","A","LINE_TYPE","S","","Expense","","","","C","","","","","","","","AHC_EXT_ERP","AHC_EXT_ERP",""
"AHC_EXT_ERP","AHC_EXT_ERP","AHC_EXT_ERP","C","SAP Item Expense DR","DEFAULT","DEFAULT","SAP_ITEM_EXP_DR","C","AHC_EXT_ERP","AHC_EXT_ERP","20","","","","","","","","","","","","FIN_IMPL","2021/05/25 18:37:57.338","","","2021/05/25 18:37:57.706","C2E6F605D8E78F32E0532C60FD0AEBD3","FIN_IMPL","E","","SOURCE_SYSTEM","S","","SAP","","","","C","","","","","","","","AHC_EXT_ERP","AHC_EXT_ERP",""
