"ApplicationShortName","EntityCode","EventClassCode","JournalLineRuleTypeCode","Name","AmbContextCode","AccountingClassCode","AccountingEntryTypeCode","BusinessClassCode","BusinessMethodCode","CreatedBy","CreationDate","CrossLedgerBalancingFlag","Description","EnabledFlag","GainOrLossFlag","GlTransferModeCode","JournalLineRuleCode","LastUpdateDate","LastUpdateLogin","LastUpdatedBy","MergeDuplicateCode","MpaOptionCode","NaturalSideCode","RoundingClassCode","SwitchSideFlag","TransactionCoaStrInsCode","MultiperiodOptionFlag","MultiperiodClassCode"
"FAH_INSURANCE","COMM_P_AND_C","COMM_P_AND_C","C","CR Commercial Paid Loss Payable","DEFAULT","LIABILITY","A","","NONE","FIN_IMPL","2014/02/05 17:26:18.662","N","CR Commercial Paid Loss Payable","Y","N","S","COMM_PAID_LOSS_PAYABLE","2014/02/05 17:27:02.401","F1AC295D2BE049D6E0436204548CABAA","FIN_IMPL","N","NONE","C","LIABILITY","Y","","N",""
"FAH_INSURANCE","COMM_P_AND_C","COMM_P_AND_C","C","CR Commercial Earned Premium","DEFAULT","REVENUE","A","","NONE","FIN_IMPL","2014/02/05 17:24:40.327","N","CR Commercial Earned Premium","Y","N","S","CR_COMM_EARNED_PREMIUM","2014/02/05 17:26:00.029","F1AC295D2BE049D6E0436204548CABAA","FIN_IMPL","N","NONE","C","REVENUE","Y","","N",""
"FAH_INSURANCE","COMM_P_AND_C","COMM_P_AND_C","C","CR Commercial UPR","DEFAULT","LIABILITY","A","","NONE","FIN_IMPL","2014/02/05 17:27:14.359","N","CR Commercial UPR","Y","N","S","CR_COMM_UPR","2014/02/05 17:28:42.534","F1AC295D2BE049D6E0436204548CABAA","FIN_IMPL","N","NONE","C","LIABILITY","Y","","N",""
"FAH_INSURANCE","COMM_P_AND_C","COMM_P_AND_C","C","CR Premium Payment","DEFAULT","RECEIVABLE","A","","NONE","FIN_IMPL","2014/02/05 17:32:05.219","N","CR Premium Payment","Y","N","S","CR_PREM_PAYMENT","2014/02/05 17:32:37.967","F1AC295D2BE049D6E0436204548CABAA","FIN_IMPL","N","NONE","C","RECEIVABLE","Y","","N",""
"FAH_INSURANCE","COMM_P_AND_C","COMM_P_AND_C","C","CR Reinsurance Payable","DEFAULT","LIABILITY","A","","NONE","FIN_IMPL","2014/02/05 17:33:05.341","N","CR Reinsurance Payable","Y","N","S","CR_REINSURANCE_PAYABLE","2014/02/05 17:34:36.937","F1AC295D2BE049D6E0436204548CABAA","FIN_IMPL","N","NONE","C","LIABILITY","Y","","N",""
"FAH_INSURANCE","COMM_P_AND_C","COMM_P_AND_C","C","CR Unpaid Loss Payable","DEFAULT","LIABILITY","A","","NONE","FIN_IMPL","2014/02/05 17:34:46.946","N","CR Unpaid Loss Payable","Y","N","S","CR_UNPAID_LOSS_PAYABLE","2014/02/05 17:35:37.228","F1AC295D2BE049D6E0436204548CABAA","FIN_IMPL","N","NONE","C","LIABILITY","Y","","N",""
"FAH_INSURANCE","PERSONAL_AUTO_INSURANCE","PERSONAL_AUTO_INSURANCE","C","DR Auto Insurance Policy Issued ","DEFAULT","ASSET","A","","NONE","FIN_IMPL","2014/02/05 17:41:30.379","N","DR Auto Insurance Policy Issued ","Y","N","S","DRAUTOINSPOLICYISS","2014/02/05 17:41:59.739","F1AC295D2BE049D6E0436204548CABAA","FIN_IMPL","N","NONE","D","ASSET","N","","N",""
"FAH_INSURANCE","PERSONAL_AUTO_INSURANCE","PERSONAL_AUTO_INSURANCE","C","DR Auto Claim Paid","DEFAULT","LIABILITY","A","","NONE","FIN_IMPL","2014/02/05 17:37:31.495","N","DR Auto Claim Paid","Y","N","S","DRAUTOCLAIMPAID","2014/02/05 17:38:08.334","F1AC295D2BE049D6E0436204548CABAA","FIN_IMPL","N","NONE","D","LIABILITY","N","","N",""
"FAH_INSURANCE","PERSONAL_AUTO_INSURANCE","PERSONAL_AUTO_INSURANCE","C","DR Agent Commissions Auto Paid","DEFAULT","LIABILITY","A","","NONE","FIN_IMPL","2014/02/05 17:39:00.516","N","DR Agent Commissions Auto Paid","Y","N","S","DRAGENTCOMMISSIONSAUTOPAID","2014/02/05 17:39:39.389","F1AC295D2BE049D6E0436204548CABAA","FIN_IMPL","N","NONE","D","LIABILITY","N","","N",""
"FAH_INSURANCE","PERSONAL_AUTO_INSURANCE","PERSONAL_AUTO_INSURANCE","C","DR Auto Claim Reported","DEFAULT","EXPENSE","A","","NONE","FIN_IMPL","2014/02/05 17:40:06.778","N","DR Auto Claim Reported","Y","N","S","DRAUTOCLAIMREPORT","2014/02/05 17:40:43.179","F1AC295D2BE049D6E0436204548CABAA","FIN_IMPL","N","NONE","D","EXPENSE","N","","N",""
"FAH_INSURANCE","PERSONAL_AUTO_INSURANCE","PERSONAL_AUTO_INSURANCE","C","DR Auto Insurance Policy Payment","DEFAULT","ASSET","A","","NONE","FIN_IMPL","2014/02/05 17:42:41.846","N","DR Auto Insurance Policy Payment","Y","N","S","DRAUTOINSPOLICYPAY","2014/02/05 17:43:14.077","F1AC295D2BE049D6E0436204548CABAA","FIN_IMPL","N","NONE","D","ASSET","Y","","N",""
"FAH_INSURANCE","COMM_P_AND_C","COMM_P_AND_C","C","DR Ceded Paid Loss Receivable","DEFAULT","ASSET","A","","NONE","FIN_IMPL","2014/02/05 17:43:28.263","N","DR Ceded Paid Loss Receivable","Y","N","S","DR_CEDE_PAID_LOSS_REC","2014/02/05 17:44:55.013","F1AC295D2BE049D6E0436204548CABAA","FIN_IMPL","N","NONE","D","ASSET","Y","","N",""
"FAH_INSURANCE","COMM_P_AND_C","COMM_P_AND_C","C","DR Ceded Premiums","DEFAULT","REVENUE","A","","NONE","FIN_IMPL","2014/02/05 17:45:12.051","N","DR Ceded Premiums","Y","N","S","DR_CEDED_PREMIUMS","2014/02/05 17:46:49.62","F1AC295D2BE049D6E0436204548CABAA","FIN_IMPL","N","NONE","D","REVENUE","Y","","N",""
"FAH_INSURANCE","COMM_P_AND_C","COMM_P_AND_C","C","DR Comm Unearned Premium","DEFAULT","REVENUE","A","","NONE","FIN_IMPL","2014/02/05 17:46:56.013","N","DR Comm Unearned Premium","Y","N","S","DR_COMM_UNEARNED_PREM","2014/02/05 17:47:38.71","F1AC295D2BE049D6E0436204548CABAA","FIN_IMPL","N","NONE","D","REVENUE","Y","","N",""
"FAH_INSURANCE","COMM_P_AND_C","COMM_P_AND_C","C","DR Commercial Paid Loss Expense","DEFAULT","EXPENSE","A","","NONE","FIN_IMPL","2014/02/05 17:47:48.217","N","DR Commercial Paid Loss Expense","Y","N","S","COMM_PAID_LOSS_EXPENSE","2014/02/05 17:48:34.674","F1AC295D2BE049D6E0436204548CABAA","FIN_IMPL","N","NONE","D","EXPENSE","Y","","N",""
"FAH_INSURANCE","COMM_P_AND_C","COMM_P_AND_C","C","DR Commercial Premium Receivable","DEFAULT","ASSET","A","","NONE","FIN_IMPL","2014/02/05 17:48:35.206","N","DR Commercial Premium Receivable","Y","N","S","DR_COMM_PREM_RECEIVABLE","2014/02/05 17:49:25.62","F1AC295D2BE049D6E0436204548CABAA","FIN_IMPL","N","NONE","D","ASSET","Y","","N",""
"FAH_INSURANCE","COMM_P_AND_C","COMM_P_AND_C","C","DR Commission Expense","DEFAULT","EXPENSE","A","","NONE","FIN_IMPL","2014/02/05 17:49:26.177","N","DR Commission Expense","Y","N","S","DR_COMMISSION_EXP","2014/02/05 17:58:59.517","F1AC295D2BE049D6E0436204548CABAA","FIN_IMPL","N","NONE","D","EXPENSE","Y","","N",""
"FAH_INSURANCE","COMM_P_AND_C","COMM_P_AND_C","C","DR DAC","DEFAULT","ASSET","A","","NONE","FIN_IMPL","2014/02/05 17:59:18.507","N","DR DAC","Y","N","S","DR_DAC","2014/02/05 18:00:18.133","F1AC295D2BE049D6E0436204548CABAA","FIN_IMPL","N","NONE","D","ASSET","Y","","N",""
"FAH_INSURANCE","COMM_P_AND_C","COMM_P_AND_C","C","DR Premium Payment","DEFAULT","CASH","A","","NONE","FIN_IMPL","2014/02/05 18:00:18.677","N","DR Premium Payment","Y","N","S","DR_PREM_PAYMENT","2014/02/05 18:01:03.369","F1AC295D2BE049D6E0436204548CABAA","FIN_IMPL","N","NONE","D","CASH","Y","","N",""
"FAH_INSURANCE","COMM_P_AND_C","COMM_P_AND_C","C","DR Unpaid Incurred Loss","DEFAULT","EXPENSE","A","","NONE","FIN_IMPL","2014/02/05 18:01:03.911","N","DR Unpaid Incurred Loss","Y","N","S","DR_UNPAID_INCURRED_LOSS","2014/02/05 18:01:57.391","F1AC295D2BE049D6E0436204548CABAA","FIN_IMPL","N","NONE","D","EXPENSE","Y","","N",""
"FAH_BILLING","BILLING_SYSTEM","BILLING_SYSTEM","C","Billing Revenue IFRS","DEFAULT","PJB_REV_EX_EVT","A","","NONE","FIN_IMPL","2013/11/19 21:34:39.755","N","Billing Revenue IFRS","Y","N","S","BILLING_REV_IFRS","2013/11/19 21:35:45.26","EB8D3B917004406DE0436204548C2BAF","FIN_IMPL","N","NONE","C","ADJ_NON_REC_TAX","Y","","N",""
"FAH_BILLING","BILLING_SYSTEM","BILLING_SYSTEM","C","Billing Receivable Reversal","DEFAULT","ASSET","A","","NONE","FIN_IMPL","2013/11/19 21:39:30.461","N","Billing Receivable Reversal","Y","N","S","BILLING_REC_REVERSE","2013/11/19 21:40:18.313","EB8D3B939D304828E0436204548C70AC","FIN_IMPL","N","NONE","C","ASSET","Y","","N",""
"FAH_BILLING","BILLING_SYSTEM","BILLING_SYSTEM","C","Billing Settlement","DEFAULT","CASH_CLEARING","A","","NONE","FIN_IMPL","2013/11/19 21:40:42.772","N","Billing Settlement","Y","N","S","BILLING_SETTLE","2013/11/19 21:41:15.683","EB8D3B939D314828E0436204548C70AC","FIN_IMPL","N","NONE","D","CASH_CLEARING","Y","","N",""
"FAH_BILLING","BILLING_SYSTEM","BILLING_SYSTEM","C","Billing Revenue Adjustment IFRS","DEFAULT","PJB_REV_EX_EVT_ADJ","A","","NONE","FIN_IMPL","2013/11/19 21:41:51.488","N","Billing Revenue Adjustment IFRS","Y","N","S","BILLING_IFRS_ADJ","2013/11/19 21:42:58.083","EB8D3B939D324828E0436204548C70AC","FIN_IMPL","N","NONE","D","PJB_REV_EX_EVT_ADJ","Y","","N",""
"CMR","RECEIVING","RECEIVING","C","Receiving Inspection User Defined (US)","DEFAULT","RECEIVING_INSPECTION","A","","NONE","SCM_IMPL","2013/11/26 21:59:23.0","N","","Y","N","S","REC_INSP_USER_DEFINED_US","2013/11/26 22:01:32.661","EC1C5BA5CC7A456DE0436204548CFFDB","SCM_IMPL","N","NONE","D","RECEIVING_INSPECTION","Y","","N",""
"CMR","RECEIVING","RECEIVING","C","Receiving Inspection User Defined (FR)","DEFAULT","RECEIVING_INSPECTION","A","","NONE","SCM_IMPL","2014/01/29 17:55:54.0","N","","Y","N","S","REC_INSP_USER_DEFINED_FR","2014/01/29 17:58:48.166","F11E41E5C4773313E0436204548CFFCB","SCM_IMPL","N","NONE","D","RECEIVING_INSPECTION","Y","","N",""
"FAH_BILLING","BILLING_SYSTEM","BILLING_SYSTEM","C","Billing Revenue GAAP","DEFAULT","PJB_REV_EX_EVT","A","","NONE","FIN_IMPL","2013/11/19 21:32:25.0","N","Billing Revenue GAAP","Y","N","S","BILLING_REV_GAAP","2013/11/19 21:34:16.368","EB8D3B939D2E4828E0436204548C70AC","FIN_IMPL","N","NONE","C","PJB_REV_EX_EVT","Y","","N",""
"FAH_BILLING","BILLING_SYSTEM","BILLING_SYSTEM","C","Billing Adjustment GAAP","DEFAULT","PJB_REV_EX_EVT_ADJ","A","","NONE","FIN_IMPL","2013/11/19 21:36:32.609","N","Billing Adjustment GAAP","Y","N","S","BILLING_ADJ_GAAP","2013/11/19 21:37:26.694","EB8D3B917005406DE0436204548C2BAF","FIN_IMPL","N","NONE","D","PJB_REV_EX_EVT_ADJ","Y","","N",""
"FAH_BILLING","BILLING_SYSTEM","BILLING_SYSTEM","C","Billing Adjustment IFRS","DEFAULT","PJB_REV_EX_EVT_ADJ","A","","NONE","FIN_IMPL","2013/11/19 21:37:43.517","N","Billing Adjustment IFRS","Y","N","S","BILLING_ADJ_IFRS","2014/03/19 19:27:48.045","F4FB7FFCD326138FE0436204548C4DC5","FIN_IMPL","N","NONE","D","PJB_REV_EX_EVT_ADJ","Y","","N",""
"FAH_BILLING","BILLING_SYSTEM","BILLING_SYSTEM","C","Billing Receivable","DEFAULT","ASSET","A","","NONE","FIN_IMPL","2013/11/19 21:38:34.318","N","Billing Receivable","Y","N","S","BILLING_REC","2013/11/19 21:39:09.379","EB8D3B917006406DE0436204548C2BAF","FIN_IMPL","N","NONE","D","ASSET","Y","","N",""
"CMR","RECEIVING","RECEIVING","C","Receiving Inspection - User Defined (UK)","DEFAULT","RECEIVING_INSPECTION","A","","NONE","SCM_IMPL","2014/01/07 00:28:18.571","N","","Y","N","S","RCV_INSP_USER_DEFINED_UK","2014/01/07 00:31:37.513","EF565981E5B37D65E0436204548C2AB8","SCM_IMPL","N","NONE","D","RECEIVING_INSPECTION","Y","","N",""
"FAH_INSURANCE","PERSONAL_AUTO_INSURANCE","PERSONAL_AUTO_INSURANCE","C","CR Agent Commissions Auto Paid","DEFAULT","CASH","A","","NONE","FIN_IMPL","2014/02/04 22:44:38.0","N","CR Agent Commissions Auto Paid","Y","N","S","CRAGENTCOMMAUTOPAID","2014/02/04 22:45:47.309","F1951E89E7FF126EE0436204548C65CF","FIN_IMPL","N","NONE","C","CASH","N","","N",""
"FAH_INSURANCE","PERSONAL_AUTO_INSURANCE","PERSONAL_AUTO_INSURANCE","C","CR Auto  Claim Paid","DEFAULT","CASH","A","","NONE","FIN_IMPL","2014/02/04 22:46:31.16","N","CR Auto  Claim Paid","Y","N","S","CRAUTOCLAIMPAID","2014/02/04 22:47:13.493","F1951E89E7FF126EE0436204548C65CF","FIN_IMPL","N","NONE","C","CASH","N","","N",""
"FAH_INSURANCE","PERSONAL_AUTO_INSURANCE","PERSONAL_AUTO_INSURANCE","C","CR Auto Claim Reported","DEFAULT","LIABILITY","A","","NONE","FIN_IMPL","2014/02/04 22:47:37.262","N","CR Auto Claim Reported","Y","N","S","CRAUTOCLAIMRPEPORTED","2014/02/04 22:48:36.452","F1951E89E7FF126EE0436204548C65CF","FIN_IMPL","N","NONE","C","LIABILITY","N","","N",""
"FAH_INSURANCE","PERSONAL_AUTO_INSURANCE","PERSONAL_AUTO_INSURANCE","C","CR Auto Insurance Policy Issued ","DEFAULT","REVENUE","A","","NONE","FIN_IMPL","2014/02/04 22:49:12.611","N","CR Auto Insurance Policy Issued ","Y","N","S","CRAUROINSPOLICYISS","2014/02/04 22:50:01.002","F1951E89E7FF126EE0436204548C65CF","FIN_IMPL","N","NONE","C","REVENUE","N","","N",""
"FAH_INSURANCE","PERSONAL_AUTO_INSURANCE","PERSONAL_AUTO_INSURANCE","C","CR Auto Insurance Policy Payment","DEFAULT","ASSET","A","","NONE","FIN_IMPL","2014/02/04 22:53:04.22","N","CR Auto Insurance Policy Payment","Y","N","S","CRAUTOINSPOLICYPAY","2014/02/04 22:55:03.093","F1951E89E7FF126EE0436204548C65CF","FIN_IMPL","N","NONE","C","ASSET","N","","N",""
"FAH_INSURANCE","COMM_P_AND_C","COMM_P_AND_C","C","CR Ceded Paid Loss Expense","DEFAULT","EXPENSE","A","","NONE","FIN_IMPL","2014/02/04 22:59:09.38","N","CR Ceded Paid Loss Expense","Y","N","S","CR_CEDE_PAID_LOSS_EXPENSE","2014/02/04 23:01:53.175","F1951E89E7FF126EE0436204548C65CF","FIN_IMPL","N","NONE","C","EXPENSE","Y","","N",""
"FAH_INSURANCE","COMM_P_AND_C","COMM_P_AND_C","C","CR Comm Unearned Premium","DEFAULT","REVENUE","A","","NONE","FIN_IMPL","2014/02/05 17:22:25.0","N","CR Comm Unearned Premium ","Y","N","S","CR_COMM_UNEARNED_PREM","2014/02/05 17:24:02.357","F1AC295D2BE049D6E0436204548CABAA","FIN_IMPL","N","NONE","C","REVENUE","Y","","N",""
"FAH_INSURANCE","COMM_P_AND_C","COMM_P_AND_C","C","CR Commercial Written Premium","DEFAULT","REVENUE","A","","NONE","FIN_IMPL","2014/02/05 17:29:00.459","N","CR Commercial Written Premium","Y","N","S","CR_COMM_WRITTEN_PREMIUM","2014/02/05 17:29:27.434","F1AC295D2BE049D6E0436204548CABAA","FIN_IMPL","N","NONE","C","REVENUE","Y","","N",""
"FAH_INSURANCE","COMM_P_AND_C","COMM_P_AND_C","C","CR Commission Payable","DEFAULT","ACCOUNTSPAYABLE","A","","NONE","FIN_IMPL","2014/02/05 17:29:40.351","N","CR Commission Payable","Y","N","S","CR_COMM_PAYABLE","2014/02/05 17:30:23.399","F1AC295D2BE049D6E0436204548CABAA","FIN_IMPL","N","NONE","C","ACCOUNTSPAYABLE","Y","","N",""
"FAH_INSURANCE","COMM_P_AND_C","COMM_P_AND_C","C","CR DAC","DEFAULT","ASSET","A","","NONE","FIN_IMPL","2014/02/05 17:30:39.798","N","CR DAC","Y","N","S","CR_DAC","2014/02/05 17:31:39.043","F1AC295D2BE049D6E0436204548CABAA","FIN_IMPL","N","NONE","C","ASSET","Y","","N",""
"PO","PO","PO","C","Purchase Order GASB","DEFAULT","PURCHASE_ORDER","E","PO_ENCUMBRANCE","NONE","FIN_IMPL","2014/08/20 19:34:37.086","N","","Y","N","S","PO_GASB","2014/08/20 19:34:55.431","01141281D3702A41E0536204548C7638","FIN_IMPL","N","NONE","D","PURCHASE_ORDER","Y","","N",""
"FAH_BILLING","OU_BILLING","OU_BILLING","C","Billing Receivable","DEFAULT","PJB_REV_EX_EVT_ADJ","A","","NONE","FIN_IMPL","2015/03/31 01:58:29.0","N","Billing Receivable","Y","N","S","BILL_RCV","2015/03/31 02:01:13.964","128C930E4FD358A2E0536204548C5184","FIN_IMPL","N","NONE","D","PJB_REV_EX_EVT_ADJ","Y","","N",""
"PO","REQ","REQ","C","Requisition GASB","DEFAULT","REQUISITION","E","REQ_ENCUMBRANCE","NONE","FIN_IMPL","2014/08/20 19:35:20.165","N","","Y","N","S","RES_GASB","2014/08/20 19:35:26.687","01141281D3702A41E0536204548C7638","FIN_IMPL","N","NONE","D","REQUISITION","Y","","N",""
"AP","AP_INVOICES","INVOICES","C","Fin Svcs Item Expense 2","DEFAULT","ITEM EXPENSE","A","","NONE","FIN_IMPL","2016/10/05 17:06:49.708","N","Fin Svcs Item Expense 2","Y","N","S","FS_INV_EXP_2","2016/10/05 17:09:17.235","3E14587749E65561E0537AA3FD0AC8B6","FIN_IMPL","W","NONE","D","ITEM EXPENSE","Y","","N",""
"AP","AP_INVOICES","INVOICES","C","Fin Svcs Item Expense 1","DEFAULT","ITEM EXPENSE","A","","NONE","FIN_IMPL","2016/10/05 16:54:24.0","N","Fin Svcs Item Expense 1","Y","N","S","FS_INV_EXP_1","2016/10/05 16:57:23.379","3E220B00299A553DE0537AA3FD0A2CCD","FIN_IMPL","W","NONE","D","ITEM EXPENSE","Y","","N",""
"FA","TRANSACTIONS","ADDITIONS","C","Addition, Cost Clearing XX","DEFAULT","COST_CLEARING","A","","NONE","FIN_IMPL","2017/09/26 15:16:25.021","","Addition, Cost Clearing XX","Y","N","S","ADDITION_CC_XX","2017/09/26 15:50:34.527","5A172C2AE6945385E0538DADFD0A799D","FIN_IMPL","N","NONE","C","ASSET","Y","","N",""
"AP","AP_INVOICES","INVOICES","C","Nonrecoverable Tax XX","DEFAULT","NRTAX","A","","NONE","FIN_IMPL","2017/10/03 13:44:24.167","","Nonrecoverable tax when invoice validated XX.","Y","N","S","NONRECOVTAX_XX","2017/10/03 13:45:19.03","5AA3C7EAADFD3633E0538DADFD0A57B6","FIN_IMPL","W","NONE","D","NRTAX","Y","","N",""
"AHC_LOAN","AHC_LOAN","AHC_LOAN","C","AHC Cash Clearing","DEFAULT","CASH_CLEARING","A","","NONE","FIN_IMPL","2017/11/02 20:46:01.106","N","","Y","N","S","AHC_CASH_CLEARING","2017/11/02 20:48:26.681","5D071AC3534E773EE0538DADFD0AAAC8","FIN_IMPL","A","NONE","D","CASH_CLEARING","Y","","N",""
"AHC_INSURANCE","AHC_INSURANCE","AHC_INSURANCE","C","CR Unearned Premium","DEFAULT","UNEARNED_PREMIUM","A","","NONE","FIN_IMPL","2018/03/07 10:25:22.977","N","CR Unearned Premium","Y","N","S","CR_UNEARNED_PREMIUM","2018/03/07 10:26:17.651","66CF573F738362C5E053E9A7FD0A0049","FIN_IMPL","N","NONE","C","UNEARNED_PREMIUM","Y","","N","EARNED_PREMIUM"
"AP","AP_INVOICES","INVOICES","C","Item Expense XX","DEFAULT","ITEM EXPENSE","A","","NONE","FIN_IMPL","2017/09/26 14:35:44.167","","Item Expense XX","Y","N","S","ITEMEXP_XX","2017/09/26 15:04:12.251","5A172C2AE6945385E0538DADFD0A799D","FIN_IMPL","W","NONE","D","ITEM EXPENSE","Y","","N",""
"AHC_LOAN","AHC_LOAN","AHC_LOAN","C","AHC Loan Receivable CR","DEFAULT","LOAN_RECEIVABLE","A","","NONE","FIN_IMPL","2017/11/02 20:30:04.0","N","AHC Loan Receivable CR","Y","N","S","AHC_LOAN_RECEIVABLE","2019/09/11 10:44:08.157","9245203917CA8A69E053C390DF0A1380","FIN_IMPL","N","NONE","C","LOAN_RECEIVABLE","Y","","N",""
"AHC_LOAN","AHC_LOAN","AHC_LOAN","C","AHC Loan Fee Accrual","DEFAULT","UNEARNED_FEE_INCOME","A","","NONE","FIN_IMPL","2017/11/02 20:34:11.598","N","","Y","N","S","AHC_LOAN_FEE_ACCRUAL","2017/11/02 20:38:05.834","5D06F1D6592D6ABCE0538DADFD0A3FB2","FIN_IMPL","N","NONE","C","UNEARNED_FEE_INCOME","Y","","N","LOAN_FEE"
"AHC_LOAN","AHC_LOAN","AHC_LOAN","C","AHC Loan Fee","DEFAULT","LOAN_FEE","A","","NONE","FIN_IMPL","2017/11/02 20:39:28.244","N","","Y","N","S","AHC_LOAN_FEE","2019/09/11 12:53:14.0","92443C2D6C6BE6AEE053C390DF0A8350","FIN_IMPL","N","NONE","C","LOAN_FEE","Y","","Y","LOAN_FEE"
"AHC_LOAN","AHC_LOAN","AHC_LOAN","C","AHC Interest Receivable","DEFAULT","INTEREST_RECEIVABLE","A","","NONE","FIN_IMPL","2017/11/02 20:49:10.086","N","","Y","N","S","AHC_INTEREST_RECEIVABLE","2017/11/02 20:50:31.034","5D072389078A7AB7E0538DADFD0ACFD5","FIN_IMPL","N","NONE","D","INTEREST_RECEIVABLE","Y","","N",""
"AHC_LOAN","AHC_LOAN","AHC_LOAN","C","AHC Interest Income","DEFAULT","INTEREST_INCOME","A","","NONE","FIN_IMPL","2017/11/02 20:50:58.803","N","","Y","N","S","AHC_INTEREST_INCOME","2017/11/02 20:53:05.388","5D072CBAF08F7BF7E0538DADFD0A330D","FIN_IMPL","N","NONE","C","INTEREST_INCOME","Y","","N",""
"AHC_LOAN","AHC_LOAN","AHC_LOAN","C","AHC Late Charge","DEFAULT","FINCHRG","A","","NONE","FIN_IMPL","2017/11/02 20:53:05.581","N","","Y","N","S","AHC_LATE_CHARGE","2017/11/02 20:54:43.122","5D07328EB0E07F58E0538DADFD0A5BBE","FIN_IMPL","N","NONE","C","FINCHRG","Y","","N",""
"AHC_BILLING","AHC_BILLING","AHC_BILLING","C","Earned Revenue","DEFAULT","REVENUE","A","","NONE","FIN_IMPL","2017/12/28 09:09:46.0","N","Earned Revenue","Y","N","S","EARNED_REVENUE","2017/12/28 09:17:20.567","615CA35573826868E0536AA0FD0A112A","FIN_IMPL","N","NONE","C","REVENUE","Y","","Y","REVENUE"
"AHC_BILLING","AHC_BILLING","AHC_BILLING","C","Unearned Revenue","DEFAULT","UNEARNED_REVENUE","A","","NONE","FIN_IMPL","2017/12/28 09:11:48.456","N","Unearned Revenue","Y","N","S","UNEARNED_REVENUE","2018/03/09 10:33:52.11","66F952A6EEF04743E053E9A7FD0A283F","FIN_IMPL","N","NONE","C","UNEARNED_REVENUE","Y","","N","REVENUE"
"AHC_BILLING","AHC_BILLING","AHC_BILLING","C","Receivable Dr","DEFAULT","RECEIVABLE","A","","NONE","FIN_IMPL","2017/12/28 09:12:53.388","N","Receivable Dr","Y","N","S","RECEIVABLE_DEBIT","2017/12/28 09:16:17.373","615CA35573826868E0536AA0FD0A112A","FIN_IMPL","N","NONE","D","RECEIVABLE","Y","","N",""
"AHC_BILLING","AHC_BILLING","AHC_BILLING","C","Receivable Cr","DEFAULT","RECEIVABLE","A","","NONE","FIN_IMPL","2017/12/28 09:13:22.915","N","Receivable Cr","Y","N","S","RECEIVABLE_CREDIT","2017/12/28 09:13:55.283","615CA35573826868E0536AA0FD0A112A","FIN_IMPL","N","NONE","C","RECEIVABLE","Y","","N",""
"AHC_BILLING","AHC_BILLING","AHC_BILLING","C","Cash Clearing Cr","DEFAULT","CASH_CLEARING","A","","NONE","FIN_IMPL","2017/12/28 09:14:31.026","N","Cash Clearing Cr","Y","N","S","CASH_CLEARING_CREDIT","2017/12/28 09:14:59.472","615CA35573826868E0536AA0FD0A112A","FIN_IMPL","N","NONE","C","CASH_CLEARING","Y","","N",""
"AHC_BILLING","AHC_BILLING","AHC_BILLING","C","Bank","DEFAULT","CASH","A","","NONE","FIN_IMPL","2017/12/28 09:14:59.535","N","Bank","Y","N","S","BANK","2017/12/28 09:15:27.932","615CA35573826868E0536AA0FD0A112A","FIN_IMPL","N","NONE","D","CASH","Y","","N",""
"AHC_BILLING","AHC_BILLING","AHC_BILLING","C","Revenue","DEFAULT","REVENUE","A","","NONE","FIN_IMPL","2017/12/28 09:10:51.249","N","Revenue","Y","N","S","REVENUE","2018/03/09 10:34:09.752","66F94E7A39CDC89FE053E9A7FD0A4F3B","FIN_IMPL","N","NONE","C","REVENUE","Y","","N",""
"AHC_BILLING","AHC_BILLING","AHC_BILLING","C","Cash Clearing Dr","DEFAULT","CASH_CLEARING","A","","NONE","FIN_IMPL","2017/12/28 09:13:55.368","N","Cash Clearing Dr","Y","N","S","CASH_CLEARING_DEBIT","2017/12/28 09:14:30.94","615CA35573826868E0536AA0FD0A112A","FIN_IMPL","N","NONE","D","CASH_CLEARING","Y","","N",""
"AHC_INSURANCE","AHC_INSURANCE","AHC_INSURANCE","C","CR Earned Premium","DEFAULT","EARNED_PREMIUM","A","","NONE","FIN_IMPL","2018/03/07 10:18:47.0","N","CR Earned Premium","Y","N","S","CR_EARNED_PREMIUM","2018/03/12 06:38:33.0","6732639EF4EAF9F9E053E9A7FD0A4B31","FIN_IMPL","N","NONE","C","EARNED_PREMIUM","Y","","Y","EARNED_PREMIUM"
"AHC_INSURANCE","AHC_INSURANCE","AHC_INSURANCE","C","CR Reinsurance Payable","DEFAULT","REINSURANCE","A","","NONE","FIN_IMPL","2018/03/07 10:23:48.41","N","CR Reinsurance Payable","Y","N","S","CR_REINSU_PAYABLE","2018/03/12 06:38:52.878","673261F352E6D85CE053E9A7FD0ACC09","FIN_IMPL","N","NONE","C","REINSURANCE","Y","","N",""
"AHC_INSURANCE","AHC_INSURANCE","AHC_INSURANCE","C","DR Premium Receivables","DEFAULT","PREMIUM_RECEIVABLE","A","","NONE","FIN_IMPL","2018/03/07 10:26:17.842","N","DR Premium Receivables","Y","N","S","DR_PREMIUM_RECEIVABLE","2018/03/07 10:27:06.687","66CF573F738362C5E053E9A7FD0A0049","FIN_IMPL","N","NONE","D","PREMIUM_RECEIVABLE","Y","","N",""
"AHC_INSURANCE","AHC_INSURANCE","AHC_INSURANCE","C","DR Unearned Premium Reinsurance","DEFAULT","UNEARNED_PREMIUM","A","","NONE","FIN_IMPL","2018/03/07 10:27:06.896","N","DR Unearned Premium","Y","N","S","DR_UNEARN_PREM","2018/03/12 06:39:42.274","6732146D381492CFE053E9A7FD0A0BED","FIN_IMPL","N","NONE","D","UNEARNED_PREMIUM","Y","","N",""
"AHC_INSURANCE","AHC_INSURANCE","AHC_INSURANCE","C","CR Cash","DEFAULT","CASH","A","","NONE","FIN_IMPL","2018/03/07 10:28:02.088","N","CR Cash","Y","N","S","CR_CASH","2018/03/07 10:28:52.376","66CF573F738362C5E053E9A7FD0A0049","FIN_IMPL","N","NONE","C","CASH","Y","","N",""
"AHC_INSURANCE","AHC_INSURANCE","AHC_INSURANCE","C","DR Claims Payable","DEFAULT","UNPAID_CLAIM","A","","NONE","FIN_IMPL","2018/03/07 10:28:52.57","N","DR Claims Payable","Y","N","S","DR_CLAIM_PAYABLE","2018/03/07 10:29:35.516","66CF573F738362C5E053E9A7FD0A0049","FIN_IMPL","N","NONE","D","UNPAID_CLAIM","Y","","N",""
"AHC_INSURANCE","AHC_INSURANCE","AHC_INSURANCE","C","CR Claims Payable","DEFAULT","UNPAID_CLAIM","A","","NONE","FIN_IMPL","2018/03/07 10:29:35.729","N","CR Claims Payable","Y","N","S","CR_CLAIM_PAYABLE","2018/03/07 10:30:10.988","66CF573F738362C5E053E9A7FD0A0049","FIN_IMPL","N","NONE","C","UNPAID_CLAIM","Y","","N",""
"AHC_INSURANCE","AHC_INSURANCE","AHC_INSURANCE","C","DR IBNR","DEFAULT","IBNR","A","","NONE","FIN_IMPL","2018/03/07 10:30:11.213","N","DR IBNR","Y","N","S","DR_IBNR","2018/03/07 10:30:40.166","66CF573F738362C5E053E9A7FD0A0049","FIN_IMPL","N","NONE","D","IBNR","Y","","N",""
"AHC_INSURANCE","AHC_INSURANCE","AHC_INSURANCE","C","DR DAC","DEFAULT","DAC","A","","NONE","FIN_IMPL","2018/03/07 10:30:40.348","N","DR DAC","Y","N","S","DR_DAC","2018/03/07 10:31:29.978","66CF573F738362C5E053E9A7FD0A0049","FIN_IMPL","N","NONE","D","DAC","Y","","N","DAC_EXPENSE"
"AHC_INSURANCE","AHC_INSURANCE","AHC_INSURANCE","C","DR DAC Expense","DEFAULT","DAC_EXPENSE","A","","NONE","FIN_IMPL","2018/03/07 10:31:30.174","N","DR DAC Expense","Y","N","S","DR_DAC_EXPENSE","2018/03/12 06:40:14.21","673261F352EBD85CE053E9A7FD0ACC09","FIN_IMPL","N","NONE","D","DAC_EXPENSE","Y","","Y","DAC_EXPENSE"
"AHC_INSURANCE","AHC_INSURANCE","AHC_INSURANCE","C","CR Premium Receivable","DEFAULT","PREMIUM_RECEIVABLE","A","","NONE","FIN_IMPL","2018/03/07 10:33:23.473","N","CR Premium Receivable","Y","N","S","CR_PREMIUM_RECEIVABLE","2018/03/07 10:33:55.527","66CF573F738362C5E053E9A7FD0A0049","FIN_IMPL","N","NONE","C","PREMIUM_RECEIVABLE","Y","","N",""
"AHC_INSURANCE","AHC_INSURANCE","AHC_INSURANCE","C","DR Cash","DEFAULT","CASH","A","","NONE","FIN_IMPL","2018/03/07 10:34:12.384","N","DR Cash","Y","N","S","DR_CASH","2018/03/07 10:34:36.456","66CF573F738362C5E053E9A7FD0A0049","FIN_IMPL","N","NONE","D","CASH","Y","","N",""
"AHC_BILLING","AHC_BILLING","AHC_BILLING","C","Billing Tax","DEFAULT","LIABILITY","A","","NONE","FIN_IMPL","2018/03/09 10:34:12.46","N","Billing Tax","Y","N","S","BILLING_TAX","2018/03/09 10:35:42.731","66F957302E0224A3E053E9A7FD0ADF02","FIN_IMPL","N","NONE","C","LIABILITY","Y","","N",""
"AHC_BILLING","AHC_BILLING","AHC_BILLING","C","Revenue Dr","DEFAULT","REVENUE","A","","NONE","FIN_IMPL","2018/03/09 10:43:41.0","N","Revenue Dr","Y","N","S","REVENE_DEBIT","2018/03/09 10:45:43.79","66F951A2AE87EF5FE053E9A7FD0AAB09","FIN_IMPL","N","NONE","D","REVENUE","Y","","N",""
"AHC_BILLING","AHC_BILLING","AHC_BILLING","C","Billing Tax Dr","DEFAULT","LIABILITY","A","","NONE","FIN_IMPL","2018/03/09 10:45:43.868","N","Billing Tax Dr","Y","N","S","BILLING_TAX_DEBIT","2018/03/09 10:46:59.598","66F951A2AE87EF5FE053E9A7FD0AAB09","FIN_IMPL","N","NONE","D","LIABILITY","Y","","N",""
"AHC_ENDOWMENT","AHC_ENDOWMENT","AHC_ENDOWMENT","C","Endowment Revenue Line","DEFAULT","REVENUE","A","","NONE","FIN_IMPL","2018/10/11 11:40:46.605","N","","Y","N","S","ENDOWMENT_REVENUE_LINE","2018/10/11 11:42:19.264","77F20EFFD1CB67FFE0537990DF0ADB76","FIN_IMPL","N","NONE","C","REVENUE","Y","","N",""
"AHC_LI_INS","AHC_LI_INS","AHC_LI_INS","C","CR Insurance Premium Revenue","DEFAULT","REVENUE","A","","NONE","FIN_IMPL","2019/02/25 09:37:15.862","N","CR Insurance Premium Revenue","Y","N","S","AHC_CR_AHLI_IPR","2019/02/25 09:38:14.432","82B372CEA5CF140BE053C390DF0AB1A0","FIN_IMPL","N","NONE","C","REVENUE","Y","","N",""
"AHC_LI_INS","AHC_LI_INS","AHC_LI_INS","C","CR Benefit Premium Due","DEFAULT","REVENUE","A","","NONE","FIN_IMPL","2019/02/25 09:36:00.067","N","CR Benefit Premium Due","Y","N","S","AHC_CR_BPD","2019/02/25 09:36:49.086","82B372CEA5CF140BE053C390DF0AB1A0","FIN_IMPL","N","NONE","C","REVENUE","Y","","N",""
"AHC_LI_INS","AHC_LI_INS","AHC_LI_INS","C","CR Claim Payables","DEFAULT","LIABILITY","A","","NONE","FIN_IMPL","2019/02/25 09:33:36.255","N","CR Claim Payables","Y","N","S","AHC_CR_CP","2019/02/25 09:35:09.634","82B372CEA5CF140BE053C390DF0AB1A0","FIN_IMPL","N","NONE","C","LIABILITY","Y","","N",""
"AHC_LI_INS","AHC_LI_INS","AHC_LI_INS","C","CR Premium Fee Due","DEFAULT","REVENUE","A","","NONE","FIN_IMPL","2019/02/25 09:38:34.3","N","CR Premium Fee Due","Y","N","S","AHC_CR_PFD","2019/02/25 09:39:18.295","82B372CEA5CF140BE053C390DF0AB1A0","FIN_IMPL","N","NONE","C","REVENUE","Y","","N",""
"AHC_LI_INS","AHC_LI_INS","AHC_LI_INS","C","DR Claim Reserve","DEFAULT","CLAIM_SETTLE","A","","NONE","FIN_IMPL","2019/02/25 09:39:30.441","N","DR Claim Reserve","Y","N","S","AHC_DR_CR","2019/02/25 09:40:07.021","82B372CEA5CF140BE053C390DF0AB1A0","FIN_IMPL","N","NONE","D","CLAIM_SETTLE","Y","","N",""
"AHC_LI_INS","AHC_LI_INS","AHC_LI_INS","C","DR Insurance Receivables","DEFAULT","RECEIVABLE","A","","NONE","FIN_IMPL","2019/02/25 09:41:10.401","N","DR Insurance Receivables","Y","N","S","AHC_DR_INS_REC","2019/02/25 09:41:48.262","82B372CEA5CF140BE053C390DF0AB1A0","FIN_IMPL","N","NONE","D","RECEIVABLE","Y","","N",""
"AHC_LI_INS","AHC_LI_INS","AHC_LI_INS","C","DR Net Premium Due","DEFAULT","RECEIVABLE","A","","NONE","FIN_IMPL","2019/02/25 09:41:48.446","N","DR Net Premium Due","Y","N","S","AHC_DR_NPD","2019/02/25 09:43:50.492","82B372CEA5CF140BE053C390DF0AB1A0","FIN_IMPL","N","NONE","D","RECEIVABLE","Y","","N",""
"AHC_BILLING","AHC_BILLING","AHC_BILLING","C","Unearned Revenue - MPA","DEFAULT","UNEARNED_REVENUE","A","","NONE","FIN_IMPL","2019/09/11 06:14:51.0","N","Unearned Revenue MPA","Y","N","S","UNEARNED_REV_MPA","2019/09/11 06:18:09.198","924128F0211EB460E053C390DF0A283A","FIN_IMPL","N","NONE","C","UNEARNED_REVENUE","Y","","N","REVENUE"
"AHC_LOAN","AHC_LOAN","AHC_LOAN","C","AHC Loan Receivable DR","DEFAULT","LOAN_RECEIVABLE","A","","NONE","FIN_IMPL","2019/09/11 10:36:00.097","N","Loan Receivable DR","Y","N","S","AHC_LOAN_RECEIVABLE_DR","2019/09/11 10:36:10.336","9245203917CA8A69E053C390DF0A1380","FIN_IMPL","N","NONE","D","LOAN_RECEIVABLE","Y","","N",""
"AR","TRANSACTIONS","INVOICE","C","Invoice Clearing VRM","DEFAULT","REV_CLR","A","REVENUE","NONE","FIN_IMPL","2020/02/13 20:18:38.013","","VRM invoice revenue clearing account.","Y","N","S","INV_CLEARING_VRM","2020/02/13 20:20:01.717","9E799A03BEF34832E053B090DF0A73E5","FIN_IMPL","A","NONE","C","RECEIVABLE","Y","","N",""
"AR","TRANSACTIONS","CREDIT_MEMO","C","Credit Memo Clearing VRM","DEFAULT","REV_CLR","A","","NONE","FIN_IMPL","2020/02/13 20:27:15.116","","VRM credit memo clearing account rule.","Y","N","S","CM_CLEARING_VRM","2020/02/14 14:33:15.019","9E8A5CA6503EF7FEE053B090DF0A43BC","FIN_IMPL","A","NONE","C","RECEIVABLE","Y","","N",""
"AHC_ENDOWMENT","AHC_ENDOWMENT","AHC_ENDOWMENT","C","Endowment Asset Line","DEFAULT","ASSET","A","","NONE","FIN_IMPL","2018/10/11 11:38:15.0","N","","Y","N","S","ENDOWMENT_ASSET_LINE","2018/10/11 11:42:34.896","77F20EFFD1CB67FFE0537990DF0ADB76","FIN_IMPL","N","NONE","D","ASSET","Y","","N",""
"AR","TRANSACTIONS","INVOICE","C","Invoice Revenue VRM","DEFAULT","REVENUE","A","REVENUE","NONE","FIN_IMPL","2020/02/13 19:56:30.205","","VRM revenue for invoices","Y","N","S","INV_REV_VRM","2020/02/13 20:01:17.561","9E799A03BEF34832E053B090DF0A73E5","FIN_IMPL","A","NONE","C","RECEIVABLE","Y","","N",""
"AHC_LOAN","AHC_LOAN","AHC_LOAN","C","AHC Cash Clearing CR","DEFAULT","CASH_CLEARING","A","","NONE","FIN_IMPL","2019/09/11 10:32:20.023","N","Cash Clearing CR","Y","N","S","AHC_CASH_CLEARING_CR","2019/09/11 10:32:34.319","9245203917CA8A69E053C390DF0A1380","FIN_IMPL","A","NONE","C","CASH_CLEARING","Y","","N",""
"AR","TRANSACTIONS","CREDIT_MEMO","C","Credit Memo Revenue VRM","DEFAULT","REVENUE","A","","NONE","FIN_IMPL","2020/02/13 20:09:37.012","","VRM revenue account for credit memos.","Y","N","S","CM_REV_VRM","2020/02/13 20:11:38.728","9E799A03BEF34832E053B090DF0A73E5","FIN_IMPL","A","NONE","C","RECEIVABLE","Y","","N",""
"AHC_EMR","AHC_EMR","AHC_EMR","C","EMR Credits","DEFAULT","REVENUE","A","","NONE","FIN_IMPL","2020/06/04 05:51:20.0","N","EMR Credits","Y","N","S","EMR_CREDITS","2020/06/04 05:51:25.009","A73B8A27BA98C90AE0539E90DF0ACBFB","FIN_IMPL","N","NONE","C","REVENUE","Y","","N",""
"AHC_EMR","AHC_EMR","AHC_EMR","C","EMR Debits","DEFAULT","RECEIVABLE","A","","NONE","FIN_IMPL","2020/06/04 05:51:24.724","N","EMR Debits","Y","N","S","EMR_DEBITS","2020/06/04 05:51:25.214","A73B8A27BA98C90AE0539E90DF0ACBFB","FIN_IMPL","N","NONE","D","RECEIVABLE","Y","","N",""
"AR","ADJUSTMENTS","ADJUSTMENT","C","Modified: Multifund Adjustment Receivable","DEFAULT","RECEIVABLE","A","RECEIVABLE","SAME_ENTRY","FIN_IMPL","2021/02/17 11:01:21.211","","","Y","N","S","MOD_MFAR_ADJ_REC","2021/02/17 11:10:17.991","BB86D0AB262D0F97E0539E90DF0A9DDB","FIN_IMPL","A","NONE","D","RECEIVABLE","Y","","N",""
"AR","ADJUSTMENTS","ADJUSTMENT","C","New: Multifund Adjustment Default Receivables","DEFAULT","RECEIVABLE","A","","NONE","FIN_IMPL","2021/02/17 11:11:23.459","N","","Y","N","S","NEW_MFAR_ADJ_DEF_REC","2021/02/17 11:14:42.415","BB86D0AB262D0F97E0539E90DF0A9DDB","FIN_IMPL","A","NONE","C","RECEIVABLE","Y","","N",""
"AR","RECEIPTS","RECEIPT","C","Modified: Receipt Application to Multifund Transaction Confirmation","DEFAULT","CONFIRMATION","A","","NONE","FIN_IMPL","2021/02/17 13:33:51.429","N","","Y","N","S","MOD_RECE_APP_TO_MFAR_TRAN_CON","2021/02/17 13:34:43.881","BB86D0AB262D0F97E0539E90DF0A9DDB","FIN_IMPL","A","NONE","C","CONFIRMATION","Y","","N",""
"AR","RECEIPTS","RECEIPT","C","Modified: Multifund Remitted Cash Reversal","DEFAULT","REMITTANCE","A","","NONE","FIN_IMPL","2021/02/17 13:35:31.066","N","","Y","N","S","MOD_MFAR_REMM_CASH_REV","2021/02/17 13:36:17.847","BB86D0AB262D0F97E0539E90DF0A9DDB","FIN_IMPL","A","NONE","D","RECEIVABLE","Y","","N",""
"AR","RECEIPTS","RECEIPT","C","Modified: Receipt Application to Multifund Transaction Receivable","DEFAULT","RECEIVABLE","A","RECEIVABLE","PRIOR_ENTRY","FIN_IMPL","2021/02/17 13:42:31.126","N","","Y","N","S","MOD_APP_TO_MFAR_TRAN_REC","2021/02/17 14:26:22.061","BB86D0AB262D0F97E0539E90DF0A9DDB","FIN_IMPL","A","NONE","C","RECEIVABLE","Y","","N",""
"AR","TRANSACTIONS","CREDIT_MEMO","C","Modified: Multifund Credit Memo Applied To Receivable","DEFAULT","RECEIVABLE","A","","NONE","FIN_IMPL","2021/02/17 12:35:25.805","N","","Y","N","S","MOD_MFAR_CM_APP_TO_REC","2021/02/17 12:36:18.158","BB86D0AB262D0F97E0539E90DF0A9DDB","FIN_IMPL","A","NONE","C","RECEIVABLE","Y","","N",""
"AR","RECEIPTS","RECEIPT","C","Modified: Receipt Application to Multifund Transaction Remittance","DEFAULT","REMITTANCE","A","","NONE","FIN_IMPL","2021/02/17 13:37:25.296","N","","Y","N","S","MOD_RECE_APP_TO_MFAR_TRAN_REMM","2021/02/17 13:38:26.992","BB86D0AB262D0F97E0539E90DF0A9DDB","FIN_IMPL","A","NONE","C","RECEIVABLE","Y","","N",""
"AR","RECEIPTS","RECEIPT","C","Modified: Multifund Receipts Cleared Cash","DEFAULT","CASH","A","","NONE","FIN_IMPL","2021/02/17 13:39:14.413","N","","Y","N","S","MOD_MFAR_RECE_CLE_CASH","2021/02/17 13:40:06.177","BB86D0AB262D0F97E0539E90DF0A9DDB","FIN_IMPL","A","NONE","C","CASH","Y","","N",""
"AR","TRANSACTIONS","CREDIT_MEMO","C","New: Multifund Credit Memo Default Application","DEFAULT","RECEIVABLE","A","","NONE","FIN_IMPL","2021/02/17 12:27:17.0","N","","Y","N","S","NEW_MFAR_CM_DEF_APPL","2021/02/17 12:31:23.786","BB86D0AB262D0F97E0539E90DF0A9DDB","FIN_IMPL","N","NONE","C","RECEIVABLE","Y","","N",""
"AR","RECEIPTS","RECEIPT","C","Modified: Multifund Receipts Cleared Cash Reversal","DEFAULT","CASH","A","","NONE","FIN_IMPL","2021/02/17 13:40:58.204","N","","Y","N","S","MOD_MFAR_RECE_CLE_CASH_REV","2021/02/17 13:41:39.097","BB86D0AB262D0F97E0539E90DF0A9DDB","FIN_IMPL","A","NONE","D","RECEIVABLE","Y","","N",""
"CMR","RECEIVING","RECEIVING","C","Exchange Gain or Loss","DEFAULT","EXCHANGE_GAIN_LOSS","A","","NONE","SCM_IMPL","2020/10/06 15:08:46.0","N","","Y","N","S","EXCHANGE_GAIN_OR_LOSS","2020/10/06 15:18:00.0","B0FC26FF261AA98CE0539E90DF0AFD7A","SCM_IMPL","A","NONE","G","EXCHANGE_GAIN_LOSS","Y","","N",""
"AR","TRANSACTIONS","INVOICE","C","New: Multifund Invoice Receivables for Rules","DEFAULT","RECEIVABLE","A","RECEIVABLE","SAME_ENTRY","FIN_IMPL","2021/02/17 11:41:11.033","N","","Y","N","S","NEW_MFAR_INV_REC_RULES","2021/02/17 13:27:47.953","BB86D0AB262D0F97E0539E90DF0A9DDB","FIN_IMPL","A","NONE","D","RECEIVABLE","Y","","N",""
"AR","TRANSACTIONS","DEBIT_MEMO","C","New: Multifund Debit Memo Receivables for Rules ","DEFAULT","RECEIVABLE","A","RECEIVABLE","SAME_ENTRY","FIN_IMPL","2021/02/17 13:09:46.029","N","","Y","N","S","NEW_MFAR_DEB_MEM_REC_FOR_RULES","2021/02/17 13:15:02.487","BB86D0AB262D0F97E0539E90DF0A9DDB","FIN_IMPL","A","NONE","D","RECEIVABLE","Y","","N",""
"AR","TRANSACTIONS","CREDIT_MEMO","C","Modified: Multifund Credit Memo Activity From Receivable","DEFAULT","RECEIVABLE","A","","NONE","FIN_IMPL","2021/02/17 12:32:50.586","N","","Y","N","S","MOD_MFARCM_ACT_FROM_REC","2021/02/17 12:34:17.351","BB86D0AB262D0F97E0539E90DF0A9DDB","FIN_IMPL","A","NONE","C","RECEIVABLE","Y","","N",""
"AR","RECEIPTS","RECEIPT","C","Modified: Multifund Confirmed Cash Reversal","DEFAULT","CONFIRMATION","A","","NONE","FIN_IMPL","2021/02/17 13:32:03.013","N","","Y","N","S","MOD_MFAR_CON_CASH_REV","2021/02/17 13:32:57.216","BB86D0AB262D0F97E0539E90DF0A9DDB","FIN_IMPL","A","NONE","D","CONFIRMATION","Y","","N",""
"AR","RECEIPTS","RECEIPT","C","New: Multifund Receipt Default Application","DEFAULT","RECEIVABLE","A","","NONE","FIN_IMPL","2021/02/17 13:43:41.092","N","","Y","N","S","NEW_MFAR_RECPT_DEF_APP","2021/02/17 14:13:44.063","BB86D0AB262D0F97E0539E90DF0A9DDB","FIN_IMPL","N","NONE","C","RECEIVABLE","Y","","N",""
"AHC_EXT_ERP","AHC_EXT_ERP","AHC_EXT_ERP","C","Concur Expense DR","DEFAULT","EXPENSE","A","","NONE","FIN_IMPL","2021/05/25 18:37:51.0","N","Concur Expense DR","Y","N","S","CONCUR_EXP_DR","2021/05/25 18:37:57.389","C2E6F605D8E78F32E0532C60FD0AEBD3","FIN_IMPL","N","NONE","D","EXPENSE","Y","","N",""
"AHC_EXT_ERP","AHC_EXT_ERP","AHC_EXT_ERP","C","Concur Payable CR","DEFAULT","ACCOUNTSPAYABLE","A","","NONE","FIN_IMPL","2021/05/25 18:37:56.066","N","Concur Payable CR","Y","N","S","CONCUR_PAYABLE_CR","2021/05/25 18:37:57.452","C2E6F605D8E78F32E0532C60FD0AEBD3","FIN_IMPL","N","NONE","C","ACCOUNTSPAYABLE","Y","","N",""
"AHC_EXT_ERP","AHC_EXT_ERP","AHC_EXT_ERP","C","SAP AP Bank CR","DEFAULT","CASH_CLEARING","A","","NONE","FIN_IMPL","2021/05/25 18:37:56.164","N","CR AP Cash Clearing","Y","N","S","CR_AP_BANK","2021/05/25 18:37:57.476","C2E6F605D8E78F32E0532C60FD0AEBD3","FIN_IMPL","N","NONE","C","CASH_CLEARING","Y","","N",""
"AHC_EXT_ERP","AHC_EXT_ERP","AHC_EXT_ERP","C","SAP AP Liability CR","DEFAULT","LIABILITY","A","","NONE","FIN_IMPL","2021/05/25 18:37:56.275","N","CR AP Liability","Y","N","S","CR_AP_LIABILILTY","2021/05/26 12:13:04.617","C2E6DBA0B1798F62E0532C60FD0A4A9C","FIN_IMPL","N","NONE","C","LIABILITY","Y","","N",""
"AHC_EXT_ERP","AHC_EXT_ERP","AHC_EXT_ERP","C","SAP AP Liability DR","DEFAULT","LIABILITY","A","","NONE","FIN_IMPL","2021/05/25 18:37:56.397","N","DR AP Liability","Y","N","S","DR_AP_LIABILILTY","2021/05/25 18:37:57.525","C2E6F605D8E78F32E0532C60FD0AEBD3","FIN_IMPL","N","NONE","D","LIABILITY","Y","","N",""
"AHC_EXT_ERP","AHC_EXT_ERP","AHC_EXT_ERP","C","SAP Tax Expense DR","DEFAULT","TAX","A","","NONE","FIN_IMPL","2021/05/25 18:37:56.509","N","DR Tax Expense","Y","N","S","DR_TAX_EXP","2021/05/25 18:37:57.55","C2E6F605D8E78F32E0532C60FD0AEBD3","FIN_IMPL","N","NONE","D","TAX","Y","","N",""
"AHC_EXT_ERP","AHC_EXT_ERP","AHC_EXT_ERP","C","PSFT AP Liability CR","DEFAULT","LIABILITY","A","","NONE","FIN_IMPL","2021/05/25 18:37:56.619","N","CR AP Liability","Y","N","S","PSFT_AP_LIABILITY_CR","2021/05/26 12:13:28.764","C2E6DBA0B1798F62E0532C60FD0A4A9C","FIN_IMPL","N","NONE","C","LIABILITY","Y","","N",""
"AHC_EXT_ERP","AHC_EXT_ERP","AHC_EXT_ERP","C","PSFT Item Expense DR","DEFAULT","EXPENSE","A","","NONE","FIN_IMPL","2021/05/25 18:37:56.733","N","DR Item Expense","Y","N","S","PSFT_ITEM_EXP_DR","2021/05/25 18:37:57.595","C2E6F605D8E78F32E0532C60FD0AEBD3","FIN_IMPL","N","NONE","D","EXPENSE","Y","","N",""
"AHC_EXT_ERP","AHC_EXT_ERP","AHC_EXT_ERP","C","PSFT Manual JE CR","DEFAULT","ADJ","A","","NONE","FIN_IMPL","2021/05/25 18:37:56.871","N","PSFT Manual JE CR","Y","N","S","PSFT_MANUAL_JE_CR","2021/05/25 18:37:57.616","C2E6F605D8E78F32E0532C60FD0AEBD3","FIN_IMPL","N","NONE","C","ADJ","Y","","N",""
"AHC_EXT_ERP","AHC_EXT_ERP","AHC_EXT_ERP","C","PSFT Manual JE DR","DEFAULT","ADJ","A","","NONE","FIN_IMPL","2021/05/25 18:37:56.985","N","PSFT Manual JE DR","Y","N","S","PSFT_MANUAL_JE_DR","2021/05/25 18:37:57.638","C2E6F605D8E78F32E0532C60FD0AEBD3","FIN_IMPL","N","NONE","D","ADJ","Y","","N",""
"AHC_EXT_ERP","AHC_EXT_ERP","AHC_EXT_ERP","C","PSFT Tax Epense DR","DEFAULT","TAX","A","","NONE","FIN_IMPL","2021/05/25 18:37:57.093","N","DR Tax Expense","Y","N","S","PSFT_TAX_EXP_DR","2021/05/25 18:37:57.663","C2E6F605D8E78F32E0532C60FD0AEBD3","FIN_IMPL","N","NONE","D","TAX","Y","","N",""
"AHC_EXT_ERP","AHC_EXT_ERP","AHC_EXT_ERP","C","SAP Item Expense DR","DEFAULT","EXPENSE","A","","NONE","FIN_IMPL","2021/05/25 18:37:57.22","N","DR Item Expense DR","Y","N","S","SAP_ITEM_EXP_DR","2021/05/25 18:37:57.685","C2E6F605D8E78F32E0532C60FD0AEBD3","FIN_IMPL","N","NONE","D","EXPENSE","Y","","N",""
