"ORA_ZX_PARTY_CLASS.ClassificationTypeCode","ClassificationTypeCode","TaxRegimeCode","Attribute1","Attribute10","Attribute11","Attribute12","Attribute13","Attribute14","Attribute15","Attribute2","Attribute3","Attribute4","Attribute5","Attribute6","Attribute7","Attribute8","Attribute9","AttributeCategory","CreatedBy","CreationDate","EffectiveFrom","EffectiveTo","LastUpdateDate","LastUpdateLogin","LastUpdatedBy","ProgramAppName","ProgramLoginId","ProgramName","RecordTypeCode","RequestId","UseInItemExceptionsFlag"
"EXPORTS INDIA","EXPORTS INDIA","India GST","","","","","","","","","","","","","","","","","FIN_IMPL","2019/09/05 14:18:08.177","2019/01/01","","2019/09/05 14:18:41.523","91CF9D1E87A7249AE053C390DF0A49AD","FIN_IMPL","","","","USER_DEFINED","",""
"VAT PACKAGE 2010 CLIC","VAT PACKAGE 2010 CLIC","AT VAT TAX","","","","","","","","","","","","","","","","","FIN_IMPL","2014/01/14 15:59:15.358","2010/01/01","","2014/01/14 15:59:17.681","EFF145BF2D6929F2E0436204548CF6B7","FIN_IMPL","","","","SEEDED","",""
"VAT PACKAGE 2010 CLIC","VAT PACKAGE 2010 CLIC","BE VAT TAX","","","","","","","","","","","","","","","","","FIN_IMPL","2014/01/14 15:59:15.875","2010/01/01","","2014/01/14 15:59:17.7","EFF145BF2D6929F2E0436204548CF6B7","FIN_IMPL","","","","SEEDED","",""
"VAT PACKAGE 2010 CLIC","VAT PACKAGE 2010 CLIC","CZ VAT TAX","","","","","","","","","","","","","","","","","FIN_IMPL","2014/01/14 15:59:15.882","2010/01/01","","2014/01/14 15:59:17.701","EFF145BF2D6929F2E0436204548CF6B7","FIN_IMPL","","","","SEEDED","",""
"VAT PACKAGE 2010 CLIC","VAT PACKAGE 2010 CLIC","DE VAT TAX","","","","","","","","","","","","","","","","","FIN_IMPL","2014/01/14 15:59:15.89","2010/01/01","","2014/01/14 15:59:17.701","EFF145BF2D6929F2E0436204548CF6B7","FIN_IMPL","","","","SEEDED","",""
"VAT PACKAGE 2010 CLIC","VAT PACKAGE 2010 CLIC","DK VAT TAX","","","","","","","","","","","","","","","","","FIN_IMPL","2014/01/14 15:59:15.896","2010/01/01","","2014/01/14 15:59:17.702","EFF145BF2D6929F2E0436204548CF6B7","FIN_IMPL","","","","SEEDED","",""
"VAT PACKAGE 2010 CLIC","VAT PACKAGE 2010 CLIC","ES VAT TAX","","","","","","","","","","","","","","","","","FIN_IMPL","2014/01/14 15:59:15.903","2010/01/01","","2014/01/14 15:59:17.703","EFF145BF2D6929F2E0436204548CF6B7","FIN_IMPL","","","","SEEDED","",""
"VAT PACKAGE 2010 CLIC","VAT PACKAGE 2010 CLIC","FI VAT TAX","","","","","","","","","","","","","","","","","FIN_IMPL","2014/01/14 15:59:15.91","2010/01/01","","2014/01/14 15:59:17.703","EFF145BF2D6929F2E0436204548CF6B7","FIN_IMPL","","","","SEEDED","",""
"VAT PACKAGE 2010 CLIC","VAT PACKAGE 2010 CLIC","FR VAT TAX","","","","","","","","","","","","","","","","","FIN_IMPL","2014/01/14 15:59:15.917","2010/01/01","","2014/01/14 15:59:17.704","EFF145BF2D6929F2E0436204548CF6B7","FIN_IMPL","","","","SEEDED","",""
"VAT PACKAGE 2010 CLIC","VAT PACKAGE 2010 CLIC","GB VAT TAX","","","","","","","","","","","","","","","","","FIN_IMPL","2014/01/14 15:59:15.926","2010/01/01","","2014/01/14 15:59:17.704","EFF145BF2D6929F2E0436204548CF6B7","FIN_IMPL","","","","SEEDED","",""
"VAT PACKAGE 2010 CLIC","VAT PACKAGE 2010 CLIC","HU VAT TAX","","","","","","","","","","","","","","","","","FIN_IMPL","2014/01/14 15:59:15.934","2010/01/01","","2014/01/14 15:59:17.705","EFF145BF2D6929F2E0436204548CF6B7","FIN_IMPL","","","","SEEDED","",""
"VAT PACKAGE 2010 CLIC","VAT PACKAGE 2010 CLIC","IE VAT TAX","","","","","","","","","","","","","","","","","FIN_IMPL","2014/01/14 15:59:15.944","2010/01/01","","2014/01/14 15:59:17.706","EFF145BF2D6929F2E0436204548CF6B7","FIN_IMPL","","","","SEEDED","",""
"VAT PACKAGE 2010 CLIC","VAT PACKAGE 2010 CLIC","IT VAT TAX","","","","","","","","","","","","","","","","","FIN_IMPL","2014/01/14 15:59:15.951","2010/01/01","","2014/01/14 15:59:17.706","EFF145BF2D6929F2E0436204548CF6B7","FIN_IMPL","","","","SEEDED","",""
"VAT PACKAGE 2010 CLIC","VAT PACKAGE 2010 CLIC","LU VAT TAX","","","","","","","","","","","","","","","","","FIN_IMPL","2014/01/14 15:59:15.958","2010/01/01","","2014/01/14 15:59:17.707","EFF145BF2D6929F2E0436204548CF6B7","FIN_IMPL","","","","SEEDED","",""
"VAT PACKAGE 2010 CLIC","VAT PACKAGE 2010 CLIC","NL VAT TAX","","","","","","","","","","","","","","","","","FIN_IMPL","2014/01/14 15:59:15.968","2010/01/01","","2014/01/14 15:59:17.707","EFF145BF2D6929F2E0436204548CF6B7","FIN_IMPL","","","","SEEDED","",""
"VAT PACKAGE 2010 CLIC","VAT PACKAGE 2010 CLIC","PL VAT TAX","","","","","","","","","","","","","","","","","FIN_IMPL","2014/01/14 15:59:15.977","2010/01/01","","2014/01/14 15:59:17.708","EFF145BF2D6929F2E0436204548CF6B7","FIN_IMPL","","","","SEEDED","",""
"VAT PACKAGE 2010 CLIC","VAT PACKAGE 2010 CLIC","PT VAT TAX","","","","","","","","","","","","","","","","","FIN_IMPL","2014/01/14 15:59:15.985","2010/01/01","","2014/01/14 15:59:17.708","EFF145BF2D6929F2E0436204548CF6B7","FIN_IMPL","","","","SEEDED","",""
"VAT PACKAGE 2010 CLIC","VAT PACKAGE 2010 CLIC","SE VAT TAX","","","","","","","","","","","","","","","","","FIN_IMPL","2014/01/14 15:59:15.996","2010/01/01","","2014/01/14 15:59:17.709","EFF145BF2D6929F2E0436204548CF6B7","FIN_IMPL","","","","SEEDED","",""
"VAT PACKAGE 2010 CLIC","VAT PACKAGE 2010 CLIC","SK VAT TAX","","","","","","","","","","","","","","","","","FIN_IMPL","2014/01/14 15:59:16.006","2010/01/01","","2014/01/14 15:59:17.71","EFF145BF2D6929F2E0436204548CF6B7","FIN_IMPL","","","","SEEDED","",""
"GB MTIC CLIC","GB MTIC CLIC","GB VAT TAX","","","","","","","","","","","","","","","","","FIN_IMPL","2014/01/14 15:59:17.529","2007/06/01","","2014/01/14 15:59:17.717","EFF145BF2D6929F2E0436204548CF6B7","FIN_IMPL","","","","SEEDED","",""
"IT VAT PARTY CLASSIFICATION","IT VAT PARTY CLASSIFICATION","IT VAT TAX","","","","","","","","","","","","","","","","","FIN_IMPL","2015/09/25 14:46:52.032","2014/01/01","","2015/09/25 14:53:08.073","2092B884C1FB7AE9E053790B548C09F7","FIN_IMPL","","","","USER_DEFINED","",""
"ES VAT PARTY CLASSIFICATION","ES VAT PARTY CLASSIFICATION","ES VAT TAX","","","","","","","","","","","","","","","","","FIN_IMPL","2016/10/18 09:23:49.638","2014/01/01","","2016/10/18 09:24:12.838","3F20B23A66026810E0537AA3FD0AA88F","FIN_IMPL","","","","USER_DEFINED","",""
"INDIA SUPPLIER TYPE","INDIA SUPPLIER TYPE","INDIA TDS","","","","","","","","","","","","","","","","","FIN_IMPL","2021/11/18 17:00:03.128","2019/04/01","","2021/11/18 17:21:15.828","D040705DC4866480E0530264FD0A9889","FIN_IMPL","","","","USER_DEFINED","",""
"INDIA REDUCED TDS","INDIA REDUCED TDS","INDIA TDS","","","","","","","","","","","","","","","","","FIN_IMPL","2021/11/22 14:02:40.019","2021/01/01","","2021/11/22 14:06:54.321","D132DCD93CB32368E0530364FD0A9696","FIN_IMPL","","","","USER_DEFINED","",""
