"ORA_ZX_PRODUCT_CLASS_GENERIC.ClassificationTypeCode","ClassificationTypeCode","ClassificationCode","ParentClassificationCode","ClassificationCode1","ClassificationCode2","ClassificationCode3","ClassificationCode4","Attribute1","Attribute10","Attribute11","Attribute12","Attribute13","Attribute14","Attribute15","Attribute2","Attribute3","Attribute4","Attribute5","Attribute6","Attribute7","Attribute8","Attribute9","AttributeCategory","ClassificationName","CompiledFlag","CountryCode","CreatedBy","CreationDate","EffectiveFrom","EffectiveTo","LastUpdateDate","LastUpdateLogin","LastUpdatedBy","ProgramAppName","ProgramName","RecordTypeCode","ClassificationTypeCode1","ClassificationTypeCode2","ClassificationTypeCode3","ClassificationTypeCode4"
"PRODUCT_CATEGORY","PRODUCT_CATEGORY","WINE CIGARETTE","","","","","","","","","","","","","","","","","","","","","","Wine Cigarette","","TW","SEED_DATA_FROM_APPLICATION","2013/08/08 06:56:06.132","1951/01/01","","2024/07/24 09:57:37.295148","-1","SEED_DATA_FROM_APPLICATION","","","SEEDED","","","",""
"PRODUCT_CATEGORY","PRODUCT_CATEGORY","STATISTICAL_CODE","","","","","","","","","","","","","","","","","","","","","","Statistical Code","","","SEED_DATA_FROM_APPLICATION","2013/08/08 06:56:06.325","1951/01/01","","2024/07/24 09:57:37.295148","-1","SEED_DATA_FROM_APPLICATION","","","SEEDED","","","",""
"PRODUCT_CATEGORY","PRODUCT_CATEGORY","FISCAL CLASSIFICATION CODE","","","","","","","","","","","","","","","","","","","","","","Fiscal Classification Code","","","SEED_DATA_FROM_APPLICATION","2013/08/08 06:56:06.34","1951/01/01","","2024/07/24 09:57:37.295148","-1","SEED_DATA_FROM_APPLICATION","","","SEEDED","","","",""
"PRODUCT_CATEGORY","PRODUCT_CATEGORY","JA_CN_NON_INV_ITEM_MODEL","","","","","","","","","","","","","","","","","","","","","","Item Model of Noninventory Items for China","","CN","SEED_DATA_FROM_APPLICATION","2013/08/08 06:56:06.373","1951/01/01","","2024/07/24 09:57:37.295148","-1","SEED_DATA_FROM_APPLICATION","","","SEEDED","","","",""
"PRODUCT_CATEGORY","PRODUCT_CATEGORY","ORA_KOREA_DOMESTIC","","","","","","","","","","","","","","","","","","","","","","Domestic Income for Korea","","KR","SEED_DATA_FROM_APPLICATION","2016/02/26 09:48:39.0","1951/01/01","","2024/07/24 09:57:37.295148","-1","SEED_DATA_FROM_APPLICATION","","","SEEDED","","","",""
"PRODUCT_CATEGORY","PRODUCT_CATEGORY","ORA_KOREA_FOREIGN","","","","","","","","","","","","","","","","","","","","","","Foreign Income for Korea","","KR","SEED_DATA_FROM_APPLICATION","2016/02/26 09:48:39.133","1951/01/01","","2024/07/24 09:57:37.295148","-1","SEED_DATA_FROM_APPLICATION","","","SEEDED","","","",""
"PRODUCT_CATEGORY","PRODUCT_CATEGORY","ORA_GENERAL_INCOME","ORA_KOREA_DOMESTIC","ORA_KOREA_DOMESTIC","","","","","","","","","","","","","","","","","","","","General Income","","KR","SEED_DATA_FROM_APPLICATION","2016/02/26 09:48:39.157","1951/01/01","","2024/07/24 09:57:37.295148","-1","SEED_DATA_FROM_APPLICATION","","","SEEDED","PRODUCT_CATEGORY","","",""
"PRODUCT_CATEGORY","PRODUCT_CATEGORY","ORA_BUSINESS_INCOME","ORA_KOREA_DOMESTIC","ORA_KOREA_DOMESTIC","","","","","","","","","","","","","","","","","","","","Business Income","","KR","SEED_DATA_FROM_APPLICATION","2016/02/26 09:48:39.205","1951/01/01","","2024/07/24 09:57:37.295148","-1","SEED_DATA_FROM_APPLICATION","","","SEEDED","PRODUCT_CATEGORY","","",""
"PRODUCT_CATEGORY","PRODUCT_CATEGORY","ORA_GENERAL_INCOME","ORA_KOREA_FOREIGN","ORA_KOREA_FOREIGN","","","","","","","","","","","","","","","","","","","","General Income","","KR","SEED_DATA_FROM_APPLICATION","2016/02/26 09:48:39.23","1951/01/01","","2024/07/24 09:57:37.295148","-1","SEED_DATA_FROM_APPLICATION","","","SEEDED","PRODUCT_CATEGORY","","",""
"PRODUCT_CATEGORY","PRODUCT_CATEGORY","ORA_BUSINESS_INCOME","ORA_KOREA_FOREIGN","ORA_KOREA_FOREIGN","","","","","","","","","","","","","","","","","","","","Business Income","","KR","SEED_DATA_FROM_APPLICATION","2016/02/26 09:48:39.255","1951/01/01","","2024/07/24 09:57:37.295148","-1","SEED_DATA_FROM_APPLICATION","","","SEEDED","PRODUCT_CATEGORY","","",""
"PRODUCT_CATEGORY","PRODUCT_CATEGORY","AA_IN_GST_SAC","","","","","","","","","","","","","","","","","","","","","","AA_IN_GST_SAC","","IN","FIN_IMPL","2019/09/04 09:58:20.0","2017/01/01","","2019/09/04 09:58:51.201","91B82F75A660FFB3E053C390DF0AF77A","FIN_IMPL","","","USER_DEFINED","","","",""
"PRODUCT_CATEGORY","PRODUCT_CATEGORY","AA996511","AA_IN_GST_SAC","AA_IN_GST_SAC","","","","","","","","","","","","","","","","","","","","Road transport services of Goods","","IN","FIN_IMPL","2019/09/04 09:59:13.513","2017/01/01","","2019/09/04 09:59:45.58","91B82F75A660FFB3E053C390DF0AF77A","FIN_IMPL","","","USER_DEFINED","PRODUCT_CATEGORY","","",""
"PRODUCT_CATEGORY","PRODUCT_CATEGORY","AA996601","AA_IN_GST_SAC","AA_IN_GST_SAC","","","","","","","","","","","","","","","","","","","","Rental services of road vehicles","","IN","FIN_IMPL","2019/09/04 09:59:51.455","2017/01/01","","2019/09/04 10:00:23.143","91B82F75A660FFB3E053C390DF0AF77A","FIN_IMPL","","","USER_DEFINED","PRODUCT_CATEGORY","","",""
"PRODUCT_CATEGORY","PRODUCT_CATEGORY","CC_IN_GST_SAC","","","","","","","","","","","","","","","","","","","","","","CC_IN_GST_SAC","","IN","FIN_IMPL","2019/09/04 10:00:46.231","2017/01/01","","2019/09/04 10:01:16.83","91B82F75A660FFB3E053C390DF0AF77A","FIN_IMPL","","","USER_DEFINED","","","",""
"PRODUCT_CATEGORY","PRODUCT_CATEGORY","CC997133","CC_IN_GST_SAC","CC_IN_GST_SAC","","","","","","","","","","","","","","","","","","","","Accident and health Insurance services","","IN","FIN_IMPL","2019/09/04 10:01:30.175","2017/01/01","","2019/09/04 10:01:44.686","91B82F75A660FFB3E053C390DF0AF77A","FIN_IMPL","","","USER_DEFINED","PRODUCT_CATEGORY","","",""
"PRODUCT_CATEGORY","PRODUCT_CATEGORY","CC998321","CC_IN_GST_SAC","CC_IN_GST_SAC","","","","","","","","","","","","","","","","","","","","Architectural advisory services","","IN","FIN_IMPL","2019/09/04 10:01:50.691","2017/01/01","","2019/09/04 10:02:11.847","91B82F75A660FFB3E053C390DF0AF77A","FIN_IMPL","","","USER_DEFINED","PRODUCT_CATEGORY","","",""
