"ORA_ZX_LEGAL_PARTY.ClassificationTypeCode","ClassificationTypeName","CreatedBy","CreationDate","Language","LastUpdateDate","LastUpdateLogin","LastUpdatedBy","SourceLang"
"LEGAL_ACTIVITY_CODE_CL","Codes d'activités juridiques pour le Chili","SEED_DATA_FROM_APPLICATION","2013/08/08 06:56:06.735","FRC","2014/09/11 06:01:45.825879","-1","SEED_DATA_FROM_APPLICATION","FRC"
"LEGAL_ACTIVITY_CODE_CL","Jogi tevékenységek kódjai (Chile)","SEED_DATA_FROM_APPLICATION","2013/08/08 06:56:06.735","HU","2014/09/11 08:25:55.586962","-1","SEED_DATA_FROM_APPLICATION","HU"
"LEGAL_ACTIVITY_CODE_CL","Codici attività legali (Cile)","SEED_DATA_FROM_APPLICATION","2013/08/08 06:56:06.735","I","2014/09/11 10:26:06.65455","-1","SEED_DATA_FROM_APPLICATION","I"
"LEGAL_ACTIVITY_CODE_CL","Codes activité juridique pour le Chili","SEED_DATA_FROM_APPLICATION","2013/08/08 06:56:06.735","F","2017/08/17 03:51:05.788357","-1","SEED_DATA_FROM_APPLICATION","F"
"LEGAL_ACTIVITY_CODE_CL","チリの法的活動コード","SEED_DATA_FROM_APPLICATION","2013/08/08 06:56:06.735","JA","2014/09/11 12:46:45.258239","-1","SEED_DATA_FROM_APPLICATION","JA"
"LEGAL_ACTIVITY_CODE_CL","칠레의 법적 활동 코드","SEED_DATA_FROM_APPLICATION","2013/08/08 06:56:06.735","KO","2014/09/11 13:40:32.504575","-1","SEED_DATA_FROM_APPLICATION","KO"
"LEGAL_ACTIVITY_CODE_CL","Wettelijke activiteitcodes voor Chili","SEED_DATA_FROM_APPLICATION","2013/08/08 06:56:06.735","NL","2014/09/11 14:36:47.625668","-1","SEED_DATA_FROM_APPLICATION","NL"
"LEGAL_ACTIVITY_CODE_CL","Juridiske aktivitetskoder for Chile","SEED_DATA_FROM_APPLICATION","2013/08/08 06:56:06.735","N","2014/09/11 15:51:32.369364","-1","SEED_DATA_FROM_APPLICATION","N"
"LEGAL_ACTIVITY_CODE_CL","Códigos de Atividade Jurídica para Chile","SEED_DATA_FROM_APPLICATION","2013/08/08 06:56:06.735","PTB","2014/09/11 19:03:56.888576","-1","SEED_DATA_FROM_APPLICATION","PTB"
"LEGAL_ACTIVITY_CODE_CL","Kody działalności gospodarczej (Chile)","SEED_DATA_FROM_APPLICATION","2013/08/08 06:56:06.735","PL","2014/09/11 17:36:10.088889","-1","SEED_DATA_FROM_APPLICATION","PL"
"LEGAL_ACTIVITY_CODE_CL","צ'ילה: קודי פעילות משפטית","SEED_DATA_FROM_APPLICATION","2013/08/08 06:56:06.735","IW","2014/09/11 12:01:39.702159","-1","SEED_DATA_FROM_APPLICATION","IW"
"LEGAL_ACTIVITY_CODE_CL","Официальные коды деятельности для Чили","SEED_DATA_FROM_APPLICATION","2013/08/08 06:56:06.735","RU","2014/09/11 22:16:35.091298","-1","SEED_DATA_FROM_APPLICATION","RU"
"LEGAL_ACTIVITY_CODE_CL","Şili için Yasal Etkinlik Kodları","SEED_DATA_FROM_APPLICATION","2013/08/08 06:56:06.735","TR","2014/09/12 01:43:03.807356","-1","SEED_DATA_FROM_APPLICATION","TR"
"LEGAL_ACTIVITY_CODE_CL","智利法定活动代码","SEED_DATA_FROM_APPLICATION","2013/08/08 06:56:06.735","ZHS","2014/09/12 03:00:20.00172","-1","SEED_DATA_FROM_APPLICATION","ZHS"
"LEGAL_ACTIVITY_CODE_CL","Juridiska aktivitetskoder för Chile","SEED_DATA_FROM_APPLICATION","2013/08/08 06:56:06.735","S","2014/09/11 23:23:42.352718","-1","SEED_DATA_FROM_APPLICATION","S"
"LEGAL_ACTIVITY_CODE_CL","Coduri de activităţi legale pt. Chile","SEED_DATA_FROM_APPLICATION","2013/08/08 06:56:06.735","RO","2014/09/11 20:56:49.076853","-1","SEED_DATA_FROM_APPLICATION","RO"
"LEGAL_ACTIVITY_CODE_CL","Chilen juridisen toiminnan koodit","SEED_DATA_FROM_APPLICATION","2013/08/08 06:56:06.735","SF","2014/09/11 03:23:43.79497","-1","SEED_DATA_FROM_APPLICATION","SF"
"LEGAL_ACTIVITY_CODE_CL","Legal Activity Codes for Chile","SEED_DATA_FROM_APPLICATION","2013/08/08 06:56:06.735","US","2024/07/24 09:57:37.140577","-1","SEED_DATA_FROM_APPLICATION","US"
"LEGAL_ACTIVITY_CODE_CL","رموز الأنشطة القانونية في شيلي","SEED_DATA_FROM_APPLICATION","2013/08/08 06:56:06.735","AR","2014/09/10 16:50:46.320183","-1","SEED_DATA_FROM_APPLICATION","AR"
"LEGAL_ACTIVITY_CODE_CL","Kódy právních činností pro Chile","SEED_DATA_FROM_APPLICATION","2013/08/08 06:56:06.735","CS","2014/09/10 18:11:52.477876","-1","SEED_DATA_FROM_APPLICATION","CS"
"LEGAL_ACTIVITY_CODE_CL","Juridiske aktivitetskoder til Chile","SEED_DATA_FROM_APPLICATION","2013/08/08 06:56:06.735","DK","2014/09/10 19:20:51.380817","-1","SEED_DATA_FROM_APPLICATION","DK"
"LEGAL_ACTIVITY_CODE_CL","Wirtschaftliche Tätigkeitscodes für Chile","SEED_DATA_FROM_APPLICATION","2013/08/08 06:56:06.735","D","2014/09/11 00:46:28.108155","-1","SEED_DATA_FROM_APPLICATION","D"
"LEGAL_ACTIVITY_CODE_CL","Códigos de actividades legales de Chile","SEED_DATA_FROM_APPLICATION","2013/08/08 06:56:06.735","E","2014/09/11 02:26:50.196086","-1","SEED_DATA_FROM_APPLICATION","E"
"LEGAL_ACTIVITY_CODE_CL","智利的合法作業代碼","SEED_DATA_FROM_APPLICATION","2013/08/08 06:56:06.735","ZHT","2014/09/12 04:33:23.91576","-1","SEED_DATA_FROM_APPLICATION","ZHT"
"LEGAL_ACTIVITY_CODE_CL","รหัสกิจกรรมทางกฎหมายของชิลี","SEED_DATA_FROM_APPLICATION","2013/08/08 06:56:06.735","TH","2017/03/23 12:12:10.690702","-1","SEED_DATA_FROM_APPLICATION","TH"
"LEGAL_ACTIVITY_CODE_CL","Legal Activity Codes for Chile","SEED_DATA_FROM_APPLICATION","2013/08/08 06:56:06.735","EL","2013/08/08 06:56:06.741","-1","SEED_DATA_FROM_APPLICATION","US"
"LEGAL_ACTIVITY_CODE_CL","Legal Activity Codes for Chile","SEED_DATA_FROM_APPLICATION","2013/08/08 06:56:06.735","ESA","2013/08/08 06:56:06.741","-1","SEED_DATA_FROM_APPLICATION","US"
"LEGAL_ACTIVITY_CODE_CL","Legal Activity Codes for Chile","SEED_DATA_FROM_APPLICATION","2013/08/08 06:56:06.735","HR","2013/08/08 06:56:06.741","-1","SEED_DATA_FROM_APPLICATION","US"
"LEGAL_ACTIVITY_CODE_CL","Legal Activity Codes for Chile","SEED_DATA_FROM_APPLICATION","2013/08/08 06:56:06.735","IS","2013/08/08 06:56:06.741","-1","SEED_DATA_FROM_APPLICATION","US"
"LEGAL_ACTIVITY_CODE_CL","Legal Activity Codes for Chile","SEED_DATA_FROM_APPLICATION","2013/08/08 06:56:06.735","LT","2013/08/08 06:56:06.741","-1","SEED_DATA_FROM_APPLICATION","US"
"LEGAL_ACTIVITY_CODE_CL","Legal Activity Codes for Chile","SEED_DATA_FROM_APPLICATION","2013/08/08 06:56:06.735","PT","2013/08/08 06:56:06.741","-1","SEED_DATA_FROM_APPLICATION","US"
"LEGAL_ACTIVITY_CODE_CL","Legal Activity Codes for Chile","SEED_DATA_FROM_APPLICATION","2013/08/08 06:56:06.735","SK","2013/08/08 06:56:06.741","-1","SEED_DATA_FROM_APPLICATION","US"
"LEGAL_ACTIVITY_CODE_CL","Legal Activity Codes for Chile","SEED_DATA_FROM_APPLICATION","2013/08/08 06:56:06.735","SL","2013/08/08 06:56:06.741","-1","SEED_DATA_FROM_APPLICATION","US"
"LEGAL_ACTIVITY_CODE_CL","Legal Activity Codes for Chile","SEED_DATA_FROM_APPLICATION","2013/08/08 06:56:06.735","ET","2013/08/08 06:56:06.741","-1","SEED_DATA_FROM_APPLICATION","US"
"LEGAL_ACTIVITY_CODE_CL","Legal Activity Codes for Chile","SEED_DATA_FROM_APPLICATION","2013/08/08 06:56:06.735","LV","2013/08/08 06:56:06.741","-1","SEED_DATA_FROM_APPLICATION","US"
"LEGAL_ACTIVITY_CODE_PE","Codes d'activités juridiques pour le Pérou","SEED_DATA_FROM_APPLICATION","2013/08/08 06:56:06.744","FRC","2014/09/11 06:01:45.829537","-1","SEED_DATA_FROM_APPLICATION","FRC"
"LEGAL_ACTIVITY_CODE_PE","Jogi tevékenységek kódjai (Peru)","SEED_DATA_FROM_APPLICATION","2013/08/08 06:56:06.744","HU","2014/09/11 08:25:55.590703","-1","SEED_DATA_FROM_APPLICATION","HU"
"LEGAL_ACTIVITY_CODE_PE","Codici attività legali (Perù)","SEED_DATA_FROM_APPLICATION","2013/08/08 06:56:06.744","I","2014/09/11 10:26:06.65698","-1","SEED_DATA_FROM_APPLICATION","I"
"LEGAL_ACTIVITY_CODE_PE","Codes activité juridique pour le Pérou","SEED_DATA_FROM_APPLICATION","2013/08/08 06:56:06.744","F","2017/08/17 03:51:05.790362","-1","SEED_DATA_FROM_APPLICATION","F"
"LEGAL_ACTIVITY_CODE_PE","ペルーの法的活動コード","SEED_DATA_FROM_APPLICATION","2013/08/08 06:56:06.744","JA","2014/09/11 12:46:45.261352","-1","SEED_DATA_FROM_APPLICATION","JA"
"LEGAL_ACTIVITY_CODE_PE","페루의 법적 활동 코드","SEED_DATA_FROM_APPLICATION","2013/08/08 06:56:06.744","KO","2014/09/11 13:40:32.514447","-1","SEED_DATA_FROM_APPLICATION","KO"
"LEGAL_ACTIVITY_CODE_PE","Wettelijke activiteitcodes voor Peru","SEED_DATA_FROM_APPLICATION","2013/08/08 06:56:06.744","NL","2014/09/11 14:36:47.633094","-1","SEED_DATA_FROM_APPLICATION","NL"
"LEGAL_ACTIVITY_CODE_PE","Juridiske aktivitetskoder for Peru","SEED_DATA_FROM_APPLICATION","2013/08/08 06:56:06.744","N","2014/09/11 15:51:32.381617","-1","SEED_DATA_FROM_APPLICATION","N"
"LEGAL_ACTIVITY_CODE_PE","Códigos de Atividade Jurídica para Peru","SEED_DATA_FROM_APPLICATION","2013/08/08 06:56:06.744","PTB","2014/09/11 19:03:56.892662","-1","SEED_DATA_FROM_APPLICATION","PTB"
"LEGAL_ACTIVITY_CODE_PE","Kody działalności gospodarczej (Peru)","SEED_DATA_FROM_APPLICATION","2013/08/08 06:56:06.744","PL","2014/09/11 17:36:10.098094","-1","SEED_DATA_FROM_APPLICATION","PL"
"LEGAL_ACTIVITY_CODE_PE","פרו: קודי פעילות משפטית","SEED_DATA_FROM_APPLICATION","2013/08/08 06:56:06.744","IW","2014/09/11 12:01:39.70437","-1","SEED_DATA_FROM_APPLICATION","IW"
"LEGAL_ACTIVITY_CODE_PE","Официальные коды деятельности для Перу","SEED_DATA_FROM_APPLICATION","2013/08/08 06:56:06.744","RU","2014/09/11 22:16:35.099936","-1","SEED_DATA_FROM_APPLICATION","RU"
"LEGAL_ACTIVITY_CODE_PE","Peru için Yasal Etkinlik Kodları","SEED_DATA_FROM_APPLICATION","2013/08/08 06:56:06.744","TR","2014/09/12 01:43:03.815474","-1","SEED_DATA_FROM_APPLICATION","TR"
"LEGAL_ACTIVITY_CODE_PE","秘鲁法定活动代码","SEED_DATA_FROM_APPLICATION","2013/08/08 06:56:06.744","ZHS","2014/09/12 03:00:20.00972","-1","SEED_DATA_FROM_APPLICATION","ZHS"
"LEGAL_ACTIVITY_CODE_PE","Juridiska aktivitetskoder för Peru","SEED_DATA_FROM_APPLICATION","2013/08/08 06:56:06.744","S","2014/09/11 23:23:42.359183","-1","SEED_DATA_FROM_APPLICATION","S"
"LEGAL_ACTIVITY_CODE_PE","Coduri de activităţi legale pt. Peru","SEED_DATA_FROM_APPLICATION","2013/08/08 06:56:06.744","RO","2014/09/11 20:56:49.079516","-1","SEED_DATA_FROM_APPLICATION","RO"
"LEGAL_ACTIVITY_CODE_PE","Perun juridisen toiminnan koodit","SEED_DATA_FROM_APPLICATION","2013/08/08 06:56:06.744","SF","2014/09/11 03:23:43.799649","-1","SEED_DATA_FROM_APPLICATION","SF"
"LEGAL_ACTIVITY_CODE_PE","Legal Activity Codes for Peru","SEED_DATA_FROM_APPLICATION","2013/08/08 06:56:06.744","US","2024/07/24 09:57:37.140577","-1","SEED_DATA_FROM_APPLICATION","US"
"LEGAL_ACTIVITY_CODE_PE","رموز الأنشطة القانونية في بيرو","SEED_DATA_FROM_APPLICATION","2013/08/08 06:56:06.744","AR","2014/09/10 16:50:46.322629","-1","SEED_DATA_FROM_APPLICATION","AR"
"LEGAL_ACTIVITY_CODE_PE","Kódy právních činností pro Peru","SEED_DATA_FROM_APPLICATION","2013/08/08 06:56:06.744","CS","2014/09/10 18:11:52.490118","-1","SEED_DATA_FROM_APPLICATION","CS"
"LEGAL_ACTIVITY_CODE_PE","Juridiske aktivitetskoder til Peru","SEED_DATA_FROM_APPLICATION","2013/08/08 06:56:06.744","DK","2014/09/10 19:20:51.383683","-1","SEED_DATA_FROM_APPLICATION","DK"
"LEGAL_ACTIVITY_CODE_PE","Wirtschaftliche Tätigkeitscodes für Peru","SEED_DATA_FROM_APPLICATION","2013/08/08 06:56:06.744","D","2014/09/11 00:46:28.112101","-1","SEED_DATA_FROM_APPLICATION","D"
"LEGAL_ACTIVITY_CODE_PE","Códigos de actividades legales de Perú","SEED_DATA_FROM_APPLICATION","2013/08/08 06:56:06.744","E","2014/09/11 02:26:50.19823","-1","SEED_DATA_FROM_APPLICATION","E"
"LEGAL_ACTIVITY_CODE_PE","秘魯的合法作業代碼","SEED_DATA_FROM_APPLICATION","2013/08/08 06:56:06.744","ZHT","2014/09/12 04:33:23.919577","-1","SEED_DATA_FROM_APPLICATION","ZHT"
"LEGAL_ACTIVITY_CODE_PE","รหัสกิจกรรมทางกฎหมายของเปรู","SEED_DATA_FROM_APPLICATION","2013/08/08 06:56:06.744","TH","2017/03/23 12:12:10.696425","-1","SEED_DATA_FROM_APPLICATION","TH"
"LEGAL_ACTIVITY_CODE_PE","Legal Activity Codes for Peru","SEED_DATA_FROM_APPLICATION","2013/08/08 06:56:06.744","EL","2013/08/08 06:56:06.747","-1","SEED_DATA_FROM_APPLICATION","US"
"LEGAL_ACTIVITY_CODE_PE","Legal Activity Codes for Peru","SEED_DATA_FROM_APPLICATION","2013/08/08 06:56:06.744","ESA","2013/08/08 06:56:06.747","-1","SEED_DATA_FROM_APPLICATION","US"
"LEGAL_ACTIVITY_CODE_PE","Legal Activity Codes for Peru","SEED_DATA_FROM_APPLICATION","2013/08/08 06:56:06.744","HR","2013/08/08 06:56:06.747","-1","SEED_DATA_FROM_APPLICATION","US"
"LEGAL_ACTIVITY_CODE_PE","Legal Activity Codes for Peru","SEED_DATA_FROM_APPLICATION","2013/08/08 06:56:06.744","IS","2013/08/08 06:56:06.747","-1","SEED_DATA_FROM_APPLICATION","US"
"LEGAL_ACTIVITY_CODE_PE","Legal Activity Codes for Peru","SEED_DATA_FROM_APPLICATION","2013/08/08 06:56:06.744","LT","2013/08/08 06:56:06.747","-1","SEED_DATA_FROM_APPLICATION","US"
"LEGAL_ACTIVITY_CODE_PE","Legal Activity Codes for Peru","SEED_DATA_FROM_APPLICATION","2013/08/08 06:56:06.744","PT","2013/08/08 06:56:06.747","-1","SEED_DATA_FROM_APPLICATION","US"
"LEGAL_ACTIVITY_CODE_PE","Legal Activity Codes for Peru","SEED_DATA_FROM_APPLICATION","2013/08/08 06:56:06.744","SK","2013/08/08 06:56:06.747","-1","SEED_DATA_FROM_APPLICATION","US"
"LEGAL_ACTIVITY_CODE_PE","Legal Activity Codes for Peru","SEED_DATA_FROM_APPLICATION","2013/08/08 06:56:06.744","SL","2013/08/08 06:56:06.747","-1","SEED_DATA_FROM_APPLICATION","US"
"LEGAL_ACTIVITY_CODE_PE","Legal Activity Codes for Peru","SEED_DATA_FROM_APPLICATION","2013/08/08 06:56:06.744","ET","2013/08/08 06:56:06.747","-1","SEED_DATA_FROM_APPLICATION","US"
"LEGAL_ACTIVITY_CODE_PE","Legal Activity Codes for Peru","SEED_DATA_FROM_APPLICATION","2013/08/08 06:56:06.744","LV","2013/08/08 06:56:06.747","-1","SEED_DATA_FROM_APPLICATION","US"
"LEGAL_ACTIVITY_CODE_VE","Codes activité juridique pour le Venezuela","SEED_DATA_FROM_APPLICATION","2013/08/08 06:56:06.751","F","2017/08/17 03:51:05.792201","-1","SEED_DATA_FROM_APPLICATION","F"
"LEGAL_ACTIVITY_CODE_VE","Codes d'activités juridiques pour le Venezuela","SEED_DATA_FROM_APPLICATION","2013/08/08 06:56:06.751","FRC","2014/09/11 06:01:45.832922","-1","SEED_DATA_FROM_APPLICATION","FRC"
"LEGAL_ACTIVITY_CODE_VE","Jogi tevékenységek kódjai (Venezuela)","SEED_DATA_FROM_APPLICATION","2013/08/08 06:56:06.751","HU","2014/09/11 08:25:55.595867","-1","SEED_DATA_FROM_APPLICATION","HU"
"LEGAL_ACTIVITY_CODE_VE","Codici attività legali (Venezuela)","SEED_DATA_FROM_APPLICATION","2013/08/08 06:56:06.751","I","2014/09/11 10:26:06.660915","-1","SEED_DATA_FROM_APPLICATION","I"
"LEGAL_ACTIVITY_CODE_VE","ベネズエラの法的活動コード","SEED_DATA_FROM_APPLICATION","2013/08/08 06:56:06.751","JA","2014/09/11 12:46:45.264796","-1","SEED_DATA_FROM_APPLICATION","JA"
"LEGAL_ACTIVITY_CODE_VE","베네수엘라의 법적 활동 코드","SEED_DATA_FROM_APPLICATION","2013/08/08 06:56:06.751","KO","2014/09/11 13:40:32.52475","-1","SEED_DATA_FROM_APPLICATION","KO"
"LEGAL_ACTIVITY_CODE_VE","Wettelijke activiteitcodes voor Venezuela","SEED_DATA_FROM_APPLICATION","2013/08/08 06:56:06.751","NL","2014/09/11 14:36:47.642041","-1","SEED_DATA_FROM_APPLICATION","NL"
"LEGAL_ACTIVITY_CODE_VE","Juridiske aktivitetskoder for Venezuela","SEED_DATA_FROM_APPLICATION","2013/08/08 06:56:06.751","N","2014/09/11 15:51:32.390068","-1","SEED_DATA_FROM_APPLICATION","N"
"LEGAL_ACTIVITY_CODE_VE","Códigos de Atividade Jurídica para Venezuela","SEED_DATA_FROM_APPLICATION","2013/08/08 06:56:06.751","PTB","2014/09/11 19:03:56.896252","-1","SEED_DATA_FROM_APPLICATION","PTB"
"LEGAL_ACTIVITY_CODE_VE","Kody działalności gospodarczej (Wenezuela)","SEED_DATA_FROM_APPLICATION","2013/08/08 06:56:06.751","PL","2014/09/11 17:36:10.108275","-1","SEED_DATA_FROM_APPLICATION","PL"
"LEGAL_ACTIVITY_CODE_VE","ונצואלה: קודי פעילות משפטית","SEED_DATA_FROM_APPLICATION","2013/08/08 06:56:06.751","IW","2014/09/11 12:01:39.7073","-1","SEED_DATA_FROM_APPLICATION","IW"
"LEGAL_ACTIVITY_CODE_VE","Официальные коды деят. для Венесуэлы","SEED_DATA_FROM_APPLICATION","2013/08/08 06:56:06.751","RU","2014/09/11 22:16:35.109359","-1","SEED_DATA_FROM_APPLICATION","RU"
"LEGAL_ACTIVITY_CODE_VE","Venezuela için Yasal Etkinlik Kodları","SEED_DATA_FROM_APPLICATION","2013/08/08 06:56:06.751","TR","2014/09/12 01:43:03.832016","-1","SEED_DATA_FROM_APPLICATION","TR"
"LEGAL_ACTIVITY_CODE_VE","委内瑞拉法定活动代码","SEED_DATA_FROM_APPLICATION","2013/08/08 06:56:06.751","ZHS","2014/09/12 03:00:20.02383","-1","SEED_DATA_FROM_APPLICATION","ZHS"
"LEGAL_ACTIVITY_CODE_VE","Juridiska aktivitetskoder för Venezuela","SEED_DATA_FROM_APPLICATION","2013/08/08 06:56:06.751","S","2014/09/11 23:23:42.367317","-1","SEED_DATA_FROM_APPLICATION","S"
"LEGAL_ACTIVITY_CODE_VE","Coduri de activităţi legale pt. Venezuela","SEED_DATA_FROM_APPLICATION","2013/08/08 06:56:06.751","RO","2014/09/11 20:56:49.082565","-1","SEED_DATA_FROM_APPLICATION","RO"
"LEGAL_ACTIVITY_CODE_VE","Venezuelan juridisen toiminnan koodit","SEED_DATA_FROM_APPLICATION","2013/08/08 06:56:06.751","SF","2014/09/11 03:23:43.802621","-1","SEED_DATA_FROM_APPLICATION","SF"
"LEGAL_ACTIVITY_CODE_VE","Legal Activity Codes for Venezuela","SEED_DATA_FROM_APPLICATION","2013/08/08 06:56:06.751","US","2024/07/24 09:57:37.140577","-1","SEED_DATA_FROM_APPLICATION","US"
"LEGAL_ACTIVITY_CODE_VE","رموز الأنشطة القانونية في فنزويلا","SEED_DATA_FROM_APPLICATION","2013/08/08 06:56:06.751","AR","2014/09/10 16:50:46.326343","-1","SEED_DATA_FROM_APPLICATION","AR"
"LEGAL_ACTIVITY_CODE_VE","Kódy právních činností pro Venezuelu","SEED_DATA_FROM_APPLICATION","2013/08/08 06:56:06.751","CS","2014/09/10 18:11:52.503705","-1","SEED_DATA_FROM_APPLICATION","CS"
"LEGAL_ACTIVITY_CODE_VE","Juridiske aktivitetskoder til Venezuela","SEED_DATA_FROM_APPLICATION","2013/08/08 06:56:06.751","DK","2014/09/10 19:20:51.386345","-1","SEED_DATA_FROM_APPLICATION","DK"
"LEGAL_ACTIVITY_CODE_VE","Wirtschaftliche Tätigkeitscodes für Venezuela","SEED_DATA_FROM_APPLICATION","2013/08/08 06:56:06.751","D","2014/09/11 00:46:28.117211","-1","SEED_DATA_FROM_APPLICATION","D"
"LEGAL_ACTIVITY_CODE_VE","Códigos de actividades legales de Venezuela","SEED_DATA_FROM_APPLICATION","2013/08/08 06:56:06.751","E","2014/09/11 02:26:50.200408","-1","SEED_DATA_FROM_APPLICATION","E"
"LEGAL_ACTIVITY_CODE_VE","委內瑞拉的合法作業代碼","SEED_DATA_FROM_APPLICATION","2013/08/08 06:56:06.751","ZHT","2014/09/12 04:33:23.921875","-1","SEED_DATA_FROM_APPLICATION","ZHT"
"LEGAL_ACTIVITY_CODE_VE","รหัสกิจกรรมทางกฎหมายของเวเนซูเอลา","SEED_DATA_FROM_APPLICATION","2013/08/08 06:56:06.751","TH","2017/03/23 12:12:10.702489","-1","SEED_DATA_FROM_APPLICATION","TH"
"LEGAL_ACTIVITY_CODE_VE","Legal Activity Codes for Venezuela","SEED_DATA_FROM_APPLICATION","2013/08/08 06:56:06.751","EL","2013/08/08 06:56:06.755","-1","SEED_DATA_FROM_APPLICATION","US"
"LEGAL_ACTIVITY_CODE_VE","Legal Activity Codes for Venezuela","SEED_DATA_FROM_APPLICATION","2013/08/08 06:56:06.751","ESA","2013/08/08 06:56:06.755","-1","SEED_DATA_FROM_APPLICATION","US"
"LEGAL_ACTIVITY_CODE_VE","Legal Activity Codes for Venezuela","SEED_DATA_FROM_APPLICATION","2013/08/08 06:56:06.751","HR","2013/08/08 06:56:06.755","-1","SEED_DATA_FROM_APPLICATION","US"
"LEGAL_ACTIVITY_CODE_VE","Legal Activity Codes for Venezuela","SEED_DATA_FROM_APPLICATION","2013/08/08 06:56:06.751","IS","2013/08/08 06:56:06.755","-1","SEED_DATA_FROM_APPLICATION","US"
"LEGAL_ACTIVITY_CODE_VE","Legal Activity Codes for Venezuela","SEED_DATA_FROM_APPLICATION","2013/08/08 06:56:06.751","LT","2013/08/08 06:56:06.755","-1","SEED_DATA_FROM_APPLICATION","US"
"LEGAL_ACTIVITY_CODE_VE","Legal Activity Codes for Venezuela","SEED_DATA_FROM_APPLICATION","2013/08/08 06:56:06.751","PT","2013/08/08 06:56:06.755","-1","SEED_DATA_FROM_APPLICATION","US"
"LEGAL_ACTIVITY_CODE_VE","Legal Activity Codes for Venezuela","SEED_DATA_FROM_APPLICATION","2013/08/08 06:56:06.751","SK","2013/08/08 06:56:06.755","-1","SEED_DATA_FROM_APPLICATION","US"
"LEGAL_ACTIVITY_CODE_VE","Legal Activity Codes for Venezuela","SEED_DATA_FROM_APPLICATION","2013/08/08 06:56:06.751","SL","2013/08/08 06:56:06.755","-1","SEED_DATA_FROM_APPLICATION","US"
"LEGAL_ACTIVITY_CODE_VE","Legal Activity Codes for Venezuela","SEED_DATA_FROM_APPLICATION","2013/08/08 06:56:06.751","ET","2013/08/08 06:56:06.755","-1","SEED_DATA_FROM_APPLICATION","US"
"LEGAL_ACTIVITY_CODE_VE","Legal Activity Codes for Venezuela","SEED_DATA_FROM_APPLICATION","2013/08/08 06:56:06.751","LV","2013/08/08 06:56:06.755","-1","SEED_DATA_FROM_APPLICATION","US"
"LEGAL_ACTIVITY_CODE_CO","Codes activité juridique pour la Colombie","SEED_DATA_FROM_APPLICATION","2013/08/08 06:56:06.76","F","2017/08/17 03:51:05.79462","-1","SEED_DATA_FROM_APPLICATION","F"
"LEGAL_ACTIVITY_CODE_CO","Codes d'activités juridiques pour la Colombie","SEED_DATA_FROM_APPLICATION","2013/08/08 06:56:06.76","FRC","2014/09/11 06:01:45.835432","-1","SEED_DATA_FROM_APPLICATION","FRC"
"LEGAL_ACTIVITY_CODE_CO","Jogi tevékenységek kódjai (Kolumbia)","SEED_DATA_FROM_APPLICATION","2013/08/08 06:56:06.76","HU","2014/09/11 08:25:55.598638","-1","SEED_DATA_FROM_APPLICATION","HU"
"LEGAL_ACTIVITY_CODE_CO","Codici attività legali (Colombia)","SEED_DATA_FROM_APPLICATION","2013/08/08 06:56:06.76","I","2014/09/11 10:26:06.663516","-1","SEED_DATA_FROM_APPLICATION","I"
"LEGAL_ACTIVITY_CODE_CO","Kolumbian juridisen toiminnan koodit","SEED_DATA_FROM_APPLICATION","2013/08/08 06:56:06.76","SF","2014/09/11 03:23:43.806561","-1","SEED_DATA_FROM_APPLICATION","SF"
"LEGAL_ACTIVITY_CODE_CO","コロンビアの法的活動コード","SEED_DATA_FROM_APPLICATION","2013/08/08 06:56:06.76","JA","2014/09/11 12:46:45.268086","-1","SEED_DATA_FROM_APPLICATION","JA"
"LEGAL_ACTIVITY_CODE_CO","콜롬비아의 법적 활동 코드","SEED_DATA_FROM_APPLICATION","2013/08/08 06:56:06.76","KO","2014/09/11 13:40:32.535462","-1","SEED_DATA_FROM_APPLICATION","KO"
"LEGAL_ACTIVITY_CODE_CO","Wettelijke activiteitcodes voor Colombia","SEED_DATA_FROM_APPLICATION","2013/08/08 06:56:06.76","NL","2014/09/11 14:36:47.649432","-1","SEED_DATA_FROM_APPLICATION","NL"
"LEGAL_ACTIVITY_CODE_CO","Juridiske aktivitetskoder for Colombia","SEED_DATA_FROM_APPLICATION","2013/08/08 06:56:06.76","N","2014/09/11 15:51:32.399715","-1","SEED_DATA_FROM_APPLICATION","N"
"LEGAL_ACTIVITY_CODE_CO","Códigos de Atividade Jurídica para Colômbia","SEED_DATA_FROM_APPLICATION","2013/08/08 06:56:06.76","PTB","2014/09/11 19:03:56.898972","-1","SEED_DATA_FROM_APPLICATION","PTB"
"LEGAL_ACTIVITY_CODE_CO","Kody działalności gospodarczej (Kolumbia)","SEED_DATA_FROM_APPLICATION","2013/08/08 06:56:06.76","PL","2014/09/11 17:36:10.117743","-1","SEED_DATA_FROM_APPLICATION","PL"
"LEGAL_ACTIVITY_CODE_CO","קולומביה: קודי פעילות משפטית","SEED_DATA_FROM_APPLICATION","2013/08/08 06:56:06.76","IW","2014/09/11 12:01:39.710153","-1","SEED_DATA_FROM_APPLICATION","IW"
"LEGAL_ACTIVITY_CODE_CO","Официальные коды деятельности для Колумбии","SEED_DATA_FROM_APPLICATION","2013/08/08 06:56:06.76","RU","2014/09/11 22:16:35.11557","-1","SEED_DATA_FROM_APPLICATION","RU"
"LEGAL_ACTIVITY_CODE_CO","Kolombiya için Yasal Etkinlik Kodları","SEED_DATA_FROM_APPLICATION","2013/08/08 06:56:06.76","TR","2014/09/12 01:43:03.839715","-1","SEED_DATA_FROM_APPLICATION","TR"
"LEGAL_ACTIVITY_CODE_CO","哥伦比亚法定活动代码","SEED_DATA_FROM_APPLICATION","2013/08/08 06:56:06.76","ZHS","2014/09/12 03:00:20.03394","-1","SEED_DATA_FROM_APPLICATION","ZHS"
"LEGAL_ACTIVITY_CODE_CO","Juridiska aktivitetskoder för Colombia","SEED_DATA_FROM_APPLICATION","2013/08/08 06:56:06.76","S","2014/09/11 23:23:42.377234","-1","SEED_DATA_FROM_APPLICATION","S"
"LEGAL_ACTIVITY_CODE_CO","Coduri de activităţi legale pt. Columbia","SEED_DATA_FROM_APPLICATION","2013/08/08 06:56:06.76","RO","2014/09/11 20:56:49.086267","-1","SEED_DATA_FROM_APPLICATION","RO"
"LEGAL_ACTIVITY_CODE_CO","Códigos de actividades legales de Colombia","SEED_DATA_FROM_APPLICATION","2013/08/08 06:56:06.76","E","2014/09/11 02:26:50.202866","-1","SEED_DATA_FROM_APPLICATION","E"
"LEGAL_ACTIVITY_CODE_CO","Legal Activity Codes for Colombia","SEED_DATA_FROM_APPLICATION","2013/08/08 06:56:06.76","US","2024/07/24 09:57:37.140577","-1","SEED_DATA_FROM_APPLICATION","US"
"LEGAL_ACTIVITY_CODE_CO","رموز الأنشطة القانونية في كولومبيا","SEED_DATA_FROM_APPLICATION","2013/08/08 06:56:06.76","AR","2014/09/10 16:50:46.328849","-1","SEED_DATA_FROM_APPLICATION","AR"
"LEGAL_ACTIVITY_CODE_CO","Kódy právních činností pro Kolumbii","SEED_DATA_FROM_APPLICATION","2013/08/08 06:56:06.76","CS","2014/09/10 18:11:52.525004","-1","SEED_DATA_FROM_APPLICATION","CS"
"LEGAL_ACTIVITY_CODE_CO","Juridiske aktivitetskoder til Colombia","SEED_DATA_FROM_APPLICATION","2013/08/08 06:56:06.76","DK","2014/09/10 19:20:51.388788","-1","SEED_DATA_FROM_APPLICATION","DK"
"LEGAL_ACTIVITY_CODE_CO","Wirtschaftliche Tätigkeitscodes für Kolumbien","SEED_DATA_FROM_APPLICATION","2013/08/08 06:56:06.76","D","2014/09/11 00:46:28.119921","-1","SEED_DATA_FROM_APPLICATION","D"
"LEGAL_ACTIVITY_CODE_CO","哥倫比亞的合法作業代碼","SEED_DATA_FROM_APPLICATION","2013/08/08 06:56:06.76","ZHT","2014/09/12 04:33:23.924542","-1","SEED_DATA_FROM_APPLICATION","ZHT"
"LEGAL_ACTIVITY_CODE_CO","รหัสกิจกรรมทางกฎหมายของโคลัมเบีย","SEED_DATA_FROM_APPLICATION","2013/08/08 06:56:06.76","TH","2017/03/23 12:12:10.705991","-1","SEED_DATA_FROM_APPLICATION","TH"
"LEGAL_ACTIVITY_CODE_CO","Legal Activity Codes for Colombia","SEED_DATA_FROM_APPLICATION","2013/08/08 06:56:06.76","EL","2013/08/08 06:56:06.763","-1","SEED_DATA_FROM_APPLICATION","US"
"LEGAL_ACTIVITY_CODE_CO","Legal Activity Codes for Colombia","SEED_DATA_FROM_APPLICATION","2013/08/08 06:56:06.76","ESA","2013/08/08 06:56:06.763","-1","SEED_DATA_FROM_APPLICATION","US"
"LEGAL_ACTIVITY_CODE_CO","Legal Activity Codes for Colombia","SEED_DATA_FROM_APPLICATION","2013/08/08 06:56:06.76","HR","2013/08/08 06:56:06.763","-1","SEED_DATA_FROM_APPLICATION","US"
"LEGAL_ACTIVITY_CODE_CO","Legal Activity Codes for Colombia","SEED_DATA_FROM_APPLICATION","2013/08/08 06:56:06.76","IS","2013/08/08 06:56:06.763","-1","SEED_DATA_FROM_APPLICATION","US"
"LEGAL_ACTIVITY_CODE_CO","Legal Activity Codes for Colombia","SEED_DATA_FROM_APPLICATION","2013/08/08 06:56:06.76","LT","2013/08/08 06:56:06.763","-1","SEED_DATA_FROM_APPLICATION","US"
"LEGAL_ACTIVITY_CODE_CO","Legal Activity Codes for Colombia","SEED_DATA_FROM_APPLICATION","2013/08/08 06:56:06.76","PT","2013/08/08 06:56:06.763","-1","SEED_DATA_FROM_APPLICATION","US"
"LEGAL_ACTIVITY_CODE_CO","Legal Activity Codes for Colombia","SEED_DATA_FROM_APPLICATION","2013/08/08 06:56:06.76","SK","2013/08/08 06:56:06.763","-1","SEED_DATA_FROM_APPLICATION","US"
"LEGAL_ACTIVITY_CODE_CO","Legal Activity Codes for Colombia","SEED_DATA_FROM_APPLICATION","2013/08/08 06:56:06.76","SL","2013/08/08 06:56:06.763","-1","SEED_DATA_FROM_APPLICATION","US"
"LEGAL_ACTIVITY_CODE_CO","Legal Activity Codes for Colombia","SEED_DATA_FROM_APPLICATION","2013/08/08 06:56:06.76","ET","2013/08/08 06:56:06.763","-1","SEED_DATA_FROM_APPLICATION","US"
"LEGAL_ACTIVITY_CODE_CO","Legal Activity Codes for Colombia","SEED_DATA_FROM_APPLICATION","2013/08/08 06:56:06.76","LV","2013/08/08 06:56:06.763","-1","SEED_DATA_FROM_APPLICATION","US"
"2003 SIC","Codes activité juridique pour le Royaume-Uni","SEED_DATA_FROM_APPLICATION","2013/08/08 06:56:06.768","F","2017/08/17 03:51:05.796747","-1","SEED_DATA_FROM_APPLICATION","F"
"2003 SIC","Codes d'activité juridique pour le Royaume-Uni","SEED_DATA_FROM_APPLICATION","2013/08/08 06:56:06.768","FRC","2014/09/11 06:01:45.837884","-1","SEED_DATA_FROM_APPLICATION","FRC"
"2003 SIC","Jogi tevékenységek kódjai (Egyesült Királyság)","SEED_DATA_FROM_APPLICATION","2013/08/08 06:56:06.768","HU","2014/09/11 08:25:55.601781","-1","SEED_DATA_FROM_APPLICATION","HU"
"2003 SIC","Codici attività legali (Regno Unito)","SEED_DATA_FROM_APPLICATION","2013/08/08 06:56:06.768","I","2014/09/11 10:26:06.665845","-1","SEED_DATA_FROM_APPLICATION","I"
"2003 SIC","Ison-Britannian juridisen toiminnan koodit","SEED_DATA_FROM_APPLICATION","2013/08/08 06:56:06.768","SF","2014/09/11 03:23:43.813359","-1","SEED_DATA_FROM_APPLICATION","SF"
"2003 SIC","英国の法的活動コード","SEED_DATA_FROM_APPLICATION","2013/08/08 06:56:06.768","JA","2014/09/11 12:46:45.278889","-1","SEED_DATA_FROM_APPLICATION","JA"
"2003 SIC","영국의 법적 활동 코드","SEED_DATA_FROM_APPLICATION","2013/08/08 06:56:06.768","KO","2014/09/11 13:40:32.543086","-1","SEED_DATA_FROM_APPLICATION","KO"
"2003 SIC","Wettelijke activiteitcodes voor Verenigd Koninkrijk","SEED_DATA_FROM_APPLICATION","2013/08/08 06:56:06.768","NL","2014/09/11 14:36:47.659148","-1","SEED_DATA_FROM_APPLICATION","NL"
"2003 SIC","Juridiske aktivitetskoder for Storbritannia","SEED_DATA_FROM_APPLICATION","2013/08/08 06:56:06.768","N","2014/09/11 15:51:32.406977","-1","SEED_DATA_FROM_APPLICATION","N"
"2003 SIC","Códigos de Atividade Jurídica para Reino Unido","SEED_DATA_FROM_APPLICATION","2013/08/08 06:56:06.768","PTB","2014/09/11 19:03:56.901491","-1","SEED_DATA_FROM_APPLICATION","PTB"
"2003 SIC","Kody działalności gospodarczej (Wielka Brytania)","SEED_DATA_FROM_APPLICATION","2013/08/08 06:56:06.768","PL","2014/09/11 17:36:10.128507","-1","SEED_DATA_FROM_APPLICATION","PL"
"2003 SIC","קודי פעילות משפטית לממלכה המאוחדת","SEED_DATA_FROM_APPLICATION","2013/08/08 06:56:06.768","IW","2014/09/11 12:01:39.714963","-1","SEED_DATA_FROM_APPLICATION","IW"
"2003 SIC","Юридические коды деятельности для Великобритании","SEED_DATA_FROM_APPLICATION","2013/08/08 06:56:06.768","RU","2014/09/11 22:16:35.13034","-1","SEED_DATA_FROM_APPLICATION","RU"
"2003 SIC","Birleşik Krallık için Yasal Etkinlik Kodları","SEED_DATA_FROM_APPLICATION","2013/08/08 06:56:06.768","TR","2014/09/12 01:43:03.847299","-1","SEED_DATA_FROM_APPLICATION","TR"
"2003 SIC","英国法定活动代码","SEED_DATA_FROM_APPLICATION","2013/08/08 06:56:06.768","ZHS","2014/09/12 03:00:20.048005","-1","SEED_DATA_FROM_APPLICATION","ZHS"
"2003 SIC","Juridiska aktivitetskoder för Storbritannien","SEED_DATA_FROM_APPLICATION","2013/08/08 06:56:06.768","S","2014/09/11 23:23:42.385586","-1","SEED_DATA_FROM_APPLICATION","S"
"2003 SIC","Coduri de activităţi legale pt. Marea Britanie","SEED_DATA_FROM_APPLICATION","2013/08/08 06:56:06.768","RO","2014/09/11 20:56:49.089248","-1","SEED_DATA_FROM_APPLICATION","RO"
"2003 SIC","Códigos de actividades legales del Reino Unido","SEED_DATA_FROM_APPLICATION","2013/08/08 06:56:06.768","E","2014/09/11 02:26:50.204761","-1","SEED_DATA_FROM_APPLICATION","E"
"2003 SIC","Legal Activity Codes for United Kingdom","SEED_DATA_FROM_APPLICATION","2013/08/08 06:56:06.768","US","2024/07/24 09:57:37.140577","-1","SEED_DATA_FROM_APPLICATION","US"
"2003 SIC","رموز النشاط القانوني للمملكة المتحدة","SEED_DATA_FROM_APPLICATION","2013/08/08 06:56:06.768","AR","2014/09/10 16:50:46.331964","-1","SEED_DATA_FROM_APPLICATION","AR"
"2003 SIC","Kódy právních činností pro Spojené království","SEED_DATA_FROM_APPLICATION","2013/08/08 06:56:06.768","CS","2014/09/10 18:11:52.546058","-1","SEED_DATA_FROM_APPLICATION","CS"
"2003 SIC","Juridiske aktivitetskoder for Storbritannien","SEED_DATA_FROM_APPLICATION","2013/08/08 06:56:06.768","DK","2014/09/10 19:20:51.392153","-1","SEED_DATA_FROM_APPLICATION","DK"
"2003 SIC","Wirtschaftliche Tätigkeitscodes für das Vereinigte Königreich","SEED_DATA_FROM_APPLICATION","2013/08/08 06:56:06.768","D","2017/03/19 23:38:09.781297","-1","SEED_DATA_FROM_APPLICATION","D"
"2003 SIC","英國的合法作業代碼","SEED_DATA_FROM_APPLICATION","2013/08/08 06:56:06.768","ZHT","2014/09/12 04:33:23.926959","-1","SEED_DATA_FROM_APPLICATION","ZHT"
"2003 SIC","รหัสกิจกรรมทางกฎหมายของสหราชอาณาจักร","SEED_DATA_FROM_APPLICATION","2013/08/08 06:56:06.768","TH","2017/03/23 12:12:10.710245","-1","SEED_DATA_FROM_APPLICATION","TH"
"2003 SIC","Legal Activity Codes for United Kingdom","SEED_DATA_FROM_APPLICATION","2013/08/08 06:56:06.768","EL","2013/08/08 06:56:06.773","-1","SEED_DATA_FROM_APPLICATION","US"
"2003 SIC","Legal Activity Codes for United Kingdom","SEED_DATA_FROM_APPLICATION","2013/08/08 06:56:06.768","ESA","2013/08/08 06:56:06.773","-1","SEED_DATA_FROM_APPLICATION","US"
"2003 SIC","Legal Activity Codes for United Kingdom","SEED_DATA_FROM_APPLICATION","2013/08/08 06:56:06.768","HR","2013/08/08 06:56:06.773","-1","SEED_DATA_FROM_APPLICATION","US"
"2003 SIC","Legal Activity Codes for United Kingdom","SEED_DATA_FROM_APPLICATION","2013/08/08 06:56:06.768","IS","2013/08/08 06:56:06.773","-1","SEED_DATA_FROM_APPLICATION","US"
"2003 SIC","Legal Activity Codes for United Kingdom","SEED_DATA_FROM_APPLICATION","2013/08/08 06:56:06.768","LT","2013/08/08 06:56:06.773","-1","SEED_DATA_FROM_APPLICATION","US"
"2003 SIC","Legal Activity Codes for United Kingdom","SEED_DATA_FROM_APPLICATION","2013/08/08 06:56:06.768","PT","2013/08/08 06:56:06.773","-1","SEED_DATA_FROM_APPLICATION","US"
"2003 SIC","Legal Activity Codes for United Kingdom","SEED_DATA_FROM_APPLICATION","2013/08/08 06:56:06.768","SK","2013/08/08 06:56:06.773","-1","SEED_DATA_FROM_APPLICATION","US"
"2003 SIC","Legal Activity Codes for United Kingdom","SEED_DATA_FROM_APPLICATION","2013/08/08 06:56:06.768","SL","2013/08/08 06:56:06.773","-1","SEED_DATA_FROM_APPLICATION","US"
"2003 SIC","Legal Activity Codes for United Kingdom","SEED_DATA_FROM_APPLICATION","2013/08/08 06:56:06.768","ET","2013/08/08 06:56:06.773","-1","SEED_DATA_FROM_APPLICATION","US"
"2003 SIC","Legal Activity Codes for United Kingdom","SEED_DATA_FROM_APPLICATION","2013/08/08 06:56:06.768","LV","2013/08/08 06:56:06.773","-1","SEED_DATA_FROM_APPLICATION","US"
