"ClassificationTypeCode","Attribute1","Attribute10","Attribute11","Attribute12","Attribute13","Attribute14","Attribute15","Attribute2","Attribute3","Attribute4","Attribute5","Attribute6","Attribute7","Attribute8","Attribute9","AttributeCategory","ClassificationTypeCategCode","ClassificationTypeGroupCode","ClassificationTypeLevelCode","ClassificationTypeName","CreatedBy","CreationDate","Delimiter","EffectiveFrom","EffectiveTo","LastUpdateDate","LastUpdateLogin","LastUpdatedBy","NumCharacters","OwnerIdChar","OwnerTableCode","ProgramAppName","ProgramName","RecordTypeCode","StartPosition","CatalogCode"
"ES VAT PRODUCT LEVEL 2 CLIC","","","","","","","","","","","","","","","","","PRODUCT_FISCAL_CLASS","ES PROD CLASS CLIC","2","ES VAT Product Level 2","FIN_IMPL","2014/01/14 15:59:22.8","","1986/01/01","","2014/01/14 15:59:26.018","EFF145707D0B29E9E0436204548C9304","FIN_IMPL","7","","EGP_CATEGORY_SETS_B","","","SEEDED","1","ES_PROD_CLASS_CLIC"
"ES VAT RECOVERY CLIC","","","","","","","","","","","","","","","","","PRODUCT_FISCAL_CLASS","ES VAT RECOVERY CLIC","1","ES VAT Recovery","FIN_IMPL","2014/01/14 15:59:22.829","","1986/01/01","","2014/01/14 15:59:26.027","EFF145707D0B29E9E0436204548C9304","FIN_IMPL","200","","EGP_CATEGORY_SETS_B","","","SEEDED","1","ES_VAT_RECOVERY_CLIC"
"ES2010 CLIC","","","","","","","","","","","","","","","","","PRODUCT_FISCAL_CLASS","ES2010 CLIC","1","VAT Package 2010 Services","FIN_IMPL","2014/01/14 15:59:22.865","/","2010/01/01","","2014/01/14 15:59:26.035","EFF145707D0B29E9E0436204548C9304","FIN_IMPL","6","","EGP_CATEGORY_SETS_B","","","SEEDED","1","ES2010_CLIC"
"ES2010 SERVICE TYPES CLIC","","","","","","","","","","","","","","","","","PRODUCT_FISCAL_CLASS","ES2010 CLIC","2","ES 2010 Service Types","FIN_IMPL","2014/01/14 15:59:22.898","/","2010/01/01","","2014/01/14 15:59:26.041","EFF145707D0B29E9E0436204548C9304","FIN_IMPL","9","","EGP_CATEGORY_SETS_B","","","SEEDED","1","ES2010_CLIC"
"ES2010 SUB-SERVICE TYPES CLIC","","","","","","","","","","","","","","","","","PRODUCT_FISCAL_CLASS","ES2010 CLIC","3","ES 2010 Specific Service Types","FIN_IMPL","2014/01/14 15:59:22.932","/","2010/01/01","","2014/01/14 15:59:26.048","EFF145707D0B29E9E0436204548C9304","FIN_IMPL","11","","EGP_CATEGORY_SETS_B","","","SEEDED","1","ES2010_CLIC"
"FI VAT PRODUCT LEVEL 1 CLIC","","","","","","","","","","","","","","","","","PRODUCT_FISCAL_CLASS","FI PROD CLASS CLIC","1","FI VAT Product Level 1","FIN_IMPL","2014/01/14 15:59:22.962","","1994/06/01","","2014/01/14 15:59:26.057","EFF145707D0B29E9E0436204548C9304","FIN_IMPL","5","","EGP_CATEGORY_SETS_B","","","SEEDED","1","FI_PROD_CLASS_CLIC"
"FI VAT PRODUCT LEVEL 2 CLIC","","","","","","","","","","","","","","","","","PRODUCT_FISCAL_CLASS","FI PROD CLASS CLIC","2","FI VAT Product Level 2","FIN_IMPL","2014/01/14 15:59:22.993","","1994/06/01","","2014/01/14 15:59:26.065","EFF145707D0B29E9E0436204548C9304","FIN_IMPL","7","","EGP_CATEGORY_SETS_B","","","SEEDED","1","FI_PROD_CLASS_CLIC"
"FI VAT RECOVERY CLIC","","","","","","","","","","","","","","","","","PRODUCT_FISCAL_CLASS","FI VAT RECOVERY CLIC","1","FI VAT Recovery","FIN_IMPL","2014/01/14 15:59:23.024","","1994/06/01","","2014/01/14 15:59:26.073","EFF145707D0B29E9E0436204548C9304","FIN_IMPL","200","","EGP_CATEGORY_SETS_B","","","SEEDED","1","FI_VAT_RECOVERY_CLIC"
"FI2010 CLIC","","","","","","","","","","","","","","","","","PRODUCT_FISCAL_CLASS","FI2010 CLIC","1","VAT Package 2010 Services","FIN_IMPL","2014/01/14 15:59:23.052","/","2010/01/01","","2014/01/14 15:59:26.082","EFF145707D0B29E9E0436204548C9304","FIN_IMPL","6","","EGP_CATEGORY_SETS_B","","","SEEDED","1","FI2010_CLIC"
"FI2010 SERVICE TYPES CLIC","","","","","","","","","","","","","","","","","PRODUCT_FISCAL_CLASS","FI2010 CLIC","2","FI 2010 Service Types","FIN_IMPL","2014/01/14 15:59:23.087","/","2010/01/01","","2014/01/14 15:59:26.089","EFF145707D0B29E9E0436204548C9304","FIN_IMPL","9","","EGP_CATEGORY_SETS_B","","","SEEDED","1","FI2010_CLIC"
"FI2010 SUB-SERVICE TYPES CLIC","","","","","","","","","","","","","","","","","PRODUCT_FISCAL_CLASS","FI2010 CLIC","3","FI 2010 Specific Service Types","FIN_IMPL","2014/01/14 15:59:23.12","/","2010/01/01","","2014/01/14 15:59:26.097","EFF145707D0B29E9E0436204548C9304","FIN_IMPL","11","","EGP_CATEGORY_SETS_B","","","SEEDED","1","FI2010_CLIC"
"FR VAT PRODUCT LEVEL 1 CLIC","","","","","","","","","","","","","","","","","PRODUCT_FISCAL_CLASS","FR PROD CLASS CLIC","1","FR VAT Product Level 1","FIN_IMPL","2014/01/14 15:59:23.154","","1954/04/10","","2014/01/14 15:59:26.105","EFF145707D0B29E9E0436204548C9304","FIN_IMPL","5","","EGP_CATEGORY_SETS_B","","","SEEDED","1","FR_PROD_CLASS_CLIC"
"FR VAT PRODUCT LEVEL 2 CLIC","","","","","","","","","","","","","","","","","PRODUCT_FISCAL_CLASS","FR PROD CLASS CLIC","2","FR VAT Product Level 2","FIN_IMPL","2014/01/14 15:59:23.186","","1954/04/10","","2014/01/14 15:59:26.112","EFF145707D0B29E9E0436204548C9304","FIN_IMPL","7","","EGP_CATEGORY_SETS_B","","","SEEDED","1","FR_PROD_CLASS_CLIC"
"FR VAT RECOVERY CLIC","","","","","","","","","","","","","","","","","PRODUCT_FISCAL_CLASS","FR VAT RECOVERY CLIC","1","FR VAT Recovery","FIN_IMPL","2014/01/14 15:59:23.218","","1954/04/10","","2014/01/14 15:59:26.119","EFF145707D0B29E9E0436204548C9304","FIN_IMPL","200","","EGP_CATEGORY_SETS_B","","","SEEDED","1","FR_VAT_RECOVERY_CLIC"
"FR2010 CLIC","","","","","","","","","","","","","","","","","PRODUCT_FISCAL_CLASS","FR2010 CLIC","1","VAT Package 2010 Services","FIN_IMPL","2014/01/14 15:59:23.252","/","2010/01/01","","2014/01/14 15:59:26.126","EFF145707D0B29E9E0436204548C9304","FIN_IMPL","6","","EGP_CATEGORY_SETS_B","","","SEEDED","1","FR2010_CLIC"
"FR2010 SERVICE TYPES CLIC","","","","","","","","","","","","","","","","","PRODUCT_FISCAL_CLASS","FR2010 CLIC","2","FR 2010 Service Types","FIN_IMPL","2014/01/14 15:59:23.288","/","2010/01/01","","2014/01/14 15:59:26.133","EFF145707D0B29E9E0436204548C9304","FIN_IMPL","9","","EGP_CATEGORY_SETS_B","","","SEEDED","1","FR2010_CLIC"
"FR2010 SUB-SERVICE TYPES CLIC","","","","","","","","","","","","","","","","","PRODUCT_FISCAL_CLASS","FR2010 CLIC","3","FR 2010 Specific Service Types","FIN_IMPL","2014/01/14 15:59:23.322","/","2010/01/01","","2014/01/14 15:59:26.141","EFF145707D0B29E9E0436204548C9304","FIN_IMPL","11","","EGP_CATEGORY_SETS_B","","","SEEDED","1","FR2010_CLIC"
"GB VAT PRODUCT LEVEL 1 CLIC","","","","","","","","","","","","","","","","","PRODUCT_FISCAL_CLASS","GB PROD CLASS CLIC","1","GB VAT Product Level 1","FIN_IMPL","2014/01/14 15:59:23.358","","1979/06/18","","2014/01/14 15:59:26.15","EFF145707D0B29E9E0436204548C9304","FIN_IMPL","5","","EGP_CATEGORY_SETS_B","","","SEEDED","1","GB_PROD_CLASS_CLIC"
"GB VAT PRODUCT LEVEL 2 CLIC","","","","","","","","","","","","","","","","","PRODUCT_FISCAL_CLASS","GB PROD CLASS CLIC","2","GB VAT Product Level 2","FIN_IMPL","2014/01/14 15:59:23.393","","1979/06/18","","2014/01/14 15:59:26.158","EFF145707D0B29E9E0436204548C9304","FIN_IMPL","7","","EGP_CATEGORY_SETS_B","","","SEEDED","1","GB_PROD_CLASS_CLIC"
"GB VAT RECOVERY CLIC","","","","","","","","","","","","","","","","","PRODUCT_FISCAL_CLASS","GB VAT RECOVERY CLIC","1","GB VAT Recovery","FIN_IMPL","2014/01/14 15:59:23.431","","1979/06/18","","2014/01/14 15:59:26.167","EFF145707D0B29E9E0436204548C9304","FIN_IMPL","200","","EGP_CATEGORY_SETS_B","","","SEEDED","1","GB_VAT_RECOVERY_CLIC"
"GB2010 CLIC","","","","","","","","","","","","","","","","","PRODUCT_FISCAL_CLASS","GB2010 CLIC","1","VAT Package 2010 Services","FIN_IMPL","2014/01/14 15:59:23.469","/","2010/01/01","","2014/01/14 15:59:26.18","EFF145707D0B29E9E0436204548C9304","FIN_IMPL","6","","EGP_CATEGORY_SETS_B","","","SEEDED","1","GB2010_CLIC"
"GB2010 SERVICE TYPES CLIC","","","","","","","","","","","","","","","","","PRODUCT_FISCAL_CLASS","GB2010 CLIC","2","GB 2010 Service Types","FIN_IMPL","2014/01/14 15:59:23.504","/","2010/01/01","","2014/01/14 15:59:26.192","EFF145707D0B29E9E0436204548C9304","FIN_IMPL","9","","EGP_CATEGORY_SETS_B","","","SEEDED","1","GB2010_CLIC"
"GB2010 SUB-SERVICE TYPES CLIC","","","","","","","","","","","","","","","","","PRODUCT_FISCAL_CLASS","GB2010 CLIC","3","GB 2010 Specific Service Types","FIN_IMPL","2014/01/14 15:59:23.539","/","2010/01/01","","2014/01/14 15:59:26.199","EFF145707D0B29E9E0436204548C9304","FIN_IMPL","11","","EGP_CATEGORY_SETS_B","","","SEEDED","1","GB2010_CLIC"
"GBMTIC CLIC","","","","","","","","","","","","","","","","","PRODUCT_FISCAL_CLASS","GB MISSING TRADER CLIC","1","Missing Trader (MTIC) Goods","FIN_IMPL","2014/01/14 15:59:23.572","/","2007/06/01","","2014/01/14 15:59:26.206","EFF145707D0B29E9E0436204548C9304","FIN_IMPL","6","","EGP_CATEGORY_SETS_B","","","SEEDED","1","GBMTIC_CLIC"
"HU VAT PRODUCT LEVEL 1 CLIC","","","","","","","","","","","","","","","","","PRODUCT_FISCAL_CLASS","HU PROD CLASS CLIC","1","HU VAT Product Level 1","FIN_IMPL","2014/01/14 15:59:23.607","","1988/01/01","","2014/01/14 15:59:26.214","EFF145707D0B29E9E0436204548C9304","FIN_IMPL","5","","EGP_CATEGORY_SETS_B","","","SEEDED","1","HU_PROD_CLASS_CLIC"
"HU VAT PRODUCT LEVEL 2 CLIC","","","","","","","","","","","","","","","","","PRODUCT_FISCAL_CLASS","HU PROD CLASS CLIC","2","HU VAT Product Level 2","FIN_IMPL","2014/01/14 15:59:23.643","","1988/01/01","","2014/01/14 15:59:26.223","EFF145707D0B29E9E0436204548C9304","FIN_IMPL","7","","EGP_CATEGORY_SETS_B","","","SEEDED","1","HU_PROD_CLASS_CLIC"
"HU VAT RECOVERY CLIC","","","","","","","","","","","","","","","","","PRODUCT_FISCAL_CLASS","HU VAT RECOVERY CLIC","1","HU VAT Recovery","FIN_IMPL","2014/01/14 15:59:23.678","","1988/01/01","","2014/01/14 15:59:26.232","EFF145707D0B29E9E0436204548C9304","FIN_IMPL","200","","EGP_CATEGORY_SETS_B","","","SEEDED","1","HU_VAT_RECOVERY_CLIC"
"HU2010 CLIC","","","","","","","","","","","","","","","","","PRODUCT_FISCAL_CLASS","HU2010 CLIC","1","VAT Package 2010 Services","FIN_IMPL","2014/01/14 15:59:23.714","/","2010/01/01","","2014/01/14 15:59:26.242","EFF145707D0B29E9E0436204548C9304","FIN_IMPL","6","","EGP_CATEGORY_SETS_B","","","SEEDED","1","HU2010_CLIC"
"HU2010 SERVICE TYPES CLIC","","","","","","","","","","","","","","","","","PRODUCT_FISCAL_CLASS","HU2010 CLIC","2","HU 2010 Service Types","FIN_IMPL","2014/01/14 15:59:23.781","/","2010/01/01","","2014/01/14 15:59:26.25","EFF145707D0B29E9E0436204548C9304","FIN_IMPL","9","","EGP_CATEGORY_SETS_B","","","SEEDED","1","HU2010_CLIC"
"PT VAT PRODUCT LEVEL 1 CLIC","","","","","","","","","","","","","","","","","PRODUCT_FISCAL_CLASS","PT PROD CLASS CLIC","1","PT VAT Product Level 1","FIN_IMPL","2014/01/14 15:59:25.017","","1986/01/01","","2014/01/14 15:59:26.561","EFF145707D0B29E9E0436204548C9304","FIN_IMPL","5","","EGP_CATEGORY_SETS_B","","","SEEDED","1","PT_PROD_CLASS_CLIC"
"PT VAT PRODUCT LEVEL 2 CLIC","","","","","","","","","","","","","","","","","PRODUCT_FISCAL_CLASS","PT PROD CLASS CLIC","2","PT VAT Product Level 2","FIN_IMPL","2014/01/14 15:59:25.051","","1986/01/01","","2014/01/14 15:59:26.573","EFF145707D0B29E9E0436204548C9304","FIN_IMPL","7","","EGP_CATEGORY_SETS_B","","","SEEDED","1","PT_PROD_CLASS_CLIC"
"PT VAT RECOVERY CLIC","","","","","","","","","","","","","","","","","PRODUCT_FISCAL_CLASS","PT VAT RECOVERY CLIC","1","PT VAT Recovery","FIN_IMPL","2014/01/14 15:59:25.089","","1986/01/01","","2014/01/14 15:59:26.585","EFF145707D0B29E9E0436204548C9304","FIN_IMPL","200","","EGP_CATEGORY_SETS_B","","","SEEDED","1","PT_VAT_RECOVERY_CLIC"
"PT2010 CLIC","","","","","","","","","","","","","","","","","PRODUCT_FISCAL_CLASS","PT2010 CLIC","1","VAT Package 2010 Services","FIN_IMPL","2014/01/14 15:59:25.127","/","2010/01/01","","2014/01/14 15:59:26.596","EFF145707D0B29E9E0436204548C9304","FIN_IMPL","6","","EGP_CATEGORY_SETS_B","","","SEEDED","1","PT2010_CLIC"
"PT2010 SERVICE TYPES CLIC","","","","","","","","","","","","","","","","","PRODUCT_FISCAL_CLASS","PT2010 CLIC","2","PT 2010 Service Types","FIN_IMPL","2014/01/14 15:59:25.165","/","2010/01/01","","2014/01/14 15:59:26.61","EFF145707D0B29E9E0436204548C9304","FIN_IMPL","9","","EGP_CATEGORY_SETS_B","","","SEEDED","1","PT2010_CLIC"
"PT2010 SUB-SERVICE TYPES CLIC","","","","","","","","","","","","","","","","","PRODUCT_FISCAL_CLASS","PT2010 CLIC","3","PT 2010 Specific Service Types","FIN_IMPL","2014/01/14 15:59:25.205","/","2010/01/01","","2014/01/14 15:59:26.627","EFF145707D0B29E9E0436204548C9304","FIN_IMPL","11","","EGP_CATEGORY_SETS_B","","","SEEDED","1","PT2010_CLIC"
"SE VAT PRODUCT LEVEL 1 CLIC","","","","","","","","","","","","","","","","","PRODUCT_FISCAL_CLASS","SE PROD CLASS CLIC","1","SE VAT Product Level 1","FIN_IMPL","2014/01/14 15:59:25.24","","1969/01/01","","2014/01/14 15:59:26.643","EFF145707D0B29E9E0436204548C9304","FIN_IMPL","5","","EGP_CATEGORY_SETS_B","","","SEEDED","1","SE_PROD_CLASS_CLIC"
"SE VAT PRODUCT LEVEL 2 CLIC","","","","","","","","","","","","","","","","","PRODUCT_FISCAL_CLASS","SE PROD CLASS CLIC","2","SE VAT Product Level 2","FIN_IMPL","2014/01/14 15:59:25.277","","1969/01/01","","2014/01/14 15:59:26.655","EFF145707D0B29E9E0436204548C9304","FIN_IMPL","7","","EGP_CATEGORY_SETS_B","","","SEEDED","1","SE_PROD_CLASS_CLIC"
"SE VAT RECOVERY CLIC","","","","","","","","","","","","","","","","","PRODUCT_FISCAL_CLASS","SE VAT RECOVERY CLIC","1","SE VAT Recovery","FIN_IMPL","2014/01/14 15:59:25.313","","1969/01/01","","2014/01/14 15:59:26.671","EFF145707D0B29E9E0436204548C9304","FIN_IMPL","200","","EGP_CATEGORY_SETS_B","","","SEEDED","1","SE_VAT_RECOVERY_CLIC"
"SE2010 CLIC","","","","","","","","","","","","","","","","","PRODUCT_FISCAL_CLASS","SE2010 CLIC","1","VAT Package 2010 Services","FIN_IMPL","2014/01/14 15:59:25.355","/","2010/01/01","","2014/01/14 15:59:26.683","EFF145707D0B29E9E0436204548C9304","FIN_IMPL","6","","EGP_CATEGORY_SETS_B","","","SEEDED","1","SE2010_CLIC"
"SE2010 SERVICE TYPES CLIC","","","","","","","","","","","","","","","","","PRODUCT_FISCAL_CLASS","SE2010 CLIC","2","SE 2010 Service Types","FIN_IMPL","2014/01/14 15:59:25.393","/","2010/01/01","","2014/01/14 15:59:26.693","EFF145707D0B29E9E0436204548C9304","FIN_IMPL","9","","EGP_CATEGORY_SETS_B","","","SEEDED","1","SE2010_CLIC"
"SE2010 SUB-SERVICE TYPES CLIC","","","","","","","","","","","","","","","","","PRODUCT_FISCAL_CLASS","SE2010 CLIC","3","SE 2010 Specific Service Types","FIN_IMPL","2014/01/14 15:59:25.433","/","2010/01/01","","2014/01/14 15:59:26.703","EFF145707D0B29E9E0436204548C9304","FIN_IMPL","11","","EGP_CATEGORY_SETS_B","","","SEEDED","1","SE2010_CLIC"
"SK VAT PRODUCT LEVEL 1 CLIC","","","","","","","","","","","","","","","","","PRODUCT_FISCAL_CLASS","SK PROD CLASS CLIC","1","SK VAT Product Level 1","FIN_IMPL","2014/01/14 15:59:25.471","","1993/01/03","","2014/01/14 15:59:26.716","EFF145707D0B29E9E0436204548C9304","FIN_IMPL","5","","EGP_CATEGORY_SETS_B","","","SEEDED","1","SK_PROD_CLASS_CLIC"
"SK VAT PRODUCT LEVEL 2 CLIC","","","","","","","","","","","","","","","","","PRODUCT_FISCAL_CLASS","SK PROD CLASS CLIC","2","SK VAT Product Level 2","FIN_IMPL","2014/01/14 15:59:25.51","","1993/01/03","","2014/01/14 15:59:26.731","EFF145707D0B29E9E0436204548C9304","FIN_IMPL","7","","EGP_CATEGORY_SETS_B","","","SEEDED","1","SK_PROD_CLASS_CLIC"
"SK VAT RECOVERY CLIC","","","","","","","","","","","","","","","","","PRODUCT_FISCAL_CLASS","SK VAT RECOVERY CLIC","1","SK VAT Recovery","FIN_IMPL","2014/01/14 15:59:25.549","","1993/01/03","","2014/01/14 15:59:26.746","EFF145707D0B29E9E0436204548C9304","FIN_IMPL","200","","EGP_CATEGORY_SETS_B","","","SEEDED","1","SK_VAT_RECOVERY_CLIC"
"SK2010 CLIC","","","","","","","","","","","","","","","","","PRODUCT_FISCAL_CLASS","SK2010 CLIC","1","VAT Package 2010 Services","FIN_IMPL","2014/01/14 15:59:25.585","/","2010/01/01","","2014/01/14 15:59:26.759","EFF145707D0B29E9E0436204548C9304","FIN_IMPL","6","","EGP_CATEGORY_SETS_B","","","SEEDED","1","SK2010_CLIC"
"SK2010 SERVICE TYPES CLIC","","","","","","","","","","","","","","","","","PRODUCT_FISCAL_CLASS","SK2010 CLIC","2","SK 2010 Service Types","FIN_IMPL","2014/01/14 15:59:25.621","/","2010/01/01","","2014/01/14 15:59:26.771","EFF145707D0B29E9E0436204548C9304","FIN_IMPL","9","","EGP_CATEGORY_SETS_B","","","SEEDED","1","SK2010_CLIC"
"SK2010 SUB-SERVICE TYPES CLIC","","","","","","","","","","","","","","","","","PRODUCT_FISCAL_CLASS","SK2010 CLIC","3","SK 2010 Specific Service Types","FIN_IMPL","2014/01/14 15:59:25.661","/","2010/01/01","","2014/01/14 15:59:26.785","EFF145707D0B29E9E0436204548C9304","FIN_IMPL","11","","EGP_CATEGORY_SETS_B","","","SEEDED","1","SK2010_CLIC"
"CH VAT PRODUCT LEVEL 1 CLIC","","","","","","","","","","","","","","","","","PRODUCT_FISCAL_CLASS","CH PROD CLASS CLIC","1","CH Vat Product Level 1","FIN_IMPL","2019/11/29 09:21:30.0","/","1989/12/25","","2019/11/29 09:24:00.234","9878CA3FC6BD1A62E053C390DF0A7240","FIN_IMPL","5","","EGP_CATEGORY_SETS_B","","","USER_DEFINED","1","CH_PROD_CLIC"
"CH VAT PRODUCT LEVEL 2 CLIC","","","","","","","","","","","","","","","","","PRODUCT_FISCAL_CLASS","CH PROD CLASS CLIC","2","CH Vat Product Level 2","FIN_IMPL","2019/11/29 09:21:57.974","/","1989/12/25","","2019/11/29 09:24:00.477","9878CA3FC6BD1A62E053C390DF0A7240","FIN_IMPL","7","","EGP_CATEGORY_SETS_B","","","USER_DEFINED","1","CH_PROD_CLIC"
"GST_RATE","","","","","","","","","","","","","","","","","PRODUCT_FISCAL_CLASS","INDIA_GST_HSN","1","The first two digits of the category code represent the GST rate","FIN_IMPL","2019/12/04 11:05:58.0","/","2017/01/01","","2019/12/04 11:07:58.54","98DF663A1B0D78ABE053C390DF0A87D3","FIN_IMPL","2","","EGP_CATEGORY_SETS_B","","","USER_DEFINED","1","INDIA_GST_HSN_CLIC"
"HU2010 SUB-SERVICE TYPES CLIC","","","","","","","","","","","","","","","","","PRODUCT_FISCAL_CLASS","HU2010 CLIC","3","HU 2010 Specific Service Types","FIN_IMPL","2014/01/14 15:59:23.81","/","2010/01/01","","2014/01/14 15:59:26.257","EFF145707D0B29E9E0436204548C9304","FIN_IMPL","11","","EGP_CATEGORY_SETS_B","","","SEEDED","1","HU2010_CLIC"
"IE VAT PRODUCT LEVEL 1 CLIC","","","","","","","","","","","","","","","","","PRODUCT_FISCAL_CLASS","IE PROD CLASS CLIC","1","IE VAT Product Level 1","FIN_IMPL","2014/01/14 15:59:23.842","","1972/11/01","","2014/01/14 15:59:26.267","EFF145707D0B29E9E0436204548C9304","FIN_IMPL","5","","EGP_CATEGORY_SETS_B","","","SEEDED","1","IE_PROD_CLASS_CLIC"
"IE VAT PRODUCT LEVEL 2 CLIC","","","","","","","","","","","","","","","","","PRODUCT_FISCAL_CLASS","IE PROD CLASS CLIC","2","IE VAT Product Level 2","FIN_IMPL","2014/01/14 15:59:23.876","","1972/11/01","","2014/01/14 15:59:26.275","EFF145707D0B29E9E0436204548C9304","FIN_IMPL","7","","EGP_CATEGORY_SETS_B","","","SEEDED","1","IE_PROD_CLASS_CLIC"
"IE VAT RECOVERY CLIC","","","","","","","","","","","","","","","","","PRODUCT_FISCAL_CLASS","IE VAT RECOVERY CLIC","1","IE VAT Recovery","FIN_IMPL","2014/01/14 15:59:23.909","","1972/11/01","","2014/01/14 15:59:26.283","EFF145707D0B29E9E0436204548C9304","FIN_IMPL","200","","EGP_CATEGORY_SETS_B","","","SEEDED","1","IE_VAT_RECOVERY_CLIC"
"IE2010 CLIC","","","","","","","","","","","","","","","","","PRODUCT_FISCAL_CLASS","IE2010 CLIC","1","VAT Package 2010 Services","FIN_IMPL","2014/01/14 15:59:23.94","/","2010/01/01","","2014/01/14 15:59:26.292","EFF145707D0B29E9E0436204548C9304","FIN_IMPL","6","","EGP_CATEGORY_SETS_B","","","SEEDED","1","IE2010_CLIC"
"IE2010 SERVICE TYPES CLIC","","","","","","","","","","","","","","","","","PRODUCT_FISCAL_CLASS","IE2010 CLIC","2","IE 2010 Service Types","FIN_IMPL","2014/01/14 15:59:23.971","/","2010/01/01","","2014/01/14 15:59:26.301","EFF145707D0B29E9E0436204548C9304","FIN_IMPL","9","","EGP_CATEGORY_SETS_B","","","SEEDED","1","IE2010_CLIC"
"IE2010 SUB-SERVICE TYPES CLIC","","","","","","","","","","","","","","","","","PRODUCT_FISCAL_CLASS","IE2010 CLIC","3","IE 2010 Specific Service Types","FIN_IMPL","2014/01/14 15:59:24.007","/","2010/01/01","","2014/01/14 15:59:26.312","EFF145707D0B29E9E0436204548C9304","FIN_IMPL","11","","EGP_CATEGORY_SETS_B","","","SEEDED","1","IE2010_CLIC"
"IT VAT PRODUCT LEVEL 1 CLIC","","","","","","","","","","","","","","","","","PRODUCT_FISCAL_CLASS","IT PROD CLASS CLIC","1","IT VAT Product Level 1","FIN_IMPL","2014/01/14 15:59:24.042","","1973/01/01","","2014/01/14 15:59:26.32","EFF145707D0B29E9E0436204548C9304","FIN_IMPL","5","","EGP_CATEGORY_SETS_B","","","SEEDED","1","IT_PROD_CLASS_CLIC"
"IT VAT PRODUCT LEVEL 2 CLIC","","","","","","","","","","","","","","","","","PRODUCT_FISCAL_CLASS","IT PROD CLASS CLIC","2","IT VAT Product Level 2","FIN_IMPL","2014/01/14 15:59:24.08","","1973/01/01","","2014/01/14 15:59:26.331","EFF145707D0B29E9E0436204548C9304","FIN_IMPL","7","","EGP_CATEGORY_SETS_B","","","SEEDED","1","IT_PROD_CLASS_CLIC"
"IT VAT RECOVERY CLIC","","","","","","","","","","","","","","","","","PRODUCT_FISCAL_CLASS","IT VAT RECOVERY CLIC","1","IT VAT Recovery","FIN_IMPL","2014/01/14 15:59:24.124","","1973/01/01","","2014/01/14 15:59:26.341","EFF145707D0B29E9E0436204548C9304","FIN_IMPL","200","","EGP_CATEGORY_SETS_B","","","SEEDED","1","IT_VAT_RECOVERY_CLIC"
"IT2010 CLIC","","","","","","","","","","","","","","","","","PRODUCT_FISCAL_CLASS","IT2010 CLIC","1","VAT Package 2010 Services","FIN_IMPL","2014/01/14 15:59:24.158","/","2010/01/01","","2014/01/14 15:59:26.35","EFF145707D0B29E9E0436204548C9304","FIN_IMPL","6","","EGP_CATEGORY_SETS_B","","","SEEDED","1","IT2010_CLIC"
"IT2010 SERVICE TYPES CLIC","","","","","","","","","","","","","","","","","PRODUCT_FISCAL_CLASS","IT2010 CLIC","2","IT 2010 Service Types","FIN_IMPL","2014/01/14 15:59:24.192","/","2010/01/01","","2014/01/14 15:59:26.358","EFF145707D0B29E9E0436204548C9304","FIN_IMPL","9","","EGP_CATEGORY_SETS_B","","","SEEDED","1","IT2010_CLIC"
"IT2010 SUB-SERVICE TYPES CLIC","","","","","","","","","","","","","","","","","PRODUCT_FISCAL_CLASS","IT2010 CLIC","3","IT 2010 Specific Service Types","FIN_IMPL","2014/01/14 15:59:24.238","/","2010/01/01","","2014/01/14 15:59:26.367","EFF145707D0B29E9E0436204548C9304","FIN_IMPL","11","","EGP_CATEGORY_SETS_B","","","SEEDED","1","IT2010_CLIC"
"LU VAT PRODUCT LEVEL 1 CLIC","","","","","","","","","","","","","","","","","PRODUCT_FISCAL_CLASS","LU PROD CLASS CLIC","1","LU VAT Product Level 1","FIN_IMPL","2014/01/14 15:59:24.278","","1970/01/01","","2014/01/14 15:59:26.375","EFF145707D0B29E9E0436204548C9304","FIN_IMPL","5","","EGP_CATEGORY_SETS_B","","","SEEDED","1","LU_PROD_CLASS_CLIC"
"LU VAT PRODUCT LEVEL 2 CLIC","","","","","","","","","","","","","","","","","PRODUCT_FISCAL_CLASS","LU PROD CLASS CLIC","2","LU VAT Product Level 2","FIN_IMPL","2014/01/14 15:59:24.315","","1970/01/01","","2014/01/14 15:59:26.383","EFF145707D0B29E9E0436204548C9304","FIN_IMPL","7","","EGP_CATEGORY_SETS_B","","","SEEDED","1","LU_PROD_CLASS_CLIC"
"LU VAT RECOVERY CLIC","","","","","","","","","","","","","","","","","PRODUCT_FISCAL_CLASS","LU VAT RECOVERY CLIC","1","LU VAT Recovery","FIN_IMPL","2014/01/14 15:59:24.351","","1970/01/01","","2014/01/14 15:59:26.392","EFF145707D0B29E9E0436204548C9304","FIN_IMPL","200","","EGP_CATEGORY_SETS_B","","","SEEDED","1","LU_VAT_RECOVERY_CLIC"
"LU2010 CLIC","","","","","","","","","","","","","","","","","PRODUCT_FISCAL_CLASS","LU2010 CLIC","1","VAT Package 2010 Services","FIN_IMPL","2014/01/14 15:59:24.391","/","2010/01/01","","2014/01/14 15:59:26.401","EFF145707D0B29E9E0436204548C9304","FIN_IMPL","6","","EGP_CATEGORY_SETS_B","","","SEEDED","1","LU2010_CLIC"
"LU2010 SERVICE TYPES CLIC","","","","","","","","","","","","","","","","","PRODUCT_FISCAL_CLASS","LU2010 CLIC","2","LU 2010 Service Types","FIN_IMPL","2014/01/14 15:59:24.432","/","2010/01/01","","2014/01/14 15:59:26.41","EFF145707D0B29E9E0436204548C9304","FIN_IMPL","9","","EGP_CATEGORY_SETS_B","","","SEEDED","1","LU2010_CLIC"
"LU2010 SUB-SERVICE TYPES CLIC","","","","","","","","","","","","","","","","","PRODUCT_FISCAL_CLASS","LU2010 CLIC","3","LU 2010 Specific Service Types","FIN_IMPL","2014/01/14 15:59:24.466","/","2010/01/01","","2014/01/14 15:59:26.419","EFF145707D0B29E9E0436204548C9304","FIN_IMPL","11","","EGP_CATEGORY_SETS_B","","","SEEDED","1","LU2010_CLIC"
"NL VAT PRODUCT LEVEL 1 CLIC","","","","","","","","","","","","","","","","","PRODUCT_FISCAL_CLASS","NL PROD CLASS CLIC","1","NL VAT Product Level 1","FIN_IMPL","2014/01/14 15:59:24.508","","1969/01/01","","2014/01/14 15:59:26.429","EFF145707D0B29E9E0436204548C9304","FIN_IMPL","5","","EGP_CATEGORY_SETS_B","","","SEEDED","1","NL_PROD_CLASS_CLIC"
"NL VAT PRODUCT LEVEL 2 CLIC","","","","","","","","","","","","","","","","","PRODUCT_FISCAL_CLASS","NL PROD CLASS CLIC","2","NL VAT Product Level 2","FIN_IMPL","2014/01/14 15:59:24.552","","1969/01/01","","2014/01/14 15:59:26.442","EFF145707D0B29E9E0436204548C9304","FIN_IMPL","7","","EGP_CATEGORY_SETS_B","","","SEEDED","1","NL_PROD_CLASS_CLIC"
"NL VAT RECOVERY CLIC","","","","","","","","","","","","","","","","","PRODUCT_FISCAL_CLASS","NL VAT RECOVERY CLIC","1","NL VAT Recovery","FIN_IMPL","2014/01/14 15:59:24.594","","1969/01/01","","2014/01/14 15:59:26.454","EFF145707D0B29E9E0436204548C9304","FIN_IMPL","200","","EGP_CATEGORY_SETS_B","","","SEEDED","1","NL_VAT_RECOVERY_CLIC"
"NL2010 CLIC","","","","","","","","","","","","","","","","","PRODUCT_FISCAL_CLASS","NL2010 CLIC","1","VAT Package 2010 Services","FIN_IMPL","2014/01/14 15:59:24.636","/","2010/01/01","","2014/01/14 15:59:26.467","EFF145707D0B29E9E0436204548C9304","FIN_IMPL","6","","EGP_CATEGORY_SETS_B","","","SEEDED","1","NL2010_CLIC"
"NL2010 SERVICE TYPES CLIC","","","","","","","","","","","","","","","","","PRODUCT_FISCAL_CLASS","NL2010 CLIC","2","NL 2010 Service Types","FIN_IMPL","2014/01/14 15:59:24.674","/","2010/01/01","","2014/01/14 15:59:26.48","EFF145707D0B29E9E0436204548C9304","FIN_IMPL","9","","EGP_CATEGORY_SETS_B","","","SEEDED","1","NL2010_CLIC"
"NL2010 SUB-SERVICE TYPES CLIC","","","","","","","","","","","","","","","","","PRODUCT_FISCAL_CLASS","NL2010 CLIC","3","NL 2010 Specific Service Types","FIN_IMPL","2014/01/14 15:59:24.721","/","2010/01/01","","2014/01/14 15:59:26.491","EFF145707D0B29E9E0436204548C9304","FIN_IMPL","11","","EGP_CATEGORY_SETS_B","","","SEEDED","1","NL2010_CLIC"
"PL VAT PRODUCT LEVEL 1 CLIC","","","","","","","","","","","","","","","","","PRODUCT_FISCAL_CLASS","PL PROD CLASS CLIC","1","PL VAT Product Level 1","FIN_IMPL","2014/01/14 15:59:24.777","","1993/05/07","","2014/01/14 15:59:26.499","EFF145707D0B29E9E0436204548C9304","FIN_IMPL","5","","EGP_CATEGORY_SETS_B","","","SEEDED","1","PL_PROD_CLASS_CLIC"
"PL VAT PRODUCT LEVEL 2 CLIC","","","","","","","","","","","","","","","","","PRODUCT_FISCAL_CLASS","PL PROD CLASS CLIC","2","PL VAT Product Level 2","FIN_IMPL","2014/01/14 15:59:24.817","","1993/05/07","","2014/01/14 15:59:26.509","EFF145707D0B29E9E0436204548C9304","FIN_IMPL","7","","EGP_CATEGORY_SETS_B","","","SEEDED","1","PL_PROD_CLASS_CLIC"
"PL VAT RECOVERY CLIC","","","","","","","","","","","","","","","","","PRODUCT_FISCAL_CLASS","PL VAT RECOVERY CLIC","1","PL VAT Recovery","FIN_IMPL","2014/01/14 15:59:24.879","","1993/05/07","","2014/01/14 15:59:26.519","EFF145707D0B29E9E0436204548C9304","FIN_IMPL","200","","EGP_CATEGORY_SETS_B","","","SEEDED","1","PL_VAT_RECOVERY_CLIC"
"PL2010 CLIC","","","","","","","","","","","","","","","","","PRODUCT_FISCAL_CLASS","PL2010 CLIC","1","VAT Package 2010 Services","FIN_IMPL","2014/01/14 15:59:24.913","/","2010/01/01","","2014/01/14 15:59:26.531","EFF145707D0B29E9E0436204548C9304","FIN_IMPL","6","","EGP_CATEGORY_SETS_B","","","SEEDED","1","PL2010_CLIC"
"PL2010 SERVICE TYPES CLIC","","","","","","","","","","","","","","","","","PRODUCT_FISCAL_CLASS","PL2010 CLIC","2","PL 2010 Service Types","FIN_IMPL","2014/01/14 15:59:24.949","/","2010/01/01","","2014/01/14 15:59:26.541","EFF145707D0B29E9E0436204548C9304","FIN_IMPL","9","","EGP_CATEGORY_SETS_B","","","SEEDED","1","PL2010_CLIC"
"PL2010 SUB-SERVICE TYPES CLIC","","","","","","","","","","","","","","","","","PRODUCT_FISCAL_CLASS","PL2010 CLIC","3","PL 2010 Specific Service Types","FIN_IMPL","2014/01/14 15:59:24.981","/","2010/01/01","","2014/01/14 15:59:26.55","EFF145707D0B29E9E0436204548C9304","FIN_IMPL","11","","EGP_CATEGORY_SETS_B","","","SEEDED","1","PL2010_CLIC"
"AT VAT PRODUCT LEVEL 1 CLIC","","","","","","","","","","","","","","","","","PRODUCT_FISCAL_CLASS","AT PROD CLASS CLIC","1","AT VAT Product Level 1","FIN_IMPL","2014/01/14 15:59:21.0","","1973/01/01","","2014/01/14 15:59:25.725","EFF145707D0B29E9E0436204548C9304","FIN_IMPL","5","","EGP_CATEGORY_SETS_B","","","SEEDED","1","AT_PROD_CLASS_CLIC"
"AT VAT PRODUCT LEVEL 2 CLIC","","","","","","","","","","","","","","","","","PRODUCT_FISCAL_CLASS","AT PROD CLASS CLIC","2","AT VAT Product Level 2","FIN_IMPL","2014/01/14 15:59:21.69","","1973/01/01","","2014/01/14 15:59:25.738","EFF145707D0B29E9E0436204548C9304","FIN_IMPL","7","","EGP_CATEGORY_SETS_B","","","SEEDED","1","AT_PROD_CLASS_CLIC"
"AT VAT RECOVERY CLIC","","","","","","","","","","","","","","","","","PRODUCT_FISCAL_CLASS","AT VAT RECOVERY CLIC","1","AT VAT Recovery","FIN_IMPL","2014/01/14 15:59:21.732","","1973/01/01","","2014/01/14 15:59:25.747","EFF145707D0B29E9E0436204548C9304","FIN_IMPL","200","","EGP_CATEGORY_SETS_B","","","SEEDED","1","AT_VAT_RECOVERY_CLIC"
"AT2010 CLIC","","","","","","","","","","","","","","","","","PRODUCT_FISCAL_CLASS","AT2010 CLIC","1","VAT Package 2010 Services","FIN_IMPL","2014/01/14 15:59:21.763","/","2010/01/01","","2014/01/14 15:59:25.755","EFF145707D0B29E9E0436204548C9304","FIN_IMPL","6","","EGP_CATEGORY_SETS_B","","","SEEDED","1","AT2010_CLIC"
"AT2010 SERVICE TYPES CLIC","","","","","","","","","","","","","","","","","PRODUCT_FISCAL_CLASS","AT2010 CLIC","2","AT 2010 Service Types","FIN_IMPL","2014/01/14 15:59:21.791","/","2010/01/01","","2014/01/14 15:59:25.765","EFF145707D0B29E9E0436204548C9304","FIN_IMPL","9","","EGP_CATEGORY_SETS_B","","","SEEDED","1","AT2010_CLIC"
"AT2010 SUB-SERVICE TYPES CLIC","","","","","","","","","","","","","","","","","PRODUCT_FISCAL_CLASS","AT2010 CLIC","3","AT 2010 Specific Service Types","FIN_IMPL","2014/01/14 15:59:21.82","/","2010/01/01","","2014/01/14 15:59:25.773","EFF145707D0B29E9E0436204548C9304","FIN_IMPL","11","","EGP_CATEGORY_SETS_B","","","SEEDED","1","AT2010_CLIC"
"BE VAT PRODUCT LEVEL 1 CLIC","","","","","","","","","","","","","","","","","PRODUCT_FISCAL_CLASS","BE PROD CLASS CLIC","1","BE VAT Product Level 1","FIN_IMPL","2014/01/14 15:59:21.848","","1971/01/01","","2014/01/14 15:59:25.782","EFF145707D0B29E9E0436204548C9304","FIN_IMPL","5","","EGP_CATEGORY_SETS_B","","","SEEDED","1","BE_PROD_CLASS_CLIC"
"BE VAT PRODUCT LEVEL 2 CLIC","","","","","","","","","","","","","","","","","PRODUCT_FISCAL_CLASS","BE PROD CLASS CLIC","2","BE VAT Product Level 2","FIN_IMPL","2014/01/14 15:59:21.877","","1971/01/01","","2014/01/14 15:59:25.791","EFF145707D0B29E9E0436204548C9304","FIN_IMPL","7","","EGP_CATEGORY_SETS_B","","","SEEDED","1","BE_PROD_CLASS_CLIC"
"BE VAT RECOVERY CLIC","","","","","","","","","","","","","","","","","PRODUCT_FISCAL_CLASS","BE VAT RECOVERY CLIC","1","BE VAT Recovery","FIN_IMPL","2014/01/14 15:59:21.91","","1971/01/01","","2014/01/14 15:59:25.799","EFF145707D0B29E9E0436204548C9304","FIN_IMPL","200","","EGP_CATEGORY_SETS_B","","","SEEDED","1","BE_VAT_RECOVERY_CLIC"
"BE2010 CLIC","","","","","","","","","","","","","","","","","PRODUCT_FISCAL_CLASS","BE2010 CLIC","1","VAT Package 2010 Services","FIN_IMPL","2014/01/14 15:59:21.941","/","2010/01/01","","2014/01/14 15:59:25.808","EFF145707D0B29E9E0436204548C9304","FIN_IMPL","6","","EGP_CATEGORY_SETS_B","","","SEEDED","1","BE2010_CLIC"
"BE2010 SERVICE TYPES CLIC","","","","","","","","","","","","","","","","","PRODUCT_FISCAL_CLASS","BE2010 CLIC","2","BE 2010 Service Types","FIN_IMPL","2014/01/14 15:59:21.978","/","2010/01/01","","2014/01/14 15:59:25.816","EFF145707D0B29E9E0436204548C9304","FIN_IMPL","9","","EGP_CATEGORY_SETS_B","","","SEEDED","1","BE2010_CLIC"
"BE2010 SUB-SERVICE TYPES CLIC","","","","","","","","","","","","","","","","","PRODUCT_FISCAL_CLASS","BE2010 CLIC","3","BE 2010 Specific Service Types","FIN_IMPL","2014/01/14 15:59:22.006","/","2010/01/01","","2014/01/14 15:59:25.826","EFF145707D0B29E9E0436204548C9304","FIN_IMPL","11","","EGP_CATEGORY_SETS_B","","","SEEDED","1","BE2010_CLIC"
"CZ VAT PRODUCT LEVEL 1 CLIC","","","","","","","","","","","","","","","","","PRODUCT_FISCAL_CLASS","CZ PROD CLASS CLIC","1","CZ VAT Product Level 1","FIN_IMPL","2014/01/14 15:59:22.043","","1993/01/01","","2014/01/14 15:59:25.835","EFF145707D0B29E9E0436204548C9304","FIN_IMPL","5","","EGP_CATEGORY_SETS_B","","","SEEDED","1","CZ_PROD_CLASS_CLIC"
"CZ VAT PRODUCT LEVEL 2 CLIC","","","","","","","","","","","","","","","","","PRODUCT_FISCAL_CLASS","CZ PROD CLASS CLIC","2","CZ VAT Product Level 2","FIN_IMPL","2014/01/14 15:59:22.081","","1993/01/01","","2014/01/14 15:59:25.843","EFF145707D0B29E9E0436204548C9304","FIN_IMPL","7","","EGP_CATEGORY_SETS_B","","","SEEDED","1","CZ_PROD_CLASS_CLIC"
"CZ VAT RECOVERY CLIC","","","","","","","","","","","","","","","","","PRODUCT_FISCAL_CLASS","CZ VAT RECOVERY CLIC","1","CZ VAT Recovery","FIN_IMPL","2014/01/14 15:59:22.113","","1993/01/01","","2014/01/14 15:59:25.853","EFF145707D0B29E9E0436204548C9304","FIN_IMPL","200","","EGP_CATEGORY_SETS_B","","","SEEDED","1","CZ_VAT_RECOVERY_CLIC"
"CZ2010 CLIC","","","","","","","","","","","","","","","","","PRODUCT_FISCAL_CLASS","CZ2010 CLIC","1","VAT Package 2010 Services","FIN_IMPL","2014/01/14 15:59:22.146","/","2010/01/01","","2014/01/14 15:59:25.862","EFF145707D0B29E9E0436204548C9304","FIN_IMPL","6","","EGP_CATEGORY_SETS_B","","","SEEDED","1","CZ2010_CLIC"
"CZ2010 SERVICE TYPES CLIC","","","","","","","","","","","","","","","","","PRODUCT_FISCAL_CLASS","CZ2010 CLIC","2","CZ 2010 Service Types","FIN_IMPL","2014/01/14 15:59:22.179","/","2010/01/01","","2014/01/14 15:59:25.895","EFF145707D0B29E9E0436204548C9304","FIN_IMPL","9","","EGP_CATEGORY_SETS_B","","","SEEDED","1","CZ2010_CLIC"
"CZ2010 SUB-SERVICE TYPES CLIC","","","","","","","","","","","","","","","","","PRODUCT_FISCAL_CLASS","CZ2010 CLIC","3","CZ 2010 Specific Service Types","FIN_IMPL","2014/01/14 15:59:22.215","/","2010/01/01","","2014/01/14 15:59:25.908","EFF145707D0B29E9E0436204548C9304","FIN_IMPL","11","","EGP_CATEGORY_SETS_B","","","SEEDED","1","CZ2010_CLIC"
"DE VAT PRODUCT LEVEL 1 CLIC","","","","","","","","","","","","","","","","","PRODUCT_FISCAL_CLASS","DE PROD CLASS CLIC","1","DE VAT Product Level 1","FIN_IMPL","2014/01/14 15:59:22.246","","1968/01/01","","2014/01/14 15:59:25.915","EFF145707D0B29E9E0436204548C9304","FIN_IMPL","5","","EGP_CATEGORY_SETS_B","","","SEEDED","1","DE_PROD_CLASS_CLIC"
"DE VAT PRODUCT LEVEL 2 CLIC","","","","","","","","","","","","","","","","","PRODUCT_FISCAL_CLASS","DE PROD CLASS CLIC","2","DE VAT Product Level 2","FIN_IMPL","2014/01/14 15:59:22.281","","1968/01/01","","2014/01/14 15:59:25.922","EFF145707D0B29E9E0436204548C9304","FIN_IMPL","7","","EGP_CATEGORY_SETS_B","","","SEEDED","1","DE_PROD_CLASS_CLIC"
"DE VAT RECOVERY CLIC","","","","","","","","","","","","","","","","","PRODUCT_FISCAL_CLASS","DE VAT RECOVERY CLIC","1","DE VAT Recovery","FIN_IMPL","2014/01/14 15:59:22.315","","1968/01/01","","2014/01/14 15:59:25.929","EFF145707D0B29E9E0436204548C9304","FIN_IMPL","200","","EGP_CATEGORY_SETS_B","","","SEEDED","1","DE_VAT_RECOVERY_CLIC"
"DE2010 CLIC","","","","","","","","","","","","","","","","","PRODUCT_FISCAL_CLASS","DE2010 CLIC","1","VAT Package 2010 Services","FIN_IMPL","2014/01/14 15:59:22.354","/","2010/01/01","","2014/01/14 15:59:25.935","EFF145707D0B29E9E0436204548C9304","FIN_IMPL","6","","EGP_CATEGORY_SETS_B","","","SEEDED","1","DE2010_CLIC"
"DE2010 SERVICE TYPES CLIC","","","","","","","","","","","","","","","","","PRODUCT_FISCAL_CLASS","DE2010 CLIC","2","DE 2010 Service Types","FIN_IMPL","2014/01/14 15:59:22.386","/","2010/01/01","","2014/01/14 15:59:25.944","EFF145707D0B29E9E0436204548C9304","FIN_IMPL","9","","EGP_CATEGORY_SETS_B","","","SEEDED","1","DE2010_CLIC"
"DE2010 SUB-SERVICE TYPES CLIC","","","","","","","","","","","","","","","","","PRODUCT_FISCAL_CLASS","DE2010 CLIC","3","DE 2010 Specific Service Types","FIN_IMPL","2014/01/14 15:59:22.427","/","2010/01/01","","2014/01/14 15:59:25.951","EFF145707D0B29E9E0436204548C9304","FIN_IMPL","11","","EGP_CATEGORY_SETS_B","","","SEEDED","1","DE2010_CLIC"
"DK VAT PRODUCT LEVEL 1 CLIC","","","","","","","","","","","","","","","","","PRODUCT_FISCAL_CLASS","DK PROD CLASS CLIC","1","DK VAT Product Level 1","FIN_IMPL","2014/01/14 15:59:22.474","","1967/07/03","","2014/01/14 15:59:25.958","EFF145707D0B29E9E0436204548C9304","FIN_IMPL","5","","EGP_CATEGORY_SETS_B","","","SEEDED","1","DK_PROD_CLASS_CLIC"
"DK VAT PRODUCT LEVEL 2 CLIC","","","","","","","","","","","","","","","","","PRODUCT_FISCAL_CLASS","DK PROD CLASS CLIC","2","DK VAT Product Level 2","FIN_IMPL","2014/01/14 15:59:22.523","","1967/07/03","","2014/01/14 15:59:25.967","EFF145707D0B29E9E0436204548C9304","FIN_IMPL","7","","EGP_CATEGORY_SETS_B","","","SEEDED","1","DK_PROD_CLASS_CLIC"
"DK VAT RECOVERY CLIC","","","","","","","","","","","","","","","","","PRODUCT_FISCAL_CLASS","DK VAT RECOVERY CLIC","1","DK VAT Recovery","FIN_IMPL","2014/01/14 15:59:22.568","","1967/07/03","","2014/01/14 15:59:25.975","EFF145707D0B29E9E0436204548C9304","FIN_IMPL","200","","EGP_CATEGORY_SETS_B","","","SEEDED","1","DK_VAT_RECOVERY_CLIC"
"DK2010 CLIC","","","","","","","","","","","","","","","","","PRODUCT_FISCAL_CLASS","DK2010 CLIC","1","VAT Package 2010 Services","FIN_IMPL","2014/01/14 15:59:22.609","/","2010/01/01","","2014/01/14 15:59:25.981","EFF145707D0B29E9E0436204548C9304","FIN_IMPL","6","","EGP_CATEGORY_SETS_B","","","SEEDED","1","DK2010_CLIC"
"DK2010 SERVICE TYPES CLIC","","","","","","","","","","","","","","","","","PRODUCT_FISCAL_CLASS","DK2010 CLIC","2","DK 2010 Service Types","FIN_IMPL","2014/01/14 15:59:22.649","/","2010/01/01","","2014/01/14 15:59:25.988","EFF145707D0B29E9E0436204548C9304","FIN_IMPL","9","","EGP_CATEGORY_SETS_B","","","SEEDED","1","DK2010_CLIC"
"DK2010 SUB-SERVICE TYPES CLIC","","","","","","","","","","","","","","","","","PRODUCT_FISCAL_CLASS","DK2010 CLIC","3","DK 2010 Specific Service Types","FIN_IMPL","2014/01/14 15:59:22.684","/","2010/01/01","","2014/01/14 15:59:25.997","EFF145707D0B29E9E0436204548C9304","FIN_IMPL","11","","EGP_CATEGORY_SETS_B","","","SEEDED","1","DK2010_CLIC"
"ES VAT PRODUCT LEVEL 1 CLIC","","","","","","","","","","","","","","","","","PRODUCT_FISCAL_CLASS","ES PROD CLASS CLIC","1","ES VAT Product Level 1","FIN_IMPL","2014/01/14 15:59:22.763","","1986/01/01","","2014/01/14 15:59:26.008","EFF145707D0B29E9E0436204548C9304","FIN_IMPL","5","","EGP_CATEGORY_SETS_B","","","SEEDED","1","ES_PROD_CLASS_CLIC"
"USER_ITEM_TYPE","","","","","","","","","","","","","","","","","PRODUCT_FISCAL_CLASS","","1","User Item Type","SEED_DATA_FROM_APPLICATION","2017/12/05 00:30:39.0","","1951/01/01","","2024/07/24 09:57:37.087826","-1","SEED_DATA_FROM_APPLICATION","400","","","","","SEEDED","1",""
