"ORA_ZX_USER_DEFINED_TYPE.ClassificationTypeCode","ClassificationTypeName","CreatedBy","CreationDate","Language","LastUpdateDate","LastUpdateLogin","LastUpdatedBy","SourceLang"
"USER_DEFINED","Défini par l'utilisateur","SEED_DATA_FROM_APPLICATION","2013/08/08 06:56:06.545","FRC","2014/09/11 06:01:45.569044","-1","SEED_DATA_FROM_APPLICATION","FRC"
"USER_DEFINED","Felhasználó által definiált","SEED_DATA_FROM_APPLICATION","2013/08/08 06:56:06.545","HU","2014/09/11 08:25:55.233583","-1","SEED_DATA_FROM_APPLICATION","HU"
"USER_DEFINED","Definito dall'utente","SEED_DATA_FROM_APPLICATION","2013/08/08 06:56:06.545","I","2014/09/11 10:26:06.382998","-1","SEED_DATA_FROM_APPLICATION","I"
"USER_DEFINED","מוגדר משתמש","SEED_DATA_FROM_APPLICATION","2013/08/08 06:56:06.545","IW","2014/09/11 12:01:39.461555","-1","SEED_DATA_FROM_APPLICATION","IW"
"USER_DEFINED","Défini par l'utilisateur","SEED_DATA_FROM_APPLICATION","2013/08/08 06:56:06.545","F","2014/09/11 04:45:10.279407","-1","SEED_DATA_FROM_APPLICATION","F"
"USER_DEFINED","사용자 정의","SEED_DATA_FROM_APPLICATION","2013/08/08 06:56:06.545","KO","2014/09/11 13:40:32.15352","-1","SEED_DATA_FROM_APPLICATION","KO"
"USER_DEFINED","Door gebruiker gedefinieerd","SEED_DATA_FROM_APPLICATION","2013/08/08 06:56:06.545","NL","2014/09/11 14:36:47.364651","-1","SEED_DATA_FROM_APPLICATION","NL"
"USER_DEFINED","Brukerdefinert","SEED_DATA_FROM_APPLICATION","2013/08/08 06:56:06.545","N","2014/09/11 15:51:31.995556","-1","SEED_DATA_FROM_APPLICATION","N"
"USER_DEFINED","Definido pelo Usuário","SEED_DATA_FROM_APPLICATION","2013/08/08 06:56:06.545","PTB","2014/09/11 19:03:56.607996","-1","SEED_DATA_FROM_APPLICATION","PTB"
"USER_DEFINED","Zdefiniowane przez użytkownika","SEED_DATA_FROM_APPLICATION","2013/08/08 06:56:06.545","PL","2014/09/11 17:36:09.790807","-1","SEED_DATA_FROM_APPLICATION","PL"
"USER_DEFINED","ユーザー定義","SEED_DATA_FROM_APPLICATION","2013/08/08 06:56:06.545","JA","2014/09/11 12:46:45.010428","-1","SEED_DATA_FROM_APPLICATION","JA"
"USER_DEFINED","Определено пользователем","SEED_DATA_FROM_APPLICATION","2013/08/08 06:56:06.545","RU","2014/09/11 22:16:34.779699","-1","SEED_DATA_FROM_APPLICATION","RU"
"USER_DEFINED","Kullanıcı Tanımlı","SEED_DATA_FROM_APPLICATION","2013/08/08 06:56:06.545","TR","2014/09/12 01:43:03.537427","-1","SEED_DATA_FROM_APPLICATION","TR"
"USER_DEFINED","自定义","SEED_DATA_FROM_APPLICATION","2013/08/08 06:56:06.545","ZHS","2014/09/12 03:00:19.352887","-1","SEED_DATA_FROM_APPLICATION","ZHS"
"USER_DEFINED","Användardefinierad","SEED_DATA_FROM_APPLICATION","2013/08/08 06:56:06.545","S","2014/09/11 23:23:42.096556","-1","SEED_DATA_FROM_APPLICATION","S"
"USER_DEFINED","Definită de utilizator","SEED_DATA_FROM_APPLICATION","2013/08/08 06:56:06.545","RO","2014/09/11 20:56:48.781318","-1","SEED_DATA_FROM_APPLICATION","RO"
"USER_DEFINED","Käyttäjän määrittämä","SEED_DATA_FROM_APPLICATION","2013/08/08 06:56:06.545","SF","2014/09/11 03:23:43.492569","-1","SEED_DATA_FROM_APPLICATION","SF"
"USER_DEFINED","User-Defined","SEED_DATA_FROM_APPLICATION","2013/08/08 06:56:06.545","US","2024/07/24 09:57:37.140577","-1","SEED_DATA_FROM_APPLICATION","US"
"USER_DEFINED","بتحديد المستخدم","SEED_DATA_FROM_APPLICATION","2013/08/08 06:56:06.545","AR","2014/09/10 16:50:46.024262","-1","SEED_DATA_FROM_APPLICATION","AR"
"USER_DEFINED","Definováno uživatelem","SEED_DATA_FROM_APPLICATION","2013/08/08 06:56:06.545","CS","2014/09/10 18:11:52.176331","-1","SEED_DATA_FROM_APPLICATION","CS"
"USER_DEFINED","Brugerdefineret","SEED_DATA_FROM_APPLICATION","2013/08/08 06:56:06.545","DK","2014/09/10 19:20:51.103036","-1","SEED_DATA_FROM_APPLICATION","DK"
"USER_DEFINED","Benutzerdefiniert","SEED_DATA_FROM_APPLICATION","2013/08/08 06:56:06.545","D","2014/09/11 00:46:27.851693","-1","SEED_DATA_FROM_APPLICATION","D"
"USER_DEFINED","Definido por el usuario","SEED_DATA_FROM_APPLICATION","2013/08/08 06:56:06.545","E","2014/09/11 02:26:49.961864","-1","SEED_DATA_FROM_APPLICATION","E"
"USER_DEFINED","使用者定義","SEED_DATA_FROM_APPLICATION","2013/08/08 06:56:06.545","ZHT","2014/09/12 04:33:23.587682","-1","SEED_DATA_FROM_APPLICATION","ZHT"
"USER_DEFINED","ผู้ใช้กำหนด","SEED_DATA_FROM_APPLICATION","2013/08/08 06:56:06.545","TH","2017/03/23 12:12:10.444981","-1","SEED_DATA_FROM_APPLICATION","TH"
"USER_DEFINED","User-Defined","SEED_DATA_FROM_APPLICATION","2013/08/08 06:56:06.545","EL","2013/08/08 06:56:06.549","-1","SEED_DATA_FROM_APPLICATION","US"
"USER_DEFINED","User-Defined","SEED_DATA_FROM_APPLICATION","2013/08/08 06:56:06.545","ESA","2013/08/08 06:56:06.549","-1","SEED_DATA_FROM_APPLICATION","US"
"USER_DEFINED","User-Defined","SEED_DATA_FROM_APPLICATION","2013/08/08 06:56:06.545","HR","2013/08/08 06:56:06.549","-1","SEED_DATA_FROM_APPLICATION","US"
"USER_DEFINED","User-Defined","SEED_DATA_FROM_APPLICATION","2013/08/08 06:56:06.545","IS","2013/08/08 06:56:06.549","-1","SEED_DATA_FROM_APPLICATION","US"
"USER_DEFINED","User-Defined","SEED_DATA_FROM_APPLICATION","2013/08/08 06:56:06.545","LT","2013/08/08 06:56:06.549","-1","SEED_DATA_FROM_APPLICATION","US"
"USER_DEFINED","User-Defined","SEED_DATA_FROM_APPLICATION","2013/08/08 06:56:06.545","PT","2013/08/08 06:56:06.549","-1","SEED_DATA_FROM_APPLICATION","US"
"USER_DEFINED","User-Defined","SEED_DATA_FROM_APPLICATION","2013/08/08 06:56:06.545","SK","2013/08/08 06:56:06.549","-1","SEED_DATA_FROM_APPLICATION","US"
"USER_DEFINED","User-Defined","SEED_DATA_FROM_APPLICATION","2013/08/08 06:56:06.545","SL","2013/08/08 06:56:06.549","-1","SEED_DATA_FROM_APPLICATION","US"
"USER_DEFINED","User-Defined","SEED_DATA_FROM_APPLICATION","2013/08/08 06:56:06.545","ET","2013/08/08 06:56:06.549","-1","SEED_DATA_FROM_APPLICATION","US"
"USER_DEFINED","User-Defined","SEED_DATA_FROM_APPLICATION","2013/08/08 06:56:06.545","LV","2013/08/08 06:56:06.549","-1","SEED_DATA_FROM_APPLICATION","US"
