"ORA_ZX_PRODUCT_CLASS_GENERIC.ClassificationTypeCode","ClassificationTypeName","CreatedBy","CreationDate","Language","LastUpdateDate","LastUpdateLogin","LastUpdatedBy","SourceLang"
"PRODUCT_CATEGORY","Catégorie de produit","SEED_DATA_FROM_APPLICATION","2013/08/08 06:56:06.101","FRC","2014/09/11 06:01:45.468709","-1","SEED_DATA_FROM_APPLICATION","FRC"
"PRODUCT_CATEGORY","Termékkategória","SEED_DATA_FROM_APPLICATION","2013/08/08 06:56:06.101","HU","2014/09/11 08:25:55.133428","-1","SEED_DATA_FROM_APPLICATION","HU"
"PRODUCT_CATEGORY","Categoria prodotto","SEED_DATA_FROM_APPLICATION","2013/08/08 06:56:06.101","I","2014/09/11 10:26:06.289891","-1","SEED_DATA_FROM_APPLICATION","I"
"PRODUCT_CATEGORY","קטגוריית מוצר","SEED_DATA_FROM_APPLICATION","2013/08/08 06:56:06.101","IW","2014/09/11 12:01:39.362546","-1","SEED_DATA_FROM_APPLICATION","IW"
"PRODUCT_CATEGORY","Catégorie de produit","SEED_DATA_FROM_APPLICATION","2013/08/08 06:56:06.101","F","2018/05/23 23:02:00.016734","-1","SEED_DATA_FROM_APPLICATION","F"
"PRODUCT_CATEGORY","제품 범주","SEED_DATA_FROM_APPLICATION","2013/08/08 06:56:06.101","KO","2014/09/11 13:40:31.976299","-1","SEED_DATA_FROM_APPLICATION","KO"
"PRODUCT_CATEGORY","Productcategorie","SEED_DATA_FROM_APPLICATION","2013/08/08 06:56:06.101","NL","2014/09/11 14:36:47.248786","-1","SEED_DATA_FROM_APPLICATION","NL"
"PRODUCT_CATEGORY","Produktkategori","SEED_DATA_FROM_APPLICATION","2013/08/08 06:56:06.101","N","2014/09/11 15:51:31.772793","-1","SEED_DATA_FROM_APPLICATION","N"
"PRODUCT_CATEGORY","Categoria do Produto","SEED_DATA_FROM_APPLICATION","2013/08/08 06:56:06.101","PTB","2014/09/11 19:03:56.445269","-1","SEED_DATA_FROM_APPLICATION","PTB"
"PRODUCT_CATEGORY","Kategoria produktu","SEED_DATA_FROM_APPLICATION","2013/08/08 06:56:06.101","PL","2014/09/11 17:36:09.609579","-1","SEED_DATA_FROM_APPLICATION","PL"
"PRODUCT_CATEGORY","製品カテゴリ","SEED_DATA_FROM_APPLICATION","2013/08/08 06:56:06.101","JA","2014/09/11 12:46:44.905479","-1","SEED_DATA_FROM_APPLICATION","JA"
"PRODUCT_CATEGORY","Категория продукта","SEED_DATA_FROM_APPLICATION","2013/08/08 06:56:06.101","RU","2014/09/11 22:16:34.578407","-1","SEED_DATA_FROM_APPLICATION","RU"
"PRODUCT_CATEGORY","Produktkategori","SEED_DATA_FROM_APPLICATION","2013/08/08 06:56:06.101","S","2014/09/11 23:23:41.89425","-1","SEED_DATA_FROM_APPLICATION","S"
"PRODUCT_CATEGORY","Ürün Kategorisi","SEED_DATA_FROM_APPLICATION","2013/08/08 06:56:06.101","TR","2014/09/12 01:43:03.369849","-1","SEED_DATA_FROM_APPLICATION","TR"
"PRODUCT_CATEGORY","产品类别","SEED_DATA_FROM_APPLICATION","2013/08/08 06:56:06.101","ZHS","2014/09/12 03:00:19.178003","-1","SEED_DATA_FROM_APPLICATION","ZHS"
"PRODUCT_CATEGORY","Categorie de produse","SEED_DATA_FROM_APPLICATION","2013/08/08 06:56:06.101","RO","2014/09/11 20:56:48.669839","-1","SEED_DATA_FROM_APPLICATION","RO"
"PRODUCT_CATEGORY","Tuoteluokka","SEED_DATA_FROM_APPLICATION","2013/08/08 06:56:06.101","SF","2014/09/11 03:23:43.395215","-1","SEED_DATA_FROM_APPLICATION","SF"
"PRODUCT_CATEGORY","فئة المنتج","SEED_DATA_FROM_APPLICATION","2013/08/08 06:56:06.101","AR","2014/09/10 16:50:45.912586","-1","SEED_DATA_FROM_APPLICATION","AR"
"PRODUCT_CATEGORY","Kategorie produktu","SEED_DATA_FROM_APPLICATION","2013/08/08 06:56:06.101","CS","2014/09/10 18:11:52.042249","-1","SEED_DATA_FROM_APPLICATION","CS"
"PRODUCT_CATEGORY","Produktkategori","SEED_DATA_FROM_APPLICATION","2013/08/08 06:56:06.101","DK","2014/09/10 19:20:50.982839","-1","SEED_DATA_FROM_APPLICATION","DK"
"PRODUCT_CATEGORY","Produktkategorie","SEED_DATA_FROM_APPLICATION","2013/08/08 06:56:06.101","D","2014/09/11 00:46:27.765679","-1","SEED_DATA_FROM_APPLICATION","D"
"PRODUCT_CATEGORY","Categoría de producto","SEED_DATA_FROM_APPLICATION","2013/08/08 06:56:06.101","E","2014/09/11 02:26:49.873291","-1","SEED_DATA_FROM_APPLICATION","E"
"PRODUCT_CATEGORY","產品類目","SEED_DATA_FROM_APPLICATION","2013/08/08 06:56:06.101","ZHT","2020/09/19 00:06:50.117759","-1","SEED_DATA_FROM_APPLICATION","ZHT"
"PRODUCT_CATEGORY","ชนิดผลิตภัณฑ์","SEED_DATA_FROM_APPLICATION","2013/08/08 06:56:06.101","TH","2017/03/23 12:12:10.23526","-1","SEED_DATA_FROM_APPLICATION","TH"
"PRODUCT_CATEGORY","Product Category","SEED_DATA_FROM_APPLICATION","2013/08/08 06:56:06.101","EL","2013/08/08 06:56:06.394","-1","SEED_DATA_FROM_APPLICATION","US"
"PRODUCT_CATEGORY","Product Category","SEED_DATA_FROM_APPLICATION","2013/08/08 06:56:06.101","ESA","2013/08/08 06:56:06.394","-1","SEED_DATA_FROM_APPLICATION","US"
"PRODUCT_CATEGORY","Product Category","SEED_DATA_FROM_APPLICATION","2013/08/08 06:56:06.101","HR","2013/08/08 06:56:06.394","-1","SEED_DATA_FROM_APPLICATION","US"
"PRODUCT_CATEGORY","Product Category","SEED_DATA_FROM_APPLICATION","2013/08/08 06:56:06.101","IS","2013/08/08 06:56:06.394","-1","SEED_DATA_FROM_APPLICATION","US"
"PRODUCT_CATEGORY","Product Category","SEED_DATA_FROM_APPLICATION","2013/08/08 06:56:06.101","LT","2013/08/08 06:56:06.394","-1","SEED_DATA_FROM_APPLICATION","US"
"PRODUCT_CATEGORY","Product Category","SEED_DATA_FROM_APPLICATION","2013/08/08 06:56:06.101","PT","2013/08/08 06:56:06.394","-1","SEED_DATA_FROM_APPLICATION","US"
"PRODUCT_CATEGORY","Product Category","SEED_DATA_FROM_APPLICATION","2013/08/08 06:56:06.101","SK","2013/08/08 06:56:06.394","-1","SEED_DATA_FROM_APPLICATION","US"
"PRODUCT_CATEGORY","Product Category","SEED_DATA_FROM_APPLICATION","2013/08/08 06:56:06.101","SL","2013/08/08 06:56:06.394","-1","SEED_DATA_FROM_APPLICATION","US"
"PRODUCT_CATEGORY","Product Category","SEED_DATA_FROM_APPLICATION","2013/08/08 06:56:06.101","ET","2013/08/08 06:56:06.394","-1","SEED_DATA_FROM_APPLICATION","US"
"PRODUCT_CATEGORY","Product Category","SEED_DATA_FROM_APPLICATION","2013/08/08 06:56:06.101","LV","2013/08/08 06:56:06.394","-1","SEED_DATA_FROM_APPLICATION","US"
"PRODUCT_CATEGORY","Product Category","SEED_DATA_FROM_APPLICATION","2013/08/08 06:56:06.101","US","2024/07/24 09:57:37.140577","-1","SEED_DATA_FROM_APPLICATION","US"
