"ORA_ZX_PRODUCT_CLASS_GENERIC.ClassificationTypeCode","ClassificationTypeCode","ClassificationCode","ConcatClassifCode","EffectiveFrom","EnabledFlag","AncestorCode","AncestorName","ClassificationCodeLevel","ClassificationName","ClassificationTypeCategCode","ClassificationTypeName","ConcatClassifName","CountryCode","CreatedBy","CreationDate","EffectiveTo","LastUpdateDate","LastUpdateLogin","LastUpdatedBy","ProgramAppName","ProgramName","RecordTypeCode","Segment1","Segment10","Segment10Name","Segment1Name","Segment2","Segment2Name","Segment3","Segment3Name","Segment4","Segment4Name","Segment5","Segment5Name","Segment6","Segment6Name","Segment7","Segment7Name","Segment8","Segment8Name","Segment9","Segment9Name","ClassificationTypeCode0","ClassificationCode0","ClassificationTypeCode1","ClassificationCode1","ClassificationTypeCode2","ClassificationCode2","ClassificationTypeCode3","ClassificationCode3","ClassificationTypeCode4","ClassificationCode4"
"PRODUCT_CATEGORY","PRODUCT_CATEGORY","WINE CIGARETTE","WINE CIGARETTE","1951/01/01","Y","","","1","Wine Cigarette","PRODUCT_GENERIC_CLASSIFICATION","Product Category","Wine Cigarette","TW","SEED_DATA_FROM_APPLICATION","2013/08/08 06:56:06.162","","2024/07/24 09:57:37.508763","-1","SEED_DATA_FROM_APPLICATION","","","SEEDED","WINE CIGARETTE","","","Wine Cigarette","","","","","","","","","","","","","","","","","PRODUCT_CATEGORY","WINE CIGARETTE","","","","","","","",""
"PRODUCT_CATEGORY","PRODUCT_CATEGORY","STATISTICAL_CODE","STATISTICAL_CODE","1951/01/01","Y","","","1","Statistical Code","PRODUCT_GENERIC_CLASSIFICATION","Product Category","Statistical Code","","SEED_DATA_FROM_APPLICATION","2013/08/08 06:56:06.336","","2024/07/24 09:57:37.508763","-1","SEED_DATA_FROM_APPLICATION","","","SEEDED","STATISTICAL_CODE","","","Statistical Code","","","","","","","","","","","","","","","","","PRODUCT_CATEGORY","STATISTICAL_CODE","","","","","","","",""
"PRODUCT_CATEGORY","PRODUCT_CATEGORY","FISCAL CLASSIFICATION CODE","FISCAL CLASSIFICATION CODE","1951/01/01","Y","","","1","Fiscal Classification Code","PRODUCT_GENERIC_CLASSIFICATION","Document Sub-Type","Fiscal Classification Code","","SEED_DATA_FROM_APPLICATION","2013/08/08 06:56:06.345","","2024/07/24 09:57:37.508763","-1","SEED_DATA_FROM_APPLICATION","","","SEEDED","FISCAL CLASSIFICATION CODE","","","Fiscal Classification Code","","","","","","","","","","","","","","","","","PRODUCT_CATEGORY","FISCAL CLASSIFICATION CODE","","","","","","","",""
"PRODUCT_CATEGORY","PRODUCT_CATEGORY","JA_CN_NON_INV_ITEM_MODEL","JA_CN_NON_INV_ITEM_MODEL","1951/01/01","Y","","","1","Item Model of Noninventory Items for China","PRODUCT_GENERIC_CLASSIFICATION","Product Category","Item Model of Noninventory Items for China","CN","SEED_DATA_FROM_APPLICATION","2013/08/08 06:56:06.378","","2024/07/24 09:57:37.508763","-1","SEED_DATA_FROM_APPLICATION","","","SEEDED","JA_CN_NON_INV_ITEM_MODEL","","","Item Model of Noninventory Items for China","","","","","","","","","","","","","","","","","PRODUCT_CATEGORY","JA_CN_NON_INV_ITEM_MODEL","","","","","","","",""
"PRODUCT_CATEGORY","PRODUCT_CATEGORY","ORA_KOREA_DOMESTIC","ORA_KOREA_DOMESTIC","1951/01/01","Y","","","1","Domestic Income for Korea","PRODUCT_GENERIC_CLASSIFICATION","Product Category","Domestic Income for Korea","KR","SEED_DATA_FROM_APPLICATION","2016/02/26 09:48:39.019","","2024/07/24 09:57:37.508763","-1","SEED_DATA_FROM_APPLICATION","","","SEEDED","ORA_KOREA_DOMESTIC","","","Domestic Income for Korea","","","","","","","","","","","","","","","","","PRODUCT_CATEGORY","ORA_KOREA_DOMESTIC","","","","","","","",""
"PRODUCT_CATEGORY","PRODUCT_CATEGORY","ORA_KOREA_FOREIGN","ORA_KOREA_FOREIGN","1951/01/01","Y","","","1","Foreign Income for Korea","PRODUCT_GENERIC_CLASSIFICATION","Product Category","Foreign Income for Korea","KR","SEED_DATA_FROM_APPLICATION","2016/02/26 09:48:39.143","","2024/07/24 09:57:37.508763","-1","SEED_DATA_FROM_APPLICATION","","","SEEDED","ORA_KOREA_FOREIGN","","","Foreign Income for Korea","","","","","","","","","","","","","","","","","PRODUCT_CATEGORY","ORA_KOREA_FOREIGN","","","","","","","",""
"PRODUCT_CATEGORY","PRODUCT_CATEGORY","ORA_GENERAL_INCOME","ORA_KOREA_DOMESTIC/ORA_GENERAL_INCOME","1951/01/01","Y","ORA_KOREA_DOMESTIC","Domestic Income for Korea","2","General Income","PRODUCT_GENERIC_CLASSIFICATION","Product Category","Domestic Income for Korea/General Income","KR","SEED_DATA_FROM_APPLICATION","2016/02/26 09:48:39.189","","2024/07/24 09:57:37.508763","-1","SEED_DATA_FROM_APPLICATION","","","SEEDED","ORA_KOREA_DOMESTIC","","","Domestic Income for Korea","ORA_GENERAL_INCOME","General Income","","","","","","","","","","","","","","","PRODUCT_CATEGORY","ORA_GENERAL_INCOME","PRODUCT_CATEGORY","ORA_KOREA_DOMESTIC","","","","","",""
"PRODUCT_CATEGORY","PRODUCT_CATEGORY","ORA_BUSINESS_INCOME","ORA_KOREA_DOMESTIC/ORA_BUSINESS_INCOME","1951/01/01","Y","ORA_KOREA_DOMESTIC","Domestic Income for Korea","2","Business Income","PRODUCT_GENERIC_CLASSIFICATION","Product Category","Domestic Income for Korea/Business Income","KR","SEED_DATA_FROM_APPLICATION","2016/02/26 09:48:39.214","","2024/07/24 09:57:37.508763","-1","SEED_DATA_FROM_APPLICATION","","","SEEDED","ORA_KOREA_DOMESTIC","","","Domestic Income for Korea","ORA_BUSINESS_INCOME","Business Income","","","","","","","","","","","","","","","PRODUCT_CATEGORY","ORA_BUSINESS_INCOME","PRODUCT_CATEGORY","ORA_KOREA_DOMESTIC","","","","","",""
"PRODUCT_CATEGORY","PRODUCT_CATEGORY","ORA_GENERAL_INCOME","ORA_KOREA_FOREIGN/ORA_GENERAL_INCOME","1951/01/01","Y","ORA_KOREA_FOREIGN","Foreign Income for Korea","2","General Income","PRODUCT_GENERIC_CLASSIFICATION","Product Category","Foreign Income for Korea/General Income","KR","SEED_DATA_FROM_APPLICATION","2016/02/26 09:48:39.239","","2024/07/24 09:57:37.508763","-1","SEED_DATA_FROM_APPLICATION","","","SEEDED","ORA_KOREA_FOREIGN","","","Foreign Income for Korea","ORA_GENERAL_INCOME","General Income","","","","","","","","","","","","","","","PRODUCT_CATEGORY","ORA_GENERAL_INCOME","PRODUCT_CATEGORY","ORA_KOREA_FOREIGN","","","","","",""
"PRODUCT_CATEGORY","PRODUCT_CATEGORY","ORA_BUSINESS_INCOME","ORA_KOREA_FOREIGN/ORA_BUSINESS_INCOME","1951/01/01","Y","ORA_KOREA_FOREIGN","Foreign Income for Korea","2","Business Income","PRODUCT_GENERIC_CLASSIFICATION","Product Category","Foreign Income for Korea/Business Income","KR","SEED_DATA_FROM_APPLICATION","2016/02/26 09:48:39.265","","2024/07/24 09:57:37.508763","-1","SEED_DATA_FROM_APPLICATION","","","SEEDED","ORA_KOREA_FOREIGN","","","Foreign Income for Korea","ORA_BUSINESS_INCOME","Business Income","","","","","","","","","","","","","","","PRODUCT_CATEGORY","ORA_BUSINESS_INCOME","PRODUCT_CATEGORY","ORA_KOREA_FOREIGN","","","","","",""
"PRODUCT_CATEGORY","PRODUCT_CATEGORY","AA_IN_GST_SAC","AA_IN_GST_SAC","2017/01/01","Y","","","1","AA_IN_GST_SAC","PRODUCT_GENERIC_CLASSIFICATION","Product Category","AA_IN_GST_SAC","IN","FIN_IMPL","2019/09/04 09:58:20.0","","2019/09/04 09:58:51.438","91B82F75A660FFB3E053C390DF0AF77A","FIN_IMPL","","","USER_DEFINED","AA_IN_GST_SAC","","","AA_IN_GST_SAC","","","","","","","","","","","","","","","","","PRODUCT_CATEGORY","AA_IN_GST_SAC","","","","","","","",""
"PRODUCT_CATEGORY","PRODUCT_CATEGORY","AA996511","AA_IN_GST_SAC/AA996511","2017/01/01","Y","AA_IN_GST_SAC","AA_IN_GST_SAC","2","Road transport services of Goods","PRODUCT_GENERIC_CLASSIFICATION","Product Category","AA_IN_GST_SAC/Road transport services of Goods","IN","FIN_IMPL","2019/09/04 09:59:13.513","","2019/09/04 09:59:45.729","91B82F75A660FFB3E053C390DF0AF77A","FIN_IMPL","","","USER_DEFINED","AA_IN_GST_SAC","","","AA_IN_GST_SAC","AA996511","Road transport services of Goods","","","","","","","","","","","","","","","PRODUCT_CATEGORY","AA996511","PRODUCT_CATEGORY","AA_IN_GST_SAC","","","","","",""
"PRODUCT_CATEGORY","PRODUCT_CATEGORY","AA996601","AA_IN_GST_SAC/AA996601","2017/01/01","Y","AA_IN_GST_SAC","AA_IN_GST_SAC","2","Rental services of road vehicles","PRODUCT_GENERIC_CLASSIFICATION","Product Category","AA_IN_GST_SAC/Rental services of road vehicles","IN","FIN_IMPL","2019/09/04 09:59:51.455","","2019/09/04 10:00:23.241","91B82F75A660FFB3E053C390DF0AF77A","FIN_IMPL","","","USER_DEFINED","AA_IN_GST_SAC","","","AA_IN_GST_SAC","AA996601","Rental services of road vehicles","","","","","","","","","","","","","","","PRODUCT_CATEGORY","AA996601","PRODUCT_CATEGORY","AA_IN_GST_SAC","","","","","",""
"PRODUCT_CATEGORY","PRODUCT_CATEGORY","CC_IN_GST_SAC","CC_IN_GST_SAC","2017/01/01","Y","","","1","CC_IN_GST_SAC","PRODUCT_GENERIC_CLASSIFICATION","Product Category","CC_IN_GST_SAC","IN","FIN_IMPL","2019/09/04 10:00:46.231","","2019/09/04 10:01:16.972","91B82F75A660FFB3E053C390DF0AF77A","FIN_IMPL","","","USER_DEFINED","CC_IN_GST_SAC","","","CC_IN_GST_SAC","","","","","","","","","","","","","","","","","PRODUCT_CATEGORY","CC_IN_GST_SAC","","","","","","","",""
"PRODUCT_CATEGORY","PRODUCT_CATEGORY","CC997133","CC_IN_GST_SAC/CC997133","2017/01/01","Y","CC_IN_GST_SAC","CC_IN_GST_SAC","2","Accident and health Insurance services","PRODUCT_GENERIC_CLASSIFICATION","Product Category","CC_IN_GST_SAC/Accident and health Insurance services","IN","FIN_IMPL","2019/09/04 10:01:30.175","","2019/09/04 10:01:44.764","91B82F75A660FFB3E053C390DF0AF77A","FIN_IMPL","","","USER_DEFINED","CC_IN_GST_SAC","","","CC_IN_GST_SAC","CC997133","Accident and health Insurance services","","","","","","","","","","","","","","","PRODUCT_CATEGORY","CC997133","PRODUCT_CATEGORY","CC_IN_GST_SAC","","","","","",""
"PRODUCT_CATEGORY","PRODUCT_CATEGORY","CC998321","CC_IN_GST_SAC/CC998321","2017/01/01","Y","CC_IN_GST_SAC","CC_IN_GST_SAC","2","Architectural advisory services","PRODUCT_GENERIC_CLASSIFICATION","Product Category","CC_IN_GST_SAC/Architectural advisory services","IN","FIN_IMPL","2019/09/04 10:01:50.691","","2019/09/04 10:02:11.924","91B82F75A660FFB3E053C390DF0AF77A","FIN_IMPL","","","USER_DEFINED","CC_IN_GST_SAC","","","CC_IN_GST_SAC","CC998321","Architectural advisory services","","","","","","","","","","","","","","","PRODUCT_CATEGORY","CC998321","PRODUCT_CATEGORY","CC_IN_GST_SAC","","","","","",""
