"ClassificationTypeCode","Attribute1","Attribute10","Attribute11","Attribute12","Attribute13","Attribute14","Attribute15","Attribute2","Attribute3","Attribute4","Attribute5","Attribute6","Attribute7","Attribute8","Attribute9","AttributeCategory","ClassificationTypeCategCode","ClassificationTypeGroupCode","ClassificationTypeLevelCode","ClassificationTypeName","CreatedBy","CreationDate","Delimiter","EffectiveFrom","EffectiveTo","LastUpdateDate","LastUpdateLogin","LastUpdatedBy","NumCharacters","OwnerIdChar","OwnerTableCode","ProgramAppName","ProgramName","RecordTypeCode","StartPosition"
"LEGAL_ACTIVITY_CODE_CL","","","","","","","","","","","","","","","","","LEGAL_PARTY_FISCAL_CLASS","","1","Legal Activity Codes for Chile","SEED_DATA_FROM_APPLICATION","2017/12/05 00:30:39.104","","1951/01/01","2009/10/12","2024/07/24 09:57:37.087826","-1","SEED_DATA_FROM_APPLICATION","","LEGAL_ACTIVITY_CODE_CL","HZ_CLASS_CATEGORY","","","SEEDED",""
"LEGAL_ACTIVITY_CODE_PE","","","","","","","","","","","","","","","","","LEGAL_PARTY_FISCAL_CLASS","","1","Legal Activity Codes for Peru","SEED_DATA_FROM_APPLICATION","2017/12/05 00:30:39.121","","1951/01/01","","2024/07/24 09:57:37.087826","-1","SEED_DATA_FROM_APPLICATION","","LEGAL_ACTIVITY_CODE_PE","HZ_CLASS_CATEGORY","","","SEEDED",""
"LEGAL_ACTIVITY_CODE_VE","","","","","","","","","","","","","","","","","LEGAL_PARTY_FISCAL_CLASS","","1","Legal Activity Codes for Venezuela","SEED_DATA_FROM_APPLICATION","2017/12/05 00:30:39.138","","1951/01/01","","2024/07/24 09:57:37.087826","-1","SEED_DATA_FROM_APPLICATION","","LEGAL_ACTIVITY_CODE_VE","HZ_CLASS_CATEGORY","","","SEEDED",""
"LEGAL_ACTIVITY_CODE_CO","","","","","","","","","","","","","","","","","LEGAL_PARTY_FISCAL_CLASS","","1","Legal Activity Codes for Colombia","SEED_DATA_FROM_APPLICATION","2017/12/05 00:30:39.154","","1951/01/01","","2024/07/24 09:57:37.087826","-1","SEED_DATA_FROM_APPLICATION","","LEGAL_ACTIVITY_CODE_CO","HZ_CLASS_CATEGORY","","","SEEDED",""
"2003 SIC","","","","","","","","","","","","","","","","","LEGAL_PARTY_FISCAL_CLASS","","1","Legal Activity Codes for United Kingdom","SEED_DATA_FROM_APPLICATION","2017/12/05 00:30:39.17","","1951/01/01","","2024/07/24 09:57:37.087826","-1","SEED_DATA_FROM_APPLICATION","","2003 SIC","HZ_CLASS_CATEGORY","","","SEEDED",""
