"ZX_ESTABLISHMENT_CLASSIF_ASSOC.ClassificationTypeCode","ClassificationTypeCode","ClassificationCode","ConcatClassifCode","EffectiveFrom","EnabledFlag","AncestorCode","AncestorName","ClassificationCodeLevel","ClassificationName","ClassificationTypeCategCode","ClassificationTypeName","ConcatClassifName","CountryCode","CreatedBy","CreationDate","EffectiveTo","LastUpdateDate","LastUpdateLogin","LastUpdatedBy","ProgramAppName","ProgramName","RecordTypeCode","Segment1","Segment10","Segment10Name","Segment1Name","Segment2","Segment2Name","Segment3","Segment3Name","Segment4","Segment4Name","Segment5","Segment5Name","Segment6","Segment6Name","Segment7","Segment7Name","Segment8","Segment8Name","Segment9","Segment9Name","ClassificationTypeCode0","ClassificationCode0","ClassificationTypeCode1","ClassificationCode1","ClassificationTypeCode2","ClassificationCode2","ClassificationTypeCode3","ClassificationCode3","ClassificationTypeCode4","ClassificationCode4"
"DOCUMENT_SUBTYPE","DOCUMENT_SUBTYPE","GUI TYPE","GUI TYPE","1951/01/01","Y","","","1","Government Uniform Invoice Type","DOCUMENT","Document Sub-Type","Government Uniform Invoice Type","TW","SEED_DATA_FROM_APPLICATION","2013/08/08 06:56:06.497","","2024/07/24 09:57:37.508763","-1","SEED_DATA_FROM_APPLICATION","","","SEEDED","GUI TYPE","","","Government Uniform Invoice Type","","","","","","","","","","","","","","","","","DOCUMENT_SUBTYPE","GUI TYPE","","","","","","","",""
"DOCUMENT_SUBTYPE","DOCUMENT_SUBTYPE","DOCUMENT TYPE","DOCUMENT TYPE","1951/01/01","Y","","","1","Document Type","DOCUMENT","Document Sub-Type","Document Type","","SEED_DATA_FROM_APPLICATION","2013/08/08 06:56:06.512","","2024/07/24 09:57:37.508763","-1","SEED_DATA_FROM_APPLICATION","","","SEEDED","DOCUMENT TYPE","","","Document Type","","","","","","","","","","","","","","","","","DOCUMENT_SUBTYPE","DOCUMENT TYPE","","","","","","","",""
"DOCUMENT_SUBTYPE","DOCUMENT_SUBTYPE","DEDUCTION TAX RULE","DEDUCTION TAX RULE","1951/01/01","Y","","","1","Deduction Tax Rule","DOCUMENT","Document Sub-Type","Deduction Tax Rule","FR","SEED_DATA_FROM_APPLICATION","2013/08/08 06:56:06.52","","2024/07/24 09:57:37.508763","-1","SEED_DATA_FROM_APPLICATION","","","SEEDED","DEDUCTION TAX RULE","","","Deduction Tax Rule","","","","","","","","","","","","","","","","","DOCUMENT_SUBTYPE","DEDUCTION TAX RULE","","","","","","","",""
"DOCUMENT_SUBTYPE","DOCUMENT_SUBTYPE","ORA_JL_CL_CREDIT_MEMO","DOCUMENT TYPE/ORA_JL_CL_CREDIT_MEMO","1951/01/01","Y","DOCUMENT TYPE","Document Type","2","Credit Memo","DOCUMENT","Document Subtype","Document Type/Credit Memo","CL","SEED_DATA_FROM_APPLICATION","2024/07/24 09:57:37.508763","","2024/07/24 09:57:37.508763","-1","SEED_DATA_FROM_APPLICATION","","","USER_DEFINED","DOCUMENT TYPE","","","Document Type","ORA_JL_CL_CREDIT_MEMO","Credit Memo","","","","","","","","","","","","","","","DOCUMENT_SUBTYPE","ORA_JL_CL_CREDIT_MEMO","DOCUMENT_SUBTYPE","DOCUMENT TYPE","","","","","",""
"DOCUMENT_SUBTYPE","DOCUMENT_SUBTYPE","ORA_JL_CL_DEBIT_MEMO","DOCUMENT TYPE/ORA_JL_CL_DEBIT_MEMO","1951/01/01","Y","DOCUMENT TYPE","Document Type","2","Debit Memo","DOCUMENT","Document Subtype","Document Type/Debit Memo","CL","SEED_DATA_FROM_APPLICATION","2024/07/24 09:57:37.508763","","2024/07/24 09:57:37.508763","-1","SEED_DATA_FROM_APPLICATION","","","USER_DEFINED","DOCUMENT TYPE","","","Document Type","ORA_JL_CL_DEBIT_MEMO","Debit Memo","","","","","","","","","","","","","","","DOCUMENT_SUBTYPE","ORA_JL_CL_DEBIT_MEMO","DOCUMENT_SUBTYPE","DOCUMENT TYPE","","","","","",""
"DOCUMENT_SUBTYPE","DOCUMENT_SUBTYPE","ORA_JL_CL_DOMESTIC_INVOICE","DOCUMENT TYPE/ORA_JL_CL_DOMESTIC_INVOICE","1951/01/01","Y","DOCUMENT TYPE","Document Type","2","Domestic Invoice","DOCUMENT","Document Subtype","Document Type/Domestic Invoice","CL","SEED_DATA_FROM_APPLICATION","2024/07/24 09:57:37.508763","","2024/07/24 09:57:37.508763","-1","SEED_DATA_FROM_APPLICATION","","","USER_DEFINED","DOCUMENT TYPE","","","Document Type","ORA_JL_CL_DOMESTIC_INVOICE","Domestic Invoice","","","","","","","","","","","","","","","DOCUMENT_SUBTYPE","ORA_JL_CL_DOMESTIC_INVOICE","DOCUMENT_SUBTYPE","DOCUMENT TYPE","","","","","",""
"DOCUMENT_SUBTYPE","DOCUMENT_SUBTYPE","ORA_JL_CL_FOREIGN_INVOICE","DOCUMENT TYPE/ORA_JL_CL_FOREIGN_INVOICE","1951/01/01","Y","DOCUMENT TYPE","Document Type","2","Foreign Invoice","DOCUMENT","Document Subtype","Document Type/Foreign Invoice","CL","SEED_DATA_FROM_APPLICATION","2024/07/24 09:57:37.508763","","2024/07/24 09:57:37.508763","-1","SEED_DATA_FROM_APPLICATION","","","USER_DEFINED","DOCUMENT TYPE","","","Document Type","ORA_JL_CL_FOREIGN_INVOICE","Foreign Invoice","","","","","","","","","","","","","","","DOCUMENT_SUBTYPE","ORA_JL_CL_FOREIGN_INVOICE","DOCUMENT_SUBTYPE","DOCUMENT TYPE","","","","","",""
"DOCUMENT_SUBTYPE","DOCUMENT_SUBTYPE","ORA_JL_CL_INTERNAL","DOCUMENT TYPE/ORA_JL_CL_INTERNAL","1951/01/01","Y","DOCUMENT TYPE","Document Type","2","Internal","DOCUMENT","Document Subtype","Document Type/Internal","CL","SEED_DATA_FROM_APPLICATION","2024/07/24 09:57:37.508763","","2024/07/24 09:57:37.508763","-1","SEED_DATA_FROM_APPLICATION","","","USER_DEFINED","DOCUMENT TYPE","","","Document Type","ORA_JL_CL_INTERNAL","Internal","","","","","","","","","","","","","","","DOCUMENT_SUBTYPE","ORA_JL_CL_INTERNAL","DOCUMENT_SUBTYPE","DOCUMENT TYPE","","","","","",""
"DOCUMENT_SUBTYPE","DOCUMENT_SUBTYPE","ORA_JL_CL_SERVICE_FEE","DOCUMENT TYPE/ORA_JL_CL_SERVICE_FEE","1951/01/01","Y","DOCUMENT TYPE","Document Type","2","Professional Service Fee","DOCUMENT","Document Subtype","Document Type/Professional Service Fee","CL","SEED_DATA_FROM_APPLICATION","2024/07/24 09:57:37.508763","","2024/07/24 09:57:37.508763","-1","SEED_DATA_FROM_APPLICATION","","","USER_DEFINED","DOCUMENT TYPE","","","Document Type","ORA_JL_CL_SERVICE_FEE","Professional Service Fee","","","","","","","","","","","","","","","DOCUMENT_SUBTYPE","ORA_JL_CL_SERVICE_FEE","DOCUMENT_SUBTYPE","DOCUMENT TYPE","","","","","",""
"DOCUMENT_SUBTYPE","DOCUMENT_SUBTYPE","ORA_JL_CL_SERVICE_PARTICIPATE","DOCUMENT TYPE/ORA_JL_CL_SERVICE_PARTICIPATE","1951/01/01","Y","DOCUMENT TYPE","Document Type","2","Professional Services and Participation","DOCUMENT","Document Subtype","Document Type/Professional Services and Participation","CL","SEED_DATA_FROM_APPLICATION","2024/07/24 09:57:37.508763","","2024/07/24 09:57:37.508763","-1","SEED_DATA_FROM_APPLICATION","","","USER_DEFINED","DOCUMENT TYPE","","","Document Type","ORA_JL_CL_SERVICE_PARTICIPATE","Professional Services and Participation","","","","","","","","","","","","","","","DOCUMENT_SUBTYPE","ORA_JL_CL_SERVICE_PARTICIPATE","DOCUMENT_SUBTYPE","DOCUMENT TYPE","","","","","",""
"DOCUMENT_SUBTYPE","DOCUMENT_SUBTYPE","JA_CN_COM_VAT_INV","DOCUMENT TYPE/JA_CN_COM_VAT_INV","1951/01/01","Y","DOCUMENT TYPE","Document Type","2","Common VAT Invoice for China","DOCUMENT","Document Subtype","Document Type/Common VAT Invoice for China","CN","SEED_DATA_FROM_APPLICATION","2013/08/08 06:56:06.527","","2024/07/24 09:57:37.508763","-1","SEED_DATA_FROM_APPLICATION","","","SEEDED","DOCUMENT TYPE","","","Document Type","JA_CN_COM_VAT_INV","Common VAT Invoice for China","","","","","","","","","","","","","","","DOCUMENT_SUBTYPE","JA_CN_COM_VAT_INV","DOCUMENT_SUBTYPE","DOCUMENT TYPE","","","","","",""
"DOCUMENT_SUBTYPE","DOCUMENT_SUBTYPE","MOD340","MOD340","1951/01/01","Y","","","1","Modelo 340","DOCUMENT","DOCUMENT_SUBTYPE","MOD340","","SEED_DATA_FROM_APPLICATION","2014/07/16 15:35:42.035","","2024/07/24 09:57:37.508763","-1","SEED_DATA_FROM_APPLICATION","","","SEEDED","MOD340","","","MOD340","","","","","","","","","","","","","","","","","DOCUMENT_SUBTYPE","MOD340","","","","","","","",""
"DOCUMENT_SUBTYPE","DOCUMENT_SUBTYPE","E","MOD340/E","1951/01/01","Y","MOD340","MOD340","2","E: Declaration of Issued Invoices","DOCUMENT","DOCUMENT_SUBTYPE","MOD340/E","ES","SEED_DATA_FROM_APPLICATION","2014/07/16 15:35:42.309","","2024/07/24 09:57:37.508763","-1","SEED_DATA_FROM_APPLICATION","","","SEEDED","MOD340","","","MOD340","E","E","","","","","","","","","","","","","","","DOCUMENT_SUBTYPE","E","DOCUMENT_SUBTYPE","MOD340","","","","","",""
"DOCUMENT_SUBTYPE","DOCUMENT_SUBTYPE","R","MOD340/R","1951/01/01","Y","MOD340","MOD340","2","R: Declaration of Received Invoices","DOCUMENT","DOCUMENT_SUBTYPE","MOD340/R","ES","SEED_DATA_FROM_APPLICATION","2014/07/16 15:35:42.326","","2024/07/24 09:57:37.508763","-1","SEED_DATA_FROM_APPLICATION","","","SEEDED","MOD340","","","MOD340","R","R","","","","","","","","","","","","","","","DOCUMENT_SUBTYPE","R","DOCUMENT_SUBTYPE","MOD340","","","","","",""
"DOCUMENT_SUBTYPE","DOCUMENT_SUBTYPE","U","MOD340/U","1951/01/01","Y","MOD340","MOD340","2","U: Declaration of certain Inter-EU Transactions","DOCUMENT","DOCUMENT_SUBTYPE","MOD340/U","ES","SEED_DATA_FROM_APPLICATION","2014/07/16 15:35:42.34","","2024/07/24 09:57:37.508763","-1","SEED_DATA_FROM_APPLICATION","","","SEEDED","MOD340","","","MOD340","U","U","","","","","","","","","","","","","","","DOCUMENT_SUBTYPE","U","DOCUMENT_SUBTYPE","MOD340","","","","","",""
"DOCUMENT_SUBTYPE","DOCUMENT_SUBTYPE","UA","MOD340/UA","1951/01/01","Y","MOD340","MOD340","2","UA: Declaration of Inter-EU Transactions Type A: Sending or receiving of goods","DOCUMENT","DOCUMENT_SUBTYPE","MOD340/UA","ES","SEED_DATA_FROM_APPLICATION","2014/07/16 15:35:42.35","","2024/07/24 09:57:37.508763","-1","SEED_DATA_FROM_APPLICATION","","","SEEDED","MOD340","","","MOD340","UA","UA","","","","","","","","","","","","","","","DOCUMENT_SUBTYPE","UA","DOCUMENT_SUBTYPE","MOD340","","","","","",""
"DOCUMENT_SUBTYPE","DOCUMENT_SUBTYPE","UB","MOD340/UB","1951/01/01","Y","MOD340","MOD340","2","UB: Declaration of Inter-EU Transactions Type B: Transferring or acquiring of goods","DOCUMENT","DOCUMENT_SUBTYPE","MOD340/UB","ES","SEED_DATA_FROM_APPLICATION","2014/07/16 15:35:42.367","","2024/07/24 09:57:37.508763","-1","SEED_DATA_FROM_APPLICATION","","","SEEDED","MOD340","","","MOD340","UB","UB","","","","","","","","","","","","","","","DOCUMENT_SUBTYPE","UB","DOCUMENT_SUBTYPE","MOD340","","","","","",""
"DOCUMENT_SUBTYPE","DOCUMENT_SUBTYPE","F","MOD340/F","1951/01/01","Y","MOD340","MOD340","2","F: Declaration of Issued Invoices IGIC","DOCUMENT","DOCUMENT_SUBTYPE","MOD340/F","ES","SEED_DATA_FROM_APPLICATION","2014/07/16 15:35:42.376","","2024/07/24 09:57:37.508763","-1","SEED_DATA_FROM_APPLICATION","","","SEEDED","MOD340","","","MOD340","F","F","","","","","","","","","","","","","","","DOCUMENT_SUBTYPE","F","DOCUMENT_SUBTYPE","MOD340","","","","","",""
"DOCUMENT_SUBTYPE","DOCUMENT_SUBTYPE","S","MOD340/S","1951/01/01","Y","MOD340","MOD340","2","S: Declaration of Received Invoices IGIC","DOCUMENT","DOCUMENT_SUBTYPE","MOD340/S","ES","SEED_DATA_FROM_APPLICATION","2014/07/16 15:35:42.393","","2024/07/24 09:57:37.508763","-1","SEED_DATA_FROM_APPLICATION","","","SEEDED","MOD340","","","MOD340","S","S","","","","","","","","","","","","","","","DOCUMENT_SUBTYPE","S","DOCUMENT_SUBTYPE","MOD340","","","","","",""
"DOCUMENT_SUBTYPE","DOCUMENT_SUBTYPE","MOD340_EXCL","MOD340_EXCL","1951/01/01","Y","","","1","Exclude from Modelo 340 Declaration","DOCUMENT","DOCUMENT_SUBTYPE","MOD340_EXCL","","SEED_DATA_FROM_APPLICATION","2014/07/16 15:35:42.408","","2024/07/24 09:57:37.508763","-1","SEED_DATA_FROM_APPLICATION","","","SEEDED","MOD340_EXCL","","","S","","MOD340_EXCL","","","","","","","","","","","","","","","DOCUMENT_SUBTYPE","MOD340_EXCL","","","","","","","",""
"DOCUMENT_SUBTYPE","DOCUMENT_SUBTYPE","ORA_IT DOCUMENT TYPE","ORA_IT DOCUMENT TYPE","1951/01/01","Y","","","1","Document Type for Italy","DOCUMENT","Document Subtype","Document Type for Italy","IT","SEED_DATA_FROM_APPLICATION","2016/02/26 09:48:39.61","2016/12/31","2024/07/24 09:57:37.508763","-1","SEED_DATA_FROM_APPLICATION","","","SEEDED","ORA_IT DOCUMENT TYPE","","","Document Type for Italy","","","","","","","","","","","","","","","","","DOCUMENT_SUBTYPE","ORA_IT DOCUMENT TYPE","","","","","","","",""
"DOCUMENT_SUBTYPE","DOCUMENT_SUBTYPE","ORA_NON-RESIDENT_SUBJECT","ORA_IT DOCUMENT TYPE/ORA_NON-RESIDENT_SUBJECT","1951/01/01","Y","ORA_IT DOCUMENT TYPE","Document Type for Italy","2","Non-Resident Subject","DOCUMENT","Document Subtype","Document Type for Italy/Non-Resident Subject","IT","SEED_DATA_FROM_APPLICATION","2016/02/26 09:48:39.632","2016/12/31","2024/07/24 09:57:37.508763","-1","SEED_DATA_FROM_APPLICATION","","","SEEDED","ORA_IT DOCUMENT TYPE","","","Document Type for Italy","ORA_NON-RESIDENT_SUBJECT","Non-Resident Subject","","","","","","","","","","","","","","","DOCUMENT_SUBTYPE","ORA_NON-RESIDENT_SUBJECT","DOCUMENT_SUBTYPE","ORA_IT DOCUMENT TYPE","","","","","",""
"DOCUMENT_SUBTYPE","DOCUMENT_SUBTYPE","ORA_RECAP_INVOICE","ORA_IT DOCUMENT TYPE/ORA_RECAP_INVOICE","1951/01/01","Y","ORA_IT DOCUMENT TYPE","Document Type for Italy","2","Recap Invoice","DOCUMENT","Document Subtype","Document Type for Italy/Recap Invoice","IT","SEED_DATA_FROM_APPLICATION","2016/02/26 09:48:39.655","2016/12/31","2024/07/24 09:57:37.508763","-1","SEED_DATA_FROM_APPLICATION","","","SEEDED","ORA_IT DOCUMENT TYPE","","","Document Type for Italy","ORA_RECAP_INVOICE","Recap Invoice","","","","","","","","","","","","","","","DOCUMENT_SUBTYPE","ORA_RECAP_INVOICE","DOCUMENT_SUBTYPE","ORA_IT DOCUMENT TYPE","","","","","",""
"DOCUMENT_SUBTYPE","DOCUMENT_SUBTYPE","ORA_RENTAL_LEASING","ORA_IT DOCUMENT TYPE/ORA_RENTAL_LEASING","1951/01/01","Y","ORA_IT DOCUMENT TYPE","Document Type for Italy","2","Rental or Leasing","DOCUMENT","Document Subtype","Document Type for Italy/Rental or Leasing","IT","SEED_DATA_FROM_APPLICATION","2016/02/26 09:48:39.678","2016/12/31","2024/07/24 09:57:37.508763","-1","SEED_DATA_FROM_APPLICATION","","","SEEDED","ORA_IT DOCUMENT TYPE","","","Document Type for Italy","ORA_RENTAL_LEASING","Rental or Leasing","","","","","","","","","","","","","","","DOCUMENT_SUBTYPE","ORA_RENTAL_LEASING","DOCUMENT_SUBTYPE","ORA_IT DOCUMENT TYPE","","","","","",""
"DOCUMENT_SUBTYPE","DOCUMENT_SUBTYPE","ORA_REVERSE_CHARGE","ORA_IT DOCUMENT TYPE/ORA_REVERSE_CHARGE","1951/01/01","Y","ORA_IT DOCUMENT TYPE","Document Type for Italy","2","Reverse Charge","DOCUMENT","Document Subtype","Document Type for Italy/Reverse Charge","IT","SEED_DATA_FROM_APPLICATION","2016/02/26 09:48:39.701","2016/12/31","2024/07/24 09:57:37.508763","-1","SEED_DATA_FROM_APPLICATION","","","SEEDED","ORA_IT DOCUMENT TYPE","","","Document Type for Italy","ORA_REVERSE_CHARGE","Reverse Charge","","","","","","","","","","","","","","","DOCUMENT_SUBTYPE","ORA_REVERSE_CHARGE","DOCUMENT_SUBTYPE","ORA_IT DOCUMENT TYPE","","","","","",""
"DOCUMENT_SUBTYPE","DOCUMENT_SUBTYPE","ORA_SELF-INVOICE","ORA_IT DOCUMENT TYPE/ORA_SELF-INVOICE","1951/01/01","Y","ORA_IT DOCUMENT TYPE","Document Type for Italy","2","Self-Invoice","DOCUMENT","Document Subtype","Document Type for Italy/Self-Invoice","IT","SEED_DATA_FROM_APPLICATION","2016/02/26 09:48:39.726","2016/12/31","2024/07/24 09:57:37.508763","-1","SEED_DATA_FROM_APPLICATION","","","SEEDED","ORA_IT DOCUMENT TYPE","","","Document Type for Italy","ORA_SELF-INVOICE","Self-Invoice","","","","","","","","","","","","","","","DOCUMENT_SUBTYPE","ORA_SELF-INVOICE","DOCUMENT_SUBTYPE","ORA_IT DOCUMENT TYPE","","","","","",""
"DOCUMENT_SUBTYPE","DOCUMENT_SUBTYPE","ORA_TOURISM","ORA_IT DOCUMENT TYPE/ORA_TOURISM","1951/01/01","Y","ORA_IT DOCUMENT TYPE","Document Type for Italy","2","Tourism Invoice","DOCUMENT","Document Subtype","Document Type for Italy/Tourism Invoice","IT","SEED_DATA_FROM_APPLICATION","2016/02/26 09:48:39.75","2016/12/31","2024/07/24 09:57:37.508763","-1","SEED_DATA_FROM_APPLICATION","","","SEEDED","ORA_IT DOCUMENT TYPE","","","Document Type for Italy","ORA_TOURISM","Tourism Invoice","","","","","","","","","","","","","","","DOCUMENT_SUBTYPE","ORA_TOURISM","DOCUMENT_SUBTYPE","ORA_IT DOCUMENT TYPE","","","","","",""
"DOCUMENT_SUBTYPE","DOCUMENT_SUBTYPE","ORA_VAT_NOT_EXPOSED","ORA_IT DOCUMENT TYPE/ORA_VAT_NOT_EXPOSED","1951/01/01","Y","ORA_IT DOCUMENT TYPE","Document Type for Italy","2","VAT Not Exposed on Invoice","DOCUMENT","Document Subtype","Document Type for Italy/VAT Not Exposed on Invoice","IT","SEED_DATA_FROM_APPLICATION","2016/02/26 09:48:39.776","2016/12/31","2024/07/24 09:57:37.508763","-1","SEED_DATA_FROM_APPLICATION","","","SEEDED","ORA_IT DOCUMENT TYPE","","","Document Type for Italy","ORA_VAT_NOT_EXPOSED","VAT Not Exposed on Invoice","","","","","","","","","","","","","","","DOCUMENT_SUBTYPE","ORA_VAT_NOT_EXPOSED","DOCUMENT_SUBTYPE","ORA_IT DOCUMENT TYPE","","","","","",""
"DOCUMENT_SUBTYPE","DOCUMENT_SUBTYPE","ORA_BOATS","ORA_IT DOCUMENT TYPE/ORA_RENTAL_LEASING/ORA_BOATS","1951/01/01","Y","ORA_RENTAL_LEASING","Rental or Leasing","3","Boats","DOCUMENT","Document Subtype","Document Type for Italy/Rental or Leasing/Boats","IT","SEED_DATA_FROM_APPLICATION","2016/02/26 09:48:39.805","2016/12/31","2024/07/24 09:57:37.508763","-1","SEED_DATA_FROM_APPLICATION","","","SEEDED","ORA_IT DOCUMENT TYPE","","","Document Type for Italy","ORA_RENTAL_LEASING","Rental or Leasing","ORA_BOATS","Boats","","","","","","","","","","","","","DOCUMENT_SUBTYPE","ORA_BOATS","DOCUMENT_SUBTYPE","ORA_RENTAL_LEASING","DOCUMENT_SUBTYPE","ORA_IT DOCUMENT TYPE","","","",""
"DOCUMENT_SUBTYPE","DOCUMENT_SUBTYPE","ORA_CARAVANS","ORA_IT DOCUMENT TYPE/ORA_RENTAL_LEASING/ORA_CARAVANS","1951/01/01","Y","ORA_RENTAL_LEASING","Rental or Leasing","3","Caravans","DOCUMENT","Document Subtype","Document Type for Italy/Rental or Leasing/Caravans","IT","SEED_DATA_FROM_APPLICATION","2016/02/26 09:48:39.835","2016/12/31","2024/07/24 09:57:37.508763","-1","SEED_DATA_FROM_APPLICATION","","","SEEDED","ORA_IT DOCUMENT TYPE","","","Document Type for Italy","ORA_RENTAL_LEASING","Rental or Leasing","ORA_CARAVANS","Caravans","","","","","","","","","","","","","DOCUMENT_SUBTYPE","ORA_CARAVANS","DOCUMENT_SUBTYPE","ORA_RENTAL_LEASING","DOCUMENT_SUBTYPE","ORA_IT DOCUMENT TYPE","","","",""
"DOCUMENT_SUBTYPE","DOCUMENT_SUBTYPE","ORA_CARS","ORA_IT DOCUMENT TYPE/ORA_RENTAL_LEASING/ORA_CARS","1951/01/01","Y","ORA_RENTAL_LEASING","Rental or Leasing","3","Cars","DOCUMENT","Document Subtype","Document Type for Italy/Rental or Leasing/Cars","IT","SEED_DATA_FROM_APPLICATION","2016/02/26 09:48:39.863","2016/12/31","2024/07/24 09:57:37.508763","-1","SEED_DATA_FROM_APPLICATION","","","SEEDED","ORA_IT DOCUMENT TYPE","","","Document Type for Italy","ORA_RENTAL_LEASING","Rental or Leasing","ORA_CARS","Cars","","","","","","","","","","","","","DOCUMENT_SUBTYPE","ORA_CARS","DOCUMENT_SUBTYPE","ORA_RENTAL_LEASING","DOCUMENT_SUBTYPE","ORA_IT DOCUMENT TYPE","","","",""
"DOCUMENT_SUBTYPE","DOCUMENT_SUBTYPE","ORA_OTHER_VEHICLES","ORA_IT DOCUMENT TYPE/ORA_RENTAL_LEASING/ORA_OTHER_VEHICLES","1951/01/01","Y","ORA_RENTAL_LEASING","Rental or Leasing","3","Other Vehicles","DOCUMENT","Document Subtype","Document Type for Italy/Rental or Leasing/Other Vehicles","IT","SEED_DATA_FROM_APPLICATION","2016/02/26 09:48:39.889","2016/12/31","2024/07/24 09:57:37.508763","-1","SEED_DATA_FROM_APPLICATION","","","SEEDED","ORA_IT DOCUMENT TYPE","","","Document Type for Italy","ORA_RENTAL_LEASING","Rental or Leasing","ORA_OTHER_VEHICLES","Other Vehicles","","","","","","","","","","","","","DOCUMENT_SUBTYPE","ORA_OTHER_VEHICLES","DOCUMENT_SUBTYPE","ORA_RENTAL_LEASING","DOCUMENT_SUBTYPE","ORA_IT DOCUMENT TYPE","","","",""
"DOCUMENT_SUBTYPE","DOCUMENT_SUBTYPE","ORA_PLANES","ORA_IT DOCUMENT TYPE/ORA_RENTAL_LEASING/ORA_PLANES","1951/01/01","Y","ORA_RENTAL_LEASING","Rental or Leasing","3","Planes","DOCUMENT","Document Subtype","Document Type for Italy/Rental or Leasing/Planes","IT","SEED_DATA_FROM_APPLICATION","2016/02/26 09:48:39.917","2016/12/31","2024/07/24 09:57:37.508763","-1","SEED_DATA_FROM_APPLICATION","","","SEEDED","ORA_IT DOCUMENT TYPE","","","Document Type for Italy","ORA_RENTAL_LEASING","Rental or Leasing","ORA_PLANES","Planes","","","","","","","","","","","","","DOCUMENT_SUBTYPE","ORA_PLANES","DOCUMENT_SUBTYPE","ORA_RENTAL_LEASING","DOCUMENT_SUBTYPE","ORA_IT DOCUMENT TYPE","","","",""
"DOCUMENT_SUBTYPE","DOCUMENT_SUBTYPE","ORA_NON_RESI_PURCH_SERV","ORA_IT DOCUMENT TYPE/ORA_NON-RESIDENT_SUBJECT/ORA_NON_RESI_PURCH_SERV","1951/01/01","Y","ORA_NON-RESIDENT_SUBJECT","Non-Resident Subject","3","Purchase of Service from Nonresident","DOCUMENT","Document Subtype","Document Type for Italy/Non-Resident Subject/Purchase of Service from Nonresident","IT","SEED_DATA_FROM_APPLICATION","2016/02/26 09:48:39.953","2016/12/31","2024/07/24 09:57:37.508763","-1","SEED_DATA_FROM_APPLICATION","","","SEEDED","ORA_IT DOCUMENT TYPE","","","Document Type for Italy","ORA_NON-RESIDENT_SUBJECT","Non-Resident Subject","ORA_NON_RESI_PURCH_SERV","Purchase of Service from Nonresident","","","","","","","","","","","","","DOCUMENT_SUBTYPE","ORA_NON_RESI_PURCH_SERV","DOCUMENT_SUBTYPE","ORA_NON-RESIDENT_SUBJECT","DOCUMENT_SUBTYPE","ORA_IT DOCUMENT TYPE","","","",""
"DOCUMENT_SUBTYPE","DOCUMENT_SUBTYPE","ORA_NON_RESI_SUBJ_TRAN","ORA_IT DOCUMENT TYPE/ORA_NON-RESIDENT_SUBJECT/ORA_NON_RESI_SUBJ_TRAN","1951/01/01","Y","ORA_NON-RESIDENT_SUBJECT","Non-Resident Subject","3","Transaction with Nonresident","DOCUMENT","Document Subtype","Document Type for Italy/Non-Resident Subject/Transaction with Nonresident","IT","SEED_DATA_FROM_APPLICATION","2016/02/26 09:48:39.981","2016/12/31","2024/07/24 09:57:37.508763","-1","SEED_DATA_FROM_APPLICATION","","","SEEDED","ORA_IT DOCUMENT TYPE","","","Document Type for Italy","ORA_NON-RESIDENT_SUBJECT","Non-Resident Subject","ORA_NON_RESI_SUBJ_TRAN","Transaction with Nonresident","","","","","","","","","","","","","DOCUMENT_SUBTYPE","ORA_NON_RESI_SUBJ_TRAN","DOCUMENT_SUBTYPE","ORA_NON-RESIDENT_SUBJECT","DOCUMENT_SUBTYPE","ORA_IT DOCUMENT TYPE","","","",""
"DOCUMENT_SUBTYPE","DOCUMENT_SUBTYPE","ORA_ES_SII_FACTURA TYPE","ORA_ES_SII_FACTURA TYPE","2001/01/01","Y","","","1","Invoice Type for Spain","DOCUMENT","Document Subtype","Invoice Type for Spain","ES","SEED_DATA_FROM_APPLICATION","2017/08/17 00:39:01.019","","2024/07/24 09:57:37.508763","-1","SEED_DATA_FROM_APPLICATION","","","SEEDED","ORA_ES_SII_FACTURA TYPE","","","Invoice Type for Spain","","","","","","","","","","","","","","","","","DOCUMENT_SUBTYPE","ORA_ES_SII_FACTURA TYPE","","","","","","","",""
"DOCUMENT_SUBTYPE","DOCUMENT_SUBTYPE","ORA_F1","ORA_ES_SII_FACTURA TYPE/ORA_F1","2001/01/01","Y","ORA_ES_SII_FACTURA TYPE","Invoice Type for Spain","2","F1 Invoice art. 6, 7.2, and 7.3","DOCUMENT","Document Subtype","Invoice Type for Spain/F1 Invoice art. 6, 7.2, and 7.3","ES","SEED_DATA_FROM_APPLICATION","2017/08/17 00:39:01.068","","2024/07/24 09:57:37.508763","-1","SEED_DATA_FROM_APPLICATION","","","SEEDED","ORA_ES_SII_FACTURA TYPE","","","Invoice Type for Spain","ORA_F1","F1 Invoice art. 6, 7.2, and 7.3","","","","","","","","","","","","","","","DOCUMENT_SUBTYPE","ORA_F1","DOCUMENT_SUBTYPE","ORA_ES_SII_FACTURA TYPE","","","","","",""
"DOCUMENT_SUBTYPE","DOCUMENT_SUBTYPE","ORA_F2","ORA_ES_SII_FACTURA TYPE/ORA_F2","2001/01/01","Y","ORA_ES_SII_FACTURA TYPE","Invoice Type for Spain","2","F2 Simplified Invoice and invoices with no addressee art. 6.1.d","DOCUMENT","Document Subtype","Invoice Type for Spain/F2 Simplified Invoice and invoices with no addressee art. 6.1.d","ES","SEED_DATA_FROM_APPLICATION","2017/08/17 00:39:01.11","","2024/07/24 09:57:37.508763","-1","SEED_DATA_FROM_APPLICATION","","","SEEDED","ORA_ES_SII_FACTURA TYPE","","","Invoice Type for Spain","ORA_F2","F2 Simplified Invoice and invoices with no addressee art. 6.1.d","","","","","","","","","","","","","","","DOCUMENT_SUBTYPE","ORA_F2","DOCUMENT_SUBTYPE","ORA_ES_SII_FACTURA TYPE","","","","","",""
"DOCUMENT_SUBTYPE","DOCUMENT_SUBTYPE","ORA_R1","ORA_ES_SII_FACTURA TYPE/ORA_R1","2001/01/01","Y","ORA_ES_SII_FACTURA TYPE","Invoice Type for Spain","2","R1 Rectification Invoice art. 80.3, tender","DOCUMENT","Document Subtype","Invoice Type for Spain/R1 Rectification Invoice art. 80.3, tender","ES","SEED_DATA_FROM_APPLICATION","2017/08/17 00:39:01.162","","2024/07/24 09:57:37.508763","-1","SEED_DATA_FROM_APPLICATION","","","SEEDED","ORA_ES_SII_FACTURA TYPE","","","Invoice Type for Spain","ORA_R1","R1 Rectification Invoice art. 80.3, tender","","","","","","","","","","","","","","","DOCUMENT_SUBTYPE","ORA_R1","DOCUMENT_SUBTYPE","ORA_ES_SII_FACTURA TYPE","","","","","",""
"DOCUMENT_SUBTYPE","DOCUMENT_SUBTYPE","ORA_R2","ORA_ES_SII_FACTURA TYPE/ORA_R2","2001/01/01","Y","ORA_ES_SII_FACTURA TYPE","Invoice Type for Spain","2","R2 Rectification Invoice art. 80.4, bad debts","DOCUMENT","Document Subtype","Invoice Type for Spain/R2 Rectification Invoice art. 80.4, bad debts","ES","SEED_DATA_FROM_APPLICATION","2017/08/17 00:39:01.201","","2024/07/24 09:57:37.508763","-1","SEED_DATA_FROM_APPLICATION","","","SEEDED","ORA_ES_SII_FACTURA TYPE","","","Invoice Type for Spain","ORA_R2","R2 Rectification Invoice art. 80.4, bad debts","","","","","","","","","","","","","","","DOCUMENT_SUBTYPE","ORA_R2","DOCUMENT_SUBTYPE","ORA_ES_SII_FACTURA TYPE","","","","","",""
"DOCUMENT_SUBTYPE","DOCUMENT_SUBTYPE","ORA_R3","ORA_ES_SII_FACTURA TYPE/ORA_R3","2001/01/01","Y","ORA_ES_SII_FACTURA TYPE","Invoice Type for Spain","2","R3 Rectification Invoice rest art. 80.1, art.80.2","DOCUMENT","Document Subtype","Invoice Type for Spain/R3 Rectification Invoice rest art. 80.1, art.80.2","ES","SEED_DATA_FROM_APPLICATION","2017/08/17 00:39:01.237","","2024/07/24 09:57:37.508763","-1","SEED_DATA_FROM_APPLICATION","","","SEEDED","ORA_ES_SII_FACTURA TYPE","","","Invoice Type for Spain","ORA_R3","R3 Rectification Invoice rest art. 80.1, art.80.2","","","","","","","","","","","","","","","DOCUMENT_SUBTYPE","ORA_R3","DOCUMENT_SUBTYPE","ORA_ES_SII_FACTURA TYPE","","","","","",""
"DOCUMENT_SUBTYPE","DOCUMENT_SUBTYPE","ORA_F3","ORA_ES_SII_FACTURA TYPE/ORA_F3","2001/01/01","Y","ORA_ES_SII_FACTURA TYPE","Invoice Type for Spain","2","F3 Invoice issued instead of invoiced and declared simplified invoices","DOCUMENT","Document Subtype","Invoice Type for Spain/F3 Invoice issued instead of invoiced and declared simplified invoices","ES","SEED_DATA_FROM_APPLICATION","2017/08/17 00:39:01.276","","2024/07/24 09:57:37.508763","-1","SEED_DATA_FROM_APPLICATION","","","SEEDED","ORA_ES_SII_FACTURA TYPE","","","Invoice Type for Spain","ORA_F3","F3 Invoice issued instead of invoiced and declared simplified invoices","","","","","","","","","","","","","","","DOCUMENT_SUBTYPE","ORA_F3","DOCUMENT_SUBTYPE","ORA_ES_SII_FACTURA TYPE","","","","","",""
"DOCUMENT_SUBTYPE","DOCUMENT_SUBTYPE","ORA_F4","ORA_ES_SII_FACTURA TYPE/ORA_F4","2001/01/01","Y","ORA_ES_SII_FACTURA TYPE","Invoice Type for Spain","2","F4 Summary journal of invoices","DOCUMENT","Document Subtype","Invoice Type for Spain/F4 Summary journal of invoices","ES","SEED_DATA_FROM_APPLICATION","2017/08/17 00:39:01.334","","2024/07/24 09:57:37.508763","-1","SEED_DATA_FROM_APPLICATION","","","SEEDED","ORA_ES_SII_FACTURA TYPE","","","Invoice Type for Spain","ORA_F4","F4 Summary journal of invoices","","","","","","","","","","","","","","","DOCUMENT_SUBTYPE","ORA_F4","DOCUMENT_SUBTYPE","ORA_ES_SII_FACTURA TYPE","","","","","",""
"DOCUMENT_SUBTYPE","DOCUMENT_SUBTYPE","ORA_R4","ORA_ES_SII_FACTURA TYPE/ORA_R4","2001/01/01","Y","ORA_ES_SII_FACTURA TYPE","Invoice Type for Spain","2","R4 Rectification Invoice Rest","DOCUMENT","Document Subtype","Invoice Type for Spain/R4 Rectification Invoice Rest","ES","SEED_DATA_FROM_APPLICATION","2017/08/17 00:39:01.377","","2024/07/24 09:57:37.508763","-1","SEED_DATA_FROM_APPLICATION","","","SEEDED","ORA_ES_SII_FACTURA TYPE","","","Invoice Type for Spain","ORA_R4","R4 Rectification Invoice Rest","","","","","","","","","","","","","","","DOCUMENT_SUBTYPE","ORA_R4","DOCUMENT_SUBTYPE","ORA_ES_SII_FACTURA TYPE","","","","","",""
"DOCUMENT_SUBTYPE","DOCUMENT_SUBTYPE","ORA_R5","ORA_ES_SII_FACTURA TYPE/ORA_R5","2001/01/01","Y","ORA_ES_SII_FACTURA TYPE","Invoice Type for Spain","2","R5 Rectification Invoice for Simplified Invoices","DOCUMENT","Document Subtype","Invoice Type for Spain/R5 Rectification Invoice for Simplified Invoices","ES","SEED_DATA_FROM_APPLICATION","2017/08/17 00:39:01.427","","2024/07/24 09:57:37.508763","-1","SEED_DATA_FROM_APPLICATION","","","SEEDED","ORA_ES_SII_FACTURA TYPE","","","Invoice Type for Spain","ORA_R5","R5 Rectification Invoice for Simplified Invoices","","","","","","","","","","","","","","","DOCUMENT_SUBTYPE","ORA_R5","DOCUMENT_SUBTYPE","ORA_ES_SII_FACTURA TYPE","","","","","",""
"DOCUMENT_SUBTYPE","DOCUMENT_SUBTYPE","ORA_F5","ORA_ES_SII_FACTURA TYPE/ORA_F5","2001/01/01","Y","ORA_ES_SII_FACTURA TYPE","Invoice Type for Spain","2","F5 Imports DUA","DOCUMENT","Document Subtype","Invoice Type for Spain/F5 Imports DUA","ES","SEED_DATA_FROM_APPLICATION","2017/08/17 00:39:01.464","","2024/07/24 09:57:37.508763","-1","SEED_DATA_FROM_APPLICATION","","","SEEDED","ORA_ES_SII_FACTURA TYPE","","","Invoice Type for Spain","ORA_F5","F5 Imports DUA","","","","","","","","","","","","","","","DOCUMENT_SUBTYPE","ORA_F5","DOCUMENT_SUBTYPE","ORA_ES_SII_FACTURA TYPE","","","","","",""
"DOCUMENT_SUBTYPE","DOCUMENT_SUBTYPE","ORA_F6","ORA_ES_SII_FACTURA TYPE/ORA_F6","2001/01/01","Y","ORA_ES_SII_FACTURA TYPE","Invoice Type for Spain","2","F6 Other Accounting Transactions","DOCUMENT","Document Subtype","Invoice Type for Spain/F6 Other Accounting Transactions","ES","SEED_DATA_FROM_APPLICATION","2017/08/17 00:39:01.502","","2024/07/24 09:57:37.508763","-1","SEED_DATA_FROM_APPLICATION","","","SEEDED","ORA_ES_SII_FACTURA TYPE","","","Invoice Type for Spain","ORA_F6","F6 Other Accounting Transactions","","","","","","","","","","","","","","","DOCUMENT_SUBTYPE","ORA_F6","DOCUMENT_SUBTYPE","ORA_ES_SII_FACTURA TYPE","","","","","",""
"DOCUMENT_SUBTYPE","DOCUMENT_SUBTYPE","ORA_IT_DOCUMENT_TYPE","ORA_IT_DOCUMENT_TYPE","1951/01/01","Y","","","1","Document Type for Italy","DOCUMENT","Document Subtype","Document Type for Italy","IT","SEED_DATA_FROM_APPLICATION","2017/08/17 00:39:01.545","","2024/07/24 09:57:37.508763","-1","SEED_DATA_FROM_APPLICATION","","","SEEDED","ORA_IT_DOCUMENT_TYPE","","","Document Type for Italy","","","","","","","","","","","","","","","","","DOCUMENT_SUBTYPE","ORA_IT_DOCUMENT_TYPE","","","","","","","",""
"DOCUMENT_SUBTYPE","DOCUMENT_SUBTYPE","ORA_TD01","ORA_IT_DOCUMENT_TYPE/ORA_TD01","1951/01/01","Y","ORA_IT_DOCUMENT_TYPE","Document Type for Italy","2","Invoice","DOCUMENT","Document Subtype","Document Type for Italy/Invoice","IT","SEED_DATA_FROM_APPLICATION","2017/08/17 00:39:01.586","","2024/07/24 09:57:37.508763","-1","SEED_DATA_FROM_APPLICATION","","","SEEDED","ORA_IT_DOCUMENT_TYPE","","","Document Type for Italy","ORA_TD01","Invoice","","","","","","","","","","","","","","","DOCUMENT_SUBTYPE","ORA_TD01","DOCUMENT_SUBTYPE","ORA_IT_DOCUMENT_TYPE","","","","","",""
"DOCUMENT_SUBTYPE","DOCUMENT_SUBTYPE","ORA_TD04","ORA_IT_DOCUMENT_TYPE/ORA_TD04","1951/01/01","Y","ORA_IT_DOCUMENT_TYPE","Document Type for Italy","2","Credit note","DOCUMENT","Document Subtype","Document Type for Italy/Credit note","IT","SEED_DATA_FROM_APPLICATION","2017/08/17 00:39:01.629","","2024/07/24 09:57:37.508763","-1","SEED_DATA_FROM_APPLICATION","","","SEEDED","ORA_IT_DOCUMENT_TYPE","","","Document Type for Italy","ORA_TD04","Credit note","","","","","","","","","","","","","","","DOCUMENT_SUBTYPE","ORA_TD04","DOCUMENT_SUBTYPE","ORA_IT_DOCUMENT_TYPE","","","","","",""
"DOCUMENT_SUBTYPE","DOCUMENT_SUBTYPE","ORA_TD05","ORA_IT_DOCUMENT_TYPE/ORA_TD05","1951/01/01","Y","ORA_IT_DOCUMENT_TYPE","Document Type for Italy","2","Debit note","DOCUMENT","Document Subtype","Document Type for Italy/Debit note","IT","SEED_DATA_FROM_APPLICATION","2017/08/17 00:39:01.67","","2024/07/24 09:57:37.508763","-1","SEED_DATA_FROM_APPLICATION","","","SEEDED","ORA_IT_DOCUMENT_TYPE","","","Document Type for Italy","ORA_TD05","Debit note","","","","","","","","","","","","","","","DOCUMENT_SUBTYPE","ORA_TD05","DOCUMENT_SUBTYPE","ORA_IT_DOCUMENT_TYPE","","","","","",""
"DOCUMENT_SUBTYPE","DOCUMENT_SUBTYPE","ORA_TD07","ORA_IT_DOCUMENT_TYPE/ORA_TD07","1951/01/01","Y","ORA_IT_DOCUMENT_TYPE","Document Type for Italy","2","Simplified invoice","DOCUMENT","Document Subtype","Document Type for Italy/Simplified invoice","IT","SEED_DATA_FROM_APPLICATION","2017/08/17 00:39:01.708","","2024/07/24 09:57:37.508763","-1","SEED_DATA_FROM_APPLICATION","","","SEEDED","ORA_IT_DOCUMENT_TYPE","","","Document Type for Italy","ORA_TD07","Simplified invoice","","","","","","","","","","","","","","","DOCUMENT_SUBTYPE","ORA_TD07","DOCUMENT_SUBTYPE","ORA_IT_DOCUMENT_TYPE","","","","","",""
"DOCUMENT_SUBTYPE","DOCUMENT_SUBTYPE","ORA_TD08","ORA_IT_DOCUMENT_TYPE/ORA_TD08","1951/01/01","Y","ORA_IT_DOCUMENT_TYPE","Document Type for Italy","2","Simplified credit memo","DOCUMENT","Document Subtype","Document Type for Italy/Simplified credit memo","IT","SEED_DATA_FROM_APPLICATION","2017/08/17 00:39:01.746","","2024/07/24 09:57:37.508763","-1","SEED_DATA_FROM_APPLICATION","","","SEEDED","ORA_IT_DOCUMENT_TYPE","","","Document Type for Italy","ORA_TD08","Simplified credit memo","","","","","","","","","","","","","","","DOCUMENT_SUBTYPE","ORA_TD08","DOCUMENT_SUBTYPE","ORA_IT_DOCUMENT_TYPE","","","","","",""
"DOCUMENT_SUBTYPE","DOCUMENT_SUBTYPE","ORA_TD10","ORA_IT_DOCUMENT_TYPE/ORA_TD10","1951/01/01","Y","ORA_IT_DOCUMENT_TYPE","Document Type for Italy","2","Intra-EU purchase invoice of goods","DOCUMENT","Document Subtype","Document Type for Italy/Intra-EU purchase invoice of goods","IT","SEED_DATA_FROM_APPLICATION","2017/08/17 00:39:01.781","","2024/07/24 09:57:37.508763","-1","SEED_DATA_FROM_APPLICATION","","","SEEDED","ORA_IT_DOCUMENT_TYPE","","","Document Type for Italy","ORA_TD10","Intra-EU purchase invoice of goods","","","","","","","","","","","","","","","DOCUMENT_SUBTYPE","ORA_TD10","DOCUMENT_SUBTYPE","ORA_IT_DOCUMENT_TYPE","","","","","",""
"DOCUMENT_SUBTYPE","DOCUMENT_SUBTYPE","ORA_TD11","ORA_IT_DOCUMENT_TYPE/ORA_TD11","1951/01/01","Y","ORA_IT_DOCUMENT_TYPE","Document Type for Italy","2","Intra-EU purchase invoice of services","DOCUMENT","Document Subtype","Document Type for Italy/Intra-EU purchase invoice of services","IT","SEED_DATA_FROM_APPLICATION","2017/08/17 00:39:01.816","","2024/07/24 09:57:37.508763","-1","SEED_DATA_FROM_APPLICATION","","","SEEDED","ORA_IT_DOCUMENT_TYPE","","","Document Type for Italy","ORA_TD11","Intra-EU purchase invoice of services","","","","","","","","","","","","","","","DOCUMENT_SUBTYPE","ORA_TD11","DOCUMENT_SUBTYPE","ORA_IT_DOCUMENT_TYPE","","","","","",""
"DOCUMENT_SUBTYPE","DOCUMENT_SUBTYPE","ORA_LC","ORA_ES_SII_FACTURA TYPE/ORA_LC","2001/01/01","Y","ORA_ES_SII_FACTURA TYPE","Invoice Type for Spain","2","LC Customs Additional Settlement","DOCUMENT","Document Subtype","Invoice Type for Spain/LC Customs Additional Settlement","ES","SEED_DATA_FROM_APPLICATION","2018/08/08 13:46:48.856","","2024/07/24 09:57:37.508763","-1","SEED_DATA_FROM_APPLICATION","","","SEEDED","ORA_ES_SII_FACTURA TYPE","","","Invoice Type for Spain","ORA_LC","LC Customs Additional Settlement","","","","","","","","","","","","","","","DOCUMENT_SUBTYPE","ORA_LC","DOCUMENT_SUBTYPE","ORA_ES_SII_FACTURA TYPE","","","","","",""
"DOCUMENT_SUBTYPE","DOCUMENT_SUBTYPE","ORA_IN_DOCUMENT_TYPE","ORA_IN_DOCUMENT_TYPE","2011/01/01","Y","","","1","Document types for india","DOCUMENT","Document Subtype","Document types for india","IN","SEED_DATA_FROM_APPLICATION","2018/05/23 17:09:51.722","","2024/07/24 09:57:37.508763","-1","SEED_DATA_FROM_APPLICATION","","","SEEDED","ORA_IN_DOCUMENT_TYPE","","","Document types for india","","","","","","","","","","","","","","","","","DOCUMENT_SUBTYPE","ORA_IN_DOCUMENT_TYPE","","","","","","","",""
"DOCUMENT_SUBTYPE","DOCUMENT_SUBTYPE","REVISED INVOICE","ORA_IN_DOCUMENT_TYPE/REVISED INVOICE","2011/01/01","Y","ORA_IN_DOCUMENT_TYPE","Document types for india","2","Revised invoice","DOCUMENT","Document Subtype","Document types for india/Revised invoice","IN","SEED_DATA_FROM_APPLICATION","2018/05/23 17:09:51.853","","2024/07/24 09:57:37.508763","-1","SEED_DATA_FROM_APPLICATION","","","SEEDED","ORA_IN_DOCUMENT_TYPE","","","Document types for india","REVISED INVOICE","Revised invoice","","","","","","","","","","","","","","","DOCUMENT_SUBTYPE","REVISED INVOICE","DOCUMENT_SUBTYPE","ORA_IN_DOCUMENT_TYPE","","","","","",""
"DOCUMENT_SUBTYPE","DOCUMENT_SUBTYPE","ORA_DOMESTIC_OUTBOUND_TRX","ORA_DOMESTIC_OUTBOUND_TRX","2011/01/01","Y","","","1","Domestic Outbound Transaction","DOCUMENT","Document Subtype","Domestic Outbound Transaction","IN","SEED_DATA_FROM_APPLICATION","2018/12/19 00:54:38.447146","","2024/07/24 09:57:37.508763","-1","SEED_DATA_FROM_APPLICATION","","","SEEDED","ORA_DOMESTIC_OUTBOUND_TRX","","","Domestic Outbound Transaction","","","","","","","","","","","","","","","","","DOCUMENT_SUBTYPE","ORA_DOMESTIC_OUTBOUND_TRX","","","","","","","",""
"DOCUMENT_SUBTYPE","DOCUMENT_SUBTYPE","ORA_DOMESTIC_SHIP_ONLY_TRX","ORA_DOMESTIC_SHIP_ONLY_TRX","2011/01/01","Y","","","1","Domestic Ship-Only Transaction","DOCUMENT","Document Subtype","Domestic Ship-Only Transaction","IN","SEED_DATA_FROM_APPLICATION","2018/12/19 00:54:38.447146","","2024/07/24 09:57:37.508763","-1","SEED_DATA_FROM_APPLICATION","","","SEEDED","ORA_DOMESTIC_SHIP_ONLY_TRX","","","Domestic Ship-Only Transaction","","","","","","","","","","","","","","","","","DOCUMENT_SUBTYPE","ORA_DOMESTIC_SHIP_ONLY_TRX","","","","","","","",""
"DOCUMENT_SUBTYPE","DOCUMENT_SUBTYPE","ORA_MTL_TRANSFER_ACROSS_STATE","ORA_MTL_TRANSFER_ACROSS_STATE","2011/01/01","Y","","","1","Material Transfer Across State","DOCUMENT","Document Subtype","Material Transfer Across State","IN","SEED_DATA_FROM_APPLICATION","2018/12/19 00:54:38.447146","","2024/07/24 09:57:37.508763","-1","SEED_DATA_FROM_APPLICATION","","","SEEDED","ORA_MTL_TRANSFER_ACROSS_STATE","","","Material Transfer Across State","","","","","","","","","","","","","","","","","DOCUMENT_SUBTYPE","ORA_MTL_TRANSFER_ACROSS_STATE","","","","","","","",""
"DOCUMENT_SUBTYPE","DOCUMENT_SUBTYPE","ORA_MTL_TRANSFER_WITHIN_STATE","ORA_MTL_TRANSFER_WITHIN_STATE","2011/01/01","Y","","","1","Material Transfer Within State","DOCUMENT","Document Subtype","Material Transfer Within State","IN","SEED_DATA_FROM_APPLICATION","2018/12/19 00:54:38.447146","","2024/07/24 09:57:37.508763","-1","SEED_DATA_FROM_APPLICATION","","","SEEDED","ORA_MTL_TRANSFER_WITHIN_STATE","","","Material Transfer Within State","","","","","","","","","","","","","","","","","DOCUMENT_SUBTYPE","ORA_MTL_TRANSFER_WITHIN_STATE","","","","","","","",""
"DOCUMENT_SUBTYPE","DOCUMENT_SUBTYPE","ORA_OUTSIDE_PROCESSING","ORA_OUTSIDE_PROCESSING","2011/01/01","Y","","","1","Outside Processing","DOCUMENT","Document Subtype","Outside Processing","IN","SEED_DATA_FROM_APPLICATION","2018/12/19 00:54:38.447146","","2024/07/24 09:57:37.508763","-1","SEED_DATA_FROM_APPLICATION","","","SEEDED","ORA_OUTSIDE_PROCESSING","","","Outside Processing","","","","","","","","","","","","","","","","","DOCUMENT_SUBTYPE","ORA_OUTSIDE_PROCESSING","","","","","","","",""
"DOCUMENT_SUBTYPE","DOCUMENT_SUBTYPE","ORA_RETURN_TRANSFER_ORDERS","ORA_RETURN_TRANSFER_ORDERS","2011/01/01","Y","","","1","Return Transfer Orders","DOCUMENT","Document Subtype","Return Transfer Orders","IN","SEED_DATA_FROM_APPLICATION","2018/12/19 00:54:38.447146","","2024/07/24 09:57:37.508763","-1","SEED_DATA_FROM_APPLICATION","","","SEEDED","ORA_RETURN_TRANSFER_ORDERS","","","Return Transfer Orders","","","","","","","","","","","","","","","","","DOCUMENT_SUBTYPE","ORA_RETURN_TRANSFER_ORDERS","","","","","","","",""
"DOCUMENT_SUBTYPE","DOCUMENT_SUBTYPE","ORA_RETURN_TO_SUPPLIER","ORA_RETURN_TO_SUPPLIER","2011/01/01","Y","","","1","Return to Supplier","DOCUMENT","Document Subtype","Return to Supplier","IN","SEED_DATA_FROM_APPLICATION","2018/12/19 00:54:38.447146","","2024/07/24 09:57:37.508763","-1","SEED_DATA_FROM_APPLICATION","","","SEEDED","ORA_RETURN_TO_SUPPLIER","","","Return to Supplier","","","","","","","","","","","","","","","","","DOCUMENT_SUBTYPE","ORA_RETURN_TO_SUPPLIER","","","","","","","",""
"DOCUMENT_SUBTYPE","DOCUMENT_SUBTYPE","DE","DE","1951/01/01","Y","","","1","Deemed Export","DOCUMENT","Document Subtype","Deemed Export","IN","SEED_DATA_FROM_APPLICATION","2020/03/20 00:12:49.229536","","2024/07/24 09:57:37.508763","-1","SEED_DATA_FROM_APPLICATION","","","SEEDED","DE","","","Deemed Export","","","","","","","","","","","","","","","","","DOCUMENT_SUBTYPE","DE","","","","","","","",""
"DOCUMENT_SUBTYPE","DOCUMENT_SUBTYPE","ECOM","ECOM","1951/01/01","Y","","","1","E-Commerce Transactions","DOCUMENT","Document Subtype","E-Commerce Transactions","IN","SEED_DATA_FROM_APPLICATION","2020/03/20 00:12:49.229536","","2024/07/24 09:57:37.508763","-1","SEED_DATA_FROM_APPLICATION","","","SEEDED","ECOM","","","E-Commerce Transactions","","","","","","","","","","","","","","","","","DOCUMENT_SUBTYPE","ECOM","","","","","","","",""
