"ORA_ZX_TRANSACTION.ClassificationTypeCode","ClassificationTypeName","CreatedBy","CreationDate","Language","LastUpdateDate","LastUpdateLogin","LastUpdatedBy","SourceLang"
"TRX_BUSINESS_CATEGORY","Catégorie commerciale de transaction","SEED_DATA_FROM_APPLICATION","2013/08/08 06:56:06.554","FRC","2014/09/11 06:01:45.669729","-1","SEED_DATA_FROM_APPLICATION","FRC"
"TRX_BUSINESS_CATEGORY","Tranzakció üzleti kategóriája","SEED_DATA_FROM_APPLICATION","2013/08/08 06:56:06.554","HU","2014/09/11 08:25:55.392668","-1","SEED_DATA_FROM_APPLICATION","HU"
"TRX_BUSINESS_CATEGORY","Categoria aziendale transazione","SEED_DATA_FROM_APPLICATION","2013/08/08 06:56:06.554","I","2014/09/11 10:26:06.481044","-1","SEED_DATA_FROM_APPLICATION","I"
"TRX_BUSINESS_CATEGORY","Catégorie d'activité de la transaction","SEED_DATA_FROM_APPLICATION","2013/08/08 06:56:06.554","F","2019/06/24 17:39:04.807696","-1","SEED_DATA_FROM_APPLICATION","F"
"TRX_BUSINESS_CATEGORY","トランザクション・ビジネス・カテゴリ","SEED_DATA_FROM_APPLICATION","2013/08/08 06:56:06.554","JA","2014/09/11 12:46:45.100856","-1","SEED_DATA_FROM_APPLICATION","JA"
"TRX_BUSINESS_CATEGORY","거래 비즈니스 범주","SEED_DATA_FROM_APPLICATION","2013/08/08 06:56:06.554","KO","2014/09/11 13:40:32.326799","-1","SEED_DATA_FROM_APPLICATION","KO"
"TRX_BUSINESS_CATEGORY","Bedrijfscategorie transactie","SEED_DATA_FROM_APPLICATION","2013/08/08 06:56:06.554","NL","2014/09/11 14:36:47.446155","-1","SEED_DATA_FROM_APPLICATION","NL"
"TRX_BUSINESS_CATEGORY","Transaksjonsforretningskategori","SEED_DATA_FROM_APPLICATION","2013/08/08 06:56:06.554","N","2014/09/11 15:51:32.116164","-1","SEED_DATA_FROM_APPLICATION","N"
"TRX_BUSINESS_CATEGORY","Categoria Comercial da Transação","SEED_DATA_FROM_APPLICATION","2013/08/08 06:56:06.554","PTB","2014/09/11 19:03:56.713168","-1","SEED_DATA_FROM_APPLICATION","PTB"
"TRX_BUSINESS_CATEGORY","Kategoria biznesowa transakcji","SEED_DATA_FROM_APPLICATION","2013/08/08 06:56:06.554","PL","2014/09/11 17:36:09.897007","-1","SEED_DATA_FROM_APPLICATION","PL"
"TRX_BUSINESS_CATEGORY","קטגוריה עסקית של תנועה","SEED_DATA_FROM_APPLICATION","2013/08/08 06:56:06.554","IW","2014/09/11 12:01:39.548007","-1","SEED_DATA_FROM_APPLICATION","IW"
"TRX_BUSINESS_CATEGORY","Категория деятельности для транзакции","SEED_DATA_FROM_APPLICATION","2013/08/08 06:56:06.554","RU","2014/09/11 22:16:34.899268","-1","SEED_DATA_FROM_APPLICATION","RU"
"TRX_BUSINESS_CATEGORY","İşlem İş Kategorisi","SEED_DATA_FROM_APPLICATION","2013/08/08 06:56:06.554","TR","2014/09/12 01:43:03.628631","-1","SEED_DATA_FROM_APPLICATION","TR"
"TRX_BUSINESS_CATEGORY","事务处理业务类别","SEED_DATA_FROM_APPLICATION","2013/08/08 06:56:06.554","ZHS","2014/09/12 03:00:19.816201","-1","SEED_DATA_FROM_APPLICATION","ZHS"
"TRX_BUSINESS_CATEGORY","Verksamhetskategori för transaktion","SEED_DATA_FROM_APPLICATION","2013/08/08 06:56:06.554","S","2014/09/11 23:23:42.193207","-1","SEED_DATA_FROM_APPLICATION","S"
"TRX_BUSINESS_CATEGORY","Categorie de activităţi tranzacţii","SEED_DATA_FROM_APPLICATION","2013/08/08 06:56:06.554","RO","2014/09/11 20:56:48.890661","-1","SEED_DATA_FROM_APPLICATION","RO"
"TRX_BUSINESS_CATEGORY","Tapahtuman liiketoimintaluokka","SEED_DATA_FROM_APPLICATION","2013/08/08 06:56:06.554","SF","2014/09/11 03:23:43.591004","-1","SEED_DATA_FROM_APPLICATION","SF"
"TRX_BUSINESS_CATEGORY","Transaction Business Category","SEED_DATA_FROM_APPLICATION","2013/08/08 06:56:06.554","US","2024/07/24 09:57:37.140577","-1","SEED_DATA_FROM_APPLICATION","US"
"TRX_BUSINESS_CATEGORY","فئة الأعمال للمعاملة","SEED_DATA_FROM_APPLICATION","2013/08/08 06:56:06.554","AR","2014/09/10 16:50:46.14511","-1","SEED_DATA_FROM_APPLICATION","AR"
"TRX_BUSINESS_CATEGORY","Obchodní kategorie transakce","SEED_DATA_FROM_APPLICATION","2013/08/08 06:56:06.554","CS","2014/09/10 18:11:52.289661","-1","SEED_DATA_FROM_APPLICATION","CS"
"TRX_BUSINESS_CATEGORY","Transaktionsforretningskategori","SEED_DATA_FROM_APPLICATION","2013/08/08 06:56:06.554","DK","2014/09/10 19:20:51.208847","-1","SEED_DATA_FROM_APPLICATION","DK"
"TRX_BUSINESS_CATEGORY","Transaktionsgeschäftskategorie","SEED_DATA_FROM_APPLICATION","2013/08/08 06:56:06.554","D","2014/09/11 00:46:27.935926","-1","SEED_DATA_FROM_APPLICATION","D"
"TRX_BUSINESS_CATEGORY","Categoría comercial de transacción","SEED_DATA_FROM_APPLICATION","2013/08/08 06:56:06.554","E","2014/09/11 02:26:50.044413","-1","SEED_DATA_FROM_APPLICATION","E"
"TRX_BUSINESS_CATEGORY","交易業務類目","SEED_DATA_FROM_APPLICATION","2013/08/08 06:56:06.554","ZHT","2020/09/19 00:06:50.133272","-1","SEED_DATA_FROM_APPLICATION","ZHT"
"TRX_BUSINESS_CATEGORY","ชนิดธุรกิจของรายการ","SEED_DATA_FROM_APPLICATION","2013/08/08 06:56:06.554","TH","2017/03/23 12:12:10.541892","-1","SEED_DATA_FROM_APPLICATION","TH"
"TRX_BUSINESS_CATEGORY","Transaction Business Category","SEED_DATA_FROM_APPLICATION","2013/08/08 06:56:06.554","EL","2013/08/08 06:56:06.696","-1","SEED_DATA_FROM_APPLICATION","US"
"TRX_BUSINESS_CATEGORY","Transaction Business Category","SEED_DATA_FROM_APPLICATION","2013/08/08 06:56:06.554","ESA","2013/08/08 06:56:06.696","-1","SEED_DATA_FROM_APPLICATION","US"
"TRX_BUSINESS_CATEGORY","Transaction Business Category","SEED_DATA_FROM_APPLICATION","2013/08/08 06:56:06.554","HR","2013/08/08 06:56:06.696","-1","SEED_DATA_FROM_APPLICATION","US"
"TRX_BUSINESS_CATEGORY","Transaction Business Category","SEED_DATA_FROM_APPLICATION","2013/08/08 06:56:06.554","IS","2013/08/08 06:56:06.696","-1","SEED_DATA_FROM_APPLICATION","US"
"TRX_BUSINESS_CATEGORY","Transaction Business Category","SEED_DATA_FROM_APPLICATION","2013/08/08 06:56:06.554","LT","2013/08/08 06:56:06.696","-1","SEED_DATA_FROM_APPLICATION","US"
"TRX_BUSINESS_CATEGORY","Transaction Business Category","SEED_DATA_FROM_APPLICATION","2013/08/08 06:56:06.554","PT","2013/08/08 06:56:06.696","-1","SEED_DATA_FROM_APPLICATION","US"
"TRX_BUSINESS_CATEGORY","Transaction Business Category","SEED_DATA_FROM_APPLICATION","2013/08/08 06:56:06.554","SK","2013/08/08 06:56:06.696","-1","SEED_DATA_FROM_APPLICATION","US"
"TRX_BUSINESS_CATEGORY","Transaction Business Category","SEED_DATA_FROM_APPLICATION","2013/08/08 06:56:06.554","SL","2013/08/08 06:56:06.696","-1","SEED_DATA_FROM_APPLICATION","US"
"TRX_BUSINESS_CATEGORY","Transaction Business Category","SEED_DATA_FROM_APPLICATION","2013/08/08 06:56:06.554","ET","2013/08/08 06:56:06.696","-1","SEED_DATA_FROM_APPLICATION","US"
"TRX_BUSINESS_CATEGORY","Transaction Business Category","SEED_DATA_FROM_APPLICATION","2013/08/08 06:56:06.554","LV","2013/08/08 06:56:06.696","-1","SEED_DATA_FROM_APPLICATION","US"
