"ORA_ZX_USER_DEFINED_TYPE.ClassificationTypeCode","ClassificationTypeCode","ClassificationCode","Attribute1","Attribute10","Attribute11","Attribute12","Attribute13","Attribute14","Attribute15","Attribute2","Attribute3","Attribute4","Attribute5","Attribute6","Attribute7","Attribute8","Attribute9","AttributeCategory","ClassificationName","CompiledFlag","CountryCode","CreatedBy","CreationDate","EffectiveFrom","EffectiveTo","LastUpdateDate","LastUpdateLogin","LastUpdatedBy","ParentClassificationCode","ProgramAppName","ProgramName","RecordTypeCode","ClassificationCode1","ClassificationTypeCode1","ClassificationCode2","ClassificationTypeCode2","ClassificationCode3","ClassificationTypeCode3","ClassificationCode4","ClassificationTypeCode4"
"USER_DEFINED","USER_DEFINED","MOD340A","","","","","","","","","","","","","","","","","A: Invoices Summary Journal","","ES","SEED_DATA_FROM_APPLICATION","2014/07/16 15:35:42.472","1951/01/01","","2024/07/24 09:57:37.295148","-1","SEED_DATA_FROM_APPLICATION","","","","SEEDED","","","","","","","",""
"USER_DEFINED","USER_DEFINED","MOD340B","","","","","","","","","","","","","","","","","B: Tickets Summary Journal","","ES","SEED_DATA_FROM_APPLICATION","2014/07/16 15:35:42.484","1951/01/01","","2024/07/24 09:57:37.295148","-1","SEED_DATA_FROM_APPLICATION","","","","SEEDED","","","","","","","",""
"USER_DEFINED","USER_DEFINED","MOD340C","","","","","","","","","","","","","","","","","C: Invoice with several journals (several tax codes)","","ES","SEED_DATA_FROM_APPLICATION","2014/07/16 15:35:42.498","1951/01/01","","2024/07/24 09:57:37.295148","-1","SEED_DATA_FROM_APPLICATION","","","","SEEDED","","","","","","","",""
"USER_DEFINED","USER_DEFINED","MOD340D","","","","","","","","","","","","","","","","","D: Rectification Invoice","","ES","SEED_DATA_FROM_APPLICATION","2014/07/16 15:35:42.513","1951/01/01","","2024/07/24 09:57:37.295148","-1","SEED_DATA_FROM_APPLICATION","","","","SEEDED","","","","","","","",""
"USER_DEFINED","USER_DEFINED","MOD340E","","","","","","","","","","","","","","","","","E: Accrued VAT pending invoice to be issued","","ES","SEED_DATA_FROM_APPLICATION","2014/07/16 15:35:42.527","1951/01/01","","2024/07/24 09:57:37.295148","-1","SEED_DATA_FROM_APPLICATION","","","","SEEDED","","","","","","","",""
"USER_DEFINED","USER_DEFINED","MOD340F","","","","","","","","","","","","","","","","","F: Acquisitions performed directly by travel agencies on behalf of the traveler (special regime of travel agencies)","","ES","SEED_DATA_FROM_APPLICATION","2014/07/16 15:35:42.559","1951/01/01","","2024/07/24 09:57:37.295148","-1","SEED_DATA_FROM_APPLICATION","","","","SEEDED","","","","","","","",""
"USER_DEFINED","USER_DEFINED","MOD340G","","","","","","","","","","","","","","","","","G: Special regime of VAT group entities includes real counter-assistance to cost","","ES","SEED_DATA_FROM_APPLICATION","2014/07/16 15:35:42.574","1951/01/01","","2024/07/24 09:57:37.295148","-1","SEED_DATA_FROM_APPLICATION","","","","SEEDED","","","","","","","",""
"USER_DEFINED","USER_DEFINED","MOD340H","","","","","","","","","","","","","","","","","H: Special regime of gold investment","","ES","SEED_DATA_FROM_APPLICATION","2014/07/16 15:35:42.584","1951/01/01","","2024/07/24 09:57:37.295148","-1","SEED_DATA_FROM_APPLICATION","","","","SEEDED","","","","","","","",""
"USER_DEFINED","USER_DEFINED","MOD340I","","","","","","","","","","","","","","","","","I: Investment of the Taxable Person ISP","","ES","SEED_DATA_FROM_APPLICATION","2014/07/16 15:35:42.596","1951/01/01","","2024/07/24 09:57:37.295148","-1","SEED_DATA_FROM_APPLICATION","","","","SEEDED","","","","","","","",""
"USER_DEFINED","USER_DEFINED","MOD340J","","","","","","","","","","","","","","","","","J: Tickets","","ES","SEED_DATA_FROM_APPLICATION","2014/07/16 15:35:42.612","1951/01/01","","2024/07/24 09:57:37.295148","-1","SEED_DATA_FROM_APPLICATION","","","","SEEDED","","","","","","","",""
"USER_DEFINED","USER_DEFINED","MOD340K","","","","","","","","","","","","","","","","","K: Rectification of recorded annotations","","ES","SEED_DATA_FROM_APPLICATION","2014/07/16 15:35:42.627","1951/01/01","","2024/07/24 09:57:37.295148","-1","SEED_DATA_FROM_APPLICATION","","","","SEEDED","","","","","","","",""
"USER_DEFINED","USER_DEFINED","MOD340L","","","","","","","","","","","","","","","","","L: Declaration of acquisitions to IGIC retailers","","ES","SEED_DATA_FROM_APPLICATION","2014/07/16 15:35:42.644","1951/01/01","","2024/07/24 09:57:37.295148","-1","SEED_DATA_FROM_APPLICATION","","","","SEEDED","","","","","","","",""
"USER_DEFINED","USER_DEFINED","MOD340M","","","","","","","","","","","","","","","","","M: VAT/IGIC invoice pending to be accrued issued invoice","","ES","SEED_DATA_FROM_APPLICATION","2014/07/16 15:35:42.659","1951/01/01","","2024/07/24 09:57:37.295148","-1","SEED_DATA_FROM_APPLICATION","","","","SEEDED","","","","","","","",""
"USER_DEFINED","USER_DEFINED","MOD340N","","","","","","","","","","","","","","","","","N: Invoicing of travel agencies services that act as mediators in name of and on behalf of others","","ES","SEED_DATA_FROM_APPLICATION","2014/07/16 15:35:42.667","1951/01/01","","2024/07/24 09:57:37.295148","-1","SEED_DATA_FROM_APPLICATION","","","","SEEDED","","","","","","","",""
"USER_DEFINED","USER_DEFINED","MOD340O","","","","","","","","","","","","","","","","","O: Invoice issued in replacement of invoices and declared tickets","","ES","SEED_DATA_FROM_APPLICATION","2014/07/16 15:35:42.683","1951/01/01","","2024/07/24 09:57:37.295148","-1","SEED_DATA_FROM_APPLICATION","","","","SEEDED","","","","","","","",""
"USER_DEFINED","USER_DEFINED","MOD340P","","","","","","","","","","","","","","","","","P: Intracommunitary acquisitions of goods","","ES","SEED_DATA_FROM_APPLICATION","2014/07/16 15:35:42.697","1951/01/01","","2024/07/24 09:57:37.295148","-1","SEED_DATA_FROM_APPLICATION","","","","SEEDED","","","","","","","",""
"USER_DEFINED","USER_DEFINED","MOD340Q","","","","","","","","","","","","","","","","","Q: Special regime of used goods, art, antiques and collection articles","","ES","SEED_DATA_FROM_APPLICATION","2014/07/16 15:35:42.717","1951/01/01","","2024/07/24 09:57:37.295148","-1","SEED_DATA_FROM_APPLICATION","","","","SEEDED","","","","","","","",""
"USER_DEFINED","USER_DEFINED","MOD340NONE","","","","","","","","","","","","","","","","","None","","ES","SEED_DATA_FROM_APPLICATION","2014/07/16 15:35:42.736","1951/01/01","","2024/07/24 09:57:37.295148","-1","SEED_DATA_FROM_APPLICATION","","","","SEEDED","","","","","","","",""
"USER_DEFINED","USER_DEFINED","MOD340R","","","","","","","","","","","","","","","","","R: Business rental transaction","","ES","SEED_DATA_FROM_APPLICATION","2014/07/16 15:35:42.749","1951/01/01","","2024/07/24 09:57:37.295148","-1","SEED_DATA_FROM_APPLICATION","","","","SEEDED","","","","","","","",""
"USER_DEFINED","USER_DEFINED","MOD340S","","","","","","","","","","","","","","","","","S: Grants and assistance provided or received by public or private sector entities","","ES","SEED_DATA_FROM_APPLICATION","2014/07/16 15:35:42.773","1951/01/01","","2024/07/24 09:57:37.295148","-1","SEED_DATA_FROM_APPLICATION","","","","SEEDED","","","","","","","",""
"USER_DEFINED","USER_DEFINED","MOD340T","","","","","","","","","","","","","","","","","T: Collections on behalf of third parties of professional fees or rights derived from intellectual property, industrial, authoring or others","","ES","SEED_DATA_FROM_APPLICATION","2014/07/16 15:35:42.795","1951/01/01","","2024/07/24 09:57:37.295148","-1","SEED_DATA_FROM_APPLICATION","","","","SEEDED","","","","","","","",""
"USER_DEFINED","USER_DEFINED","MOD340U","","","","","","","","","","","","","","","","","U: Insurance transaction","","ES","SEED_DATA_FROM_APPLICATION","2014/07/16 15:35:42.804","1951/01/01","","2024/07/24 09:57:37.295148","-1","SEED_DATA_FROM_APPLICATION","","","","SEEDED","","","","","","","",""
"USER_DEFINED","USER_DEFINED","MOD340V","","","","","","","","","","","","","","","","","V: Travel agency purchases","","ES","SEED_DATA_FROM_APPLICATION","2014/07/16 15:35:42.818","1951/01/01","","2024/07/24 09:57:37.295148","-1","SEED_DATA_FROM_APPLICATION","","","","SEEDED","","","","","","","",""
"USER_DEFINED","USER_DEFINED","MOD340W","","","","","","","","","","","","","","","","","W: Transactions subject to Production, Services and Import Tax to the cities of Ceuta and Melilla","","ES","SEED_DATA_FROM_APPLICATION","2014/07/16 15:35:42.84","1951/01/01","","2024/07/24 09:57:37.295148","-1","SEED_DATA_FROM_APPLICATION","","","","SEEDED","","","","","","","",""
"USER_DEFINED","USER_DEFINED","MOD340X","","","","","","","","","","","","","","","","","X: Agricultural Transactions, having issued the pertinent receipt","","ES","SEED_DATA_FROM_APPLICATION","2014/07/16 15:35:42.865","1951/01/01","","2024/07/24 09:57:37.295148","-1","SEED_DATA_FROM_APPLICATION","","","","SEEDED","","","","","","","",""
"USER_DEFINED","USER_DEFINED","ORA_ISS_01","","","","","","","","","","","","","","","","","01 Operation of the general scheme","","ES","SEED_DATA_FROM_APPLICATION","2017/08/17 00:39:04.925","2001/01/01","","2024/07/24 09:57:37.295148","-1","SEED_DATA_FROM_APPLICATION","","","","SEEDED","","","","","","","",""
"USER_DEFINED","USER_DEFINED","ORA_ISS_02","","","","","","","","","","","","","","","","","02 Export","","ES","SEED_DATA_FROM_APPLICATION","2017/08/17 00:39:04.972","2001/01/01","","2024/07/24 09:57:37.295148","-1","SEED_DATA_FROM_APPLICATION","","","","SEEDED","","","","","","","",""
"USER_DEFINED","USER_DEFINED","ORA_ISS_03","","","","","","","","","","","","","","","","","03 Special regime of used goods, art objects, antiques and collectors objects","","ES","SEED_DATA_FROM_APPLICATION","2017/08/17 00:39:05.021","2001/01/01","","2024/07/24 09:57:37.295148","-1","SEED_DATA_FROM_APPLICATION","","","","SEEDED","","","","","","","",""
"USER_DEFINED","USER_DEFINED","ORA_ISS_04","","","","","","","","","","","","","","","","","04 Special investment gold regime","","ES","SEED_DATA_FROM_APPLICATION","2017/08/17 00:39:05.055","2001/01/01","","2024/07/24 09:57:37.295148","-1","SEED_DATA_FROM_APPLICATION","","","","SEEDED","","","","","","","",""
"USER_DEFINED","USER_DEFINED","ORA_ISS_05","","","","","","","","","","","","","","","","","05 Special regime travel agencies","","ES","SEED_DATA_FROM_APPLICATION","2017/08/17 00:39:05.08","2001/01/01","","2024/07/24 09:57:37.295148","-1","SEED_DATA_FROM_APPLICATION","","","","SEEDED","","","","","","","",""
"USER_DEFINED","USER_DEFINED","ORA_ISS_06","","","","","","","","","","","","","","","","","06 Special regime group of entities in VAT, advanced level","","ES","SEED_DATA_FROM_APPLICATION","2017/08/17 00:39:05.106","2001/01/01","","2024/07/24 09:57:37.295148","-1","SEED_DATA_FROM_APPLICATION","","","","SEEDED","","","","","","","",""
"USER_DEFINED","USER_DEFINED","ORA_ISS_07","","","","","","","","","","","","","","","","","07 Special regime cash criterion","","ES","SEED_DATA_FROM_APPLICATION","2017/08/17 00:39:05.131","2001/01/01","","2024/07/24 09:57:37.295148","-1","SEED_DATA_FROM_APPLICATION","","","","SEEDED","","","","","","","",""
"USER_DEFINED","USER_DEFINED","ORA_ISS_08","","","","","","","","","","","","","","","","","08 Operations subject to IPSI / IGIC","","ES","SEED_DATA_FROM_APPLICATION","2017/08/17 00:39:05.157","2001/01/01","","2024/07/24 09:57:37.295148","-1","SEED_DATA_FROM_APPLICATION","","","","SEEDED","","","","","","","",""
"USER_DEFINED","USER_DEFINED","ORA_ISS_09","","","","","","","","","","","","","","","","","09 Invoicing of travel agency services acting as mediators on behalf of others","","ES","SEED_DATA_FROM_APPLICATION","2017/08/17 00:39:05.186","2001/01/01","","2024/07/24 09:57:37.295148","-1","SEED_DATA_FROM_APPLICATION","","","","SEEDED","","","","","","","",""
"USER_DEFINED","USER_DEFINED","ORA_ISS_10","","","","","","","","","","","","","","","","","10 Collections on behalf of third parties of professional fees or rights","","ES","SEED_DATA_FROM_APPLICATION","2017/08/17 00:39:05.214","2001/01/01","","2024/07/24 09:57:37.295148","-1","SEED_DATA_FROM_APPLICATION","","","","SEEDED","","","","","","","",""
"USER_DEFINED","USER_DEFINED","ORA_ISS_11","","","","","","","","","","","","","","","","","11 Business premises lease transactions subject to withholding","","ES","SEED_DATA_FROM_APPLICATION","2017/08/17 00:39:05.241","2001/01/01","","2024/07/24 09:57:37.295148","-1","SEED_DATA_FROM_APPLICATION","","","","SEEDED","","","","","","","",""
"USER_DEFINED","USER_DEFINED","ORA_ISS_12","","","","","","","","","","","","","","","","","12 Nonretention business premises lease operations","","ES","SEED_DATA_FROM_APPLICATION","2017/08/17 00:39:05.27","2001/01/01","","2024/07/24 09:57:37.295148","-1","SEED_DATA_FROM_APPLICATION","","","","SEEDED","","","","","","","",""
"USER_DEFINED","USER_DEFINED","ORA_ISS_13","","","","","","","","","","","","","","","","","13 Lease transactions of business premises subject to and not subject to withholding","","ES","SEED_DATA_FROM_APPLICATION","2017/08/17 00:39:05.297","2001/01/01","","2024/07/24 09:57:37.295148","-1","SEED_DATA_FROM_APPLICATION","","","","SEEDED","","","","","","","",""
"USER_DEFINED","USER_DEFINED","ORA_ISS_14","","","","","","","","","","","","","","","","","14 Invoice with tax pending of accrual for Public Administration work","","ES","SEED_DATA_FROM_APPLICATION","2017/08/17 00:39:05.326","2001/01/01","","2024/07/24 09:57:37.295148","-1","SEED_DATA_FROM_APPLICATION","","","","SEEDED","","","","","","","",""
"USER_DEFINED","USER_DEFINED","ORA_ISS_15","","","","","","","","","","","","","","","","","15 Invoice with VAT pending accrual - operations of successive tract","","ES","SEED_DATA_FROM_APPLICATION","2017/08/17 00:39:05.355","2001/01/01","","2024/07/24 09:57:37.295148","-1","SEED_DATA_FROM_APPLICATION","","","","SEEDED","","","","","","","",""
"USER_DEFINED","USER_DEFINED","ORA_REC_01","","","","","","","","","","","","","","","","","01 Operation of the general scheme","","ES","SEED_DATA_FROM_APPLICATION","2017/08/17 00:39:05.396","2001/01/01","","2024/07/24 09:57:37.295148","-1","SEED_DATA_FROM_APPLICATION","","","","SEEDED","","","","","","","",""
"USER_DEFINED","USER_DEFINED","ORA_REC_02","","","","","","","","","","","","","","","","","02 Operations by which employers pay compensation REAGYP","","ES","SEED_DATA_FROM_APPLICATION","2017/08/17 00:39:05.437","2001/01/01","","2024/07/24 09:57:37.295148","-1","SEED_DATA_FROM_APPLICATION","","","","SEEDED","","","","","","","",""
"USER_DEFINED","USER_DEFINED","ORA_REC_03","","","","","","","","","","","","","","","","","03 Special regime of used goods, art objects, antiques and collectors objects","","ES","SEED_DATA_FROM_APPLICATION","2017/08/17 00:39:05.472","2001/01/01","","2024/07/24 09:57:37.295148","-1","SEED_DATA_FROM_APPLICATION","","","","SEEDED","","","","","","","",""
"USER_DEFINED","USER_DEFINED","ORA_REC_04","","","","","","","","","","","","","","","","","04 Special investment gold regime","","ES","SEED_DATA_FROM_APPLICATION","2017/08/17 00:39:05.506","2001/01/01","","2024/07/24 09:57:37.295148","-1","SEED_DATA_FROM_APPLICATION","","","","SEEDED","","","","","","","",""
"USER_DEFINED","USER_DEFINED","ORA_REC_05","","","","","","","","","","","","","","","","","05 Special regime travel agencies","","ES","SEED_DATA_FROM_APPLICATION","2017/08/17 00:39:05.542","2001/01/01","","2024/07/24 09:57:37.295148","-1","SEED_DATA_FROM_APPLICATION","","","","SEEDED","","","","","","","",""
"USER_DEFINED","USER_DEFINED","ORA_REC_06","","","","","","","","","","","","","","","","","06 Special regime group of entities in VAT, advanced level","","ES","SEED_DATA_FROM_APPLICATION","2017/08/17 00:39:05.577","2001/01/01","","2024/07/24 09:57:37.295148","-1","SEED_DATA_FROM_APPLICATION","","","","SEEDED","","","","","","","",""
"USER_DEFINED","USER_DEFINED","ORA_REC_07","","","","","","","","","","","","","","","","","07 Special regime cash criterion","","ES","SEED_DATA_FROM_APPLICATION","2017/08/17 00:39:05.624","2001/01/01","","2024/07/24 09:57:37.295148","-1","SEED_DATA_FROM_APPLICATION","","","","SEEDED","","","","","","","",""
"USER_DEFINED","USER_DEFINED","ORA_REC_08","","","","","","","","","","","","","","","","","08 Operations subject to IPSI / IGIC","","ES","SEED_DATA_FROM_APPLICATION","2017/08/17 00:39:05.671","2001/01/01","","2024/07/24 09:57:37.295148","-1","SEED_DATA_FROM_APPLICATION","","","","SEEDED","","","","","","","",""
"USER_DEFINED","USER_DEFINED","ORA_REC_09","","","","","","","","","","","","","","","","","09 Intra-Community acquisitions of goods and services","","ES","SEED_DATA_FROM_APPLICATION","2017/08/17 00:39:05.716","2001/01/01","","2024/07/24 09:57:37.295148","-1","SEED_DATA_FROM_APPLICATION","","","","SEEDED","","","","","","","",""
"USER_DEFINED","USER_DEFINED","ORA_REC_10","","","","","","","","","","","","","","","","","10 Purchase of travel agencies: mediation operations in transport services","","ES","SEED_DATA_FROM_APPLICATION","2017/08/17 00:39:05.75","2001/01/01","2001/01/01","2024/07/24 09:57:37.295148","-1","SEED_DATA_FROM_APPLICATION","","","","SEEDED","","","","","","","",""
"USER_DEFINED","USER_DEFINED","ORA_REC_11","","","","","","","","","","","","","","","","","11 Invoicing of travel agency services acting as mediators on behalf of others","","ES","SEED_DATA_FROM_APPLICATION","2017/08/17 00:39:05.782","2001/01/01","2001/01/01","2024/07/24 09:57:37.295148","-1","SEED_DATA_FROM_APPLICATION","","","","SEEDED","","","","","","","",""
"USER_DEFINED","USER_DEFINED","ORA_REC_12","","","","","","","","","","","","","","","","","12 Leasing operations of premises of business","","ES","SEED_DATA_FROM_APPLICATION","2017/08/17 00:39:05.819","2001/01/01","","2024/07/24 09:57:37.295148","-1","SEED_DATA_FROM_APPLICATION","","","","SEEDED","","","","","","","",""
"USER_DEFINED","USER_DEFINED","ORA_REC_13","","","","","","","","","","","","","","","","","13 Invoice corresponding to an import reported without document","","ES","SEED_DATA_FROM_APPLICATION","2017/08/17 00:39:05.856","2001/01/01","","2024/07/24 09:57:37.295148","-1","SEED_DATA_FROM_APPLICATION","","","","SEEDED","","","","","","","",""
"USER_DEFINED","USER_DEFINED","ORA_ISS_16","","","","","","","","","","","","","","","","","16 First semester 2017","","ES","SEED_DATA_FROM_APPLICATION","2017/08/17 00:39:05.898","2001/01/01","","2024/07/24 09:57:37.295148","-1","SEED_DATA_FROM_APPLICATION","","","","SEEDED","","","","","","","",""
"USER_DEFINED","USER_DEFINED","ORA_REC_14","","","","","","","","","","","","","","","","","14 First semester 2017","","ES","SEED_DATA_FROM_APPLICATION","2017/08/17 00:39:05.932","2001/01/01","","2024/07/24 09:57:37.295148","-1","SEED_DATA_FROM_APPLICATION","","","","SEEDED","","","","","","","",""
"USER_DEFINED","USER_DEFINED","FR DEFERRED INVOICE","","","","","","","","","","","","","","","","","FR Deferred Invoice","","FR","FIN_IMPL","2014/11/14 09:11:17.0","2001/01/01","","2014/11/14 09:12:19.788","07CE72FC125B2C0EE0536204548C65B7","FIN_IMPL","","","","USER_DEFINED","","","","","","","",""
"USER_DEFINED","USER_DEFINED","CA GST ZERO","","","","","","","","","","","","","","","","","GST Zero Percent Tax","","CA","FIN_IMPL","2021/09/22 13:13:46.0","2015/01/01","","2021/09/22 13:14:19.32","CC42B43634F36195E0530264FD0A0655","FIN_IMPL","","","","USER_DEFINED","","","","","","","",""
"USER_DEFINED","USER_DEFINED","CA HST ZERO","","","","","","","","","","","","","","","","","HST Zero Percent Tax","","CA","FIN_IMPL","2021/09/22 13:14:19.686","2015/01/01","","2021/09/22 13:15:09.512","CC42B43634F36195E0530264FD0A0655","FIN_IMPL","","","","USER_DEFINED","","","","","","","",""
"USER_DEFINED","USER_DEFINED","CA PST ZERO","","","","","","","","","","","","","","","","","PST Zero Percent Tax","","CA","FIN_IMPL","2021/09/22 13:15:09.625","2015/01/01","","2021/09/22 13:15:28.025","CC42B43634F36195E0530264FD0A0655","FIN_IMPL","","","","USER_DEFINED","","","","","","","",""
"USER_DEFINED","USER_DEFINED","CA QST ZERO","","","","","","","","","","","","","","","","","QST Zero Percent Tax","","CA","FIN_IMPL","2021/09/22 13:15:28.083","2015/01/01","","2021/09/22 13:15:48.521","CC42B43634F36195E0530264FD0A0655","FIN_IMPL","","","","USER_DEFINED","","","","","","","",""
