"ORA_INTENDED_USE_FISCAL_CLASSIFICATION_TYPE.ClassificationTypeCode","ORA_ZX_FISCAL_CLASS_CODE.ClassificationTypeCode","ORA_ZX_FISCAL_CLASS_CODE.ClassificationCode","ClassificationName","CreatedBy","CreationDate","Language","LastUpdateDate","LastUpdateLogin","LastUpdatedBy","SourceLang"
"INTENDED_USE","INTENDED_USE","IP","Inputs","SEED_DATA_FROM_APPLICATION","2018/05/23 17:09:51.014","AR","2018/05/23 17:09:51.287","-1","SEED_DATA_FROM_APPLICATION","US"
"INTENDED_USE","INTENDED_USE","IP","Inputs","SEED_DATA_FROM_APPLICATION","2018/05/23 17:09:51.014","CS","2018/05/23 17:09:51.286","-1","SEED_DATA_FROM_APPLICATION","US"
"INTENDED_USE","INTENDED_USE","IP","Inputs","SEED_DATA_FROM_APPLICATION","2018/05/23 17:09:51.015","D","2018/05/23 17:09:51.285","-1","SEED_DATA_FROM_APPLICATION","US"
"INTENDED_USE","INTENDED_USE","IP","Inputs","SEED_DATA_FROM_APPLICATION","2018/05/23 17:09:51.015","DK","2018/05/23 17:09:51.283","-1","SEED_DATA_FROM_APPLICATION","US"
"INTENDED_USE","INTENDED_USE","IP","Inputs","SEED_DATA_FROM_APPLICATION","2018/05/23 17:09:51.015","E","2018/05/23 17:09:51.282","-1","SEED_DATA_FROM_APPLICATION","US"
"INTENDED_USE","INTENDED_USE","IP","Inputs","SEED_DATA_FROM_APPLICATION","2018/05/23 17:09:51.015","F","2018/05/23 17:09:51.282","-1","SEED_DATA_FROM_APPLICATION","US"
"INTENDED_USE","INTENDED_USE","IP","Inputs","SEED_DATA_FROM_APPLICATION","2018/05/23 17:09:51.015","FRC","2018/05/23 17:09:51.281","-1","SEED_DATA_FROM_APPLICATION","US"
"INTENDED_USE","INTENDED_USE","IP","Inputs","SEED_DATA_FROM_APPLICATION","2018/05/23 17:09:51.015","HU","2018/05/23 17:09:51.28","-1","SEED_DATA_FROM_APPLICATION","US"
"INTENDED_USE","INTENDED_USE","IP","Inputs","SEED_DATA_FROM_APPLICATION","2018/05/23 17:09:51.016","I","2018/05/23 17:09:51.279","-1","SEED_DATA_FROM_APPLICATION","US"
"INTENDED_USE","INTENDED_USE","IP","Inputs","SEED_DATA_FROM_APPLICATION","2018/05/23 17:09:51.016","IW","2018/05/23 17:09:51.278","-1","SEED_DATA_FROM_APPLICATION","US"
"INTENDED_USE","INTENDED_USE","IP","入力","SEED_DATA_FROM_APPLICATION","2018/05/23 17:09:51.016","JA","2018/05/23 23:11:12.809588","-1","SEED_DATA_FROM_APPLICATION","JA"
"INTENDED_USE","INTENDED_USE","IP","입력","SEED_DATA_FROM_APPLICATION","2018/05/23 17:09:51.016","KO","2018/05/23 23:42:04.81258","-1","SEED_DATA_FROM_APPLICATION","KO"
"INTENDED_USE","INTENDED_USE","IP","Inputs","SEED_DATA_FROM_APPLICATION","2018/05/23 17:09:51.016","N","2018/05/23 17:09:51.275","-1","SEED_DATA_FROM_APPLICATION","US"
"INTENDED_USE","INTENDED_USE","IP","Inputs","SEED_DATA_FROM_APPLICATION","2018/05/23 17:09:51.016","NL","2018/05/23 17:09:51.274","-1","SEED_DATA_FROM_APPLICATION","US"
"INTENDED_USE","INTENDED_USE","IP","Inputs","SEED_DATA_FROM_APPLICATION","2018/05/23 17:09:51.017","PL","2018/05/23 17:09:51.273","-1","SEED_DATA_FROM_APPLICATION","US"
"INTENDED_USE","INTENDED_USE","IP","Inputs","SEED_DATA_FROM_APPLICATION","2018/05/23 17:09:51.017","PTB","2018/05/23 17:09:51.272","-1","SEED_DATA_FROM_APPLICATION","US"
"INTENDED_USE","INTENDED_USE","IP","Inputs","SEED_DATA_FROM_APPLICATION","2018/05/23 17:09:51.017","RO","2018/05/23 17:09:51.271","-1","SEED_DATA_FROM_APPLICATION","US"
"INTENDED_USE","INTENDED_USE","IP","Inputs","SEED_DATA_FROM_APPLICATION","2018/05/23 17:09:51.017","RU","2018/05/23 17:09:51.27","-1","SEED_DATA_FROM_APPLICATION","US"
"INTENDED_USE","INTENDED_USE","IP","Inputs","SEED_DATA_FROM_APPLICATION","2018/05/23 17:09:51.017","S","2018/05/23 17:09:51.27","-1","SEED_DATA_FROM_APPLICATION","US"
"INTENDED_USE","INTENDED_USE","IP","Inputs","SEED_DATA_FROM_APPLICATION","2018/05/23 17:09:51.017","SF","2018/05/23 17:09:51.269","-1","SEED_DATA_FROM_APPLICATION","US"
"INTENDED_USE","INTENDED_USE","IP","อินพุต","SEED_DATA_FROM_APPLICATION","2018/05/23 17:09:51.017","TH","2018/05/23 23:30:57.666165","-1","SEED_DATA_FROM_APPLICATION","TH"
"INTENDED_USE","INTENDED_USE","IP","Inputs","SEED_DATA_FROM_APPLICATION","2018/05/23 17:09:51.018","TR","2018/05/23 17:09:51.267","-1","SEED_DATA_FROM_APPLICATION","US"
"INTENDED_USE","INTENDED_USE","IP","Inputs","SEED_DATA_FROM_APPLICATION","2018/05/23 17:09:51.018","US","2024/07/24 09:57:37.38495","-1","SEED_DATA_FROM_APPLICATION","US"
"INTENDED_USE","INTENDED_USE","IP","输入","SEED_DATA_FROM_APPLICATION","2018/05/23 17:09:51.018","ZHS","2018/05/23 23:38:38.350858","-1","SEED_DATA_FROM_APPLICATION","ZHS"
"INTENDED_USE","INTENDED_USE","IP","輸入","SEED_DATA_FROM_APPLICATION","2018/05/23 17:09:51.018","ZHT","2018/05/23 23:46:36.194026","-1","SEED_DATA_FROM_APPLICATION","ZHT"
"INTENDED_USE","INTENDED_USE","IS","Input-services","SEED_DATA_FROM_APPLICATION","2018/05/23 17:09:51.335","AR","2018/05/23 17:09:51.431","-1","SEED_DATA_FROM_APPLICATION","US"
"INTENDED_USE","INTENDED_USE","IS","Input-services","SEED_DATA_FROM_APPLICATION","2018/05/23 17:09:51.335","CS","2018/05/23 17:09:51.43","-1","SEED_DATA_FROM_APPLICATION","US"
"INTENDED_USE","INTENDED_USE","IS","Input-services","SEED_DATA_FROM_APPLICATION","2018/05/23 17:09:51.336","D","2018/05/23 17:09:51.429","-1","SEED_DATA_FROM_APPLICATION","US"
"INTENDED_USE","INTENDED_USE","IS","Input-services","SEED_DATA_FROM_APPLICATION","2018/05/23 17:09:51.336","DK","2018/05/23 17:09:51.428","-1","SEED_DATA_FROM_APPLICATION","US"
"INTENDED_USE","INTENDED_USE","IS","Input-services","SEED_DATA_FROM_APPLICATION","2018/05/23 17:09:51.336","E","2018/05/23 17:09:51.427","-1","SEED_DATA_FROM_APPLICATION","US"
"INTENDED_USE","INTENDED_USE","IS","Input-services","SEED_DATA_FROM_APPLICATION","2018/05/23 17:09:51.336","F","2018/05/23 17:09:51.426","-1","SEED_DATA_FROM_APPLICATION","US"
"INTENDED_USE","INTENDED_USE","IS","Input-services","SEED_DATA_FROM_APPLICATION","2018/05/23 17:09:51.336","FRC","2018/05/23 17:09:51.426","-1","SEED_DATA_FROM_APPLICATION","US"
"INTENDED_USE","INTENDED_USE","IS","Input-services","SEED_DATA_FROM_APPLICATION","2018/05/23 17:09:51.336","HU","2018/05/23 17:09:51.425","-1","SEED_DATA_FROM_APPLICATION","US"
"INTENDED_USE","INTENDED_USE","IS","Input-services","SEED_DATA_FROM_APPLICATION","2018/05/23 17:09:51.337","I","2018/05/23 17:09:51.424","-1","SEED_DATA_FROM_APPLICATION","US"
"INTENDED_USE","INTENDED_USE","IS","Input-services","SEED_DATA_FROM_APPLICATION","2018/05/23 17:09:51.337","IW","2018/05/23 17:09:51.423","-1","SEED_DATA_FROM_APPLICATION","US"
"INTENDED_USE","INTENDED_USE","IS","入力サービス","SEED_DATA_FROM_APPLICATION","2018/05/23 17:09:51.337","JA","2018/05/23 23:11:12.833655","-1","SEED_DATA_FROM_APPLICATION","JA"
"INTENDED_USE","INTENDED_USE","IS","입력 서비스","SEED_DATA_FROM_APPLICATION","2018/05/23 17:09:51.337","KO","2018/05/23 23:42:04.82381","-1","SEED_DATA_FROM_APPLICATION","KO"
"INTENDED_USE","INTENDED_USE","IS","Input-services","SEED_DATA_FROM_APPLICATION","2018/05/23 17:09:51.337","N","2018/05/23 17:09:51.42","-1","SEED_DATA_FROM_APPLICATION","US"
"INTENDED_USE","INTENDED_USE","IS","Input-services","SEED_DATA_FROM_APPLICATION","2018/05/23 17:09:51.337","NL","2018/05/23 17:09:51.419","-1","SEED_DATA_FROM_APPLICATION","US"
"INTENDED_USE","INTENDED_USE","IS","Input-services","SEED_DATA_FROM_APPLICATION","2018/05/23 17:09:51.337","PL","2018/05/23 17:09:51.418","-1","SEED_DATA_FROM_APPLICATION","US"
"INTENDED_USE","INTENDED_USE","IS","Input-services","SEED_DATA_FROM_APPLICATION","2018/05/23 17:09:51.338","PTB","2018/05/23 17:09:51.417","-1","SEED_DATA_FROM_APPLICATION","US"
"INTENDED_USE","INTENDED_USE","IS","Input-services","SEED_DATA_FROM_APPLICATION","2018/05/23 17:09:51.338","RO","2018/05/23 17:09:51.416","-1","SEED_DATA_FROM_APPLICATION","US"
"INTENDED_USE","INTENDED_USE","IS","Input-services","SEED_DATA_FROM_APPLICATION","2018/05/23 17:09:51.338","RU","2018/05/23 17:09:51.416","-1","SEED_DATA_FROM_APPLICATION","US"
"INTENDED_USE","INTENDED_USE","IS","Input-services","SEED_DATA_FROM_APPLICATION","2018/05/23 17:09:51.338","S","2018/05/23 17:09:51.415","-1","SEED_DATA_FROM_APPLICATION","US"
"INTENDED_USE","INTENDED_USE","IS","Input-services","SEED_DATA_FROM_APPLICATION","2018/05/23 17:09:51.338","SF","2018/05/23 17:09:51.414","-1","SEED_DATA_FROM_APPLICATION","US"
"INTENDED_USE","INTENDED_USE","IS","อินพุต-บริการ","SEED_DATA_FROM_APPLICATION","2018/05/23 17:09:51.338","TH","2018/05/23 23:30:57.682908","-1","SEED_DATA_FROM_APPLICATION","TH"
"INTENDED_USE","INTENDED_USE","IS","Input-services","SEED_DATA_FROM_APPLICATION","2018/05/23 17:09:51.339","TR","2018/05/23 17:09:51.413","-1","SEED_DATA_FROM_APPLICATION","US"
"INTENDED_USE","INTENDED_USE","IS","Input-services","SEED_DATA_FROM_APPLICATION","2018/05/23 17:09:51.339","US","2024/07/24 09:57:37.38495","-1","SEED_DATA_FROM_APPLICATION","US"
"INTENDED_USE","INTENDED_USE","IS","输入 - 服务","SEED_DATA_FROM_APPLICATION","2018/05/23 17:09:51.339","ZHS","2018/05/23 23:38:38.360837","-1","SEED_DATA_FROM_APPLICATION","ZHS"
"INTENDED_USE","INTENDED_USE","IS","輸入服務","SEED_DATA_FROM_APPLICATION","2018/05/23 17:09:51.339","ZHT","2018/05/23 23:46:36.199714","-1","SEED_DATA_FROM_APPLICATION","ZHT"
"INTENDED_USE","INTENDED_USE","CP","Capital goods","SEED_DATA_FROM_APPLICATION","2018/05/23 17:09:51.44","AR","2018/05/23 17:09:51.556","-1","SEED_DATA_FROM_APPLICATION","US"
"INTENDED_USE","INTENDED_USE","CP","Capital goods","SEED_DATA_FROM_APPLICATION","2018/05/23 17:09:51.441","CS","2018/05/23 17:09:51.555","-1","SEED_DATA_FROM_APPLICATION","US"
"INTENDED_USE","INTENDED_USE","CP","Capital goods","SEED_DATA_FROM_APPLICATION","2018/05/23 17:09:51.441","D","2018/05/23 17:09:51.553","-1","SEED_DATA_FROM_APPLICATION","US"
"INTENDED_USE","INTENDED_USE","CP","Capital goods","SEED_DATA_FROM_APPLICATION","2018/05/23 17:09:51.441","DK","2018/05/23 17:09:51.552","-1","SEED_DATA_FROM_APPLICATION","US"
"INTENDED_USE","INTENDED_USE","CP","Capital goods","SEED_DATA_FROM_APPLICATION","2018/05/23 17:09:51.441","E","2018/05/23 17:09:51.55","-1","SEED_DATA_FROM_APPLICATION","US"
"INTENDED_USE","INTENDED_USE","CP","Capital goods","SEED_DATA_FROM_APPLICATION","2018/05/23 17:09:51.441","F","2018/05/23 17:09:51.548","-1","SEED_DATA_FROM_APPLICATION","US"
"INTENDED_USE","INTENDED_USE","CP","Capital goods","SEED_DATA_FROM_APPLICATION","2018/05/23 17:09:51.442","FRC","2018/05/23 17:09:51.546","-1","SEED_DATA_FROM_APPLICATION","US"
"INTENDED_USE","INTENDED_USE","CP","Capital goods","SEED_DATA_FROM_APPLICATION","2018/05/23 17:09:51.442","HU","2018/05/23 17:09:51.545","-1","SEED_DATA_FROM_APPLICATION","US"
"INTENDED_USE","INTENDED_USE","CP","Capital goods","SEED_DATA_FROM_APPLICATION","2018/05/23 17:09:51.442","I","2018/05/23 17:09:51.543","-1","SEED_DATA_FROM_APPLICATION","US"
"INTENDED_USE","INTENDED_USE","CP","Capital goods","SEED_DATA_FROM_APPLICATION","2018/05/23 17:09:51.442","IW","2018/05/23 17:09:51.542","-1","SEED_DATA_FROM_APPLICATION","US"
"INTENDED_USE","INTENDED_USE","CP","資本財","SEED_DATA_FROM_APPLICATION","2018/05/23 17:09:51.442","JA","2018/05/23 23:11:12.838264","-1","SEED_DATA_FROM_APPLICATION","JA"
"INTENDED_USE","INTENDED_USE","CP","자본재","SEED_DATA_FROM_APPLICATION","2018/05/23 17:09:51.442","KO","2018/05/23 23:42:04.82797","-1","SEED_DATA_FROM_APPLICATION","KO"
"INTENDED_USE","INTENDED_USE","CP","Capital goods","SEED_DATA_FROM_APPLICATION","2018/05/23 17:09:51.443","N","2018/05/23 17:09:51.532","-1","SEED_DATA_FROM_APPLICATION","US"
"INTENDED_USE","INTENDED_USE","CP","Capital goods","SEED_DATA_FROM_APPLICATION","2018/05/23 17:09:51.443","NL","2018/05/23 17:09:51.531","-1","SEED_DATA_FROM_APPLICATION","US"
"INTENDED_USE","INTENDED_USE","CP","Capital goods","SEED_DATA_FROM_APPLICATION","2018/05/23 17:09:51.443","PL","2018/05/23 17:09:51.53","-1","SEED_DATA_FROM_APPLICATION","US"
"INTENDED_USE","INTENDED_USE","CP","Capital goods","SEED_DATA_FROM_APPLICATION","2018/05/23 17:09:51.443","PTB","2018/05/23 17:09:51.528","-1","SEED_DATA_FROM_APPLICATION","US"
"INTENDED_USE","INTENDED_USE","CP","Capital goods","SEED_DATA_FROM_APPLICATION","2018/05/23 17:09:51.443","RO","2018/05/23 17:09:51.527","-1","SEED_DATA_FROM_APPLICATION","US"
"INTENDED_USE","INTENDED_USE","CP","Capital goods","SEED_DATA_FROM_APPLICATION","2018/05/23 17:09:51.443","RU","2018/05/23 17:09:51.526","-1","SEED_DATA_FROM_APPLICATION","US"
"INTENDED_USE","INTENDED_USE","CP","Capital goods","SEED_DATA_FROM_APPLICATION","2018/05/23 17:09:51.444","S","2018/05/23 17:09:51.524","-1","SEED_DATA_FROM_APPLICATION","US"
"INTENDED_USE","INTENDED_USE","CP","Capital goods","SEED_DATA_FROM_APPLICATION","2018/05/23 17:09:51.444","SF","2018/05/23 17:09:51.523","-1","SEED_DATA_FROM_APPLICATION","US"
"INTENDED_USE","INTENDED_USE","CP","สินค้าฝ่ายทุน","SEED_DATA_FROM_APPLICATION","2018/05/23 17:09:51.444","TH","2018/05/23 23:30:57.692563","-1","SEED_DATA_FROM_APPLICATION","TH"
"INTENDED_USE","INTENDED_USE","CP","Capital goods","SEED_DATA_FROM_APPLICATION","2018/05/23 17:09:51.444","TR","2018/05/23 17:09:51.521","-1","SEED_DATA_FROM_APPLICATION","US"
"INTENDED_USE","INTENDED_USE","CP","Capital goods","SEED_DATA_FROM_APPLICATION","2018/05/23 17:09:51.444","US","2024/07/24 09:57:37.38495","-1","SEED_DATA_FROM_APPLICATION","US"
"INTENDED_USE","INTENDED_USE","CP","资本货物","SEED_DATA_FROM_APPLICATION","2018/05/23 17:09:51.444","ZHS","2018/05/23 23:38:38.367561","-1","SEED_DATA_FROM_APPLICATION","ZHS"
"INTENDED_USE","INTENDED_USE","CP","資本財","SEED_DATA_FROM_APPLICATION","2018/05/23 17:09:51.445","ZHT","2018/05/23 23:46:36.203586","-1","SEED_DATA_FROM_APPLICATION","ZHT"
"INTENDED_USE","INTENDED_USE","NO","Ineligible","SEED_DATA_FROM_APPLICATION","2018/05/23 17:09:51.564","AR","2018/05/23 17:09:51.698","-1","SEED_DATA_FROM_APPLICATION","US"
"INTENDED_USE","INTENDED_USE","NO","Ineligible","SEED_DATA_FROM_APPLICATION","2018/05/23 17:09:51.564","CS","2018/05/23 17:09:51.668","-1","SEED_DATA_FROM_APPLICATION","US"
"INTENDED_USE","INTENDED_USE","NO","Ineligible","SEED_DATA_FROM_APPLICATION","2018/05/23 17:09:51.565","D","2018/05/23 17:09:51.667","-1","SEED_DATA_FROM_APPLICATION","US"
"INTENDED_USE","INTENDED_USE","NO","Ineligible","SEED_DATA_FROM_APPLICATION","2018/05/23 17:09:51.565","DK","2018/05/23 17:09:51.666","-1","SEED_DATA_FROM_APPLICATION","US"
"INTENDED_USE","INTENDED_USE","NO","Ineligible","SEED_DATA_FROM_APPLICATION","2018/05/23 17:09:51.565","E","2018/05/23 17:09:51.665","-1","SEED_DATA_FROM_APPLICATION","US"
"INTENDED_USE","INTENDED_USE","NO","Ineligible","SEED_DATA_FROM_APPLICATION","2018/05/23 17:09:51.565","F","2018/05/23 17:09:51.664","-1","SEED_DATA_FROM_APPLICATION","US"
"INTENDED_USE","INTENDED_USE","NO","Ineligible","SEED_DATA_FROM_APPLICATION","2018/05/23 17:09:51.565","FRC","2018/05/23 17:09:51.663","-1","SEED_DATA_FROM_APPLICATION","US"
"INTENDED_USE","INTENDED_USE","NO","Ineligible","SEED_DATA_FROM_APPLICATION","2018/05/23 17:09:51.566","HU","2018/05/23 17:09:51.662","-1","SEED_DATA_FROM_APPLICATION","US"
"INTENDED_USE","INTENDED_USE","NO","Ineligible","SEED_DATA_FROM_APPLICATION","2018/05/23 17:09:51.566","I","2018/05/23 17:09:51.661","-1","SEED_DATA_FROM_APPLICATION","US"
"INTENDED_USE","INTENDED_USE","NO","Ineligible","SEED_DATA_FROM_APPLICATION","2018/05/23 17:09:51.566","IW","2018/05/23 17:09:51.66","-1","SEED_DATA_FROM_APPLICATION","US"
"INTENDED_USE","INTENDED_USE","NO","不適格","SEED_DATA_FROM_APPLICATION","2018/05/23 17:09:51.566","JA","2018/05/23 23:11:12.842536","-1","SEED_DATA_FROM_APPLICATION","JA"
"INTENDED_USE","INTENDED_USE","NO","부적격","SEED_DATA_FROM_APPLICATION","2018/05/23 17:09:51.566","KO","2018/05/23 23:42:04.835158","-1","SEED_DATA_FROM_APPLICATION","KO"
"INTENDED_USE","INTENDED_USE","NO","Ineligible","SEED_DATA_FROM_APPLICATION","2018/05/23 17:09:51.566","N","2018/05/23 17:09:51.657","-1","SEED_DATA_FROM_APPLICATION","US"
"INTENDED_USE","INTENDED_USE","NO","Ineligible","SEED_DATA_FROM_APPLICATION","2018/05/23 17:09:51.567","NL","2018/05/23 17:09:51.656","-1","SEED_DATA_FROM_APPLICATION","US"
"INTENDED_USE","INTENDED_USE","NO","Ineligible","SEED_DATA_FROM_APPLICATION","2018/05/23 17:09:51.567","PL","2018/05/23 17:09:51.655","-1","SEED_DATA_FROM_APPLICATION","US"
"INTENDED_USE","INTENDED_USE","NO","Ineligible","SEED_DATA_FROM_APPLICATION","2018/05/23 17:09:51.567","PTB","2018/05/23 17:09:51.655","-1","SEED_DATA_FROM_APPLICATION","US"
"INTENDED_USE","INTENDED_USE","NO","Ineligible","SEED_DATA_FROM_APPLICATION","2018/05/23 17:09:51.567","RO","2018/05/23 17:09:51.654","-1","SEED_DATA_FROM_APPLICATION","US"
"INTENDED_USE","INTENDED_USE","NO","Ineligible","SEED_DATA_FROM_APPLICATION","2018/05/23 17:09:51.567","RU","2018/05/23 17:09:51.652","-1","SEED_DATA_FROM_APPLICATION","US"
"INTENDED_USE","INTENDED_USE","NO","Ineligible","SEED_DATA_FROM_APPLICATION","2018/05/23 17:09:51.567","S","2018/05/23 17:09:51.65","-1","SEED_DATA_FROM_APPLICATION","US"
"INTENDED_USE","INTENDED_USE","NO","Ineligible","SEED_DATA_FROM_APPLICATION","2018/05/23 17:09:51.568","SF","2018/05/23 17:09:51.649","-1","SEED_DATA_FROM_APPLICATION","US"
"INTENDED_USE","INTENDED_USE","NO","ไม่มีสิทธิ์","SEED_DATA_FROM_APPLICATION","2018/05/23 17:09:51.568","TH","2018/05/23 23:30:57.699262","-1","SEED_DATA_FROM_APPLICATION","TH"
"INTENDED_USE","INTENDED_USE","NO","Ineligible","SEED_DATA_FROM_APPLICATION","2018/05/23 17:09:51.568","TR","2018/05/23 17:09:51.647","-1","SEED_DATA_FROM_APPLICATION","US"
"INTENDED_USE","INTENDED_USE","NO","Ineligible","SEED_DATA_FROM_APPLICATION","2018/05/23 17:09:51.568","US","2024/07/24 09:57:37.38495","-1","SEED_DATA_FROM_APPLICATION","US"
"INTENDED_USE","INTENDED_USE","NO","不合格","SEED_DATA_FROM_APPLICATION","2018/05/23 17:09:51.568","ZHS","2018/05/23 23:38:38.373819","-1","SEED_DATA_FROM_APPLICATION","ZHS"
"INTENDED_USE","INTENDED_USE","NO","不具資格","SEED_DATA_FROM_APPLICATION","2018/05/23 17:09:51.568","ZHT","2018/05/23 23:46:36.208162","-1","SEED_DATA_FROM_APPLICATION","ZHT"
