"ORA_INTENDED_USE_FISCAL_CLASSIFICATION_TYPE.ClassificationTypeCode","ClassificationTypeCode","ClassificationCode","Attribute1","Attribute10","Attribute11","Attribute12","Attribute13","Attribute14","Attribute15","Attribute2","Attribute3","Attribute4","Attribute5","Attribute6","Attribute7","Attribute8","Attribute9","AttributeCategory","ClassificationName","CompiledFlag","CountryCode","CreatedBy","CreationDate","EffectiveFrom","EffectiveTo","LastUpdateDate","LastUpdateLogin","LastUpdatedBy","ParentClassificationCode","ProgramAppName","ProgramName","RecordTypeCode","ClassificationCode1","ClassificationTypeCode1","ClassificationCode2","ClassificationTypeCode2","ClassificationCode3","ClassificationTypeCode3","ClassificationCode4","ClassificationTypeCode4"
"INTENDED_USE","INTENDED_USE","IP","","","","","","","","","","","","","","","","","Inputs","","IN","SEED_DATA_FROM_APPLICATION","2018/05/23 17:09:51.0","2011/01/01","","2024/07/24 09:57:37.295148","-1","SEED_DATA_FROM_APPLICATION","","","","SEEDED","","","","","","","",""
"INTENDED_USE","INTENDED_USE","IS","","","","","","","","","","","","","","","","","Input-services","","IN","SEED_DATA_FROM_APPLICATION","2018/05/23 17:09:51.334","2011/01/01","","2024/07/24 09:57:37.295148","-1","SEED_DATA_FROM_APPLICATION","","","","SEEDED","","","","","","","",""
"INTENDED_USE","INTENDED_USE","CP","","","","","","","","","","","","","","","","","Capital goods","","IN","SEED_DATA_FROM_APPLICATION","2018/05/23 17:09:51.439","2011/01/01","","2024/07/24 09:57:37.295148","-1","SEED_DATA_FROM_APPLICATION","","","","SEEDED","","","","","","","",""
"INTENDED_USE","INTENDED_USE","NO","","","","","","","","","","","","","","","","","Ineligible","","IN","SEED_DATA_FROM_APPLICATION","2018/05/23 17:09:51.563","2011/01/01","","2024/07/24 09:57:37.295148","-1","SEED_DATA_FROM_APPLICATION","","","","SEEDED","","","","","","","",""
