"ZX_ESTABLISHMENT_CLASSIF_ASSOC.ClassificationTypeCode","ClassificationTypeName","CreatedBy","CreationDate","Language","LastUpdateDate","LastUpdateLogin","LastUpdatedBy","SourceLang"
"DOCUMENT_SUBTYPE","Sous-type de document","SEED_DATA_FROM_APPLICATION","2013/08/08 06:56:06.452","FRC","2014/09/11 06:01:45.53009","-1","SEED_DATA_FROM_APPLICATION","FRC"
"DOCUMENT_SUBTYPE","Bizonylat altípusa","SEED_DATA_FROM_APPLICATION","2013/08/08 06:56:06.452","HU","2014/09/11 08:25:55.178211","-1","SEED_DATA_FROM_APPLICATION","HU"
"DOCUMENT_SUBTYPE","Tipo secondario documento","SEED_DATA_FROM_APPLICATION","2013/08/08 06:56:06.452","I","2014/09/11 10:26:06.330382","-1","SEED_DATA_FROM_APPLICATION","I"
"DOCUMENT_SUBTYPE","תת-סוג מסמך","SEED_DATA_FROM_APPLICATION","2013/08/08 06:56:06.452","IW","2014/09/11 12:01:39.412717","-1","SEED_DATA_FROM_APPLICATION","IW"
"DOCUMENT_SUBTYPE","Sous-type de document","SEED_DATA_FROM_APPLICATION","2013/08/08 06:56:06.452","F","2014/09/11 04:45:10.206987","-1","SEED_DATA_FROM_APPLICATION","F"
"DOCUMENT_SUBTYPE","문서 하위유형","SEED_DATA_FROM_APPLICATION","2013/08/08 06:56:06.452","KO","2014/09/11 13:40:32.110145","-1","SEED_DATA_FROM_APPLICATION","KO"
"DOCUMENT_SUBTYPE","Documentsubsoort","SEED_DATA_FROM_APPLICATION","2013/08/08 06:56:06.452","NL","2014/09/11 14:36:47.32014","-1","SEED_DATA_FROM_APPLICATION","NL"
"DOCUMENT_SUBTYPE","Dokumentundertype","SEED_DATA_FROM_APPLICATION","2013/08/08 06:56:06.452","N","2014/09/11 15:51:31.930702","-1","SEED_DATA_FROM_APPLICATION","N"
"DOCUMENT_SUBTYPE","Subtipo do Documento","SEED_DATA_FROM_APPLICATION","2013/08/08 06:56:06.452","PTB","2021/03/23 18:49:10.047858","-1","SEED_DATA_FROM_APPLICATION","PTB"
"DOCUMENT_SUBTYPE","Podtyp dokumentu","SEED_DATA_FROM_APPLICATION","2013/08/08 06:56:06.452","PL","2014/09/11 17:36:09.736791","-1","SEED_DATA_FROM_APPLICATION","PL"
"DOCUMENT_SUBTYPE","文書サブタイプ","SEED_DATA_FROM_APPLICATION","2013/08/08 06:56:06.452","JA","2014/09/11 12:46:44.957945","-1","SEED_DATA_FROM_APPLICATION","JA"
"DOCUMENT_SUBTYPE","Подтип документа","SEED_DATA_FROM_APPLICATION","2013/08/08 06:56:06.452","RU","2014/09/11 22:16:34.713019","-1","SEED_DATA_FROM_APPLICATION","RU"
"DOCUMENT_SUBTYPE","Doküman Alt Tipi","SEED_DATA_FROM_APPLICATION","2013/08/08 06:56:06.452","TR","2014/09/12 01:43:03.481279","-1","SEED_DATA_FROM_APPLICATION","TR"
"DOCUMENT_SUBTYPE","单据子类型","SEED_DATA_FROM_APPLICATION","2013/08/08 06:56:06.452","ZHS","2014/09/12 03:00:19.288227","-1","SEED_DATA_FROM_APPLICATION","ZHS"
"DOCUMENT_SUBTYPE","Underordnad dokumenttyp","SEED_DATA_FROM_APPLICATION","2013/08/08 06:56:06.452","S","2014/09/11 23:23:42.034281","-1","SEED_DATA_FROM_APPLICATION","S"
"DOCUMENT_SUBTYPE","Subtip document","SEED_DATA_FROM_APPLICATION","2013/08/08 06:56:06.452","RO","2014/09/11 20:56:48.726481","-1","SEED_DATA_FROM_APPLICATION","RO"
"DOCUMENT_SUBTYPE","Asiakirjan alatyyppi","SEED_DATA_FROM_APPLICATION","2013/08/08 06:56:06.452","SF","2014/09/11 03:23:43.451222","-1","SEED_DATA_FROM_APPLICATION","SF"
"DOCUMENT_SUBTYPE","النوع الفرعي للمستند","SEED_DATA_FROM_APPLICATION","2013/08/08 06:56:06.452","AR","2014/09/10 16:50:45.976494","-1","SEED_DATA_FROM_APPLICATION","AR"
"DOCUMENT_SUBTYPE","Podtyp dokladu","SEED_DATA_FROM_APPLICATION","2013/08/08 06:56:06.452","CS","2014/09/10 18:11:52.102554","-1","SEED_DATA_FROM_APPLICATION","CS"
"DOCUMENT_SUBTYPE","Dokumentundertype","SEED_DATA_FROM_APPLICATION","2013/08/08 06:56:06.452","DK","2014/09/10 19:20:51.045975","-1","SEED_DATA_FROM_APPLICATION","DK"
"DOCUMENT_SUBTYPE","Belegsubtyp","SEED_DATA_FROM_APPLICATION","2013/08/08 06:56:06.452","D","2019/12/20 14:10:22.124998","-1","SEED_DATA_FROM_APPLICATION","D"
"DOCUMENT_SUBTYPE","Subtipo de documento","SEED_DATA_FROM_APPLICATION","2013/08/08 06:56:06.452","E","2014/09/11 02:26:49.921808","-1","SEED_DATA_FROM_APPLICATION","E"
"DOCUMENT_SUBTYPE","文件子類型","SEED_DATA_FROM_APPLICATION","2013/08/08 06:56:06.452","ZHT","2020/06/24 08:50:27.562896","-1","SEED_DATA_FROM_APPLICATION","ZHT"
"DOCUMENT_SUBTYPE","ประเภทย่อยของเอกสาร","SEED_DATA_FROM_APPLICATION","2013/08/08 06:56:06.452","TH","2017/03/23 12:12:10.328594","-1","SEED_DATA_FROM_APPLICATION","TH"
"DOCUMENT_SUBTYPE","Document Subtype","SEED_DATA_FROM_APPLICATION","2013/08/08 06:56:06.452","EL","2013/08/08 06:56:06.534","-1","SEED_DATA_FROM_APPLICATION","US"
"DOCUMENT_SUBTYPE","Document Subtype","SEED_DATA_FROM_APPLICATION","2013/08/08 06:56:06.452","ESA","2013/08/08 06:56:06.534","-1","SEED_DATA_FROM_APPLICATION","US"
"DOCUMENT_SUBTYPE","Document Subtype","SEED_DATA_FROM_APPLICATION","2013/08/08 06:56:06.452","HR","2013/08/08 06:56:06.534","-1","SEED_DATA_FROM_APPLICATION","US"
"DOCUMENT_SUBTYPE","Document Subtype","SEED_DATA_FROM_APPLICATION","2013/08/08 06:56:06.452","IS","2013/08/08 06:56:06.534","-1","SEED_DATA_FROM_APPLICATION","US"
"DOCUMENT_SUBTYPE","Document Subtype","SEED_DATA_FROM_APPLICATION","2013/08/08 06:56:06.452","LT","2013/08/08 06:56:06.534","-1","SEED_DATA_FROM_APPLICATION","US"
"DOCUMENT_SUBTYPE","Document Subtype","SEED_DATA_FROM_APPLICATION","2013/08/08 06:56:06.452","PT","2013/08/08 06:56:06.534","-1","SEED_DATA_FROM_APPLICATION","US"
"DOCUMENT_SUBTYPE","Document Subtype","SEED_DATA_FROM_APPLICATION","2013/08/08 06:56:06.452","SK","2013/08/08 06:56:06.534","-1","SEED_DATA_FROM_APPLICATION","US"
"DOCUMENT_SUBTYPE","Document Subtype","SEED_DATA_FROM_APPLICATION","2013/08/08 06:56:06.452","SL","2013/08/08 06:56:06.534","-1","SEED_DATA_FROM_APPLICATION","US"
"DOCUMENT_SUBTYPE","Document Subtype","SEED_DATA_FROM_APPLICATION","2013/08/08 06:56:06.452","ET","2013/08/08 06:56:06.534","-1","SEED_DATA_FROM_APPLICATION","US"
"DOCUMENT_SUBTYPE","Document Subtype","SEED_DATA_FROM_APPLICATION","2013/08/08 06:56:06.452","LV","2013/08/08 06:56:06.534","-1","SEED_DATA_FROM_APPLICATION","US"
"DOCUMENT_SUBTYPE","Document Subtype","SEED_DATA_FROM_APPLICATION","2013/08/08 06:56:06.452","US","2024/07/24 09:57:37.140577","-1","SEED_DATA_FROM_APPLICATION","US"
