{
    "openapi": "3.0.0",
    "info": {
        "title": "Search Results Service",
        "version": "1.0.0"
    },
    "servers": [
        {
            "url": "https://intgdev1-atp.mcd.com/ords/xxmcd_erpintg",
            "description": "Ords Xxmcd Erpintg",
            "x-vb": {
                "authentication": {
                    "authenticated": {
                        "type": "oauth2_client_credentials",
                        "clientIdCredentials": "vb_043ad041-2690-464a-ac0f-2c607f981340",
                        "authUrl": "https://intgdev1-atp.mcd.com/ords/xxmcd_erpintg/oauth/token"
                    }
                }
            }
        }
    ],
    "paths": {
        "/xxmcd_paas_mapper_tbl/": {
            "get": {
                "operationId": "getXxmcd_paas_mapper_tbl",
                "parameters": [
                    {
                        "name": "q",
                        "in": "query",
                        "schema": {
                            "type": "string"
                        }
                    }
                ],
                "responses": {
                    "default": {
                        "description": "Response for default",
                        "content": {
                            "application/json": {
                                "schema": {
                                    "$ref": "#/components/schemas/GetXxmcd_paas_mapper_tbl"
                                },
                                "examples": {
                                    "vb": {
                                        "summary": "Example stored by VB User",
                                        "externalValue": "./examples/getXxmcd_paas_mapper_tbl/response_default_application_json_vb.json"
                                    }
                                }
                            }
                        }
                    }
                },
                "x-vb": {
                    "actionHint": "getMany"
                }
            },
            "post": {
                "operationId": "postXxmcd_paas_mapper_tbl",
                "requestBody": {
                    "description": "Request for application/json",
                    "content": {
                        "application/json": {
                            "schema": {
                                "$ref": "#/components/schemas/PostXxmcd_paas_mapper_tblRequest"
                            },
                            "examples": {
                                "vb": {
                                    "summary": "Example stored by VB User",
                                    "externalValue": "./examples/postXxmcd_paas_mapper_tbl/request_application_json_vb.json"
                                }
                            }
                        }
                    }
                },
                "responses": {
                    "default": {
                        "description": "Response for default",
                        "content": {
                            "application/json": {
                                "schema": {
                                    "$ref": "#/components/schemas/PostXxmcd_paas_mapper_tblResponse"
                                },
                                "examples": {
                                    "vb": {
                                        "summary": "Example stored by VB User",
                                        "externalValue": "./examples/postXxmcd_paas_mapper_tbl/response_default_application_json_vb.json"
                                    }
                                }
                            }
                        }
                    }
                },
                "x-vb": {
                    "actionHint": "create"
                }
            }
        },
        "/xxmcd_paas_mapper_tbl/{mapper_id}": {
            "parameters": [
                {
                    "name": "mapper_id",
                    "in": "path",
                    "required": true,
                    "schema": {
                        "type": "string"
                    }
                }
            ],
            "get": {
                "operationId": "getXxmcd_paas_mapper_tblMapper_id",
                "responses": {
                    "default": {
                        "description": "Response for default",
                        "content": {
                            "application/json": {
                                "schema": {
                                    "$ref": "#/components/schemas/GetXxmcd_paas_mapper_tblMapper_id"
                                },
                                "examples": {
                                    "vb": {
                                        "summary": "Example stored by VB User",
                                        "externalValue": "./examples/getXxmcd_paas_mapper_tblMapper_id2/response_default_application_json_vb.json"
                                    }
                                }
                            }
                        }
                    }
                },
                "x-vb": {
                    "actionHint": "getOne"
                }
            },
            "put": {
                "operationId": "putXxmcd_paas_mapper_tblMapper_id",
                "requestBody": {
                    "description": "Request for application/json",
                    "content": {
                        "application/json": {
                            "schema": {
                                "$ref": "#/components/schemas/PutXxmcd_paas_mapper_tblMapper_idRequest"
                            },
                            "examples": {
                                "vb": {
                                    "summary": "Example stored by VB User",
                                    "externalValue": "./examples/putXxmcd_paas_mapper_tblMapper_id/request_application_json_vb.json"
                                }
                            }
                        }
                    }
                },
                "responses": {
                    "default": {
                        "description": "Response for default",
                        "content": {
                            "application/json": {
                                "schema": {
                                    "$ref": "#/components/schemas/PutXxmcd_paas_mapper_tblMapper_idResponse"
                                },
                                "examples": {
                                    "vb": {
                                        "summary": "Example stored by VB User",
                                        "externalValue": "./examples/putXxmcd_paas_mapper_tblMapper_id/response_default_application_json_vb.json"
                                    }
                                }
                            }
                        }
                    }
               },
                "x-vb": {
                    "actionHint": "update"
                }
            }
        }
    },
    "components": {
        "schemas": {
            "GetXxmcd_paas_mapper_tbl": {
                "type": "object",
                "properties": {
                    "items": {
                        "type": "array",
                        "items": {
                            "type": "object",
                            "properties": {
                                "set_of_books_id": {
                                    "nullable": true
                                },
                                "set_of_books_name": {
                                    "type": "string"
                                },
                                "lookup_type": {
                                    "type": "string"
                                },
                                "lookup_code": {
                                    "nullable": true
                                },
                                "description": {
                                    "type": "string"
                                },
                                "orcl_segment1": {
                                    "nullable": true
                                },
                                "orcl_segment2": {
                                    "type": "string"
                                },
                                "orcl_segment3": {
                                    "nullable": true
                                },
                                "orcl_segment4": {
                                    "nullable": true
                                },
                                "orcl_segment5": {
                                    "type": "string"
                                },
                                "orcl_segment6": {
                                    "nullable": true
                                },
                                "orcl_segment7": {
                                    "nullable": true
                                },
                                "lgcy_segment1": {
                                    "type": "string"
                                },
                                "lgcy_segment2": {
                                    "nullable": true
                                },
                                "lgcy_segment3": {
                                    "nullable": true
                                },
                                "lgcy_segment4": {
                                    "nullable": true
                                },
                                "lgcy_segment5": {
                                    "nullable": true
                                },
                                "lgcy_segment6": {
                                    "nullable": true
                                },
                                "lgcy_segment7": {
                                    "nullable": true
                                },
                                "enable_flag": {
                                    "type": "string"
                                },
                                "start_date_active": {
                                    "type": "string"
                                },
                                "end_date_active": {
                                    "nullable": true
                                },
                                "attribute_category": {
                                    "nullable": true
                                },
                                "attribute1": {
                                    "type": "string"
                                },
                                "attribute2": {
                                    "nullable": true
                                },
                                "attribute3": {
                                    "nullable": true
                                },
                                "attribute4": {
                                    "nullable": true
                                },
                                "attribute5": {
                                    "nullable": true
                                },
                                "attribute6": {
                                    "nullable": true
                                },
                                "attribute7": {
                                    "nullable": true
                                },
                                "attribute8": {
                                    "nullable": true
                                },
                                "attribute9": {
                                    "nullable": true
                                },
                                "attribute10": {
                                    "nullable": true
                                },
                                "attribute11": {
                                    "nullable": true
                                },
                                "attribute12": {
                                    "nullable": true
                                },
                                "attribute13": {
                                    "nullable": true
                                },
                                "attribute14": {
                                    "nullable": true
                                },
                                "attribute15": {
                                    "nullable": true
                                },
                                "interface_type": {
                                    "type": "string"
                                },
                                "created_by": {
                                    "type": "string"
                                },
                                "creation_date": {
                                    "type": "string"
                                },
                                "last_update_login": {
                                    "type": "string"
                                },
                                "last_updated_by": {
                                    "type": "string"
                                },
                                "last_update_date": {
                                    "type": "string"
                                },
                                "orcl_segment8": {
                                    "nullable": true
                                },
                                "mapper_id": {
                                    "type": "integer"
                                },
                                "links": {
                                    "type": "array",
                                    "items": {
                                        "type": "object",
                                        "properties": {
                                            "rel": {
                                                "type": "string"
                                            },
                                            "href": {
                                                "type": "string"
                                            }
                                        }
                                    }
                                }
                            }
                        }
                    },
                    "hasMore": {
                        "type": "boolean"
                    },
                    "limit": {
                        "type": "integer"
                    },
                    "offset": {
                        "type": "integer"
                    },
                    "count": {
                        "type": "integer"
                    },
                    "links": {
                        "type": "array",
                        "items": {
                            "type": "object",
                            "properties": {
                                "rel": {
                                    "type": "string"
                                },
                                "href": {
                                    "type": "string"
                                }
                            }
                        }
                    }
                }
            },
            "GetXxmcd_paas_mapper_tblMapper_id": {
                "type": "object",
                "properties": {
                    "set_of_books_id": {
                        "nullable": true
                    },
                    "set_of_books_name": {
                        "type": "string"
                    },
                    "lookup_type": {
                        "type": "string"
                    },
                    "lookup_code": {
                        "nullable": true
                    },
                    "description": {
                        "type": "string"
                    },
                    "orcl_segment1": {
                        "nullable": true
                    },
                    "orcl_segment2": {
                        "type": "string"
                    },
                    "orcl_segment3": {
                        "nullable": true
                    },
                    "orcl_segment4": {
                        "nullable": true
                    },
                    "orcl_segment5": {
                        "type": "string"
                    },
                    "orcl_segment6": {
                        "nullable": true
                    },
                    "orcl_segment7": {
                        "nullable": true
                    },
                    "lgcy_segment1": {
                        "type": "string"
                    },
                    "lgcy_segment2": {
                        "nullable": true
                    },
                    "lgcy_segment3": {
                        "nullable": true
                    },
                    "lgcy_segment4": {
                        "nullable": true
                    },
                    "lgcy_segment5": {
                        "nullable": true
                    },
                    "lgcy_segment6": {
                        "nullable": true
                    },
                    "lgcy_segment7": {
                        "nullable": true
                    },
                    "enable_flag": {
                        "type": "string"
                    },
                    "start_date_active": {
                        "type": "string"
                    },
                    "end_date_active": {
                        "nullable": true
                    },
                    "attribute_category": {
                        "nullable": true
                    },
                    "attribute1": {
                        "type": "string"
                    },
                    "attribute2": {
                        "nullable": true
                    },
                    "attribute3": {
                        "nullable": true
                    },
                    "attribute4": {
                        "nullable": true
                    },
                    "attribute5": {
                        "nullable": true
                    },
                    "attribute6": {
                        "nullable": true
                    },
                    "attribute7": {
                        "nullable": true
                    },
                    "attribute8": {
                        "nullable": true
                    },
                    "attribute9": {
                        "nullable": true
                    },
                    "attribute10": {
                        "nullable": true
                    },
                    "attribute11": {
                        "nullable": true
                    },
                    "attribute12": {
                        "nullable": true
                    },
                    "attribute13": {
                        "nullable": true
                    },
                    "attribute14": {
                        "nullable": true
                    },
                    "attribute15": {
                        "nullable": true
                    },
                    "interface_type": {
                        "type": "string"
                    },
                    "created_by": {
                        "type": "string"
                    },
                    "creation_date": {
                        "type": "string"
                    },
                    "last_update_login": {
                        "type": "string"
                    },
                    "last_updated_by": {
                        "type": "string"
                    },
                    "last_update_date": {
                        "type": "string"
                    },
                    "orcl_segment8": {
                        "nullable": true
                    },
                    "mapper_id": {
                        "type": "integer"
                    },
                    "links": {
                        "type": "array",
                        "items": {
                            "type": "object",
                            "properties": {
                                "rel": {
                                    "type": "string"
                                },
                                "href": {
                                    "type": "string"
                                }
                            }
                        }
                    }
                }
            },
            "PutXxmcd_paas_mapper_tblMapper_idRequest": {
                "type": "object",
                "properties": {
                    "set_of_books_id": {
                        "nullable": true
                    },
                    "set_of_books_name": {
                        "nullable": true
                    },
                    "lookup_type": {
                        "type": "string"
                    },
                    "lookup_code": {
                        "nullable": true
                    },
                    "description": {
                        "type": "string"
                    },
                    "orcl_segment1": {
                        "nullable": true
                    },
                    "orcl_segment2": {
                        "type": "string"
                    },
                    "orcl_segment3": {
                        "nullable": true
                    },
                    "orcl_segment4": {
                        "nullable": true
                    },
                    "orcl_segment5": {
                        "type": "string"
                    },
                    "orcl_segment6": {
                        "nullable": true
                    },
                    "orcl_segment7": {
                        "nullable": true
                    },
                    "lgcy_segment1": {
                        "type": "string"
                    },
                    "lgcy_segment2": {
                        "nullable": true
                    },
                    "lgcy_segment3": {
                        "nullable": true
                    },
                    "lgcy_segment4": {
                        "nullable": true
                    },
                    "lgcy_segment5": {
                        "nullable": true
                    },
                    "lgcy_segment6": {
                        "nullable": true
                    },
                    "lgcy_segment7": {
                        "nullable": true
                    },
                    "enable_flag": {
                        "type": "string"
                    },
                    "start_date_active": {
                        "type": "string"
                    },
                    "end_date_active": {
                        "nullable": true
                    },
                    "attribute_category": {
                        "nullable": true
                    },
                    "attribute1": {
                        "type": "string"
                    },
                    "attribute2": {
                        "nullable": true
                    },
                    "attribute3": {
                        "nullable": true
                    },
                    "attribute4": {
                        "nullable": true
                    },
                    "attribute5": {
                        "nullable": true
                    },
                    "attribute6": {
                        "nullable": true
                    },
                    "attribute7": {
                        "nullable": true
                    },
                    "attribute8": {
                        "nullable": true
                    },
                    "attribute9": {
                        "nullable": true
                    },
                    "attribute10": {
                        "nullable": true
                    },
                    "attribute11": {
                        "nullable": true
                    },
                    "attribute12": {
                        "nullable": true
                    },
                    "attribute13": {
                        "nullable": true
                    },
                    "attribute14": {
                        "nullable": true
                    },
                    "attribute15": {
                        "nullable": true
                    },
                    "interface_type": {
                        "type": "string"
                    },
                    "created_by": {
                        "type": "string"
                    },
                    "creation_date": {
                        "type": "string"
                    },
                    "last_update_login": {
                        "type": "string"
                    },
                    "last_updated_by": {
                        "type": "string"
                    },
                    "last_update_date": {
                        "type": "string"
                    },
                    "orcl_segment8": {
                        "nullable": true
                    },
                    "mapper_id": {
                        "type": "integer"
                    },
                    "links": {
                        "type": "array",
                        "items": {
                            "type": "object",
                            "properties": {
                                "rel": {
                                    "type": "string"
                                },
                                "href": {
                                    "type": "string"
                                }
                            }
                        }
                    }
                }
            },
            "PostXxmcd_paas_mapper_tblResponse": {
                "type": "object",
                "properties": {
                    "set_of_books_id": {
                        "nullable": true
                    },
                    "set_of_books_name": {
                        "nullable": true
                    },
                    "lookup_type": {
                        "type": "string"
                    },
                    "lookup_code": {
                        "nullable": true
                    },
                    "description": {
                        "type": "string"
                    },
                    "orcl_segment1": {
                        "nullable": true
                    },
                    "orcl_segment2": {
                        "type": "string"
                    },
                    "orcl_segment3": {
                        "nullable": true
                    },
                    "orcl_segment4": {
                        "nullable": true
                    },
                    "orcl_segment5": {
                        "type": "string"
                    },
                    "orcl_segment6": {
                        "nullable": true
                    },
                    "orcl_segment7": {
                        "nullable": true
                    },
                    "lgcy_segment1": {
                        "type": "string"
                    },
                    "lgcy_segment2": {
                        "nullable": true
                    },
                    "lgcy_segment3": {
                        "nullable": true
                    },
                    "lgcy_segment4": {
                        "nullable": true
                    },
                    "lgcy_segment5": {
                        "nullable": true
                    },
                    "lgcy_segment6": {
                        "nullable": true
                    },
                    "lgcy_segment7": {
                        "nullable": true
                    },
                    "enable_flag": {
                        "type": "string"
                    },
                    "start_date_active": {
                        "type": "string"
                    },
                    "end_date_active": {
                        "nullable": true
                    },
                    "attribute_category": {
                        "nullable": true
                    },
                    "attribute1": {
                        "type": "string"
                    },
                    "attribute2": {
                        "nullable": true
                    },
                    "attribute3": {
                        "nullable": true
                    },
                    "attribute4": {
                        "nullable": true
                    },
                    "attribute5": {
                        "nullable": true
                    },
                    "attribute6": {
                        "nullable": true
                    },
                    "attribute7": {
                        "nullable": true
                    },
                    "attribute8": {
                        "nullable": true
                    },
                    "attribute9": {
                        "nullable": true
                    },
                    "attribute10": {
                        "nullable": true
                    },
                    "attribute11": {
                        "nullable": true
                    },
                    "attribute12": {
                        "nullable": true
                    },
                    "attribute13": {
                        "nullable": true
                    },
                    "attribute14": {
                        "nullable": true
                    },
                    "attribute15": {
                        "nullable": true
                    },
                    "interface_type": {
                        "type": "string"
                    },
                    "created_by": {
                        "type": "string"
                    },
                    "creation_date": {
                        "type": "string"
                    },
                    "last_update_login": {
                        "type": "string"
                    },
                    "last_updated_by": {
                        "type": "string"
                    },
                    "last_update_date": {
                        "type": "string"
                    },
                    "orcl_segment8": {
                        "nullable": true
                    },
                    "mapper_id": {
                        "type": "integer"
                    },
                    "links": {
                        "type": "array",
                        "items": {
                            "type": "object",
                            "properties": {
                                "rel": {
                                    "type": "string"
                                },
                                "href": {
                                    "type": "string"
                                }
                            }
                        }
                    }
                }
            },
            "PostXxmcd_paas_mapper_tblRequest": {
                "type": "object",
                "properties": {
                    "set_of_books_id": {
                        "nullable": true
                    },
                    "set_of_books_name": {
                        "nullable": true
                    },
                    "lookup_type": {
                        "type": "string"
                    },
                    "lookup_code": {
                        "nullable": true
                    },
                    "description": {
                        "type": "string"
                    },
                    "orcl_segment1": {
                        "nullable": true
                    },
                    "orcl_segment2": {
                        "type": "string"
                    },
                    "orcl_segment3": {
                        "nullable": true
                    },
                    "orcl_segment4": {
                        "nullable": true
                    },
                    "orcl_segment5": {
                        "type": "string"
                    },
                    "orcl_segment6": {
                        "nullable": true
                    },
                    "orcl_segment7": {
                        "nullable": true
                    },
                    "lgcy_segment1": {
                        "type": "string"
                    },
                    "lgcy_segment2": {
                        "nullable": true
                    },
                    "lgcy_segment3": {
                        "nullable": true
                    },
                    "lgcy_segment4": {
                        "nullable": true
                    },
                    "lgcy_segment5": {
                        "nullable": true
                    },
                    "lgcy_segment6": {
                        "nullable": true
                    },
                    "lgcy_segment7": {
                        "nullable": true
                    },
                    "enable_flag": {
                        "type": "string"
                    },
                    "start_date_active": {
                        "type": "string"
                    },
                    "end_date_active": {
                        "nullable": true
                    },
                    "attribute_category": {
                        "nullable": true
                    },
                    "attribute1": {
                        "type": "string"
                    },
                    "attribute2": {
                        "nullable": true
                    },
                    "attribute3": {
                        "nullable": true
                    },
                    "attribute4": {
                        "nullable": true
                    },
                    "attribute5": {
                        "nullable": true
                    },
                    "attribute6": {
                        "nullable": true
                    },
                    "attribute7": {
                        "nullable": true
                    },
                    "attribute8": {
                        "nullable": true
                    },
                    "attribute9": {
                        "nullable": true
                    },
                    "attribute10": {
                        "nullable": true
                    },
                    "attribute11": {
                        "nullable": true
                    },
                    "attribute12": {
                        "nullable": true
                    },
                    "attribute13": {
                        "nullable": true
                    },
                    "attribute14": {
                        "nullable": true
                    },
                    "attribute15": {
                        "nullable": true
                    },
                    "interface_type": {
                        "type": "string"
                    },
                    "created_by": {
                        "type": "string"
                    },
                    "creation_date": {
                        "type": "string"
                    },
                    "last_update_login": {
                        "type": "string"
                    },
                    "last_updated_by": {
                        "type": "string"
                    },
                    "last_update_date": {
                        "type": "string"
                    },
                    "orcl_segment8": {
                        "nullable": true
                    }
                }
            },
            "PutXxmcd_paas_mapper_tblMapper_idResponse": {
                "type": "object",
                "properties": {
                    "set_of_books_id": {
                        "nullable": true
                    },
                    "set_of_books_name": {
                        "nullable": true
                    },
                    "lookup_type": {
                        "type": "string"
                    },
                    "lookup_code": {
                        "nullable": true
                    },
                    "description": {
                        "type": "string"
                    },
                    "orcl_segment1": {
                        "nullable": true
                    },
                    "orcl_segment2": {
                        "type": "string"
                    },
                    "orcl_segment3": {
                        "nullable": true
                    },
                    "orcl_segment4": {
                        "nullable": true
                    },
                    "orcl_segment5": {
                        "type": "string"
                    },
                    "orcl_segment6": {
                        "nullable": true
                    },
                    "orcl_segment7": {
                        "nullable": true
                    },
                    "lgcy_segment1": {
                        "type": "string"
                    },
                    "lgcy_segment2": {
                        "nullable": true
                    },
                    "lgcy_segment3": {
                        "nullable": true
                    },
                    "lgcy_segment4": {
                        "nullable": true
                    },
                    "lgcy_segment5": {
                        "nullable": true
                    },
                    "lgcy_segment6": {
                        "nullable": true
                    },
                    "lgcy_segment7": {
                        "nullable": true
                    },
                    "enable_flag": {
                        "type": "string"
                    },
                    "start_date_active": {
                        "type": "string"
                    },
                    "end_date_active": {
                        "nullable": true
                    },
                    "attribute_category": {
                        "nullable": true
                    },
                    "attribute1": {
                        "type": "string"
                    },
                    "attribute2": {
                        "nullable": true
                    },
                    "attribute3": {
                        "nullable": true
                    },
                    "attribute4": {
                        "nullable": true
                    },
                    "attribute5": {
                        "nullable": true
                    },
                    "attribute6": {
                        "nullable": true
                    },
                    "attribute7": {
                        "nullable": true
                    },
                    "attribute8": {
                        "nullable": true
                    },
                    "attribute9": {
                        "nullable": true
                    },
                    "attribute10": {
                        "nullable": true
                    },
                    "attribute11": {
                        "nullable": true
                    },
                    "attribute12": {
                        "nullable": true
                    },
                    "attribute13": {
                        "nullable": true
                    },
                    "attribute14": {
                        "nullable": true
                    },
                    "attribute15": {
                        "nullable": true
                    },
                    "interface_type": {
                        "type": "string"
                    },
                    "created_by": {
                        "type": "string"
                    },
                    "creation_date": {
                        "type": "string"
                    },
                    "last_update_login": {
                        "type": "string"
                    },
                    "last_updated_by": {
                        "type": "string"
                    },
                    "last_update_date": {
                        "type": "string"
                    },
                    "orcl_segment8": {
                        "nullable": true
                    },
                    "mapper_id": {
                        "type": "integer"
                    },
                    "links": {
                        "type": "array",
                        "items": {
                            "type": "object",
                            "properties": {
                                "rel": {
                                    "type": "string"
                                },
                                "href": {
                                    "type": "string"
                                }
                            }
                        }
                    }
                }
            }
        }
    }
}