<?xml version="1.0" encoding="UTF-8"?>
<Package>
    <LOCALE>en_US</LOCALE>
    <User name="" password=""/>
    <ExportedVersion>24.07.52</ExportedVersion>
    <ExportedDateUTC>20240812</ExportedDateUTC>
    <ExportedTimeUTC>00:00</ExportedTimeUTC>
    <ExportedBy>epm_default_cloud_admin</ExportedBy>
    <IDMDomain></IDMDomain>
    <ServiceInstance>epm-303496-fcc</ServiceInstance>        <Task>
            <Source type="FileSystem" filePath="/"/>
            <Target type="Application" product="DOCREP" project="Default Application Group" application="Document Repository"/><Artifact recursive="false" parentPath="/Repository Objects/00_Starter Kit/Account Details" pattern="Account Consolidation Details"/><Artifact recursive="false" parentPath="/Repository Objects/00_Starter Kit/Account Details" pattern="Account Contribution Details"/><Artifact recursive="false" parentPath="/Repository Objects/00_Starter Kit/Account Details" pattern="Account Contribution Details by entities"/><Artifact recursive="false" parentPath="/Repository Objects/00_Starter Kit/Account Details" pattern="Account Details by Movement"/><Artifact recursive="false" parentPath="/Repository Objects/00_Starter Kit/Account Details" pattern="BS Account Details by Data Source"/><Artifact recursive="false" parentPath="/Repository Objects/00_Starter Kit/Account Details" pattern="Cash Flow Movements Consolidation Details"/><Artifact recursive="false" parentPath="/Repository Objects/00_Starter Kit/Account Details" pattern="Cash Flow Movements Contribution Details"/><Artifact recursive="false" parentPath="/Repository Objects/00_Starter Kit/Account Details" pattern="IS Account Details by Data Source"/><Artifact recursive="false" parentPath="/Repository Objects/00_Starter Kit/Business Unit Reports" pattern="BU Account Consolidation Details"/><Artifact recursive="false" parentPath="/Repository Objects/00_Starter Kit/Business Unit Reports" pattern="BU Account Contribution Details"/><Artifact recursive="false" parentPath="/Repository Objects/00_Starter Kit/Business Unit Reports" pattern="BU Account Details by Data Source"/><Artifact recursive="false" parentPath="/Repository Objects/00_Starter Kit/Business Unit Reports" pattern="BU Income Statement Consolidated"/><Artifact recursive="false" parentPath="/Repository Objects/00_Starter Kit/Business Unit Reports" pattern="Income Statement Consolidation Details Matrix"/><Artifact recursive="false" parentPath="/Repository Objects/00_Starter Kit/Business Unit Reports" pattern="Income Statement Consolidation Details by BU"/><Artifact recursive="false" parentPath="/Repository Objects/00_Starter Kit/Business Unit Reports" pattern="Income Statement Contribution Details by BU"/><Artifact recursive="false" parentPath="/Repository Objects/00_Starter Kit/Business Unit Reports" pattern="Income Statement Current vs. Prior Year by BU"/><Artifact recursive="false" parentPath="/Repository Objects/00_Starter Kit/Consolidation Reports/All Company" pattern="Account Contribution Details CC"/><Artifact recursive="false" parentPath="/Repository Objects/00_Starter Kit/Consolidation Reports/All Company" pattern="Account Contribution Details Country Level"/><Artifact recursive="false" parentPath="/Repository Objects/00_Starter Kit/Consolidation Reports/All Company" pattern="Account Contribution Details Supplemental"/><Artifact recursive="false" parentPath="/Repository Objects/00_Starter Kit/Consolidation Reports/All Company" pattern="Account Contribution Details by Source"/><Artifact recursive="false" parentPath="/Repository Objects/00_Starter Kit/Consolidation Reports/All Company" pattern="Balance Sheet Consolidation Details (APAC)"/><Artifact recursive="false" parentPath="/Repository Objects/00_Starter Kit/Consolidation Reports/All Company" pattern="Balance Sheet Consolidation Details (All Company))"/><Artifact recursive="false" parentPath="/Repository Objects/00_Starter Kit/Consolidation Reports/All Company" pattern="Balance Sheet Consolidation Details (EMEA)"/><Artifact recursive="false" parentPath="/Repository Objects/00_Starter Kit/Consolidation Reports/All Company" pattern="Balance Sheet Consolidation Details (LAD)"/><Artifact recursive="false" parentPath="/Repository Objects/00_Starter Kit/Consolidation Reports/All Company" pattern="Balance Sheet Consolidation Details (North America)"/><Artifact recursive="false" parentPath="/Repository Objects/00_Starter Kit/Consolidation Reports/All Company" pattern="Elimination Journal Reporting_Cascade"/><Artifact recursive="false" parentPath="/Repository Objects/00_Starter Kit/Consolidation Reports" pattern="Balance Sheet &amp; Income Statement Elimination Details"/><Artifact recursive="false" parentPath="/Repository Objects/00_Starter Kit/Consolidation Reports" pattern="Balance Sheet Consolidated"/><Artifact recursive="false" parentPath="/Repository Objects/00_Starter Kit/Consolidation Reports" pattern="Balance Sheet Consolidation Details"/><Artifact recursive="false" parentPath="/Repository Objects/00_Starter Kit/Consolidation Reports" pattern="Balance Sheet Contribution Details"/><Artifact recursive="false" parentPath="/Repository Objects/00_Starter Kit/Consolidation Reports" pattern="Balance Sheet Current vs. Prior Year"/><Artifact recursive="false" parentPath="/Repository Objects/00_Starter Kit/Consolidation Reports" pattern="Balance Sheet Elimination Details"/><Artifact recursive="false" parentPath="/Repository Objects/00_Starter Kit/Consolidation Reports" pattern="Balance Sheet Scenario Comparison"/><Artifact recursive="false" parentPath="/Repository Objects/00_Starter Kit/Consolidation Reports" pattern="Cash Flow Consolidated"/><Artifact recursive="false" parentPath="/Repository Objects/00_Starter Kit/Consolidation Reports" pattern="Cash Flow Consolidation Details"/><Artifact recursive="false" parentPath="/Repository Objects/00_Starter Kit/Consolidation Reports" pattern="Cash Flow Contribution Details"/><Artifact recursive="false" parentPath="/Repository Objects/00_Starter Kit/Consolidation Reports" pattern="Cash Flow Current vs. Prior Year"/><Artifact recursive="false" parentPath="/Repository Objects/00_Starter Kit/Consolidation Reports" pattern="Changes in Equity Details by Entity"/><Artifact recursive="false" parentPath="/Repository Objects/00_Starter Kit/Consolidation Reports" pattern="Changes in Equity Details by Entity and Movement"/><Artifact recursive="false" parentPath="/Repository Objects/00_Starter Kit/Consolidation Reports" pattern="Changes in Equity Details from Input to Contribution"/><Artifact recursive="false" parentPath="/Repository Objects/00_Starter Kit/Consolidation Reports" pattern="Changes in Equity Group"/><Artifact recursive="false" parentPath="/Repository Objects/00_Starter Kit/Consolidation Reports" pattern="Elimination Journal Reporting"/><Artifact recursive="false" parentPath="/Repository Objects/00_Starter Kit/Consolidation Reports/Europe only" pattern="Balance Sheet Consolidation Details (Europe)"/><Artifact recursive="false" parentPath="/Repository Objects/00_Starter Kit/Consolidation Reports/Europe only" pattern="Elimination Journal Reporting (Europe)"/><Artifact recursive="false" parentPath="/Repository Objects/00_Starter Kit/Consolidation Reports" pattern="GridTemplate"/><Artifact recursive="false" parentPath="/Repository Objects/00_Starter Kit/Consolidation Reports" pattern="Income Statement Consolidated"/><Artifact recursive="false" parentPath="/Repository Objects/00_Starter Kit/Consolidation Reports" pattern="Income Statement Consolidation Details"/><Artifact recursive="false" parentPath="/Repository Objects/00_Starter Kit/Consolidation Reports" pattern="Income Statement Contribution Details"/><Artifact recursive="false" parentPath="/Repository Objects/00_Starter Kit/Consolidation Reports" pattern="Income Statement Current vs. Prior Year"/><Artifact recursive="false" parentPath="/Repository Objects/00_Starter Kit/Consolidation Reports" pattern="Income Statement Elimination Details"/><Artifact recursive="false" parentPath="/Repository Objects/00_Starter Kit/Consolidation Reports" pattern="Income Statement Scenario Comparison"/><Artifact recursive="false" parentPath="/Repository Objects/00_Starter Kit/Consolidation Reports" pattern="Intercompany Matching Report"/><Artifact recursive="false" parentPath="/Repository Objects/00_Starter Kit/Non Financial Data" pattern="Headcount Monthly Evolution"/><Artifact recursive="false" parentPath="/Repository Objects/00_Starter Kit/Non Financial Data" pattern="Headcount by Type"/><Artifact recursive="false" parentPath="/Repository Objects/0_Report Books" pattern="Financial Reporting Book"/><Artifact recursive="false" parentPath="/Repository Objects/1_Balance Sheet" pattern="10-10-001"/><Artifact recursive="false" parentPath="/Repository Objects/1_Balance Sheet" pattern="10-10-002"/><Artifact recursive="false" parentPath="/Repository Objects/1_Balance Sheet" pattern="10-10-003"/><Artifact recursive="false" parentPath="/Repository Objects/1_Balance Sheet" pattern="10-10-004"/><Artifact recursive="false" parentPath="/Repository Objects/1_Balance Sheet" pattern="10-10-005"/><Artifact recursive="false" parentPath="/Repository Objects/1_Balance Sheet" pattern="10-10-005-IC"/><Artifact recursive="false" parentPath="/Repository Objects/1_Balance Sheet" pattern="10-10-006"/><Artifact recursive="false" parentPath="/Repository Objects/1_Balance Sheet" pattern="10-10-007"/><Artifact recursive="false" parentPath="/Repository Objects/1_Balance Sheet" pattern="10-10-008"/><Artifact recursive="false" parentPath="/Repository Objects/1_Balance Sheet" pattern="10-10-009"/><Artifact recursive="false" parentPath="/Repository Objects/1_Balance Sheet" pattern="10-10-010"/><Artifact recursive="false" parentPath="/Repository Objects/2_Income Statement" pattern="10-20-001"/><Artifact recursive="false" parentPath="/Repository Objects/2_Income Statement" pattern="10-20-002"/><Artifact recursive="false" parentPath="/Repository Objects/2_Income Statement" pattern="10-20-002a"/><Artifact recursive="false" parentPath="/Repository Objects/2_Income Statement" pattern="10-20-003"/><Artifact recursive="false" parentPath="/Repository Objects/2_Income Statement" pattern="10-20-004"/><Artifact recursive="false" parentPath="/Repository Objects/2_Income Statement" pattern="10-20-005"/><Artifact recursive="false" parentPath="/Repository Objects/2_Income Statement" pattern="10-20-006"/><Artifact recursive="false" parentPath="/Repository Objects/2_Income Statement" pattern="10-20-007"/><Artifact recursive="false" parentPath="/Repository Objects/2_Income Statement" pattern="10-20-008"/><Artifact recursive="false" parentPath="/Repository Objects/2_Income Statement" pattern="10-20-009"/><Artifact recursive="false" parentPath="/Repository Objects/2_Income Statement" pattern="10-20-010"/><Artifact recursive="false" parentPath="/Repository Objects/2_Income Statement" pattern="10-20-011"/><Artifact recursive="false" parentPath="/Repository Objects/3_Cash Flow" pattern="10-30-001"/><Artifact recursive="false" parentPath="/Repository Objects/3_Cash Flow" pattern="10-30-002"/><Artifact recursive="false" parentPath="/Repository Objects/3_Cash Flow" pattern="10-30-003"/><Artifact recursive="false" parentPath="/Repository Objects/3_Cash Flow" pattern="10-30-004"/><Artifact recursive="false" parentPath="/Repository Objects/3_Cash Flow" pattern="10-30-005"/><Artifact recursive="false" parentPath="/Repository Objects/4_Analytics" pattern="10-40-001"/><Artifact recursive="false" parentPath="/Repository Objects/9_Administration" pattern="90-00-001"/><Artifact recursive="false" parentPath="/Repository Objects/9_Administration" pattern="90-00-002"/><Artifact recursive="false" parentPath="/Repository Objects/9_Administration/90_Working" pattern="Intercompany Elims"/><Artifact recursive="false" parentPath="/Repository Objects/9_Administration/90_Working" pattern="Key Figures"/><Artifact recursive="false" parentPath="/Repository Objects/9_Administration/90_Working" pattern="Sample"/><Artifact recursive="false" parentPath="/Repository Objects/Administration" pattern="Cash Flow Actual vs Plan"/><Artifact recursive="false" parentPath="/Repository Objects/AnnotationsInternalFolder/0" pattern=":planning:localhost:viscnsl:consol:1717771996051"/><Artifact recursive="false" parentPath="/Repository Objects/AnnotationsInternalFolder/0" pattern=":planning:localhost:viscnsl:consol:1717771996282"/><Artifact recursive="false" parentPath="/Repository Objects/AnnotationsInternalFolder/0" pattern=":planning:localhost:viscnsl:consol:1717771996380"/><Artifact recursive="false" parentPath="/Repository Objects/Broadcast Messages/Sample Personal Page" pattern="MSND Sales"/><Artifact recursive="false" parentPath="/Repository Objects/Broadcast Messages/Sample Personal Page" pattern="MSND Script.html"/><Artifact recursive="false" parentPath="/Repository Objects/Broadcast Messages/Sample Personal Page" pattern="Page Footer"/><Artifact recursive="false" parentPath="/Repository Objects/Broadcast Messages/Sample Personal Page" pattern="William Shakespeare Bio.html"/><Artifact recursive="false" parentPath="/Repository Objects/Crystal Ball Workbooks" pattern="Key Figures"/><Artifact recursive="false" parentPath="/Repository Objects/FCCS/SharedObjects" pattern="BS_AssetsRowTemplate"/><Artifact recursive="false" parentPath="/Repository Objects/FCCS/SharedObjects" pattern="BS_LiabEqRowTemplate"/><Artifact recursive="false" parentPath="/Repository Objects/FCCS/SharedObjects" pattern="Consolidating Columns"/><Artifact recursive="false" parentPath="/Repository Objects/FCCS/SharedObjects" pattern="Footer"/><Artifact recursive="false" parentPath="/Repository Objects/FCCS/SharedObjects" pattern="Header"/><Artifact recursive="false" parentPath="/Repository Objects/FCCS/SharedObjects" pattern="Header - Period-No Year"/><Artifact recursive="false" parentPath="/Repository Objects/FCCS/SharedObjects" pattern="Logo"/><Artifact recursive="false" parentPath="/Repository Objects/FCCS/SharedObjects" pattern="Logo_OLD"/><Artifact recursive="false" parentPath="/Repository Objects/FCCS/SharedObjects" pattern="NI_RowTemplate"/><Artifact recursive="false" parentPath="/Repository Objects/FCCS/SharedObjects" pattern="Var_ColTemplate"/><Artifact recursive="false" parentPath="/Repository Objects/HRInternalFolder/DataSources" pattern="DatasourceList_93"/><Artifact recursive="false" parentPath="/Repository Objects/HRInternalFolder" pattern="FRMbeansConfig.txt"/><Artifact recursive="false" parentPath="/Repository Objects/HRInternalFolder/FRObjects" pattern="RecentFilesObject.txt"/><Artifact recursive="false" parentPath="/Repository Objects/HRInternalFolder/UserPov" pattern="Casey.Brown__c126531_15e6a69be4e_-7f4b"/><Artifact recursive="false" parentPath="/Repository Objects/HRInternalFolder/UserPov" pattern="epm_default_cloud_admin__c126531_15e6a69be4e_-7f4b"/><Artifact recursive="false" parentPath="/Repository Objects/System" pattern="notif_NoTOC.zip"/><Artifact recursive="false" parentPath="/Repository Objects/System" pattern="notif_TOC.zip"/><Artifact recursive="false" parentPath="/Repository Objects/VisCnsl/Consol" pattern="Common Stock Override"/><Artifact recursive="false" parentPath="/Repository Objects" pattern="hyperion website"/>        </Task>
     </Package>
