"FND_APP_DESCRIPTIVE_FLEXFIELD.DescriptiveFlexfieldCode","FND_APP_DESCRIPTIVE_FLEXFIELD.ApplicationId","ContextCode","ContextIdentifier","Name","Description","InstructionHelpText","EnabledFlag","MultirowFlag","AdvancedQueryFlag","TranslatableFlag","CreationDate","CreatedBy","LastUpdateDate","LastUpdatedBy","LastUpdateLogin"
"RA_INTERFACE_LINES","222","CONTRACT INTERNAL INVOICES","","Contract Internal Invoices","Capture contract details on internal invoice lines.","","Y","","","","2013/08/08 06:37:23.903","SEED_DATA_FROM_APPLICATION","2013/08/08 06:37:24.887","SEED_DATA_FROM_APPLICATION","-1"
"RA_INTERFACE_LINES","222","CONTRACT INVOICES","","Contract Invoices","Capture contract details on invoice lines.","","Y","","","","2013/08/08 06:37:24.016","SEED_DATA_FROM_APPLICATION","2013/08/08 06:37:24.898","SEED_DATA_FROM_APPLICATION","-1"
"RA_INTERFACE_LINES","222","Contracts Context","ContractsContext","Contracts Context","","","Y","","","","2017/09/19 17:54:57.0","SEED_DATA_FROM_APPLICATION","2017/09/19 17:54:58.761","SEED_DATA_FROM_APPLICATION","-1"
"RA_INTERFACE_LINES","222","DOO","","Distributed Order Orchestration","Capture Invoice lines details from Distributed Order Orchestration.","","Y","","","","2013/08/08 06:37:24.143","SEED_DATA_FROM_APPLICATION","2013/08/08 06:37:24.912","SEED_DATA_FROM_APPLICATION","-1"
"RA_INTERFACE_LINES","222","DS TRANSACTIONS BUILD AR","DsTransactionsBuildAr","DS TRANSACTIONS BUILD AR","","","Y","","","","2019/03/06 09:22:55.0","CUSTOMIZED_USER","2019/03/06 09:24:20.112","CUSTOMIZED_USER","836A6C71E6EF0FC4E053C390DF0A629A"
"RA_INTERFACE_LINES","222","EXTERNAL_SOURCE","","External Source","External Source Import","","Y","","","","2013/10/31 13:22:47.472","CUSTOMIZED_USER","2013/10/31 13:23:14.694","CUSTOMIZED_USER","EA070FCA706043B2E0436204548C3748"
"RA_INTERFACE_LINES","222","FOS","","Supply Chain Financial Orchestration","Product to orchestrate the intercompany and intracompany trade and financial transactions based on trade agreement","","Y","","","","2014/07/16 15:26:31.475","SEED_DATA_FROM_APPLICATION","2014/07/16 15:26:35.373","SEED_DATA_FROM_APPLICATION","-1"
"RA_INTERFACE_LINES","222","GLOBAL_PROCUREMENT","","Global Procurement","Capture global procurement details on interface lines.","","Y","","","","2013/08/08 06:37:24.311","SEED_DATA_FROM_APPLICATION","2013/08/08 06:37:24.942","SEED_DATA_FROM_APPLICATION","-1"
"RA_INTERFACE_LINES","222","GSE_BUILD","","GSE Build","Used for GSE automated transaction build.","","Y","","","","2013/10/31 13:25:09.627","CUSTOMIZED_USER","2013/10/31 13:27:12.44","CUSTOMIZED_USER","EA070FCA706043B2E0436204548C3748"
"RA_INTERFACE_LINES","222","INTERCOMPANY","","Intercompany","Intercompany Invoices","","Y","","","","2013/08/08 06:37:24.521","SEED_DATA_FROM_APPLICATION","2013/08/08 06:37:24.961","SEED_DATA_FROM_APPLICATION","-1"
"RA_INTERFACE_LINES","222","INTERNAL_ALLOCATIONS","","Global Intercompany","Invoice imported from the intercompany application.","","Y","","","","2013/08/08 06:37:24.7","SEED_DATA_FROM_APPLICATION","2013/08/08 06:37:24.977","SEED_DATA_FROM_APPLICATION","-1"
"RA_INTERFACE_LINES","222","Intercompany_Agreement","intercompanyAgreement","Intercompany Agreement","The context name created by the Advanced Global Intercompany System.","","Y","","","","2023/10/27 10:20:46.561094","SEED_DATA_FROM_APPLICATION","2023/10/27 10:20:46.561094","SEED_DATA_FROM_APPLICATION","-1"
"RA_INTERFACE_LINES","222","Joint Venture Invoice","JointVentureInvoice","Joint Venture Invoice","","","Y","","","","2020/06/24 03:04:15.867841","SEED_DATA_FROM_APPLICATION","2020/06/24 03:04:15.867841","SEED_DATA_FROM_APPLICATION","-1"
"RA_INTERFACE_LINES","222","ORA_ACADEMIC_PERIOD_FEES","oraAcademicPeriodFees","Academic Period Fee","Additional attributes of fees based on tuition items.","","Y","","","","2017/09/19 17:54:57.463","SEED_DATA_FROM_APPLICATION","2017/09/19 17:54:58.87","SEED_DATA_FROM_APPLICATION","-1"
"RA_INTERFACE_LINES","222","ORA_ASSIGNED_CREDITS","oraAssignedCredits","Assigned Credits","Additional attributes of credits assigned to the student by the bursar.","","Y","","","","2018/12/19 00:48:15.712628","SEED_DATA_FROM_APPLICATION","2018/12/19 00:48:15.712628","SEED_DATA_FROM_APPLICATION","-1"
"RA_INTERFACE_LINES","222","ORA_BIG MACHINES","BigMachines","Big Machines","Capture Invoice lines details from Big Machines.","","N","","","","2014/07/16 15:26:33.451","SEED_DATA_FROM_APPLICATION","2015/07/01 02:08:20.539","SEED_DATA_FROM_APPLICATION","-1"
"RA_INTERFACE_LINES","222","ORA_CPQ CLOUD","CPQCloud","CPQ Cloud","Capture Invoice lines details from CPQ Cloud.","","Y","","","","2015/07/01 02:08:11.535","SEED_DATA_FROM_APPLICATION","2016/02/26 09:41:06.0","SEED_DATA_FROM_APPLICATION","-1"
"RA_INTERFACE_LINES","222","ORA_CURRICULUM_FEES","OraCurriculumFees","Curriculum Fees","Additional attributes for fees calculated based on curriculum items from Student Cloud.","","Y","","","","2017/03/19 07:32:40.008","SEED_DATA_FROM_APPLICATION","2017/03/19 07:32:41.018","SEED_DATA_FROM_APPLICATION","-1"
"RA_INTERFACE_LINES","222","ORA_DOO_ORIGIN_SUBSCRIPTIONS","DOOIntegratedSubscriptions","Oracle DOO Integrated Subscriptions","Line transaction flexfield used for for transactions that flow from Distributed Order Orchestration to Subscription Management and then to Receivables.","","Y","","","","2023/02/15 06:00:29.608831","SEED_DATA_FROM_APPLICATION","2023/02/15 06:00:29.608831","SEED_DATA_FROM_APPLICATION","-1"
"RA_INTERFACE_LINES","222","ORA_EXTERNAL_CREDITS","oraExternalCredits","External Credits","Additional attributes of externally managed credits.","","Y","","","","2018/12/19 00:48:15.712628","SEED_DATA_FROM_APPLICATION","2018/12/19 00:48:15.712628","SEED_DATA_FROM_APPLICATION","-1"
"RA_INTERFACE_LINES","222","ORA_FIXED ASSETS","OraFixedAssets","Fixed Assets","Capture Invoice line details for Fixed Assets.","","Y","","","","2017/09/19 17:54:58.462","SEED_DATA_FROM_APPLICATION","2017/09/19 17:54:59.189","SEED_DATA_FROM_APPLICATION","-1"
"RA_INTERFACE_LINES","222","ORA_GENERAL_FEES","OraGeneralFees","General Fee","Additional attributes of generic charges created by Bursar from Student Cloud.","","Y","","","","2017/03/19 07:32:40.402","SEED_DATA_FROM_APPLICATION","2017/03/19 07:32:41.394","SEED_DATA_FROM_APPLICATION","-1"
"RA_INTERFACE_LINES","222","ORA_LEASE_ACCOUNTING","OraLeaseAccounting","Oracle Lease Accounting Transaction","Lease Accounting Line Transaction Flexfield Context","","Y","","","","2023/08/09 06:58:42.179869","SEED_DATA_FROM_APPLICATION","2023/08/09 06:58:42.179869","SEED_DATA_FROM_APPLICATION","-1"
"RA_INTERFACE_LINES","222","ORA_PSCR","OraPscr","ORA_PSCR","Additional attributes of fees related to Permits,Citations and License.","","Y","","","","2020/03/20 00:08:07.918188","SEED_DATA_FROM_APPLICATION","2020/03/20 00:08:07.918188","SEED_DATA_FROM_APPLICATION","-1"
"RA_INTERFACE_LINES","222","ORA_RECURRING BILL","RecurringBill","Recurring Bill","Capture Invoice lines details for Recurring Bills.","","Y","","","","2016/05/19 01:02:15.0","SEED_DATA_FROM_APPLICATION","2016/05/19 01:02:44.346","SEED_DATA_FROM_APPLICATION","-1"
"RA_INTERFACE_LINES","222","ORA_SPONSORSHIP_FEES","oraSponsorshipFees","Sponsorship Fees","Additional attributes of fees based on sponsorship.","","Y","","","","2019/03/21 17:33:09.457965","SEED_DATA_FROM_APPLICATION","2019/03/21 17:33:09.457965","SEED_DATA_FROM_APPLICATION","-1"
"RA_INTERFACE_LINES","222","Subscriptions Context","SubscriptionsContext","Subscriptions Context","","","Y","","","","2018/09/21 04:36:20.293478","SEED_DATA_FROM_APPLICATION","2018/09/21 04:36:20.293478","SEED_DATA_FROM_APPLICATION","-1"
