"FND_APP_DESCRIPTIVE_FLEXFIELD.DescriptiveFlexfieldCode","FND_APP_DESCRIPTIVE_FLEXFIELD.ApplicationId","ORA_FND_APP_DESCRIPTIVE_FLEXFIELD_CONTEXT.ContextCode","SegmentCode","SegmentIdentifier","ColumnName","Name","Description","Prompt","ShortPrompt","TerminologyHelpText","InFieldHelpText","SequenceNumber","EnabledFlag","DisplayType","DisplayWidth","DisplayHeight","CheckboxCheckedValue","CheckboxUncheckedValue","RequiredFlag","RangeType","DefaultType","DefaultValue","DefaultValueNumber","DefaultValueDate","DefaultValueTimestamp","DerivationValue","ReadOnlyFlag","BIEnabledFlag","BIEqualizationTag","IndexedFlag","MultirowUniqueKeyFlag","ShowValueDescription","CreationDate","CreatedBy","LastUpdateDate","LastUpdatedBy","LastUpdateLogin","ValueSetCode","UomClassCode"
"RA_INTERFACE_LINES","222","CONTRACT INTERNAL INVOICES","Contract Id","","INTERFACE_LINE_ATTRIBUTE2","Contract Id","","Contract Id","Contract Id","","","2","Y","TEXT_BOX","18","","","","Y","","","","","","","","N","N","","","","","2013/08/08 06:37:23.91","SEED_DATA_FROM_APPLICATION","2013/08/08 06:37:24.888","SEED_DATA_FROM_APPLICATION","-1","FND_FLEX_UPGRADE_FORMAT_ONLY_VARCHAR2_L30",""
"RA_INTERFACE_LINES","222","CONTRACT INTERNAL INVOICES","Contract Number","","INTERFACE_LINE_ATTRIBUTE1","Contract Number","","Contract Number","Contract Number","","","1","Y","TEXT_BOX","30","","","","Y","","","","","","","","N","N","","","","","2013/08/08 06:37:23.928","SEED_DATA_FROM_APPLICATION","2013/08/08 06:37:24.889","SEED_DATA_FROM_APPLICATION","-1","FND_FLEX_UPGRADE_FORMAT_ONLY_VARCHAR2_L30",""
"RA_INTERFACE_LINES","222","CONTRACT INTERNAL INVOICES","Contract organization","","INTERFACE_LINE_ATTRIBUTE4","Contract organization","","Contract organization","Contract organization","","","4","Y","TEXT_BOX","30","","","","Y","","","","","","","","N","N","","","","","2013/08/08 06:37:23.94","SEED_DATA_FROM_APPLICATION","2013/08/08 06:37:24.89","SEED_DATA_FROM_APPLICATION","-1","FND_FLEX_UPGRADE_FORMAT_ONLY_VARCHAR2_L30",""
"RA_INTERFACE_LINES","222","CONTRACT INTERNAL INVOICES","Draft Invoice Number","","INTERFACE_LINE_ATTRIBUTE3","Draft Invoice Number","","Draft Invoice Number","Draft Invoice Number","","","3","Y","TEXT_BOX","8","","","","Y","","","","","","","","N","N","","","","","2013/08/08 06:37:23.952","SEED_DATA_FROM_APPLICATION","2013/08/08 06:37:24.892","SEED_DATA_FROM_APPLICATION","-1","FND_FLEX_UPGRADE_FORMAT_ONLY_VARCHAR2_L30",""
"RA_INTERFACE_LINES","222","CONTRACT INTERNAL INVOICES","Line Id","","INTERFACE_LINE_ATTRIBUTE5","Line ID","","Line ID","Line ID","","","5","Y","TEXT_BOX","18","","","","Y","","","","","","","","N","N","","","","","2013/08/08 06:37:23.964","SEED_DATA_FROM_APPLICATION","2013/08/08 06:37:24.893","SEED_DATA_FROM_APPLICATION","-1","FND_FLEX_UPGRADE_FORMAT_ONLY_VARCHAR2_L30",""
"RA_INTERFACE_LINES","222","CONTRACT INTERNAL INVOICES","Receiving Business Unit","","INTERFACE_LINE_ATTRIBUTE7","Receiving Business Unit","","Receiving Business Unit","Receiving Business Unit","","","7","Y","TEXT_BOX","18","","","","Y","","","","","","","","N","N","","","","","2013/08/08 06:37:23.977","SEED_DATA_FROM_APPLICATION","2013/08/08 06:37:24.894","SEED_DATA_FROM_APPLICATION","-1","FND_FLEX_UPGRADE_FORMAT_ONLY_VARCHAR2_L30",""
"RA_INTERFACE_LINES","222","CONTRACT INTERNAL INVOICES","Receiving Project Number","","INTERFACE_LINE_ATTRIBUTE8","Receiving Project Number","","Receiving Project Number","Receiving Project Number","","","8","Y","TEXT_BOX","30","","","","Y","","","","","","","","N","N","","","","","2013/08/08 06:37:23.99","SEED_DATA_FROM_APPLICATION","2013/08/08 06:37:24.895","SEED_DATA_FROM_APPLICATION","-1","FND_FLEX_UPGRADE_FORMAT_ONLY_VARCHAR2_L30",""
"RA_INTERFACE_LINES","222","CONTRACT INTERNAL INVOICES","Type","","INTERFACE_LINE_ATTRIBUTE6","Type","","Type","Type","","","6","Y","TEXT_BOX","6","","","","Y","","","","","","","","N","N","","","","","2013/08/08 06:37:24.003","SEED_DATA_FROM_APPLICATION","2013/08/08 06:37:24.896","SEED_DATA_FROM_APPLICATION","-1","FND_FLEX_UPGRADE_FORMAT_ONLY_VARCHAR2_L30",""
"RA_INTERFACE_LINES","222","CONTRACT INVOICES","Contract Id","","INTERFACE_LINE_ATTRIBUTE2","Contract ID","","Contract ID","Contract ID","","","2","Y","TEXT_BOX","18","","","","Y","","","","","","","","N","N","","","","","2013/08/08 06:37:24.075","SEED_DATA_FROM_APPLICATION","2013/08/08 06:37:24.9","SEED_DATA_FROM_APPLICATION","-1","FND_FLEX_UPGRADE_FORMAT_ONLY_VARCHAR2_L30",""
"RA_INTERFACE_LINES","222","CONTRACT INVOICES","Contract Number","","INTERFACE_LINE_ATTRIBUTE1","Contract Number","","Contract Number","Contract Number","","","1","Y","TEXT_BOX","30","","","","Y","","","","","","","","N","N","","","","","2013/08/08 06:37:24.085","SEED_DATA_FROM_APPLICATION","2013/08/08 06:37:24.902","SEED_DATA_FROM_APPLICATION","-1","FND_FLEX_UPGRADE_FORMAT_ONLY_VARCHAR2_L30",""
"RA_INTERFACE_LINES","222","CONTRACT INVOICES","Contract Organization","","INTERFACE_LINE_ATTRIBUTE4","Contract Organization","","Contract Organization","Contract Organization","","","4","Y","TEXT_BOX","30","","","","Y","","","","","","","","N","N","","","","","2013/08/08 06:37:24.097","SEED_DATA_FROM_APPLICATION","2013/08/08 06:37:24.904","SEED_DATA_FROM_APPLICATION","-1","FND_FLEX_UPGRADE_FORMAT_ONLY_VARCHAR2_L30",""
"RA_INTERFACE_LINES","222","CONTRACT INVOICES","Draft Invoice Number","","INTERFACE_LINE_ATTRIBUTE3","Draft Invoice Number","","Draft Invoice Number","Draft Invoice Number","","","3","Y","TEXT_BOX","8","","","","Y","","","","","","","","N","N","","","","","2013/08/08 06:37:24.108","SEED_DATA_FROM_APPLICATION","2013/08/08 06:37:24.906","SEED_DATA_FROM_APPLICATION","-1","FND_FLEX_UPGRADE_FORMAT_ONLY_VARCHAR2_L30",""
"RA_INTERFACE_LINES","222","CONTRACT INVOICES","Line Id","","INTERFACE_LINE_ATTRIBUTE5","Line ID","","Line ID","Line ID","","","5","Y","TEXT_BOX","18","","","","Y","","","","","","","","N","N","","","","","2013/08/08 06:37:24.12","SEED_DATA_FROM_APPLICATION","2013/08/08 06:37:24.908","SEED_DATA_FROM_APPLICATION","-1","FND_FLEX_UPGRADE_FORMAT_ONLY_VARCHAR2_L30",""
"RA_INTERFACE_LINES","222","CONTRACT INVOICES","Type","","INTERFACE_LINE_ATTRIBUTE6","Type","","Type","Type","","","6","Y","TEXT_BOX","6","","","","Y","","","","","","","","N","N","","","","","2013/08/08 06:37:24.132","SEED_DATA_FROM_APPLICATION","2013/08/08 06:37:24.91","SEED_DATA_FROM_APPLICATION","-1","FND_FLEX_UPGRADE_FORMAT_ONLY_VARCHAR2_L30",""
"RA_INTERFACE_LINES","222","Contracts Context","Billing Schedule Number","billingScheduleNumber","INTERFACE_LINE_ATTRIBUTE3","Billing Schedule Number","","Billing Schedule Number","Billing Schedule Number","","","30","Y","TEXT_BOX","","","","","N","","","","","","","","N","N","","N","","N","2017/09/19 17:54:57.03","SEED_DATA_FROM_APPLICATION","2017/09/19 17:54:58.775","SEED_DATA_FROM_APPLICATION","-1","FND_FLEX_UPGRADE_FORMAT_ONLY_VARCHAR2_L30",""
"RA_INTERFACE_LINES","222","Contracts Context","Contract Number","contractNumber","INTERFACE_LINE_ATTRIBUTE1","Contract Number","","Contract Number","Contract Number","","","10","Y","TEXT_BOX","","","","","N","","","","","","","","N","N","","N","","N","2017/09/19 17:54:57.116","SEED_DATA_FROM_APPLICATION","2017/09/19 17:54:58.791","SEED_DATA_FROM_APPLICATION","-1","FND_FLEX_UPGRADE_FORMAT_ONLY_VARCHAR2_L30",""
"RA_INTERFACE_LINES","222","Contracts Context","Line Number","lineNumber","INTERFACE_LINE_ATTRIBUTE2","Line Number","","Line Number","Line Number","","","20","Y","TEXT_BOX","","","","","N","","","","","","","","N","N","","N","","N","2017/09/19 17:54:57.187","SEED_DATA_FROM_APPLICATION","2017/09/19 17:54:58.808","SEED_DATA_FROM_APPLICATION","-1","FND_FLEX_UPGRADE_FORMAT_ONLY_VARCHAR2_L30",""
"RA_INTERFACE_LINES","222","DOO","Bill of Lading Number","","INTERFACE_LINE_ATTRIBUTE8","Order Waybill Number","","Order Waybill Number","Order Waybill Number","","","8","Y","TEXT_BOX","30","","","","Y","","","","","","","","N","N","","","","","2013/08/08 06:37:24.166","SEED_DATA_FROM_APPLICATION","2014/07/16 15:26:35.299","SEED_DATA_FROM_APPLICATION","-1","FND_FLEX_UPGRADE_FORMAT_ONLY_VARCHAR2_L30",""
"RA_INTERFACE_LINES","222","DOO","Customer Item","","INTERFACE_LINE_ATTRIBUTE9","Order Bill Of Lading Number","","Order Bill Of Lading Number","Order Bill Of Lading Number","","","9","Y","TEXT_BOX","30","","","","Y","","","","","","","","N","N","","","","","2013/08/08 06:37:24.175","SEED_DATA_FROM_APPLICATION","2014/07/16 15:26:35.305","SEED_DATA_FROM_APPLICATION","-1","FND_FLEX_UPGRADE_FORMAT_ONLY_VARCHAR2_L30",""
"RA_INTERFACE_LINES","222","DOO","DOO Order Number","","INTERFACE_LINE_ATTRIBUTE3","DOO Order Number","","DOO Order Number","DOO Order Number","","","3","Y","TEXT_BOX","30","","","","Y","","","","","","","","N","N","","","","","2013/08/08 06:37:24.187","SEED_DATA_FROM_APPLICATION","2014/07/16 15:26:35.311","SEED_DATA_FROM_APPLICATION","-1","FND_FLEX_UPGRADE_FORMAT_ONLY_VARCHAR2_L30",""
"RA_INTERFACE_LINES","222","DOO","Delivery Name","","INTERFACE_LINE_ATTRIBUTE6","Order Price Adjustment ID","","Order Price Adjustment ID","Order Price Adjustment ID","","","6","Y","TEXT_BOX","30","","","","Y","","","","","","","","N","N","","","","","2013/08/08 06:37:24.198","SEED_DATA_FROM_APPLICATION","2014/07/16 15:26:35.316","SEED_DATA_FROM_APPLICATION","-1","FND_FLEX_UPGRADE_FORMAT_ONLY_VARCHAR2_L30",""
"RA_INTERFACE_LINES","222","DOO","Fulfill Line Split Reference","","INTERFACE_LINE_ATTRIBUTE10","Order Customer Item Number","","Order Customer Item Number","Order Customer Item Number","","","10","Y","TEXT_BOX","15","","","","Y","","","","","","","","N","N","","","","","2013/08/08 06:37:24.21","SEED_DATA_FROM_APPLICATION","2014/07/16 15:26:35.33","SEED_DATA_FROM_APPLICATION","-1","FND_FLEX_UPGRADE_FORMAT_ONLY_VARCHAR2_L30",""
"RA_INTERFACE_LINES","222","DOO","Fulfillment Line ID","","INTERFACE_LINE_ATTRIBUTE4","Order Type","","Order Type","Order Type","","","4","Y","TEXT_BOX","15","","","","Y","","","","","","","","N","N","","","","","2013/08/08 06:37:24.221","SEED_DATA_FROM_APPLICATION","2014/07/16 15:26:35.335","SEED_DATA_FROM_APPLICATION","-1","FND_FLEX_UPGRADE_FORMAT_ONLY_VARCHAR2_L30",""
"RA_INTERFACE_LINES","222","DOO","Fulfillment Line Number","","INTERFACE_LINE_ATTRIBUTE12","Order Fulfillment Line Split Reference","","Order Fulfillment Line Split Reference","Order Fulfillment Line Split Reference","","","12","Y","TEXT_BOX","50","","","","Y","","","","","","","","N","N","","","","","2013/08/08 06:37:24.233","SEED_DATA_FROM_APPLICATION","2014/07/16 15:26:35.34","SEED_DATA_FROM_APPLICATION","-1","FND_FLEX_UPGRADE_FORMAT_ONLY_VARCHAR2_L30",""
"RA_INTERFACE_LINES","222","DOO","Period","period","INTERFACE_LINE_ATTRIBUTE14","Period","Period number of recurring invoices.","Period","Period","","","14","Y","TEXT_BOX","30","","","","N","","","","","","","","N","N","","","","","2015/07/01 02:08:00.015","SEED_DATA_FROM_APPLICATION","2015/07/01 02:08:20.513","SEED_DATA_FROM_APPLICATION","-1","FND_FLEX_UPGRADE_FORMAT_ONLY_VARCHAR2_L30",""
"RA_INTERFACE_LINES","222","DOO","Price Adjustment ID","","INTERFACE_LINE_ATTRIBUTE5","Order Fulfillment Line ID","","Order Fulfillment Line ID","Order Fulfillment Line ID","","","5","Y","TEXT_BOX","30","","","","Y","","","","","","","","N","N","","","","","2013/08/08 06:37:24.247","SEED_DATA_FROM_APPLICATION","2014/07/16 15:26:35.349","SEED_DATA_FROM_APPLICATION","-1","FND_FLEX_UPGRADE_FORMAT_ONLY_VARCHAR2_L30",""
"RA_INTERFACE_LINES","222","DOO","Profit Center Business Unit","","INTERFACE_LINE_ATTRIBUTE13","Profit Center Business Unit","","Profit Center Business Unit","Profit Center Business Unit","","","13","Y","TEXT_BOX","50","","","","Y","","","","","","","","N","N","","","","","2014/07/16 15:26:30.951","SEED_DATA_FROM_APPLICATION","2014/07/16 15:26:35.353","SEED_DATA_FROM_APPLICATION","-1","FND_FLEX_UPGRADE_FORMAT_ONLY_VARCHAR2_L30",""
"RA_INTERFACE_LINES","222","DOO","Source Order Number","","INTERFACE_LINE_ATTRIBUTE1","Source Order Number","","Source Order Number","Source Order Number","","","1","Y","TEXT_BOX","30","","","","Y","","","","","","","","N","N","","","","","2013/08/08 06:37:24.26","SEED_DATA_FROM_APPLICATION","2014/07/16 15:26:35.357","SEED_DATA_FROM_APPLICATION","-1","FND_FLEX_UPGRADE_FORMAT_ONLY_VARCHAR2_L30",""
"RA_INTERFACE_LINES","222","DOO","Source Order System","","INTERFACE_LINE_ATTRIBUTE2","Source Order System","","Source Order System","Source Order System","","","2","Y","TEXT_BOX","30","","","","Y","","","","","","","","N","N","","","","","2013/08/08 06:37:24.272","SEED_DATA_FROM_APPLICATION","2014/07/16 15:26:35.362","SEED_DATA_FROM_APPLICATION","-1","FND_FLEX_UPGRADE_FORMAT_ONLY_VARCHAR2_L30",""
"RA_INTERFACE_LINES","222","DOO","Source Schedule Number","","INTERFACE_LINE_ATTRIBUTE11","Source Schedule Number","","Source Schedule Number","Source Schedule Number","","","11","Y","TEXT_BOX","50","","","","Y","","","","","","","","N","N","","","","","2013/08/08 06:37:24.284","SEED_DATA_FROM_APPLICATION","2013/08/08 06:37:24.937","SEED_DATA_FROM_APPLICATION","-1","FND_FLEX_UPGRADE_FORMAT_ONLY_VARCHAR2_L30",""
"RA_INTERFACE_LINES","222","DOO","WayBill Number","","INTERFACE_LINE_ATTRIBUTE7","Order Delivery Name","","Order Delivery Name","Order Delivery Name","","","7","Y","TEXT_BOX","30","","","","Y","","","","","","","","N","N","","","","","2013/08/08 06:37:24.296","SEED_DATA_FROM_APPLICATION","2014/07/16 15:26:35.368","SEED_DATA_FROM_APPLICATION","-1","FND_FLEX_UPGRADE_FORMAT_ONLY_VARCHAR2_L30",""
"RA_INTERFACE_LINES","222","DS TRANSACTIONS BUILD AR","Distribution Number","distributionNumber","INTERFACE_LINE_ATTRIBUTE2","Distribution Number","","Distribution Number","Distribution Number","","","20","Y","TEXT_BOX","30","","","","N","","","","","","","","N","N","","N","","N","2019/03/06 09:25:33.353","CUSTOMIZED_USER","2019/03/06 09:26:15.416","CUSTOMIZED_USER","836A6C71E6EF0FC4E053C390DF0A629A","FND_FLEX_UPGRADE_FORMAT_ONLY_VARCHAR2_L30",""
"RA_INTERFACE_LINES","222","DS TRANSACTIONS BUILD AR","Transaction Number","transactionNumber","INTERFACE_LINE_ATTRIBUTE1","Transaction Number","","Transaction Number","Transaction Number","","","10","Y","TEXT_BOX","30","","","","N","","","","","","","","N","N","","N","","N","2019/03/06 09:24:23.117","CUSTOMIZED_USER","2019/03/06 09:25:26.732","CUSTOMIZED_USER","836A6C71E6EF0FC4E053C390DF0A629A","FND_FLEX_UPGRADE_FORMAT_ONLY_VARCHAR2_L30",""
"RA_INTERFACE_LINES","222","EXTERNAL_SOURCE","Header_ID","","INTERFACE_LINE_ATTRIBUTE1","Header_ID","","Header_ID","Header_ID","","","10","Y","TEXT_BOX","30","","","","N","","","","","","","","N","N","","N","","N","2013/10/31 13:23:19.897","CUSTOMIZED_USER","2013/10/31 13:24:02.971","CUSTOMIZED_USER","EA070FCA706043B2E0436204548C3748","FND_FLEX_UPGRADE_FORMAT_ONLY_VARCHAR2_L30",""
"RA_INTERFACE_LINES","222","EXTERNAL_SOURCE","Line_ID","","INTERFACE_LINE_ATTRIBUTE2","Line_ID","","Line_ID","Line_ID","","","20","Y","TEXT_BOX","30","","","","N","","","","","","","","N","N","","N","","N","2013/10/31 13:24:06.746","CUSTOMIZED_USER","2013/10/31 13:24:33.738","CUSTOMIZED_USER","EA070FCA706043B2E0436204548C3748","FND_FLEX_UPGRADE_FORMAT_ONLY_VARCHAR2_L30",""
"RA_INTERFACE_LINES","222","FOS","Agreement Number","","INTERFACE_LINE_ATTRIBUTE2","Agreement Number","Unique number for Financial Trade Agreement defined between the legal entities, business units and trade organizations of a corporate group for establishing a trade relationship","Agreement Number","Agreement Number","","","2","Y","TEXT_BOX","100","","","","Y","","","","","","","","N","N","","","","","2014/07/16 15:26:33.051","SEED_DATA_FROM_APPLICATION","2014/07/16 15:26:35.393","SEED_DATA_FROM_APPLICATION","-1","FND_FLEX_UPGRADE_FORMAT_ONLY_VARCHAR2_L30",""
"RA_INTERFACE_LINES","222","FOS","Event Header Number ","","INTERFACE_LINE_ATTRIBUTE7","Event Header Number","Event Header Number Information","Event Header Number","Event Header Number","","","7","Y","TEXT_BOX","100","","","","Y","","","","","","","","N","N","","","","","2014/07/16 15:26:33.103","SEED_DATA_FROM_APPLICATION","2014/07/16 15:26:35.395","SEED_DATA_FROM_APPLICATION","-1","FND_FLEX_UPGRADE_FORMAT_ONLY_VARCHAR2_L30",""
"RA_INTERFACE_LINES","222","FOS","Event ID","","INTERFACE_LINE_ATTRIBUTE4","Event ID","Ownership change business event transaction reference","Event ID","Event ID","","","4","Y","TEXT_BOX","100","","","","Y","","","","","","","","N","N","","","","","2014/07/16 15:26:33.126","SEED_DATA_FROM_APPLICATION","2014/07/16 15:26:35.398","SEED_DATA_FROM_APPLICATION","-1","FND_FLEX_UPGRADE_FORMAT_ONLY_VARCHAR2_L30",""
"RA_INTERFACE_LINES","222","FOS","Event Type","","INTERFACE_LINE_ATTRIBUTE3","Event Type","Type of ownership change business event","Event Type","Event Type","","","3","Y","TEXT_BOX","100","","","","Y","","","","","","","","N","N","","","","","2014/07/16 15:26:33.158","SEED_DATA_FROM_APPLICATION","2014/07/16 15:26:35.402","SEED_DATA_FROM_APPLICATION","-1","FND_FLEX_UPGRADE_FORMAT_ONLY_VARCHAR2_L30",""
"RA_INTERFACE_LINES","222","FOS","FOS Flow Instance ID","","INTERFACE_LINE_ATTRIBUTE1","FOS Flow Instance ID","FOS Transaction reference key","FOS Flow Instance ID","FOS Flow Instance ID","","","1","Y","TEXT_BOX","100","","","","Y","","","","","","","","N","N","","","","","2014/07/16 15:26:33.187","SEED_DATA_FROM_APPLICATION","2014/07/16 15:26:35.404","SEED_DATA_FROM_APPLICATION","-1","FND_FLEX_UPGRADE_FORMAT_ONLY_VARCHAR2_L30",""
"RA_INTERFACE_LINES","222","FOS","Financial Trade Relationship","","INTERFACE_LINE_ATTRIBUTE6","Financial Trade Relationship","Unique identification key which specifies the financial route through which the financial obligations are settled defined in a Trade Agreement.","Financial Trade Relationship","Financial Trade Relationship","","","6","Y","TEXT_BOX","100","","","","Y","","","","","","","","N","N","","","","","2014/07/16 15:26:33.214","SEED_DATA_FROM_APPLICATION","2014/07/16 15:26:35.41","SEED_DATA_FROM_APPLICATION","-1","FND_FLEX_UPGRADE_FORMAT_ONLY_VARCHAR2_L30",""
"RA_INTERFACE_LINES","222","FOS","Order Type ","","INTERFACE_LINE_ATTRIBUTE9","Order Type","Order type associated with the sales order","Order Type","Order Type","","","9","Y","TEXT_BOX","100","","","","Y","","","","","","","","N","N","","","","","2017/09/19 17:54:57.304","SEED_DATA_FROM_APPLICATION","2017/09/19 17:54:58.829","SEED_DATA_FROM_APPLICATION","-1","FND_FLEX_UPGRADE_FORMAT_ONLY_VARCHAR2_L30",""
"RA_INTERFACE_LINES","222","FOS","Primary Trade Relationship","","INTERFACE_LINE_ATTRIBUTE5","Primary Trade Relationship","Unique identification key for supply chain execution partnership between two legal entities and their business units defined in a Trade Agreement.","Primary Trade Relationship","Primary Trade Relationship","","","5","Y","TEXT_BOX","100","","","","Y","","","","","","","","N","N","","","","","2014/07/16 15:26:33.248","SEED_DATA_FROM_APPLICATION","2014/07/16 15:26:35.415","SEED_DATA_FROM_APPLICATION","-1","FND_FLEX_UPGRADE_FORMAT_ONLY_VARCHAR2_L30",""
"RA_INTERFACE_LINES","222","FOS","Profit Center Business Unit","","INTERFACE_LINE_ATTRIBUTE13","Profit Center Business Unit","A profit center business unit is a section of a company that operates as if it were a business with its own income statement.","Profit Center Business Unit","Profit Center Business Unit","","","13","Y","TEXT_BOX","100","","","","Y","","","","","","","","N","N","","","","","2014/07/16 15:26:33.281","SEED_DATA_FROM_APPLICATION","2014/07/16 15:26:35.417","SEED_DATA_FROM_APPLICATION","-1","FND_FLEX_UPGRADE_FORMAT_ONLY_VARCHAR2_L30",""
"RA_INTERFACE_LINES","222","FOS","Ship From Location ","","INTERFACE_LINE_ATTRIBUTE8","Ship From Location","Identifier of the location from where goods are shipped from","Ship From Location","Ship From Location","","","8","Y","TEXT_BOX","100","","","","Y","","","","","","","","N","N","","","","","2017/09/19 17:54:57.376","SEED_DATA_FROM_APPLICATION","2017/09/19 17:54:58.848","SEED_DATA_FROM_APPLICATION","-1","FND_FLEX_UPGRADE_FORMAT_ONLY_VARCHAR2_L30",""
"RA_INTERFACE_LINES","222","GLOBAL_PROCUREMENT","Create AP Invoice","","INTERFACE_LINE_ATTRIBUTE8","Create AP Invoice","","Create AP Invoice","Create AP Invoice","","","8","Y","TEXT_BOX","30","","","","Y","","","","","","","","N","N","","","","","2013/08/08 06:37:24.36","SEED_DATA_FROM_APPLICATION","2013/08/08 06:37:24.943","SEED_DATA_FROM_APPLICATION","-1","FND_FLEX_UPGRADE_FORMAT_ONLY_VARCHAR2_L30",""
"RA_INTERFACE_LINES","222","GLOBAL_PROCUREMENT","PO Line Location ID","","INTERFACE_LINE_ATTRIBUTE6","PO Line Location ID","","PO Line Location ID","PO Line Location ID","","","6","Y","TEXT_BOX","15","","","","Y","","","","","","","","N","N","","","","","2013/08/08 06:37:24.373","SEED_DATA_FROM_APPLICATION","2013/08/08 06:37:24.946","SEED_DATA_FROM_APPLICATION","-1","FND_FLEX_UPGRADE_FORMAT_ONLY_VARCHAR2_L30",""
"RA_INTERFACE_LINES","222","GLOBAL_PROCUREMENT","PO Line Number","","INTERFACE_LINE_ATTRIBUTE2","PO Line Number","","PO Line Number","PO Line Number","","","2","Y","TEXT_BOX","15","","","","Y","","","","","","","","N","N","","","","","2013/08/08 06:37:24.437","SEED_DATA_FROM_APPLICATION","2013/08/08 06:37:24.949","SEED_DATA_FROM_APPLICATION","-1","FND_FLEX_UPGRADE_FORMAT_ONLY_VARCHAR2_L30",""
"RA_INTERFACE_LINES","222","GLOBAL_PROCUREMENT","PO Number","","INTERFACE_LINE_ATTRIBUTE1","PO Number","","PO Number","PO Number","","","1","Y","TEXT_BOX","30","","","","Y","","","","","","","","N","N","","","","","2013/08/08 06:37:24.453","SEED_DATA_FROM_APPLICATION","2013/08/08 06:37:24.95","SEED_DATA_FROM_APPLICATION","-1","FND_FLEX_UPGRADE_FORMAT_ONLY_VARCHAR2_L30",""
"RA_INTERFACE_LINES","222","GLOBAL_PROCUREMENT","Purchasing Operating Unit","","INTERFACE_LINE_ATTRIBUTE4","Purchasing Operating Unit","","Purchasing Operating Unit","Purchasing Operating Unit","","","4","Y","TEXT_BOX","50","","","","Y","","","","","","","","N","N","","","","","2013/08/08 06:37:24.467","SEED_DATA_FROM_APPLICATION","2013/08/08 06:37:24.952","SEED_DATA_FROM_APPLICATION","-1","FND_FLEX_UPGRADE_FORMAT_ONLY_VARCHAR2_L30",""
"RA_INTERFACE_LINES","222","GLOBAL_PROCUREMENT","Receiving Inventory Org","","INTERFACE_LINE_ATTRIBUTE3","Receiving Inventory Org","","Receiving Inventory Org","Receiving Inventory Org","","","3","Y","TEXT_BOX","50","","","","Y","","","","","","","","N","N","","","","","2013/08/08 06:37:24.482","SEED_DATA_FROM_APPLICATION","2013/08/08 06:37:24.954","SEED_DATA_FROM_APPLICATION","-1","FND_FLEX_UPGRADE_FORMAT_ONLY_VARCHAR2_L30",""
"RA_INTERFACE_LINES","222","GLOBAL_PROCUREMENT","Receiving Operating Unit","","INTERFACE_LINE_ATTRIBUTE5","Receiving Operating Unit","","Receiving Operating Unit","Receiving Operating Unit","","","5","Y","TEXT_BOX","50","","","","Y","","","","","","","","N","N","","","","","2013/08/08 06:37:24.494","SEED_DATA_FROM_APPLICATION","2013/08/08 06:37:24.957","SEED_DATA_FROM_APPLICATION","-1","FND_FLEX_UPGRADE_FORMAT_ONLY_VARCHAR2_L30",""
"RA_INTERFACE_LINES","222","GLOBAL_PROCUREMENT","Reference","","INTERFACE_LINE_ATTRIBUTE7","Reference","","Reference","Reference","","","7","Y","TEXT_BOX","30","","","","Y","","","","","","","","N","N","","","","","2013/08/08 06:37:24.508","SEED_DATA_FROM_APPLICATION","2013/08/08 06:37:24.959","SEED_DATA_FROM_APPLICATION","-1","FND_FLEX_UPGRADE_FORMAT_ONLY_VARCHAR2_L30",""
"RA_INTERFACE_LINES","222","GSE_BUILD","Header_ID","","INTERFACE_LINE_ATTRIBUTE1","Header_ID","","Header_ID","Header_ID","","","10","Y","TEXT_BOX","30","","","","N","","","","","","","","N","N","","N","","N","2013/10/31 13:25:29.023","CUSTOMIZED_USER","2013/10/31 13:26:12.54","CUSTOMIZED_USER","EA070FCA706043B2E0436204548C3748","FND_FLEX_UPGRADE_FORMAT_ONLY_VARCHAR2_L30",""
"RA_INTERFACE_LINES","222","GSE_BUILD","Line_ID","","INTERFACE_LINE_ATTRIBUTE2","Line_ID","","Line_ID","Line_ID","","","20","Y","TEXT_BOX","30","","","","N","","","","","","","","N","N","","N","","N","2013/10/31 13:26:15.43","CUSTOMIZED_USER","2013/10/31 13:26:37.132","CUSTOMIZED_USER","EA070FCA706043B2E0436204548C3748","FND_FLEX_UPGRADE_FORMAT_ONLY_VARCHAR2_L30",""
"RA_INTERFACE_LINES","222","INTERCOMPANY","Create AP Invoice","","INTERFACE_LINE_ATTRIBUTE9","Create AP Invoice","","Create AP Invoice","Create Invoice","","","9","Y","TEXT_BOX","30","","","","Y","","","","","","","","N","N","","","","","2013/08/08 06:37:24.559","SEED_DATA_FROM_APPLICATION","2013/08/08 06:37:24.962","SEED_DATA_FROM_APPLICATION","-1","FND_FLEX_UPGRADE_FORMAT_ONLY_VARCHAR2_L30",""
"RA_INTERFACE_LINES","222","INTERCOMPANY","Order Line ID","","INTERFACE_LINE_ATTRIBUTE6","Order Line ID","","Order Line ID","Order Line ID","","","7","Y","HIDDEN","15","","","","Y","","","","","","","","N","N","","","","","2013/08/08 06:37:24.57","SEED_DATA_FROM_APPLICATION","2013/08/08 06:37:24.964","SEED_DATA_FROM_APPLICATION","-1","FND_FLEX_UPGRADE_FORMAT_ONLY_VARCHAR2_L30",""
"RA_INTERFACE_LINES","222","INTERCOMPANY","Order Line Number","","INTERFACE_LINE_ATTRIBUTE2","Order Line Number","","Order Line Number","Order Line Number","","","2","Y","TEXT_BOX","15","","","","Y","","","","","","","","N","N","","","","","2013/08/08 06:37:24.581","SEED_DATA_FROM_APPLICATION","2013/08/08 06:37:24.967","SEED_DATA_FROM_APPLICATION","-1","FND_FLEX_UPGRADE_FORMAT_ONLY_VARCHAR2_L30",""
"RA_INTERFACE_LINES","222","INTERCOMPANY","Order Number","","INTERFACE_LINE_ATTRIBUTE1","Order Number","","Order Number","Order Number","","","1","Y","TEXT_BOX","15","","","","Y","","","","","","","","N","N","","","","","2013/08/08 06:37:24.593","SEED_DATA_FROM_APPLICATION","2013/08/08 06:37:24.968","SEED_DATA_FROM_APPLICATION","-1","FND_FLEX_UPGRADE_FORMAT_ONLY_VARCHAR2_L30",""
"RA_INTERFACE_LINES","222","INTERCOMPANY","Order Org ID","","INTERFACE_LINE_ATTRIBUTE8","Order Org ID","","Organization ID","Order Org ID","","","8","Y","HIDDEN","30","","","","Y","","","","","","","","N","N","","","","","2013/08/08 06:37:24.606","SEED_DATA_FROM_APPLICATION","2013/08/08 06:37:24.969","SEED_DATA_FROM_APPLICATION","-1","FND_FLEX_UPGRADE_FORMAT_ONLY_VARCHAR2_L30",""
"RA_INTERFACE_LINES","222","INTERCOMPANY","Price Adjustment ID/Order ID","","INTERFACE_LINE_ATTRIBUTE10","Price Adjustment ID/Order ID","","Price Adjustment ID/Order ID","Price Adjustment ID/Order ID","","","10","Y","TEXT_BOX","15","","","","Y","","","","","","","","N","N","","","","","2013/08/08 06:37:24.618","SEED_DATA_FROM_APPLICATION","2013/08/08 06:37:24.971","SEED_DATA_FROM_APPLICATION","-1","FND_FLEX_UPGRADE_FORMAT_ONLY_VARCHAR2_L30",""
"RA_INTERFACE_LINES","222","INTERCOMPANY","Reference","","INTERFACE_LINE_ATTRIBUTE7","Reference","","Reference","Reference","","","3","Y","TEXT_BOX","15","","","","Y","","","","","","","","N","N","","","","","2013/08/08 06:37:24.632","SEED_DATA_FROM_APPLICATION","2013/08/08 06:37:24.972","SEED_DATA_FROM_APPLICATION","-1","FND_FLEX_UPGRADE_FORMAT_ONLY_VARCHAR2_L30",""
"RA_INTERFACE_LINES","222","INTERCOMPANY","Selling Operating Unit","","INTERFACE_LINE_ATTRIBUTE4","Selling Operating Unit","","Selling Operating Unit","Selling Operating Unit","","","5","Y","TEXT_BOX","30","","","","Y","","","","","","","","N","N","","","","","2013/08/08 06:37:24.649","SEED_DATA_FROM_APPLICATION","2013/08/08 06:37:24.973","SEED_DATA_FROM_APPLICATION","-1","FND_FLEX_UPGRADE_FORMAT_ONLY_VARCHAR2_L30",""
"RA_INTERFACE_LINES","222","INTERCOMPANY","Shipping Operating Unit","","INTERFACE_LINE_ATTRIBUTE5","Shipping Operating Unit","","Shipping Operating Unit","Shipping Operating Unit","","","6","Y","TEXT_BOX","30","","","","Y","","","","","","","","N","N","","","","","2013/08/08 06:37:24.666","SEED_DATA_FROM_APPLICATION","2013/08/08 06:37:24.975","SEED_DATA_FROM_APPLICATION","-1","FND_FLEX_UPGRADE_FORMAT_ONLY_VARCHAR2_L30",""
"RA_INTERFACE_LINES","222","INTERCOMPANY","Shipping Warehouse","","INTERFACE_LINE_ATTRIBUTE3","Shipping Warehouse","","Shipping Warehouse","Shipping Warehouse","","","4","Y","TEXT_BOX","30","","","","Y","","","","","","","","N","N","","","","","2013/08/08 06:37:24.683","SEED_DATA_FROM_APPLICATION","2013/08/08 06:37:24.976","SEED_DATA_FROM_APPLICATION","-1","FND_FLEX_UPGRADE_FORMAT_ONLY_VARCHAR2_L30",""
"RA_INTERFACE_LINES","222","INTERNAL_ALLOCATIONS","Provider_Intercompany_Org","providerIntercompanyOrg","INTERFACE_LINE_ATTRIBUTE5","Provider Intercompany Organization","","Provider Intercompany Organization","Provider Intercompany Organization","","","5","Y","TEXT_BOX","30","","","","N","","","","","","","","N","N","","","","","2023/05/17 09:08:07.391178","SEED_DATA_FROM_APPLICATION","2023/05/17 09:08:07.391178","SEED_DATA_FROM_APPLICATION","-1","FND_FLEX_UPGRADE_FORMAT_ONLY_VARCHAR2_L30",""
"RA_INTERFACE_LINES","222","INTERNAL_ALLOCATIONS","Receiver_Intercompany_Org","receiverIntercompanyOrg","INTERFACE_LINE_ATTRIBUTE6","Receiver Intercompany Organization","","Receiver Intercompany Organization","Receiver Intercompany Organization","","","6","Y","TEXT_BOX","30","","","","N","","","","","","","","N","N","","","","","2023/05/17 09:08:07.391178","SEED_DATA_FROM_APPLICATION","2023/05/17 09:08:07.391178","SEED_DATA_FROM_APPLICATION","-1","FND_FLEX_UPGRADE_FORMAT_ONLY_VARCHAR2_L30",""
"RA_INTERFACE_LINES","222","INTERNAL_ALLOCATIONS","batch_id","","INTERFACE_LINE_ATTRIBUTE1","batch_id","","batch_id","batch_id","","","1","Y","TEXT_BOX","30","","","","Y","","","","","","","","N","N","","","","","2013/08/08 06:37:24.747","SEED_DATA_FROM_APPLICATION","2013/08/08 06:37:24.978","SEED_DATA_FROM_APPLICATION","-1","FND_FLEX_UPGRADE_FORMAT_ONLY_VARCHAR2_L30",""
"RA_INTERFACE_LINES","222","INTERNAL_ALLOCATIONS","batch_number","","INTERFACE_LINE_ATTRIBUTE4","batch_number","","batch_number","batch_number","","","4","Y","TEXT_BOX","30","","","","Y","","","","","","","","N","N","","","","","2013/08/08 06:37:24.759","SEED_DATA_FROM_APPLICATION","2013/08/08 06:37:24.979","SEED_DATA_FROM_APPLICATION","-1","FND_FLEX_UPGRADE_FORMAT_ONLY_VARCHAR2_L30",""
"RA_INTERFACE_LINES","222","INTERNAL_ALLOCATIONS","line_id","","INTERFACE_LINE_ATTRIBUTE3","line_id","","line_id","line_id","","","3","Y","TEXT_BOX","30","","","","Y","","","","","","","","N","N","","","","","2013/08/08 06:37:24.775","SEED_DATA_FROM_APPLICATION","2013/08/08 06:37:24.981","SEED_DATA_FROM_APPLICATION","-1","FND_FLEX_UPGRADE_FORMAT_ONLY_VARCHAR2_L30",""
"RA_INTERFACE_LINES","222","INTERNAL_ALLOCATIONS","trx_id","","INTERFACE_LINE_ATTRIBUTE2","trx_id","","trx_id","trx_id","","","2","Y","TEXT_BOX","30","","","","Y","","","","","","","","N","N","","","","","2013/08/08 06:37:24.812","SEED_DATA_FROM_APPLICATION","2013/08/08 06:37:24.982","SEED_DATA_FROM_APPLICATION","-1","FND_FLEX_UPGRADE_FORMAT_ONLY_VARCHAR2_L30",""
"RA_INTERFACE_LINES","222","Intercompany_Agreement","Amount Type","amountType","INTERFACE_LINE_ATTRIBUTE11","Amount Type","Field label that displays the amount type.","Amount Type","Amount Type","","","7","Y","TEXT_BOX","30","","","","Y","","","","","","","","N","N","","N","","N","2023/10/27 10:20:48.84073","SEED_DATA_FROM_APPLICATION","2023/10/27 10:20:48.84073","SEED_DATA_FROM_APPLICATION","-1","FND_FLEX_UPGRADE_FORMAT_ONLY_VARCHAR2_L30",""
"RA_INTERFACE_LINES","222","Intercompany_Agreement","From Intercompany Organization","fromIntercompanyOrganization","INTERFACE_LINE_ATTRIBUTE5","From Intercompany Organization","Field label that displays the Provider Intercompany Organization for this transaction.","From Intercompany Organization","From Intercompany Organization","","","4","Y","TEXT_BOX","30","","","","Y","","","","","","","","N","N","","N","","N","2023/10/27 10:20:48.84073","SEED_DATA_FROM_APPLICATION","2023/10/27 10:20:48.84073","SEED_DATA_FROM_APPLICATION","-1","FND_FLEX_UPGRADE_FORMAT_ONLY_VARCHAR2_L30",""
"RA_INTERFACE_LINES","222","Intercompany_Agreement","Intercompany Agreement ID","intercompanyAgreementId","INTERFACE_LINE_ATTRIBUTE8","Intercompany Agreement Identifier","Field label that displays the Intercompany agreement identifier.","Intercompany Agreement Identifier","Intercompany Agreement Identifier","","","12","Y","HIDDEN","","","","","Y","","","","","","","","N","N","","N","","N","2023/10/27 10:20:48.84073","SEED_DATA_FROM_APPLICATION","2023/10/27 10:20:48.84073","SEED_DATA_FROM_APPLICATION","-1","FND_FLEX_UPGRADE_FORMAT_ONLY_VARCHAR2_L30",""
"RA_INTERFACE_LINES","222","Intercompany_Agreement","Intercompany Agreement Number","intercompanyAgreementNumber","INTERFACE_LINE_ATTRIBUTE7","Intercompany Agreement Number","Field label that displays the Intercompany agreement number.","Intercompany Agreement Number","Intercompany Agreement Number","","","1","Y","TEXT_BOX","30","","","","Y","","","","","","","","N","N","","N","","N","2023/10/27 10:20:48.84073","SEED_DATA_FROM_APPLICATION","2023/10/27 10:20:48.84073","SEED_DATA_FROM_APPLICATION","-1","FND_FLEX_UPGRADE_FORMAT_ONLY_VARCHAR2_L30",""
"RA_INTERFACE_LINES","222","Intercompany_Agreement","Intercompany Transaction ID","intercompanyTransactionId","INTERFACE_LINE_ATTRIBUTE2","Intercompany Transaction Identifier","Field label that displays the Intercompany transaction identifier.","Intercompany Transaction Identifier","Intercompany Transaction Identifier","","","14","Y","HIDDEN","","","","","Y","","","","","","","","N","N","","N","","N","2023/10/27 10:20:48.84073","SEED_DATA_FROM_APPLICATION","2023/10/27 10:20:48.84073","SEED_DATA_FROM_APPLICATION","-1","FND_FLEX_UPGRADE_FORMAT_ONLY_VARCHAR2_L30",""
"RA_INTERFACE_LINES","222","Intercompany_Agreement","Intercompany Transaction Type","intercompanyTransactionType","INTERFACE_LINE_ATTRIBUTE10","Intercompany Transaction Type","Field label that displays the Intercompany transaction type.","Intercompany Transaction Type","Intercompany Transaction Type","","","6","Y","TEXT_BOX","30","","","","Y","","","","","","","","N","N","","N","","N","2023/10/27 10:20:48.84073","SEED_DATA_FROM_APPLICATION","2023/10/27 10:20:48.84073","SEED_DATA_FROM_APPLICATION","-1","FND_FLEX_UPGRADE_FORMAT_ONLY_VARCHAR2_L30",""
"RA_INTERFACE_LINES","222","Intercompany_Agreement","Intercompany Trx Line ID","intercompanyTrxLineId","INTERFACE_LINE_ATTRIBUTE3","Intercompany Transaction Line Identifier","Field label that displays the Intercompany transaction line identifier.","Intercompany Transaction Line Identifier","Intercompany Transaction Line Identifier","","","15","Y","HIDDEN","","","","","Y","","","","","","","","N","N","","N","","N","2023/10/27 10:20:48.84073","SEED_DATA_FROM_APPLICATION","2023/10/27 10:20:48.84073","SEED_DATA_FROM_APPLICATION","-1","FND_FLEX_UPGRADE_FORMAT_ONLY_VARCHAR2_L30",""
"RA_INTERFACE_LINES","222","Intercompany_Agreement","Intercompany Trx Number","intercompanyTrxNumber","INTERFACE_LINE_ATTRIBUTE9","Intercompany Transaction Number","Field label that displays the Intercompany transaction number.","Intercompany Transaction Number","Intercompany Transaction Number","","","3","Y","TEXT_BOX","30","","","","Y","","","","","","","","N","N","","N","","N","2023/10/27 10:20:48.84073","SEED_DATA_FROM_APPLICATION","2023/10/27 10:20:48.84073","SEED_DATA_FROM_APPLICATION","-1","FND_FLEX_UPGRADE_FORMAT_ONLY_VARCHAR2_L30",""
"RA_INTERFACE_LINES","222","Intercompany_Agreement","To Intercompany Organization","toIntercompanyOrganization","INTERFACE_LINE_ATTRIBUTE6","To Intercompany Organization","Field label that displays the Receiver Intercompany Organization for this transaction.","To Intercompany Organization","To Intercompany Organization","","","5","Y","TEXT_BOX","30","","","","Y","","","","","","","","N","N","","N","","N","2023/10/27 10:20:48.84073","SEED_DATA_FROM_APPLICATION","2023/10/27 10:20:48.84073","SEED_DATA_FROM_APPLICATION","-1","FND_FLEX_UPGRADE_FORMAT_ONLY_VARCHAR2_L30",""
"RA_INTERFACE_LINES","222","Intercompany_Agreement","Transfer Authorization ID","transferAuthorizationId","INTERFACE_LINE_ATTRIBUTE1","Transfer Authorization Identifier","Field label that displays the transfer authorization identifier.","Transfer Authorization Identifier","Transfer Authorization Identifier","","","13","Y","HIDDEN","","","","","Y","","","","","","","","N","N","","N","","N","2023/10/27 10:20:48.84073","SEED_DATA_FROM_APPLICATION","2023/10/27 10:20:48.84073","SEED_DATA_FROM_APPLICATION","-1","FND_FLEX_UPGRADE_FORMAT_ONLY_VARCHAR2_L30",""
"RA_INTERFACE_LINES","222","Intercompany_Agreement","Transfer Authorization Number","transferAuthorizationNumber","INTERFACE_LINE_ATTRIBUTE4","Transfer Authorization Number","Field label that displays the transfer authorization number.","Transfer Authorization Number","Transfer Authorization Number","","","2","Y","TEXT_BOX","30","","","","Y","","","","","","","","N","N","","N","","N","2023/10/27 10:20:48.84073","SEED_DATA_FROM_APPLICATION","2023/10/27 10:20:48.84073","SEED_DATA_FROM_APPLICATION","-1","FND_FLEX_UPGRADE_FORMAT_ONLY_VARCHAR2_L30",""
"RA_INTERFACE_LINES","222","Joint Venture Invoice","Account_Code_Combination_ID","accountCodeCombinationID","INTERFACE_LINE_ATTRIBUTE6","Account Code Combination ID","The code combination ID of the revenue account that's associated with the joint venture distribution.","Account Code Combination ID","Account Code Combination ID","","","60","Y","TEXT_BOX","","","","","N","","","","","","","","N","Y","","N","","N","2020/09/18 19:04:06.958102","SEED_DATA_FROM_APPLICATION","2020/09/18 19:04:06.958102","SEED_DATA_FROM_APPLICATION","-1","FND_FLEX_UPGRADE_FORMAT_ONLY_VARCHAR2_L30",""
"RA_INTERFACE_LINES","222","Joint Venture Invoice","Cost Center Segment Value","costCenterSegmentValue","INTERFACE_LINE_ATTRIBUTE2","Primary Segment Value","Primary Segment Value for which GL distribution revenue entry will be created.","Primary Segment Value","Primary Segment Value","","","20","Y","TEXT_BOX","","","","","N","","","","","","","","N","Y","","N","","N","2020/06/24 03:04:19.589076","SEED_DATA_FROM_APPLICATION","2020/09/18 19:04:06.958102","SEED_DATA_FROM_APPLICATION","-1","FND_FLEX_UPGRADE_FORMAT_ONLY_VARCHAR2_L30",""
"RA_INTERFACE_LINES","222","Joint Venture Invoice","Distribution Type","jointVentureDistributionType","INTERFACE_LINE_ATTRIBUTE4","Joint Venture Distribution Type","The type of joint venture distribution like Expense and Revenue.","Joint Venture Distribution Type","Joint Venture Distribution Type","","","40","Y","TEXT_BOX","","","","","N","","","","","","","","N","Y","","N","","N","2020/06/24 03:04:19.589076","SEED_DATA_FROM_APPLICATION","2020/09/18 19:04:06.958102","SEED_DATA_FROM_APPLICATION","-1","FND_FLEX_UPGRADE_FORMAT_ONLY_VARCHAR2_L30",""
"RA_INTERFACE_LINES","222","Joint Venture Invoice","Expenditure_Item_Type_Name","expenditureItemTypeName","INTERFACE_LINE_ATTRIBUTE11","Future Use 5","This field is reserved for future use.","Future Use 5","Future Use 5","","","110","Y","TEXT_BOX","","","","","N","","","","","","","","N","Y","","N","","N","2020/09/18 19:04:06.958102","SEED_DATA_FROM_APPLICATION","2020/09/18 19:04:06.958102","SEED_DATA_FROM_APPLICATION","-1","FND_FLEX_UPGRADE_FORMAT_ONLY_VARCHAR2_L30",""
"RA_INTERFACE_LINES","222","Joint Venture Invoice","Gross_Amount","grossAmount","INTERFACE_LINE_ATTRIBUTE7","Future Use 2","This field is reserved for future use.","Future Use 2","Future Use 2","","","70","Y","TEXT_BOX","","","","","N","","","","","","","","N","Y","","N","","N","2020/09/18 19:04:06.958102","SEED_DATA_FROM_APPLICATION","2020/09/18 19:04:06.958102","SEED_DATA_FROM_APPLICATION","-1","FND_FLEX_UPGRADE_FORMAT_ONLY_VARCHAR2_L30",""
"RA_INTERFACE_LINES","222","Joint Venture Invoice","Invoicing Partner Name","invoicingPartnerName","INTERFACE_LINE_ATTRIBUTE3","Future Use 1","This field is reserved for future use.","Future Use 1","Future Use 1","","","30","Y","TEXT_BOX","","","","","N","","","","","","","","N","Y","","N","","N","2020/06/24 03:04:19.589076","SEED_DATA_FROM_APPLICATION","2020/09/18 19:04:06.958102","SEED_DATA_FROM_APPLICATION","-1","FND_FLEX_UPGRADE_FORMAT_ONLY_VARCHAR2_L30",""
"RA_INTERFACE_LINES","222","Joint Venture Invoice","Invoicing_Partner_Ownership","invoicingPartnerOwnership","INTERFACE_LINE_ATTRIBUTE8","Future Use 3","This field is reserved for future use.","Future Use 3","Future Use 3","","","80","Y","TEXT_BOX","","","","","N","","","","","","","","N","N","","Y","","N","2020/09/18 19:04:06.958102","SEED_DATA_FROM_APPLICATION","2020/09/18 19:04:06.958102","SEED_DATA_FROM_APPLICATION","-1","FND_FLEX_UPGRADE_FORMAT_ONLY_VARCHAR2_L30",""
"RA_INTERFACE_LINES","222","Joint Venture Invoice","Joint Venture Distribution ID","jointVentureDistributionId","INTERFACE_LINE_ATTRIBUTE5","Joint Venture Distribution ID","Joint venture distribution ID for which invoice line will be created.","Joint Venture Distribution ID","Joint Venture Distribution ID","","","50","Y","TEXT_BOX","","","","","N","","","","","","","","N","Y","","N","","N","2020/06/24 03:04:19.589076","SEED_DATA_FROM_APPLICATION","2020/09/18 19:04:06.958102","SEED_DATA_FROM_APPLICATION","-1","FND_FLEX_UPGRADE_FORMAT_ONLY_VARCHAR2_L30",""
"RA_INTERFACE_LINES","222","Joint Venture Invoice","Joint Venture Name","jointVentureName","INTERFACE_LINE_ATTRIBUTE1","Joint Venture Name","Joint venture name for which invoice will be created.","Joint Venture Name","Joint Venture Name","","","10","Y","TEXT_BOX","","","","","N","","","","","","","","N","N","","Y","","N","2020/06/24 03:04:19.589076","SEED_DATA_FROM_APPLICATION","2020/09/18 19:04:06.958102","SEED_DATA_FROM_APPLICATION","-1","FND_FLEX_UPGRADE_FORMAT_ONLY_VARCHAR2_L30",""
"RA_INTERFACE_LINES","222","Joint Venture Invoice","Project_Name","projectName","INTERFACE_LINE_ATTRIBUTE9","Project Number","The project number associated with the joint venture distribution.","Project Number","Project Number","","","90","Y","TEXT_BOX","","","","","N","","","","","","","","N","Y","","N","","N","2020/09/18 19:04:06.958102","SEED_DATA_FROM_APPLICATION","2020/09/18 19:04:06.958102","SEED_DATA_FROM_APPLICATION","-1","FND_FLEX_UPGRADE_FORMAT_ONLY_VARCHAR2_L30",""
"RA_INTERFACE_LINES","222","Joint Venture Invoice","Task_Name","taskName","INTERFACE_LINE_ATTRIBUTE10","Future Use 4","This field is reserved for future use.","Future Use 4","Future Use 4","","","100","Y","TEXT_BOX","","","","","N","","","","","","","","N","Y","","N","","N","2020/09/18 19:04:06.958102","SEED_DATA_FROM_APPLICATION","2020/09/18 19:04:06.958102","SEED_DATA_FROM_APPLICATION","-1","FND_FLEX_UPGRADE_FORMAT_ONLY_VARCHAR2_L30",""
"RA_INTERFACE_LINES","222","ORA_ACADEMIC_PERIOD_FEES","ACAD_PERIOD","acadPeriod","INTERFACE_LINE_ATTRIBUTE10","Academic Period","Academic period in which student is enrolled.","Academic Period","Academic Period","","","100","Y","TEXT_BOX","30","","","","N","","","","","","","","N","N","","N","","N","2017/09/19 17:54:57.484","SEED_DATA_FROM_APPLICATION","2017/09/19 17:54:58.888","SEED_DATA_FROM_APPLICATION","-1","ORA_HER_ACADEMIC_PERIODS",""
"RA_INTERFACE_LINES","222","ORA_ACADEMIC_PERIOD_FEES","ADJ_CAL","adjustmentCalendar","INTERFACE_LINE_ATTRIBUTE8","Adjustment Calendar","Good for audit trail. Conditionally display for credit memo.","Adjustment Calendar","Adjustment Calendar","","","80","Y","TEXT_BOX","30","","","","N","","","","","","","","N","N","","N","","N","2017/09/19 17:54:57.537","SEED_DATA_FROM_APPLICATION","2017/09/19 17:54:58.909","SEED_DATA_FROM_APPLICATION","-1","ORA_HES_ADJUSTMENT_CALENDARS",""
"RA_INTERFACE_LINES","222","ORA_ACADEMIC_PERIOD_FEES","ADJ_REASON","adjustmentReason","INTERFACE_LINE_ATTRIBUTE9","Adjustment Reason","Good for audit trail.  Conditionally display for credit memo.  Reason for dropping the class.","Adjustment Reason","Adjustment Reason","","","90","Y","TEXT_BOX","30","","","","N","","","","","","","","N","N","","N","","N","2017/09/19 17:54:57.593","SEED_DATA_FROM_APPLICATION","2017/09/19 17:54:58.93","SEED_DATA_FROM_APPLICATION","-1","ORA_HER_ACTION_REASONS",""
"RA_INTERFACE_LINES","222","ORA_ACADEMIC_PERIOD_FEES","CURR_ID","currId","INTERFACE_LINE_ATTRIBUTE6","Curriculum ID","Curriculum ID to which fee is attached.","Curriculum","Curriculum","","","60","Y","TEXT_BOX","30","","","","N","","","","","","","","N","N","","N","","N","2017/09/19 17:54:57.652","SEED_DATA_FROM_APPLICATION","2017/09/19 17:54:58.953","SEED_DATA_FROM_APPLICATION","-1","ORA_HER_CURRICULUMS",""
"RA_INTERFACE_LINES","222","ORA_ACADEMIC_PERIOD_FEES","FEE_GROUP","feeGroup","INTERFACE_LINE_ATTRIBUTE5","Fee Group","Provides a mechanism to attach the set of academic period fees and waivers to a student enrolled in a reporting period.  ","Fee Group","Fee Group","","","50","Y","TEXT_BOX","30","","","","Y","","","","","","","","N","N","","N","","N","2017/09/19 17:54:57.709","SEED_DATA_FROM_APPLICATION","2018/05/23 17:03:48.208","SEED_DATA_FROM_APPLICATION","-1","ORA_HES_FEE_GROUP",""
"RA_INTERFACE_LINES","222","ORA_ACADEMIC_PERIOD_FEES","FEE_ID","feeId","INTERFACE_LINE_ATTRIBUTE4","Fee","Fee code attached to the curriculum ID.","Fee","Fee","","","40","Y","TEXT_BOX","30","","","","Y","","","","","","","","N","N","","N","","N","2017/09/19 17:54:57.775","SEED_DATA_FROM_APPLICATION","2017/09/19 17:54:58.991","SEED_DATA_FROM_APPLICATION","-1","ORA_HES_FEES",""
"RA_INTERFACE_LINES","222","ORA_ACADEMIC_PERIOD_FEES","INSTITUTION","institution","INTERFACE_LINE_ATTRIBUTE2","Institution","Academic institution associated with the charge. Can be used for Sub-Ledger Accounting.","Institution","Institution","","","20","Y","TEXT_BOX","30","","","","Y","","","","","","","","N","N","","N","","N","2017/09/19 17:54:57.852","SEED_DATA_FROM_APPLICATION","2017/09/19 17:54:59.019","SEED_DATA_FROM_APPLICATION","-1","ORA_HER_ACADEMIC_INSTITUTIONS",""
"RA_INTERFACE_LINES","222","ORA_ACADEMIC_PERIOD_FEES","REPORTING_ACAD_PERIOD","reportingAcademicPeriod","INTERFACE_LINE_ATTRIBUTE3","Reporting Academic Period","Reporting academic period in which student is enrolled.","Reporting Academic Period","Reporting Academic Period","","","30","Y","TEXT_BOX","30","","","","Y","","","","","","","","N","N","","N","","N","2017/09/19 17:54:57.92","SEED_DATA_FROM_APPLICATION","2017/09/19 17:54:59.041","SEED_DATA_FROM_APPLICATION","-1","ORA_HER_ACADEMIC_PERIODS",""
"RA_INTERFACE_LINES","222","ORA_ACADEMIC_PERIOD_FEES","STDNT_ACAD_PERIOD","studentAcademicPeriod","INTERFACE_LINE_ATTRIBUTE7","Student Academic Period","A specific pointer for the reporting academic period in which student is enrolled.","Student Academic Period","Student Academic Period","","","70","Y","TEXT_BOX","30","","","","N","","","","","","","","N","N","","N","","N","2017/09/19 17:54:57.995","SEED_DATA_FROM_APPLICATION","2018/05/23 17:03:48.215","SEED_DATA_FROM_APPLICATION","-1","ORA_HES_STUDENT_ACADEMIC_PERIOD",""
"RA_INTERFACE_LINES","222","ORA_ACADEMIC_PERIOD_FEES","TRANSACTION_POST","transactionPost","INTERFACE_LINE_ATTRIBUTE1","Transaction Post","Reference to the transaction posting request detail.","Transaction Post","Transaction Post","","","10","Y","TEXT_BOX","30","","","","Y","","","","","","","","N","N","","N","","N","2017/09/19 17:54:58.06","SEED_DATA_FROM_APPLICATION","2017/09/19 17:54:59.086","SEED_DATA_FROM_APPLICATION","-1","FND_FLEX_UPGRADE_FORMAT_ONLY_VARCHAR2_L30",""
"RA_INTERFACE_LINES","222","ORA_ASSIGNED_CREDITS","CREDIT","credit","INTERFACE_LINE_ATTRIBUTE4","Credit","Credit associated with the transaction.","Credit","Credit","","","40","Y","TEXT_BOX","30","","","","Y","","","","","","","","N","N","","N","","N","2018/12/19 00:48:16.863902","SEED_DATA_FROM_APPLICATION","2018/12/19 00:48:16.863902","SEED_DATA_FROM_APPLICATION","-1","ORA_HES_CREDIT",""
"RA_INTERFACE_LINES","222","ORA_ASSIGNED_CREDITS","CREDIT_ASSIGNMENT","creditAssignment","INTERFACE_LINE_ATTRIBUTE5","Credit Assignment","Identifier of the student credit assignment.","Credit Assignment","Credit Assignment","","","50","Y","TEXT_BOX","30","","","","Y","","","","","","","","N","N","","N","","N","2018/12/19 00:48:16.863902","SEED_DATA_FROM_APPLICATION","2018/12/19 00:48:16.863902","SEED_DATA_FROM_APPLICATION","-1","ORA_HES_CREDIT_ASSIGNMENT",""
"RA_INTERFACE_LINES","222","ORA_ASSIGNED_CREDITS","CURR_ID","currId","INTERFACE_LINE_ATTRIBUTE6","Curriculum ID","Identifier of the curriculum paid by the credit.","Curriculum ID","Curriculum ID","","","60","Y","TEXT_BOX","30","","","","N","","","","","","","","N","N","","N","","N","2018/12/19 00:48:16.863902","SEED_DATA_FROM_APPLICATION","2018/12/19 00:48:16.863902","SEED_DATA_FROM_APPLICATION","-1","ORA_HER_CURRICULUMS",""
"RA_INTERFACE_LINES","222","ORA_ASSIGNED_CREDITS","INSTITUTION","institution","INTERFACE_LINE_ATTRIBUTE2","Institution","Academic institution associated with the credit.","Institution","Institution","","","20","Y","TEXT_BOX","30","","","","Y","","","","","","","","N","N","","N","","N","2018/12/19 00:48:16.863902","SEED_DATA_FROM_APPLICATION","2018/12/19 00:48:16.863902","SEED_DATA_FROM_APPLICATION","-1","ORA_HER_ACADEMIC_INSTITUTIONS",""
"RA_INTERFACE_LINES","222","ORA_ASSIGNED_CREDITS","REPORTING_ACAD_PERIOD","reportingAcademicPeriod","INTERFACE_LINE_ATTRIBUTE3","Reporting Academic Period","Academic period in which the student is enrolled.","Reporting Academic Period","Reporting Academic Period","","","30","Y","TEXT_BOX","30","","","","Y","","","","","","","","N","N","","N","","N","2018/12/19 00:48:16.863902","SEED_DATA_FROM_APPLICATION","2018/12/19 00:48:16.863902","SEED_DATA_FROM_APPLICATION","-1","ORA_HER_ACADEMIC_PERIODS",""
"RA_INTERFACE_LINES","222","ORA_ASSIGNED_CREDITS","SPON_AGREEMENT_ID","sponAgreementId","INTERFACE_LINE_ATTRIBUTE8","Sponsorship Agreement ID","Identifier of the sponsor agreement associated with the credit.","Sponsorship Agreement ID","Sponsorship Agreement ID","","","80","Y","TEXT_BOX","30","","","","N","","","","","","","","N","N","","N","","N","2019/03/21 17:33:10.758764","SEED_DATA_FROM_APPLICATION","2019/03/21 17:33:10.758764","SEED_DATA_FROM_APPLICATION","-1","ORA_HES_SPONSOR_AGREEMENTS",""
"RA_INTERFACE_LINES","222","ORA_ASSIGNED_CREDITS","STDNT_CURR_ID","stdntCurrId","INTERFACE_LINE_ATTRIBUTE7","Student Curriculum Item","Identifier of the enrollment paid by the credit.","Student Curriculum Item","Student Curriculum Item","","","70","Y","TEXT_BOX","30","","","","N","","","","","","","","N","N","","N","","N","2018/12/19 00:48:16.863902","SEED_DATA_FROM_APPLICATION","2018/12/19 00:48:16.863902","SEED_DATA_FROM_APPLICATION","-1","ORA_HER_SCT_ITEMS",""
"RA_INTERFACE_LINES","222","ORA_ASSIGNED_CREDITS","TRANSACTION_POST","transactionPost","INTERFACE_LINE_ATTRIBUTE1","Transaction Post","Unique identifier for the transaction.","Transaction Post","Transaction Post","","","10","Y","TEXT_BOX","30","","","","Y","","","","","","","","N","N","","N","","N","2018/12/19 00:48:16.863902","SEED_DATA_FROM_APPLICATION","2018/12/19 00:48:16.863902","SEED_DATA_FROM_APPLICATION","-1","FND_FLEX_UPGRADE_FORMAT_ONLY_VARCHAR2_L30",""
"RA_INTERFACE_LINES","222","ORA_BIG MACHINES","Interface Line Attribute 11","interfaceLineAttribute11","INTERFACE_LINE_ATTRIBUTE11","Interface Line Attribute 11","","Interface Line Attribute 11","Interface Line Attribute 11","","","7","N","TEXT_BOX","30","","","","N","","","","","","","","N","N","","N","","N","2017/09/19 17:54:58.191","SEED_DATA_FROM_APPLICATION","2017/09/19 17:54:59.11","SEED_DATA_FROM_APPLICATION","-1","FND_FLEX_UPGRADE_FORMAT_ONLY_VARCHAR2_L30",""
"RA_INTERFACE_LINES","222","ORA_BIG MACHINES","Interface Line Attribute 12","interfaceLineAttribute12","INTERFACE_LINE_ATTRIBUTE12","Interface Line Attribute 12","","Interface Line Attribute 12","Interface Line Attribute 12","","","8","N","TEXT_BOX","30","","","","N","","","","","","","","N","N","","N","","N","2017/09/19 17:54:58.257","SEED_DATA_FROM_APPLICATION","2017/09/19 17:54:59.141","SEED_DATA_FROM_APPLICATION","-1","FND_FLEX_UPGRADE_FORMAT_ONLY_VARCHAR2_L30",""
"RA_INTERFACE_LINES","222","ORA_BIG MACHINES","Interface Line Attribute 15","interfaceLineAttribute15","INTERFACE_LINE_ATTRIBUTE15","Interface Line Attribute 15","","Interface Line Attribute 15","Interface Line Attribute 15","","","9","N","TEXT_BOX","30","","","","N","","","","","","","","N","N","","N","","N","2017/09/19 17:54:58.326","SEED_DATA_FROM_APPLICATION","2017/09/19 17:54:59.169","SEED_DATA_FROM_APPLICATION","-1","FND_FLEX_UPGRADE_FORMAT_ONLY_VARCHAR2_L30",""
"RA_INTERFACE_LINES","222","ORA_BIG MACHINES","Order Line Number","orderLineNumber","INTERFACE_LINE_ATTRIBUTE2","Order Line Number","","Order Line Number","Order Line Number","","","2","Y","TEXT_BOX","30","","","","Y","","","","","","","","N","N","","","","","2014/07/16 15:26:33.47","SEED_DATA_FROM_APPLICATION","2014/07/16 15:26:35.424","SEED_DATA_FROM_APPLICATION","-1","FND_FLEX_UPGRADE_FORMAT_ONLY_VARCHAR2_L30",""
"RA_INTERFACE_LINES","222","ORA_BIG MACHINES","Order Number","orderNumber","INTERFACE_LINE_ATTRIBUTE1","Order Number","","Order Number","Order Number","","","1","Y","TEXT_BOX","30","","","","Y","","","","","","","","N","N","","","","","2014/07/16 15:26:33.487","SEED_DATA_FROM_APPLICATION","2014/07/16 15:26:35.43","SEED_DATA_FROM_APPLICATION","-1","FND_FLEX_UPGRADE_FORMAT_ONLY_VARCHAR2_L30",""
"RA_INTERFACE_LINES","222","ORA_BIG MACHINES","Order Version","salesOrderVersion","INTERFACE_LINE_ATTRIBUTE5","Order Version","","Order Version","Order Version","","","5","Y","TEXT_BOX","30","","","","Y","","","","","","","","N","N","","","","","2015/07/01 02:08:11.407","SEED_DATA_FROM_APPLICATION","2015/07/01 02:08:20.554","SEED_DATA_FROM_APPLICATION","-1","FND_FLEX_UPGRADE_FORMAT_ONLY_VARCHAR2_L30",""
"RA_INTERFACE_LINES","222","ORA_BIG MACHINES","Org Id","orgId","INTERFACE_LINE_ATTRIBUTE6","Org Id","","Org Id","Org Id","","","6","Y","TEXT_BOX","30","","","","Y","","","","","","","","N","N","","","","","2015/07/01 02:08:11.473","SEED_DATA_FROM_APPLICATION","2015/07/01 02:08:20.601","SEED_DATA_FROM_APPLICATION","-1","FND_FLEX_UPGRADE_FORMAT_ONLY_VARCHAR2_L30",""
"RA_INTERFACE_LINES","222","ORA_BIG MACHINES","Period","period","INTERFACE_LINE_ATTRIBUTE4","Period","Period number of recurring invoices.","Period","Period","","","4","Y","TEXT_BOX","30","","","","Y","","","","","","","","N","N","","","","","2014/07/16 15:26:33.519","SEED_DATA_FROM_APPLICATION","2016/02/26 09:41:06.031","SEED_DATA_FROM_APPLICATION","-1","FND_FLEX_UPGRADE_FORMAT_ONLY_VARCHAR2_L30",""
"RA_INTERFACE_LINES","222","ORA_BIG MACHINES","Service Number","serviceNumber","INTERFACE_LINE_ATTRIBUTE3","Service Number","","Service Number","Service Number","","","3","Y","TEXT_BOX","30","","","","Y","","","","","","","","N","N","","","","","2014/07/16 15:26:33.555","SEED_DATA_FROM_APPLICATION","2014/07/16 15:26:35.434","SEED_DATA_FROM_APPLICATION","-1","FND_FLEX_UPGRADE_FORMAT_ONLY_VARCHAR2_L30",""
"RA_INTERFACE_LINES","222","ORA_CPQ CLOUD","Order Line Number","orderLineNumber","INTERFACE_LINE_ATTRIBUTE2","Order Line Number","","Order Line Number","Order Line Number","","","2","Y","TEXT_BOX","30","","","","Y","","","","","","","","N","N","","","","","2015/07/01 02:08:15.862","SEED_DATA_FROM_APPLICATION","2015/07/01 02:08:20.681","SEED_DATA_FROM_APPLICATION","-1","FND_FLEX_UPGRADE_FORMAT_ONLY_VARCHAR2_L30",""
"RA_INTERFACE_LINES","222","ORA_CPQ CLOUD","Order Number","orderNumber","INTERFACE_LINE_ATTRIBUTE1","Order Number","","Order Number","Order Number","","","1","Y","TEXT_BOX","30","","","","Y","","","","","","","","N","N","","","","","2015/07/01 02:08:15.928","SEED_DATA_FROM_APPLICATION","2015/07/01 02:08:20.704","SEED_DATA_FROM_APPLICATION","-1","FND_FLEX_UPGRADE_FORMAT_ONLY_VARCHAR2_L30",""
"RA_INTERFACE_LINES","222","ORA_CPQ CLOUD","Order Version","salesOrderVersion","INTERFACE_LINE_ATTRIBUTE5","Order Version","","Order Version","Order Version","","","5","N","TEXT_BOX","30","","","","N","","","","","","","","N","N","","","","","2015/07/01 02:08:15.965","SEED_DATA_FROM_APPLICATION","2015/07/01 02:08:20.726","SEED_DATA_FROM_APPLICATION","-1","FND_FLEX_UPGRADE_FORMAT_ONLY_VARCHAR2_L30",""
"RA_INTERFACE_LINES","222","ORA_CPQ CLOUD","Org Id","orgId","INTERFACE_LINE_ATTRIBUTE6","Org Id","","Org Id","Org Id","","","6","N","TEXT_BOX","30","","","","N","","","","","","","","N","N","","","","","2015/07/01 02:08:16.006","SEED_DATA_FROM_APPLICATION","2015/07/01 02:08:20.745","SEED_DATA_FROM_APPLICATION","-1","FND_FLEX_UPGRADE_FORMAT_ONLY_VARCHAR2_L30",""
"RA_INTERFACE_LINES","222","ORA_CPQ CLOUD","Period","period","INTERFACE_LINE_ATTRIBUTE4","Period","Period number of recurring invoices.","Period","Period","","","4","Y","TEXT_BOX","30","","","","Y","","","","","","","","N","N","","","","","2015/07/01 02:08:16.053","SEED_DATA_FROM_APPLICATION","2016/02/26 09:41:06.019","SEED_DATA_FROM_APPLICATION","-1","FND_FLEX_UPGRADE_FORMAT_ONLY_VARCHAR2_L30",""
"RA_INTERFACE_LINES","222","ORA_CPQ CLOUD","Service Number","serviceNumber","INTERFACE_LINE_ATTRIBUTE3","Service Number","","Service Number","Service Number","","","3","Y","TEXT_BOX","30","","","","Y","","","","","","","","N","N","","","","","2015/07/01 02:08:16.111","SEED_DATA_FROM_APPLICATION","2015/07/01 02:08:20.792","SEED_DATA_FROM_APPLICATION","-1","FND_FLEX_UPGRADE_FORMAT_ONLY_VARCHAR2_L30",""
"RA_INTERFACE_LINES","222","ORA_CURRICULUM_FEES","ACAD_PERIOD","acadPeriod","INTERFACE_LINE_ATTRIBUTE3","Academic Period","Academic period in which student is enrolled.","Academic Period","Academic Period","","","30","Y","TEXT_BOX","30","","","","Y","","","","","","","","N","N","","N","","N","2017/03/19 07:32:40.034","SEED_DATA_FROM_APPLICATION","2017/03/19 07:32:41.052","SEED_DATA_FROM_APPLICATION","-1","ORA_HER_ACADEMIC_PERIODS",""
"RA_INTERFACE_LINES","222","ORA_CURRICULUM_FEES","ADJ_CAL","adjCal","INTERFACE_LINE_ATTRIBUTE8","Adjustment Calendar","Calender used to calculate refund percentage for student drops and class cancellations.","Adjustment Calendar","Adjustment Calendar","","","80","Y","TEXT_BOX","30","","","","N","","","","","","","","N","N","","N","","N","2017/03/19 07:32:40.079","SEED_DATA_FROM_APPLICATION","2017/03/19 07:32:41.086","SEED_DATA_FROM_APPLICATION","-1","ORA_HES_ADJUSTMENT_CALENDARS",""
"RA_INTERFACE_LINES","222","ORA_CURRICULUM_FEES","ADJ_REASON","adjReason","INTERFACE_LINE_ATTRIBUTE9","Adjustment Reason","Reason code associated with a class drop or cancellation.","Adjustment Reason","Adjustment Reason","","","90","Y","TEXT_BOX","30","","","","N","","","","","","","","N","N","","N","","N","2017/03/19 07:32:40.115","SEED_DATA_FROM_APPLICATION","2017/03/19 07:32:41.141","SEED_DATA_FROM_APPLICATION","-1","ORA_HER_ACTION_REASONS",""
"RA_INTERFACE_LINES","222","ORA_CURRICULUM_FEES","CURR_ID","currId","INTERFACE_LINE_ATTRIBUTE6","Curriculum ID","Curriculum ID to which fee is attached, charge curriculum ID.","Curriculum","Curriculum","","","60","Y","TEXT_BOX","30","","","","Y","","","","","","","","N","N","","N","","N","2017/03/19 07:32:40.149","SEED_DATA_FROM_APPLICATION","2017/03/19 07:32:41.178","SEED_DATA_FROM_APPLICATION","-1","ORA_HER_CURRICULUMS",""
"RA_INTERFACE_LINES","222","ORA_CURRICULUM_FEES","DISC_ID","discId","INTERFACE_LINE_ATTRIBUTE5","Discount Code","Code applied to the charges at checkout of shopping cart to reduce total amount.","Discount Code","Discount Code","","","50","Y","TEXT_BOX","30","","","","N","","","","","","","","N","N","","N","","N","2017/03/19 07:32:40.187","SEED_DATA_FROM_APPLICATION","2017/03/19 07:32:41.21","SEED_DATA_FROM_APPLICATION","-1","ORA_HES_DISCOUNTS",""
"RA_INTERFACE_LINES","222","ORA_CURRICULUM_FEES","FEE_ID","feeId","INTERFACE_LINE_ATTRIBUTE4","Fee","Fee code attached to the curriculum ID.","Fee","Fee","","","40","Y","TEXT_BOX","30","","","","Y","","","","","","","","N","N","","N","","N","2017/03/19 07:32:40.23","SEED_DATA_FROM_APPLICATION","2017/03/19 07:32:41.237","SEED_DATA_FROM_APPLICATION","-1","ORA_HES_FEES",""
"RA_INTERFACE_LINES","222","ORA_CURRICULUM_FEES","INSTITUTION","institution","INTERFACE_LINE_ATTRIBUTE2","Institution","Academic institution associated with the charge.","Institution","Institution","","","20","Y","TEXT_BOX","30","","","","Y","","","","","","","","N","N","","N","","N","2017/03/19 07:32:40.273","SEED_DATA_FROM_APPLICATION","2017/03/19 07:32:41.284","SEED_DATA_FROM_APPLICATION","-1","ORA_HER_ACADEMIC_INSTITUTIONS",""
"RA_INTERFACE_LINES","222","ORA_CURRICULUM_FEES","STDNT_CURR_ID","stdntCurrId","INTERFACE_LINE_ATTRIBUTE7","Student Curriculum Item","Unique identifier for the student enrollment.","Student Curriculum Item","Student Curriculum Item","","","70","Y","TEXT_BOX","30","","","","Y","","","","","","","","N","N","","N","","N","2017/03/19 07:32:40.32","SEED_DATA_FROM_APPLICATION","2017/03/19 07:32:41.331","SEED_DATA_FROM_APPLICATION","-1","ORA_HER_SCT_ITEMS",""
"RA_INTERFACE_LINES","222","ORA_CURRICULUM_FEES","TRANSACTION_POST","transactionPost","INTERFACE_LINE_ATTRIBUTE1","Transaction Post","Reference to the transaction posting request detail.","Transaction Post","Transaction Post","","","10","Y","TEXT_BOX","30","","","","Y","","","","","","","","N","N","","N","","N","2017/03/19 07:32:40.363","SEED_DATA_FROM_APPLICATION","2017/03/19 07:32:41.366","SEED_DATA_FROM_APPLICATION","-1","FND_FLEX_UPGRADE_FORMAT_ONLY_VARCHAR2_L30",""
"RA_INTERFACE_LINES","222","ORA_DOO_ORIGIN_SUBSCRIPTIONS","Billing Schedule Number","billingScheduleNumber","INTERFACE_LINE_ATTRIBUTE3","Billing Schedule Number","","Billing Schedule Number","Billing Schedule Number","","","30","Y","TEXT_BOX","","","","","N","","","","","","","","N","N","","N","","N","2023/02/15 06:00:32.401909","SEED_DATA_FROM_APPLICATION","2023/02/15 06:00:32.401909","SEED_DATA_FROM_APPLICATION","-1","FND_FLEX_UPGRADE_FORMAT_ONLY_VARCHAR2_L30",""
"RA_INTERFACE_LINES","222","ORA_DOO_ORIGIN_SUBSCRIPTIONS","Charge Definition Code","chargeDefinitionCode","INTERFACE_LINE_ATTRIBUTE7","Charge Definition Code","","Charge Definition Code","Charge Definition Code","","","70","Y","TEXT_BOX","","","","","N","","","","","","","","N","N","","N","","N","2023/02/15 06:00:32.401909","SEED_DATA_FROM_APPLICATION","2023/02/15 06:00:32.401909","SEED_DATA_FROM_APPLICATION","-1","FND_FLEX_UPGRADE_FORMAT_ONLY_VARCHAR2_L30",""
"RA_INTERFACE_LINES","222","ORA_DOO_ORIGIN_SUBSCRIPTIONS","OM Fulfillment Line ID","omFulfillmentId","INTERFACE_LINE_ATTRIBUTE5","OM Fulfillment Line ID","","OM Fulfillment Line ID","OM Fulfillment Line ID","","","50","Y","TEXT_BOX","","","","","N","","","","","","","","N","N","","N","","N","2023/02/15 06:00:32.401909","SEED_DATA_FROM_APPLICATION","2023/02/15 06:00:32.401909","SEED_DATA_FROM_APPLICATION","-1","FND_FLEX_UPGRADE_FORMAT_ONLY_VARCHAR2_L30",""
"RA_INTERFACE_LINES","222","ORA_DOO_ORIGIN_SUBSCRIPTIONS","OM Header ID","omHeaderId","INTERFACE_LINE_ATTRIBUTE6","OM Header ID","","OM Header ID","OM Header ID","","","60","Y","TEXT_BOX","","","","","N","","","","","","","","N","N","","N","","N","2023/02/15 06:00:32.401909","SEED_DATA_FROM_APPLICATION","2023/02/15 06:00:32.401909","SEED_DATA_FROM_APPLICATION","-1","FND_FLEX_UPGRADE_FORMAT_ONLY_VARCHAR2_L30",""
"RA_INTERFACE_LINES","222","ORA_DOO_ORIGIN_SUBSCRIPTIONS","Originating Document Type ID","originatingDocumentTypeId","INTERFACE_LINE_ATTRIBUTE8","Originating Document Type ID","","Originating Document Type ID","Originating Document Type ID","","","80","Y","TEXT_BOX","","","","","N","","","","","","","","N","N","","N","","N","2023/02/15 06:00:32.401909","SEED_DATA_FROM_APPLICATION","2023/02/15 06:00:32.401909","SEED_DATA_FROM_APPLICATION","-1","FND_FLEX_UPGRADE_FORMAT_ONLY_VARCHAR2_L30",""
"RA_INTERFACE_LINES","222","ORA_DOO_ORIGIN_SUBSCRIPTIONS","Revenue Line Number","revenueLineNumber","INTERFACE_LINE_ATTRIBUTE4","Revenue Line Number","","Revenue Line Number","Revenue Line Number","","","40","Y","TEXT_BOX","","","","","N","","","","","","","","N","N","","N","","N","2023/02/15 06:00:32.401909","SEED_DATA_FROM_APPLICATION","2023/02/15 06:00:32.401909","SEED_DATA_FROM_APPLICATION","-1","FND_FLEX_UPGRADE_FORMAT_ONLY_VARCHAR2_L30",""
"RA_INTERFACE_LINES","222","ORA_DOO_ORIGIN_SUBSCRIPTIONS","Subscription Number","subscriptionNumber","INTERFACE_LINE_ATTRIBUTE1","Subscription Number","","Subscription Number","Subscription Number","","","10","Y","TEXT_BOX","","","","","N","","","","","","","","N","N","","N","","N","2023/02/15 06:00:32.401909","SEED_DATA_FROM_APPLICATION","2023/02/15 06:00:32.401909","SEED_DATA_FROM_APPLICATION","-1","FND_FLEX_UPGRADE_FORMAT_ONLY_VARCHAR2_L30",""
"RA_INTERFACE_LINES","222","ORA_DOO_ORIGIN_SUBSCRIPTIONS","Subscription Product Number","subscriptionProductNumber","INTERFACE_LINE_ATTRIBUTE2","Subscription Product Number","","Subscription Product Number","Subscription Product Number","","","20","Y","TEXT_BOX","","","","","N","","","","","","","","N","N","","N","","N","2023/02/15 06:00:32.401909","SEED_DATA_FROM_APPLICATION","2023/02/15 06:00:32.401909","SEED_DATA_FROM_APPLICATION","-1","FND_FLEX_UPGRADE_FORMAT_ONLY_VARCHAR2_L30",""
"RA_INTERFACE_LINES","222","ORA_EXTERNAL_CREDITS","ACAD_PERIOD","acadPeriod","INTERFACE_LINE_ATTRIBUTE3","Academic Period","Academic period in which the student is enrolled.","Academic Period","Academic Period","","","30","Y","TEXT_BOX","30","","","","N","","","","","","","","N","N","","N","","N","2018/12/19 00:48:16.863902","SEED_DATA_FROM_APPLICATION","2018/12/19 00:48:16.863902","SEED_DATA_FROM_APPLICATION","-1","ORA_HER_ACADEMIC_PERIODS",""
"RA_INTERFACE_LINES","222","ORA_EXTERNAL_CREDITS","ADJUST_REF","adjustmentReference","INTERFACE_LINE_ATTRIBUTE6","Adjustment Reference","Reference for the adjustment.","Adjustment Reference","Adjustment Reference","","","60","Y","TEXT_BOX","100","","","","N","","","","","","","","N","N","","N","","N","2018/12/19 00:48:16.863902","SEED_DATA_FROM_APPLICATION","2018/12/19 00:48:16.863902","SEED_DATA_FROM_APPLICATION","-1","FND_FLEX_UPGRADE_FORMAT_ONLY_VARCHAR2_L30",""
"RA_INTERFACE_LINES","222","ORA_EXTERNAL_CREDITS","CREDIT","Credit","INTERFACE_LINE_ATTRIBUTE4","Credit","Credit associated with the transaction.","Credit","Credit","","","40","Y","TEXT_BOX","30","","","","Y","","","","","","","","N","N","","N","","N","2018/12/19 00:48:16.863902","SEED_DATA_FROM_APPLICATION","2018/12/19 00:48:16.863902","SEED_DATA_FROM_APPLICATION","-1","ORA_HES_CREDIT",""
"RA_INTERFACE_LINES","222","ORA_EXTERNAL_CREDITS","INSTITUTION","institution","INTERFACE_LINE_ATTRIBUTE2","Institution","Academic institution associated with the credit.","Institution","Institution","","","20","Y","TEXT_BOX","30","","","","Y","","","","","","","","N","N","","N","","N","2018/12/19 00:48:16.863902","SEED_DATA_FROM_APPLICATION","2018/12/19 00:48:16.863902","SEED_DATA_FROM_APPLICATION","-1","ORA_HER_ACADEMIC_INSTITUTIONS",""
"RA_INTERFACE_LINES","222","ORA_EXTERNAL_CREDITS","PAYMENT_REF","paymentReference","INTERFACE_LINE_ATTRIBUTE5","Payment Reference","Reference for the payment.","Payment Reference","Payment Reference","","","50","Y","TEXT_BOX","100","","","","N","","","","","","","","N","N","","N","","N","2018/12/19 00:48:16.863902","SEED_DATA_FROM_APPLICATION","2018/12/19 00:48:16.863902","SEED_DATA_FROM_APPLICATION","-1","FND_FLEX_UPGRADE_FORMAT_ONLY_VARCHAR2_L30",""
"RA_INTERFACE_LINES","222","ORA_EXTERNAL_CREDITS","TRANSACTION_POST","transactionPost","INTERFACE_LINE_ATTRIBUTE1","Transaction Post","Unique identifier for the transaction.","Transaction Post","Transaction Post","","","10","Y","TEXT_BOX","30","","","","Y","","","","","","","","N","N","","N","","N","2018/12/19 00:48:16.863902","SEED_DATA_FROM_APPLICATION","2018/12/19 00:48:16.863902","SEED_DATA_FROM_APPLICATION","-1","FND_FLEX_UPGRADE_FORMAT_ONLY_VARCHAR2_L30",""
"RA_INTERFACE_LINES","222","ORA_FIXED ASSETS","Shipping__Line__Reference","shippingLineReference","INTERFACE_LINE_ATTRIBUTE2","Shipping Line Reference","Shipping Line Reference Information.","Shipping Line Reference","Shipping Line Reference","","","20","Y","TEXT_BOX","30","","","","N","","","","","","","","N","N","","N","","N","2017/09/19 17:54:58.488","SEED_DATA_FROM_APPLICATION","2017/09/19 17:54:59.208","SEED_DATA_FROM_APPLICATION","-1","FND_FLEX_UPGRADE_FORMAT_ONLY_VARCHAR2_L30",""
"RA_INTERFACE_LINES","222","ORA_FIXED ASSETS","Shipping__Reference","shippingReference","INTERFACE_LINE_ATTRIBUTE1","Shipping Reference","Shipping Reference Information.","Shipping Reference","Shipping Reference","","","10","Y","TEXT_BOX","30","","","","N","","","","","","","","N","N","","N","","N","2017/09/19 17:54:58.554","SEED_DATA_FROM_APPLICATION","2017/09/19 17:54:59.226","SEED_DATA_FROM_APPLICATION","-1","FND_FLEX_UPGRADE_FORMAT_ONLY_VARCHAR2_L30",""
"RA_INTERFACE_LINES","222","ORA_GENERAL_FEES","ACAD_PERIOD","acadPeriod","INTERFACE_LINE_ATTRIBUTE3","Academic Period","Academic period in which student is enrolled.","Academic Period","Academic Period","","","30","Y","TEXT_BOX","30","","","","Y","","","","","","","","N","N","","N","","N","2017/03/19 07:32:40.521","SEED_DATA_FROM_APPLICATION","2017/03/19 07:32:41.422","SEED_DATA_FROM_APPLICATION","-1","ORA_HER_ACADEMIC_PERIODS",""
"RA_INTERFACE_LINES","222","ORA_GENERAL_FEES","DISC_ID","discId","INTERFACE_LINE_ATTRIBUTE5","Discount","Code applied to the charges at checkout of shopping cart to reduce total amount.","Discount","Discount","","","50","Y","TEXT_BOX","30","","","","N","","","","","","","","N","N","","N","","N","2017/03/19 07:32:40.559","SEED_DATA_FROM_APPLICATION","2017/03/19 07:32:41.448","SEED_DATA_FROM_APPLICATION","-1","ORA_HES_DISCOUNTS",""
"RA_INTERFACE_LINES","222","ORA_GENERAL_FEES","FEE_ID","feeId","INTERFACE_LINE_ATTRIBUTE4","Fee","Fee code attached to the curriculum ID.","Fee","Fee","","","40","Y","TEXT_BOX","30","","","","Y","","","","","","","","N","N","","N","","N","2017/03/19 07:32:40.596","SEED_DATA_FROM_APPLICATION","2017/03/19 07:32:41.481","SEED_DATA_FROM_APPLICATION","-1","ORA_HES_FEES",""
"RA_INTERFACE_LINES","222","ORA_GENERAL_FEES","INSTITUTION","institution","INTERFACE_LINE_ATTRIBUTE2","Institution","Academic institution associated with the charge.","Institution","Institution","","","20","Y","TEXT_BOX","30","","","","Y","","","","","","","","N","N","","N","","N","2017/03/19 07:32:40.64","SEED_DATA_FROM_APPLICATION","2017/03/19 07:32:41.508","SEED_DATA_FROM_APPLICATION","-1","ORA_HER_ACADEMIC_INSTITUTIONS",""
"RA_INTERFACE_LINES","222","ORA_GENERAL_FEES","REFERENCE","reference","INTERFACE_LINE_ATTRIBUTE6","Reference ID","Additional reference information about the charge.","Reference","Reference","","","60","Y","TEXT_BOX","30","","","","N","","","","","","","","N","N","","N","","N","2017/03/19 07:32:40.683","SEED_DATA_FROM_APPLICATION","2017/03/19 07:32:41.541","SEED_DATA_FROM_APPLICATION","-1","FND_FLEX_UPGRADE_FORMAT_ONLY_VARCHAR2_L30",""
"RA_INTERFACE_LINES","222","ORA_GENERAL_FEES","REFERENCE_TYPE","referenceType","INTERFACE_LINE_ATTRIBUTE7","Reference Type","Information on the type of fee created.","Reference Type","Reference Type","","","70","Y","TEXT_BOX","30","","","","N","","","","","","","","N","N","","N","","N","2019/03/21 17:33:10.758764","SEED_DATA_FROM_APPLICATION","2019/03/21 17:33:10.758764","SEED_DATA_FROM_APPLICATION","-1","FND_FLEX_UPGRADE_FORMAT_ONLY_VARCHAR2_L30",""
"RA_INTERFACE_LINES","222","ORA_GENERAL_FEES","TRANSACTION_POST","transactionPost","INTERFACE_LINE_ATTRIBUTE1","Transaction Post","Reference to the transaction posting request.","Transaction Post","Transaction Post","","","10","Y","TEXT_BOX","30","","","","Y","","","","","","","","N","N","","N","","N","2017/03/19 07:32:40.726","SEED_DATA_FROM_APPLICATION","2017/03/19 07:32:41.582","SEED_DATA_FROM_APPLICATION","-1","FND_FLEX_UPGRADE_FORMAT_ONLY_VARCHAR2_L30",""
"RA_INTERFACE_LINES","222","ORA_LEASE_ACCOUNTING","Asset Number","assetNumber","INTERFACE_LINE_ATTRIBUTE2","Asset Number","Segment of the Lease Accounting Receivables Transaction Line descriptive flexfield that stores the asset number of the billing item.","Asset Number","Asset Number","","","20","Y","TEXT_BOX","","","","","N","","","","","","","","N","N","","N","","N","2023/08/09 06:58:52.670019","SEED_DATA_FROM_APPLICATION","2023/08/09 06:58:52.670019","SEED_DATA_FROM_APPLICATION","-1","FND_FLEX_UPGRADE_FORMAT_ONLY_VARCHAR2_L30",""
"RA_INTERFACE_LINES","222","ORA_LEASE_ACCOUNTING","Billing Item Id","billingItemId","INTERFACE_LINE_ATTRIBUTE5","Billing Item Id","Segment of the Lease Accounting Receivables Transaction Line descriptive flexfield that stores the unique identifier of the billing item.","Billing Item Id","Billing Item Id","","","50","Y","TEXT_BOX","","","","","Y","","","","","","","","N","N","","N","","N","2023/08/09 06:58:52.670019","SEED_DATA_FROM_APPLICATION","2023/08/09 06:58:52.670019","SEED_DATA_FROM_APPLICATION","-1","FND_FLEX_UPGRADE_FORMAT_ONLY_VARCHAR2_L30",""
"RA_INTERFACE_LINES","222","ORA_LEASE_ACCOUNTING","Billing Number","billingNumber","INTERFACE_LINE_ATTRIBUTE6","Billing Number","Segment of the Lease Accounting Receivables Transaction Line descriptive flexfield that stores the billing number of the billing item.","Billing Number","Billing Number","","","60","Y","TEXT_BOX","","","","","N","","","","","","","","N","N","","N","","N","2023/08/09 06:58:52.670019","SEED_DATA_FROM_APPLICATION","2023/08/09 06:58:52.670019","SEED_DATA_FROM_APPLICATION","-1","FND_FLEX_UPGRADE_FORMAT_ONLY_VARCHAR2_L30",""
"RA_INTERFACE_LINES","222","ORA_LEASE_ACCOUNTING","Billing Purpose","billingPurpose","INTERFACE_LINE_ATTRIBUTE3","Billing Purpose","Segment of the Lease Accounting Receivables Transaction Line descriptive flexfield that stores the billing purpose of the billing item.","Billing Purpose","Billing Purpose","","","30","Y","TEXT_BOX","","","","","Y","","","","","","","","N","N","","N","","N","2023/08/09 06:58:52.670019","SEED_DATA_FROM_APPLICATION","2023/08/09 06:58:52.670019","SEED_DATA_FROM_APPLICATION","-1","FND_FLEX_UPGRADE_FORMAT_ONLY_VARCHAR2_L30",""
"RA_INTERFACE_LINES","222","ORA_LEASE_ACCOUNTING","Billing Type","billingType","INTERFACE_LINE_ATTRIBUTE4","Billing Type","Segment of the Lease Accounting Receivables Transaction Line descriptive flexfield that stores the billing type of the billing item.","Billing Type","Billing Type","","","40","Y","TEXT_BOX","","","","","N","","","","","","","","N","N","","N","","N","2023/08/09 06:58:52.670019","SEED_DATA_FROM_APPLICATION","2023/08/09 06:58:52.670019","SEED_DATA_FROM_APPLICATION","-1","FND_FLEX_UPGRADE_FORMAT_ONLY_VARCHAR2_L30",""
"RA_INTERFACE_LINES","222","ORA_LEASE_ACCOUNTING","From Payment Date","fromDate","INTERFACE_LINE_ATTRIBUTE9","From Payment Date","From and To Dates of the Billing Item Id.","From Payment Date","From Payment Date","","","90","Y","TEXT_BOX","","","","","N","","","","","","","","N","N","","N","","N","2023/08/09 06:58:52.670019","SEED_DATA_FROM_APPLICATION","2023/08/09 06:58:52.670019","SEED_DATA_FROM_APPLICATION","-1","FND_FLEX_UPGRADE_FORMAT_ONLY_VARCHAR2_L30",""
"RA_INTERFACE_LINES","222","ORA_LEASE_ACCOUNTING","Lease Number","leaseNumber","INTERFACE_LINE_ATTRIBUTE1","Lease Number","Segment of the Lease Accounting Receivables Transaction Line descriptive flexfield that stores the lease number of the billing item.","Lease Number","Lease Number","","","10","Y","TEXT_BOX","","","","","Y","","","","","","","","N","N","","N","","N","2023/08/09 06:58:52.670019","SEED_DATA_FROM_APPLICATION","2023/08/09 06:58:52.670019","SEED_DATA_FROM_APPLICATION","-1","FND_FLEX_UPGRADE_FORMAT_ONLY_VARCHAR2_L30",""
"RA_INTERFACE_LINES","222","ORA_LEASE_ACCOUNTING","Property Location","propertyLocation","INTERFACE_LINE_ATTRIBUTE8","Property Location","Segment of the Lease Accounting Receivables Transaction Line descriptive flexfield that stores the internal HR business unit location of the asset.","Property Location","Property Location","","","80","Y","TEXT_BOX","","","","","Y","","","","","","","","N","N","","N","","N","2023/08/09 06:58:52.670019","SEED_DATA_FROM_APPLICATION","2023/08/09 06:58:52.670019","SEED_DATA_FROM_APPLICATION","-1","FND_FLEX_UPGRADE_FORMAT_ONLY_VARCHAR2_L30",""
"RA_INTERFACE_LINES","222","ORA_LEASE_ACCOUNTING","Property Number","propertyNumber","INTERFACE_LINE_ATTRIBUTE7","Property Number","Segment of the Lease Accounting Receivables Transaction Line descriptive flexfield that stores the hierarchical property number of the billing item.","Property Number","Property Number","","","70","Y","TEXT_BOX","","","","","Y","","","","","","","","N","N","","N","","N","2023/08/09 06:58:52.670019","SEED_DATA_FROM_APPLICATION","2023/08/09 06:58:52.670019","SEED_DATA_FROM_APPLICATION","-1","FND_FLEX_UPGRADE_FORMAT_ONLY_VARCHAR2_L30",""
"RA_INTERFACE_LINES","222","ORA_LEASE_ACCOUNTING","To Payment Date","toDate","INTERFACE_LINE_ATTRIBUTE10","To Payment Date","To Dates of the Billing Item Id.","To Payment Date","To Payment Date","","","100","Y","TEXT_BOX","","","","","N","","","","","","","","N","N","","N","","N","2023/08/09 06:58:52.670019","SEED_DATA_FROM_APPLICATION","2023/08/09 06:58:52.670019","SEED_DATA_FROM_APPLICATION","-1","FND_FLEX_UPGRADE_FORMAT_ONLY_VARCHAR2_L30",""
"RA_INTERFACE_LINES","222","ORA_PSCR","Agency","agency","INTERFACE_LINE_ATTRIBUTE5","Agency","Entity issuing the invoice.","Agency","Agency","","","50","Y","TEXT_BOX","","","","","N","","","","","","","","N","N","","N","","N","2020/03/20 00:08:10.914931","SEED_DATA_FROM_APPLICATION","2020/03/20 00:08:10.914931","SEED_DATA_FROM_APPLICATION","-1","FND_FLEX_UPGRADE_FORMAT_ONLY_VARCHAR2_L30",""
"RA_INTERFACE_LINES","222","ORA_PSCR","Bill","bill","INTERFACE_LINE_ATTRIBUTE7","Bill","Unique key of the PSCR bill.","Bill","Bill","","","70","Y","TEXT_BOX","","","","","N","","","","","","","","N","N","","N","","N","2020/03/20 00:08:10.914931","SEED_DATA_FROM_APPLICATION","2020/03/20 00:08:10.914931","SEED_DATA_FROM_APPLICATION","-1","FND_FLEX_UPGRADE_FORMAT_ONLY_VARCHAR2_L30",""
"RA_INTERFACE_LINES","222","ORA_PSCR","Bill Line","billLine","INTERFACE_LINE_ATTRIBUTE8","Bill Line","Unique key of the PSCR bill line.","Bill Line","Bill Line","","","80","Y","TEXT_BOX","","","","","N","","","","","","","","N","N","","N","","N","2020/03/20 00:08:10.914931","SEED_DATA_FROM_APPLICATION","2020/03/20 00:08:10.914931","SEED_DATA_FROM_APPLICATION","-1","FND_FLEX_UPGRADE_FORMAT_ONLY_VARCHAR2_L30",""
"RA_INTERFACE_LINES","222","ORA_PSCR","Bill Type","billType","INTERFACE_LINE_ATTRIBUTE6","Bill Type","Classifies invoices in PSCR into groups that have similar characteristics.","Bill Type","Bill Type","","","60","Y","TEXT_BOX","","","","","N","","","","","","","","N","N","","N","","N","2020/03/20 00:08:10.914931","SEED_DATA_FROM_APPLICATION","2020/03/20 00:08:10.914931","SEED_DATA_FROM_APPLICATION","-1","FND_FLEX_UPGRADE_FORMAT_ONLY_VARCHAR2_L30",""
"RA_INTERFACE_LINES","222","ORA_PSCR","Department","department","INTERFACE_LINE_ATTRIBUTE1","Department","Department to which the fee item is assigned.","Department","Department","","","10","Y","TEXT_BOX","","","","","N","","","","","","","","N","N","","N","","N","2020/03/20 00:08:10.914931","SEED_DATA_FROM_APPLICATION","2020/03/20 00:08:10.914931","SEED_DATA_FROM_APPLICATION","-1","FND_FLEX_UPGRADE_FORMAT_ONLY_VARCHAR2_L30",""
"RA_INTERFACE_LINES","222","ORA_PSCR","Invoice Type","invoiceType","INTERFACE_LINE_ATTRIBUTE2","Invoice Type","Type of permit, citation, business license.","Invoice Type","Invoice Type","","","20","Y","TEXT_BOX","","","","","N","","","","","","","","N","N","","N","","N","2020/03/20 00:08:10.914931","SEED_DATA_FROM_APPLICATION","2020/03/20 00:08:10.914931","SEED_DATA_FROM_APPLICATION","-1","FND_FLEX_UPGRADE_FORMAT_ONLY_VARCHAR2_L30",""
"RA_INTERFACE_LINES","222","ORA_PSCR","Record ID","recordId","INTERFACE_LINE_ATTRIBUTE4","Record ID","PSCR source transaction identifier displayed to the user.","Record ID","Record ID","","","40","Y","TEXT_BOX","","","","","N","","","","","","","","N","N","","N","","N","2020/03/20 00:08:10.914931","SEED_DATA_FROM_APPLICATION","2020/03/20 00:08:10.914931","SEED_DATA_FROM_APPLICATION","-1","FND_FLEX_UPGRADE_FORMAT_ONLY_VARCHAR2_L30",""
"RA_INTERFACE_LINES","222","ORA_PSCR","Transaction","transaction","INTERFACE_LINE_ATTRIBUTE3","Transaction Origin","Source application where the line originated.","Transaction Origin","Transaction Origin","","","30","Y","TEXT_BOX","","","","","N","","","","","","","","N","N","","N","","N","2020/03/20 00:08:10.914931","SEED_DATA_FROM_APPLICATION","2020/03/20 00:08:10.914931","SEED_DATA_FROM_APPLICATION","-1","FND_FLEX_UPGRADE_FORMAT_ONLY_VARCHAR2_L30",""
"RA_INTERFACE_LINES","222","ORA_RECURRING BILL","Bill Plan Name","billPlanName","INTERFACE_LINE_ATTRIBUTE1","Bill Plan Name","Name of the Bill Plan.","Bill Plan Name","Bill Plan Name","","","1","Y","TEXT_BOX","30","","","","Y","","","","","","","","N","N","","","","","2016/05/19 01:02:20.109","SEED_DATA_FROM_APPLICATION","2016/05/19 01:02:44.38","SEED_DATA_FROM_APPLICATION","-1","FND_FLEX_UPGRADE_FORMAT_ONLY_VARCHAR2_L30",""
"RA_INTERFACE_LINES","222","ORA_RECURRING BILL","Line Number","lineNumber","INTERFACE_LINE_ATTRIBUTE3","Line Number","Invoice Line Number for a recurring bill.","Line Number","Line Number","","","3","Y","TEXT_BOX","30","","","","Y","","","","","","","","N","N","","","","","2016/05/19 01:02:25.199","SEED_DATA_FROM_APPLICATION","2016/05/19 01:02:44.458","SEED_DATA_FROM_APPLICATION","-1","FND_FLEX_UPGRADE_FORMAT_ONLY_VARCHAR2_L30",""
"RA_INTERFACE_LINES","222","ORA_RECURRING BILL","Period","period","INTERFACE_LINE_ATTRIBUTE2","Period","Period number of recurring invoices.","Period","Period","","","2","Y","TEXT_BOX","30","","","","Y","","","","","","","","N","N","","","","","2016/05/19 01:02:33.775","SEED_DATA_FROM_APPLICATION","2016/05/19 01:02:44.486","SEED_DATA_FROM_APPLICATION","-1","FND_FLEX_UPGRADE_FORMAT_ONLY_VARCHAR2_L30",""
"RA_INTERFACE_LINES","222","ORA_SPONSORSHIP_FEES","CREDIT_ASSIGNMENT","creditAssignment","INTERFACE_LINE_ATTRIBUTE5","Credit Assignment","Identifier of the student credit assignment.","Credit Assignment","Credit Assignment","","","50","Y","TEXT_BOX","30","","","","N","","","","","","","","N","N","","N","","N","2019/03/21 17:33:10.758764","SEED_DATA_FROM_APPLICATION","2019/03/21 17:33:10.758764","SEED_DATA_FROM_APPLICATION","-1","ORA_HES_CREDIT_ASSIGNMENT",""
"RA_INTERFACE_LINES","222","ORA_SPONSORSHIP_FEES","CURR_ID","currId","INTERFACE_LINE_ATTRIBUTE6","Curriculum ID","Identifier of the curriculum paid by the credit.","Curriculum ID","Curriculum ID","","","60","Y","TEXT_BOX","30","","","","N","","","","","","","","N","N","","N","","N","2019/03/21 17:33:10.758764","SEED_DATA_FROM_APPLICATION","2019/03/21 17:33:10.758764","SEED_DATA_FROM_APPLICATION","-1","ORA_HER_CURRICULUMS",""
"RA_INTERFACE_LINES","222","ORA_SPONSORSHIP_FEES","FEE_ID","feeId","INTERFACE_LINE_ATTRIBUTE4","Fee","Credit associated with the transaction.","Fee","Fee","","","40","Y","TEXT_BOX","30","","","","Y","","","","","","","","N","N","","N","","N","2019/03/21 17:33:10.758764","SEED_DATA_FROM_APPLICATION","2019/03/21 17:33:10.758764","SEED_DATA_FROM_APPLICATION","-1","ORA_HES_FEES",""
"RA_INTERFACE_LINES","222","ORA_SPONSORSHIP_FEES","INSTITUTION","institution","INTERFACE_LINE_ATTRIBUTE2","Institution","Academic institution associated with the credit.","Institution","Institution","","","20","Y","TEXT_BOX","30","","","","Y","","","","","","","","N","N","","N","","N","2019/03/21 17:33:10.758764","SEED_DATA_FROM_APPLICATION","2019/03/21 17:33:10.758764","SEED_DATA_FROM_APPLICATION","-1","ORA_HER_ACADEMIC_INSTITUTIONS",""
"RA_INTERFACE_LINES","222","ORA_SPONSORSHIP_FEES","REFERENCE","reference","INTERFACE_LINE_ATTRIBUTE10","Reference","Additional reference information about the charge.","Reference","Reference","","","100","Y","TEXT_BOX","30","","","","N","","","","","","","","N","N","","N","","N","2019/03/21 17:33:10.758764","SEED_DATA_FROM_APPLICATION","2019/03/21 17:33:10.758764","SEED_DATA_FROM_APPLICATION","-1","FND_FLEX_UPGRADE_FORMAT_ONLY_VARCHAR2_L30",""
"RA_INTERFACE_LINES","222","ORA_SPONSORSHIP_FEES","REPORTING_ACAD_PERIOD","reportingAcademicPeriod","INTERFACE_LINE_ATTRIBUTE3","Reporting Academic Period","Academic period in which the student is enrolled.","Reporting Academic Period","Reporting Academic Period","","","30","Y","TEXT_BOX","30","","","","Y","","","","","","","","N","N","","N","","N","2019/03/21 17:33:10.758764","SEED_DATA_FROM_APPLICATION","2019/03/21 17:33:10.758764","SEED_DATA_FROM_APPLICATION","-1","ORA_HER_ACADEMIC_PERIODS",""
"RA_INTERFACE_LINES","222","ORA_SPONSORSHIP_FEES","SPON_AGREEMENT_ID","sponAgreementId","INTERFACE_LINE_ATTRIBUTE8","Sponsorship Agreement ID","Identifier of the sponsor agreement associated with the credit.","Sponsorship Agreement ID","Sponsorship Agreement ID","","","80","Y","TEXT_BOX","30","","","","N","","","","","","","","N","N","","N","","N","2019/03/21 17:33:10.758764","SEED_DATA_FROM_APPLICATION","2019/03/21 17:33:10.758764","SEED_DATA_FROM_APPLICATION","-1","ORA_HES_SPONSOR_AGREEMENTS",""
"RA_INTERFACE_LINES","222","ORA_SPONSORSHIP_FEES","STDNT_CURR_ID","stdntCurrId","INTERFACE_LINE_ATTRIBUTE7","Student Curriculum Item","Identifier of the enrollment paid by the credit.","Student Curriculum Item","Student Curriculum Item","","","70","Y","TEXT_BOX","30","","","","N","","","","","","","","N","N","","N","","N","2019/03/21 17:33:10.758764","SEED_DATA_FROM_APPLICATION","2019/03/21 17:33:10.758764","SEED_DATA_FROM_APPLICATION","-1","ORA_HER_SCT_ITEMS",""
"RA_INTERFACE_LINES","222","ORA_SPONSORSHIP_FEES","TRANSACTION_ID","transactionId","INTERFACE_LINE_ATTRIBUTE9","Transaction ID","Identifier of the transaction associated with the credit.","Transaction ID","Transaction ID","","","90","Y","TEXT_BOX","30","","","","N","","","","","","","","N","N","","N","","N","2019/03/21 17:33:10.758764","SEED_DATA_FROM_APPLICATION","2019/03/21 17:33:10.758764","SEED_DATA_FROM_APPLICATION","-1","FND_FLEX_UPGRADE_FORMAT_ONLY_VARCHAR2_L30",""
"RA_INTERFACE_LINES","222","ORA_SPONSORSHIP_FEES","TRANSACTION_POST","transactionPost","INTERFACE_LINE_ATTRIBUTE1","Transaction Post","Unique identifier for the transaction.","Transaction Post","Transaction Post","","","10","Y","TEXT_BOX","30","","","","Y","","","","","","","","N","N","","N","","N","2019/03/21 17:33:10.758764","SEED_DATA_FROM_APPLICATION","2019/03/21 17:33:10.758764","SEED_DATA_FROM_APPLICATION","-1","FND_FLEX_UPGRADE_FORMAT_ONLY_VARCHAR2_L30",""
"RA_INTERFACE_LINES","222","Subscriptions Context","Billing Schedule Number","billingScheduleNumber","INTERFACE_LINE_ATTRIBUTE3","Billing Schedule Number","","Billing Schedule Number","Billing Schedule Number","","","30","Y","TEXT_BOX","","","","","N","","","","","","","","N","N","","N","","N","2018/09/21 04:36:23.144389","SEED_DATA_FROM_APPLICATION","2018/09/21 04:36:23.144389","SEED_DATA_FROM_APPLICATION","-1","FND_FLEX_UPGRADE_FORMAT_ONLY_VARCHAR2_L30",""
"RA_INTERFACE_LINES","222","Subscriptions Context","Revenue Line Number","revenueLineNumber","INTERFACE_LINE_ATTRIBUTE4","Revenue Line Number","","Revenue Line Number","Revenue Line Number","","","40","Y","TEXT_BOX","","","","","N","","","","","","","","N","N","","N","","N","2018/09/21 04:36:23.144389","SEED_DATA_FROM_APPLICATION","2018/09/21 04:36:23.144389","SEED_DATA_FROM_APPLICATION","-1","FND_FLEX_UPGRADE_FORMAT_ONLY_VARCHAR2_L30",""
"RA_INTERFACE_LINES","222","Subscriptions Context","Subscription Number","subscriptionNumber","INTERFACE_LINE_ATTRIBUTE1","Subscription Number","","Subscription Number","Subscription Number","","","10","Y","TEXT_BOX","","","","","N","","","","","","","","N","N","","N","","N","2018/09/21 04:36:23.144389","SEED_DATA_FROM_APPLICATION","2018/09/21 04:36:23.144389","SEED_DATA_FROM_APPLICATION","-1","FND_FLEX_UPGRADE_FORMAT_ONLY_VARCHAR2_L30",""
"RA_INTERFACE_LINES","222","Subscriptions Context","Subscription Product Number","subscriptionProductNumber","INTERFACE_LINE_ATTRIBUTE2","Subscription Product Number","","Subscription Product Number","Subscription Product Number","","","20","Y","TEXT_BOX","","","","","N","","","","","","","","N","N","","N","","N","2018/09/21 04:36:23.144389","SEED_DATA_FROM_APPLICATION","2018/09/21 04:36:23.144389","SEED_DATA_FROM_APPLICATION","-1","FND_FLEX_UPGRADE_FORMAT_ONLY_VARCHAR2_L30",""
