<?xml version="1.0" encoding="utf-8"?>
<artifactListing>	<resource name="Document Repository" id="Document Repository.csv" type="Assigned Roles" cloneOnly="false" size="" path="/Native Directory/Assigned Roles/Default Application Group" pathAlias="/Native Directory/Assigned Roles/Default Application Group" modifiedBy="" lastUpdated="" description=""/>
	<resource name="VisCnsl" id="VisCnsl.csv" type="Assigned Roles" cloneOnly="false" size="" path="/Native Directory/Assigned Roles/Default Application Group" pathAlias="/Native Directory/Assigned Roles/Default Application Group" modifiedBy="" lastUpdated="" description=""/>
	<resource name="EssbaseCluster-1" id="EssbaseCluster-1.csv" type="Assigned Roles" cloneOnly="false" size="" path="/Native Directory/Assigned Roles/EssbaseCluster-1" pathAlias="/Native Directory/Assigned Roles/EssbaseCluster-1" modifiedBy="" lastUpdated="" description=""/>
	<resource name="VisCnsl" id="VisCnsl.csv" type="Assigned Roles" cloneOnly="false" size="" path="/Native Directory/Assigned Roles/EssbaseCluster-1" pathAlias="/Native Directory/Assigned Roles/EssbaseCluster-1" modifiedBy="" lastUpdated="" description=""/>
	<resource name="FDM Enterprise Edition" id="FDM Enterprise Edition.csv" type="Assigned Roles" cloneOnly="false" size="" path="/Native Directory/Assigned Roles/FDM" pathAlias="/Native Directory/Assigned Roles/FDM" modifiedBy="" lastUpdated="" description=""/>
	<resource name="Calculation Manager" id="Calculation Manager.csv" type="Assigned Roles" cloneOnly="false" size="" path="/Native Directory/Assigned Roles/Foundation" pathAlias="/Native Directory/Assigned Roles/Foundation" modifiedBy="" lastUpdated="" description=""/>
	<resource name="Deployment Metadata" id="Deployment Metadata.csv" type="Assigned Roles" cloneOnly="false" size="" path="/Native Directory/Assigned Roles/Foundation" pathAlias="/Native Directory/Assigned Roles/Foundation" modifiedBy="" lastUpdated="" description=""/>
	<resource name="Shared Services" id="Shared Services.csv" type="Assigned Roles" cloneOnly="false" size="" path="/Native Directory/Assigned Roles/Foundation" pathAlias="/Native Directory/Assigned Roles/Foundation" modifiedBy="" lastUpdated="" description=""/>
	<resource name="Groups" id="Groups.csv" type="Groups" cloneOnly="false" size="" path="/Native Directory" pathAlias="/Native Directory" modifiedBy="" lastUpdated="" description=""/>
	<resource name="Predefined-Groups" id="Predefined-Groups.csv" type="Predefined-Groups" cloneOnly="false" size="" path="/Native Directory" pathAlias="/Native Directory" modifiedBy="" lastUpdated="" description=""/>
	<resource name="Roles" id="Roles.csv" type="Aggregated Roles" cloneOnly="false" size="" path="/Native Directory" pathAlias="/Native Directory" modifiedBy="" lastUpdated="" description=""/>
	<resource name="Users" id="Users.csv" type="Users" cloneOnly="false" size="" path="/Native Directory" pathAlias="/Native Directory" modifiedBy="" lastUpdated="" description=""/>
	<resource name="Options" id="Options.csv" type="Infra Options" cloneOnly="false" size="" path="/Options" pathAlias="/Options" modifiedBy="" lastUpdated="" description=""/>
    </artifactListing>
