{
    "openapi": "3.0.0",
    "info": {
        "title": "Search Criteria",
        "version": "1.0.0"
    },
    "servers": [
        {
            "url": "vb-catalog://backends/FlexTestServices/search_desc",
            "description": "Ords Xxmcd Erpintg",
            "x-vb": {
            }
        }
    ],
    "paths": {
        "/wildcard/": {
            "post": {
                "operationId": "postWildcard",
                "requestBody": {
                    "description": "Request for application/json",
                    "content": {
                        "application/json": {
                            "schema": {
                                "$ref": "#/components/schemas/PostWildcardRequest"
                            },
                            "examples": {
                                "vb": {
                                    "summary": "Example stored by VB User",
                                    "externalValue": "./examples/postWildcard/request_application_json_vb.json"
                                }
                            }
                        }
                    }
                },
                "responses": {
                    "default": {
                        "description": "Response for default",
                        "content": {
                            "application/json": {
                                "schema": {
                                    "$ref": "#/components/schemas/PostWildcardResponse"
                                },
                                "examples": {
                                    "vb": {
                                        "summary": "Example stored by VB User",
                                        "externalValue": "./examples/postWildcard/response_default_application_json_vb.json"
                                    }
                                }
                            }
                        }
                    }
                },
                "x-vb": {
                    "actionHint": "create"
                }
            }
        }
    },
    "components": {
        "schemas": {
            "PostWildcardRequest": {
                "type": "object",
                "properties": {
                    "attri1": {
                        "type": "string"
                    },
                    "lookup": {
                        "type": "string"
                    },
                    "desc": {
                        "nullable": true
                    },
                    "lookupcode": {
                        "nullable": true
                    },
                    "orcl1": {
                        "nullable": true
                    },
                    "orcl2": {
                        "nullable": true
                    },
                    "orcl3": {
                        "nullable": true
                    },
                    "orcl4": {
                        "nullable": true
                    },
                    "orcl5": {
                        "nullable": true
                    }
                }
            },
            "PostWildcardResponse": {
                "type": "object",
                "properties": {
                    "mapper_results": {
                        "type": "array",
                        "items": {
                            "type": "object",
                            "properties": {
                                "set_of_books_id": {
                                    "nullable": true
                                },
                                "set_of_books_name": {
                                    "type": "string"
                                },
                                "lookup_type": {
                                    "type": "string"
                                },
                                "lookup_code": {
                                    "type": "string"
                                },
                                "description": {
                                    "type": "string"
                                },
                                "orcl_segment1": {
                                    "nullable": true
                                },
                                "orcl_segment2": {
                                    "type": "string"
                                },
                                "orcl_segment3": {
                                    "nullable": true
                                },
                                "orcl_segment4": {
                                    "nullable": true
                                },
                                "orcl_segment5": {
                                    "type": "string"
                                },
                                "orcl_segment6": {
                                    "nullable": true
                                },
                                "orcl_segment7": {
                                    "nullable": true
                                },
                                "lgcy_segment1": {
                                    "nullable": true
                                },
                                "lgcy_segment2": {
                                    "nullable": true
                                },
                                "lgcy_segment3": {
                                    "nullable": true
                                },
                                "lgcy_segment4": {
                                    "nullable": true
                                },
                                "lgcy_segment5": {
                                    "nullable": true
                                },
                                "lgcy_segment6": {
                                    "nullable": true
                                },
                                "lgcy_segment7": {
                                    "nullable": true
                                },
                                "enable_flag": {
                                    "type": "string"
                                },
                                "start_date_active": {
                                    "type": "string"
                                },
                                "end_date_active": {
                                    "type": "string"
                                },
                                "attribute_category": {
                                    "nullable": true
                                },
                                "attribute1": {
                                    "type": "string"
                                },
                                "attribute2": {
                                    "nullable": true
                                },
                                "attribute3": {
                                    "nullable": true
                                },
                                "attribute4": {
                                    "nullable": true
                                },
                                "attribute5": {
                                    "nullable": true
                                },
                                "attribute6": {
                                    "nullable": true
                                },
                                "attribute7": {
                                    "nullable": true
                                },
                                "attribute8": {
                                    "nullable": true
                                },
                                "attribute9": {
                                    "nullable": true
                                },
                                "attribute10": {
                                    "nullable": true
                                },
                                "attribute11": {
                                    "nullable": true
                                },
                                "attribute12": {
                                    "nullable": true
                                },
                                "attribute13": {
                                    "nullable": true
                                },
                                "attribute14": {
                                    "nullable": true
                                },
                                "attribute15": {
                                    "nullable": true
                                },
                                "interface_type": {
                                    "type": "string"
                                },
                                "created_by": {
                                    "type": "string"
                                },
                                "creation_date": {
                                    "type": "string"
                                },
                                "last_update_login": {
                                    "type": "string"
                                },
                                "last_updated_by": {
                                    "type": "string"
                                },
                                "last_update_date": {
                                    "type": "string"
                                },
                                "mapper_id": {
                                    "type": "integer"
                                },
                                "orcl_segment8": {
                                    "nullable": true
                                }
                            }
                     }
                    }
                }
            }
        }
    }
}