{
    "fields": [
        {
            "type": "number",
            "name": "id",
            "key": true,
            "oid": "67bdd956-2771-49c3-92d6-7adc5aac3c32",
            "required": true,
            "unique": true,
            "displayLabel": "Id"
        },
        {
            "type": "datetime",
            "name": "creationDate",
            "oid": "96351525-901c-495f-bd12-5604294da2ce",
            "displayLabel": "Created",
            "historyType": "timeCreated"
        },
        {
            "type": "datetime",
            "name": "lastUpdateDate",
            "oid": "85fcef89-16cf-45cc-b57e-ee5f7c6d152d",
            "displayLabel": "Last Updated",
            "historyType": "timeUpdated"
        },
        {
            "type": "string",
            "name": "createdBy",
            "oid": "87722231-da29-4ff1-8d33-624629bb7f23",
            "displayLabel": "Created By",
            "historyType": "createdBy"
        },
        {
            "type": "string",
            "name": "lastUpdatedBy",
            "oid": "499750c0-dc29-410d-a8e3-02195dc7afba",
            "displayLabel": "Last Updated By",
            "historyType": "updatedBy"
        },
{
            "type": "number",
            "name": "abcsChangeNumber",
            "oid": "26f2c9b0-0bd7-4c8f-922f-d8b667b0dc0a",
            "displayLabel": "Version Number",
            "historyType": "versionNumber"
        },
        {
            "type": "string",
            "name": "interfaceType",
            "oid": "73b72e20-fc8f-402d-9c11-6de32fa16059",
            "displayLabel": "interface_type"
        }
    ],
    "name": "InterfaceType",
    "oid": "ae4a0ceb-d20c-4ee5-9471-87e400269101",
    "displayLabel": "InterfaceType"
}