{
  "description": "",
  "root": "assignVariablesDiableClearButton",
  "actions": {

    "fireDataProviderEventSearchResultsTableVariables": {
      "module": "vb/action/builtin/fireDataProviderEventAction",
      "parameters": {

        "add": {
          "data": "{{ $variables.newRow }}",
          "addBeforeKeys": [
            "{{ $page.variables.searchResultsTableVariables.data[0].mapper_id }}"
          ]
        },
        "target": "[[ $page.variables.searchResultsTableVariables ]]"
      },
      "outcomes": {
        "success": "fireDataProviderEventSearchResultsTableVariables2"
      }
    },
    "assignVariablesNewRow": {
      "module": "vb/action/builtin/assignVariablesAction",
      "parameters": {
        "$variables.newRow": {
          "source": {
            "mapper_id": "{{ $page.functions.getNextId($page.variables.searchResultsTableVariables.data) }}",
            "lookup_type": "{{ $page.variables.searchParamVar.selectedMapper }}",
            "action": "I",
            "set_of_books_name": "{{ $page.variables.searchParamVar.selectedLedger }}",
            "attribute1": "{{ $chain.results.callFunctionSetValueForAttribute1 }}"
          },
          "reset": "none",
          "auto": "always"
        }
      },
      "outcomes": {
        "success": "callFunctionDuplicateRecordsADD"
      }
    },
    "callFunctionTableFieldValidations": {
      "module": "vb/action/builtin/callModuleFunctionAction",
      "parameters": {
        "module": "[[ $functions ]]",
        "functionName": "tableFieldValidations",
        "params": [
          "{{ $page.variables.searchResultsTableVariables.data }}"
        ]
      },
      "outcomes": {
        "success": "if"
      }
    },
    "if": {
      "module": "vb/action/builtin/ifAction",
      "parameters": {
        "condition": "[[ $chain.results.callFunctionTableFieldValidations === undefined]]"
      },
      "outcomes": {
        "true": "callFunctionDuplicateRecordsCheckforNewRecords",
        "false": "fireNotification"
      }
    },
    "fireNotification": {
      "module": "vb/action/builtin/fireNotificationEventAction",
      "parameters": {
        "target": "leaf",
        "summary": "[[ $chain.results.callFunctionTableFieldValidations ]]",
        "displayMode": "transient"
      }
    },
    "fireDataProviderEventSearchResultsTableVariables2": {
      "module": "vb/action/builtin/fireDataProviderEventAction",
      "parameters": {
        "refresh": null,
        "target": "[[ $page.variables.searchResultsTableVariables ]]"
      },
      "outcomes": {
        "success": "fireDataProviderEventSearchResultsForDuplicate"
      }
    },
    "assignVariablesDiableClearButton": {
      "module": "vb/action/builtin/assignVariablesAction",
      "parameters": {
        "$page.variables.diableClearButton": {
          "source": false
        }
      },
      "outcomes": {
        "success": "callFunctionTableFieldValidations"
      }
    },
    "fireDataProviderEventSearchResultsForDuplicate": {
      "module": "vb/action/builtin/fireDataProviderEventAction",
      "parameters": {
        "target": "[[ $page.variables.searchResultsForDuplicate ]]",
        "refresh": null
      }
    },
    "callFunctionDuplicateRecordsCheckforNewRecords": {
      "module": "vb/action/builtin/callModuleFunctionAction",
      "parameters": {
        "module": "[[ $functions ]]",
        "functionName": "duplicateRecordsCheckforNewRecords",
        "params": [
          "{{ $page.variables.searchResultsTableVariables.data }}"
        ]
      },
      "outcomes": {
        "success": "if4"
      }
    },
    "if4": {
      "module": "vb/action/builtin/ifAction",
      "parameters": {
        "condition": "[[ $chain.results.callFunctionDuplicateRecordsCheckforNewRecords ]]"
      },
      "outcomes": {
        "true": "callFunctionSetValueForAttribute1",
        "false": "fireNotification5"
      }
    },
    "callFunctionDuplicateRecordsADD": {
      "module": "vb/action/builtin/callModuleFunctionAction",
      "parameters": {
        "module": "[[ $functions ]]",
        "functionName": "duplicateRecordsADD",
        "params": [
          "{{ $page.variables.CurrentRowDataUpdate }}"
        ]
      },
      "outcomes": {
        "success": "if3"
      }
    },
    "fireNotification2": {
      "module": "vb/action/builtin/fireNotificationEventAction",
      "parameters": {
        "target": "leaf",
        "summary": "[[ $chain.results.callRestPostGetDuplicateRecords.message.summary ]]",
        "type": "error",
        "displayMode": "persist"
      }
    },
    "if3": {
      "module": "vb/action/builtin/ifAction",
      "parameters": {
        "condition": "[[ $chain.results.callFunctionDuplicateRecordsADD ]]"
      },
      "outcomes": {

        "true": "callRestPostGetDuplicateRecords",
        "false": "fireDataProviderEventSearchResultsTableVariables3"
      }
    },
    "fireDataProviderEventSearchResultsTableVariables3": {
      "module": "vb/action/builtin/fireDataProviderEventAction",
      "parameters": {
        "add": {
          "data": "{{ $variables.newRow }}",
          "addBeforeKeys": [
            "{{ $page.variables.searchResultsTableVariables.data[0].mapper_id }}"
          ]
        },
        "target": "[[ $page.variables.searchResultsTableVariables ]]"
      },
      "outcomes": {
        "success": "fireDataProviderEventSearchResultsTableVariables4"
      }
    },
    "fireDataProviderEventSearchResultsTableVariables4": {
      "module": "vb/action/builtin/fireDataProviderEventAction",
      "parameters": {
        "target": "[[ $page.variables.searchResultsTableVariables ]]",
        "refresh": null
      }
    },
    "callFunctionCheckDuplicateArrayLength": {
      "module": "vb/action/builtin/callModuleFunctionAction",
      "parameters": {
        "module": "[[ $functions ]]",
        "functionName": "checkDuplicateArrayLength",
        "params": [
          "{{ $chain.results.callRestPostGetDuplicateRecords.body.duplicaterecords }}",
          "{{ $page.variables.searchResultsTableVariables.data }}"
        ]
      },
      "outcomes": {
        "success": "if5"
      }
    },
    "fireNotification5": {
      "module": "vb/action/builtin/fireNotificationEventAction",
      "parameters": {
        "target": "leaf",
        "summary": "Duplicate Record - A record already exists with the same information",
        "displayMode": "transient"
      }
    },
    "fireNotification4": {
      "module": "vb/action/builtin/fireNotificationEventAction",
      "parameters": {
        "target": "leaf",
        "displayMode": "transient",
        "summary": "[[ $chain.results.callFunctionCheckDuplicateArrayLength ]]"
      }
    },
    "if5": {
      "module": "vb/action/builtin/ifAction",
      "parameters": {
        "condition": "[[ $chain.results.callFunctionCheckDuplicateArrayLength === undefined]]"
      },
      "outcomes": {
        "true": "fireDataProviderEventSearchResultsTableVariables",
        "false": "fireNotification4"
      }
    },
    "callFunctionSetValueForAttribute1": {
      "module": "vb/action/builtin/callModuleFunctionAction",
      "parameters": {
        "module": "[[ $functions ]]",
        "functionName": "setValueForAttribute1",
        "params": [
          "{{ $page.variables.searchParamVar.selectedLedger }}"
        ]
      },
      "outcomes": {
        "success": "assignVariablesNewRow"
      }
    },
    "callRestPostGetDuplicateRecords": {
      "module": "vb/action/builtin/restAction",
      "parameters": {
        "endpoint": "duplicateService/postGet_duplicate_records",
        "body": "{{ $chain.results.callFunctionDuplicateRecordsADD }}"
      },
      "outcomes": {
        "failure": "fireNotification2",
        "success": "callFunctionCheckDuplicateArrayLength"
      }
    }

  },
  "variables": {
    "newRow": {
      "type": "searchResultTableData"
    }
  }
}