{
  "description": "",
  "root": "callComponentDialogDeleteClose",
  "actions": {

    "fireNotification": {
      "module": "vb/action/builtin/fireNotificationEventAction",
      "parameters": {
        "target": "leaf",
        "summary": "Record cannot be deleted",
        "displayMode": "transient"
      }
    },
    "fireDataProviderEventSearchResultsTableVariables": {
      "module": "vb/action/builtin/fireDataProviderEventAction",
      "parameters": {
        "remove": {
          "keys": [
            "{{ $page.variables.firstSelectedRow.mapper_id }}"
          ]
        },
        "target": "[[ $page.variables.searchResultsTableVariables ]]"
      },
      "outcomes": {
        "success": "resetVariablesCurrentRowDataUpdate"
      }
    },
    "callComponentDialogDeleteClose": {
      "module": "vb/action/builtin/callComponentMethodAction",
      "parameters": {
        "component": "{{ document.getElementById('dialog_delete') }}",
        "method": "close"
      },
      "outcomes": {
        "success": "if"
      }
    },
    "resetVariablesCurrentRowDataUpdate": {
      "module": "vb/action/builtin/resetVariablesAction",
      "parameters": {
        "variables": [
          "$page.variables.CurrentRowDataUpdate"
        ]
      }
    },
    "if": {
      "module": "vb/action/builtin/ifAction",
      "parameters": {
        "condition": "[[( $page.variables.firstSelectedRow.action === \"I\") ||($page.variables.firstSelectedRow.action === \"F\")]]"
      },
      "outcomes": {
        "false": "fireNotification",
        "true": "fireDataProviderEventSearchResultsTableVariables"
      }
    }
  },
  "variables": {}
}