{
  "description": "",
  "root": "callRestPostDistinctlookuptype",
  "actions": {
    "fireNotification": {
      "module": "vb/action/builtin/fireNotificationEventAction",
      "parameters": {
        "target": "leaf",
        "summary": "[[ $chain.results.callRestPostDistinctlookuptype.message.summary ]]",
        "type": "error",
        "displayMode": "persist"
      }
    },
    "callRestPostDistinctlookuptype": {
      "module": "vb/action/builtin/restAction",
      "parameters": {
        "endpoint": "lookupTypeService/postDistinctlookuptype",
        "body": "{{ {\"useremailid\":$application.user.email,\"ledgertypes\":$page.variables.searchParamVar.selectedLedger,\"mappertypes\":$page.variables.searchParamVar.selectedMapper} }}"
      },
      "outcomes": {
        "failure": "fireNotification",
        "success": "assignVariablesLookUpDuplicateADP"
      }
    },
    "assignVariablesLookUpDuplicateADP": {
      "module": "vb/action/builtin/assignVariablesAction",
      "parameters": {
        "$page.variables.lookUpDuplicateADP": {
          "source": "{{ $chain.results.callRestPostDistinctlookuptype.body.lookuptypelist }}"
        }
      },
      "outcomes": {
        "success": "callFunctionTrueADP"
      }
    },
    "callFunctionTrueADP": {
      "module": "vb/action/builtin/callModuleFunctionAction",
      "parameters": {
        "module": "[[ $functions ]]",
        "functionName": "trueADP",
        "params": [
          "{{ $page.variables.lookUpDuplicateADP }}"
        ]
      },
      "outcomes": {
        "success": "assignVariablesEnableOracleSegments"
      }
    },
    "assignVariablesEnableOracleSegments": {
      "module": "vb/action/builtin/assignVariablesAction",
      "parameters": {
        "$page.variables.enableOracleSegments": {
          "source": "{{ $chain.results.callFunctionTrueADP }}"
        }
      }
    }
  },
  "variables": {
    "key": {
      "required": true,
      "type": "any",
      "input": "fromCaller"
    },
    "data": {
      "required": true,
      "type": "any",
      "input": "fromCaller"
    },
    "metadata": {
      "required": true,
      "type": "any",
      "input": "fromCaller"
    }
  }
}