{
  "root": "callRestPostDistinctlookupcode",
  "description": "",
  "variables": {},
  "actions": {
    "fireNotification": {
      "module": "vb/action/builtin/fireNotificationEventAction",
      "parameters": {
        "target": "leaf",
        "summary": "[[ $chain.results.callRestPostDistinctlookupcode.message.summary ]]",
        "type": "error",
        "displayMode": "persist"
      }
    },
    "assignVariablesAccountNumberLOVVar": {
      "module": "vb/action/builtin/assignVariablesAction",
      "parameters": {
        "$page.variables.accountNumberLOVVar": {
          "source": {
            "data": "{{ $chain.results.callRestPostDistinctlookupcode.body.lookupcodelist }}"
          },
          "reset": "none",
          "auto": "always"
        }
      },
      "outcomes": {
        "success": "fireDataProviderEventAccountNumberLOVVar"
      }
    },
    "fireDataProviderEventAccountNumberLOVVar": {
      "module": "vb/action/builtin/fireDataProviderEventAction",
      "parameters": {
        "refresh": null,
        "target": "[[ $page.variables.accountNumberLOVVar ]]"
      }
    },
    "callRestPostDistinctlookupcode": {
      "module": "vb/action/builtin/restAction",
      "parameters": {
        "endpoint": "getAccountNumberLOVService/postDistinctlookupcode",
        "body": "{{ {\n \"lookuptypes\": \"ACCOUNT_NUMBER\"\n} }}"
      },
      "outcomes": {
        "failure": "fireNotification",
        "success": "assignVariablesAccountNumberLOVVar"
      }
    }
  }
}