{
  "root": "callRestPostDistinctlookupcode",
  "description": "",
  "variables": {},
  "actions": {
    "fireNotification": {
      "module": "vb/action/builtin/fireNotificationEventAction",
      "parameters": {
        "target": "leaf",
        "summary": "[[ $chain.results.callRestPostDistinctlookupcode.message.summary ]]",
        "type": "error",
        "displayMode": "persist"
      }
    },
    "assignVariablesHRDeptCostCenter": {
      "module": "vb/action/builtin/assignVariablesAction",
      "parameters": {
        "$page.variables.hRDeptCostCenter": {
          "source": {
            "data": "{{ $chain.results.callRestPostDistinctlookupcode.body.lookupcodelist }}"
          },
          "reset": "none",
          "auto": "always"
        }
      },
      "outcomes": {
        "success": "fireDataProviderEventHRDeptCostCenter"
      }
    },
    "fireDataProviderEventHRDeptCostCenter": {
      "module": "vb/action/builtin/fireDataProviderEventAction",
      "parameters": {
        "refresh": null,
        "target": "[[ $page.variables.hRDeptCostCenter ]]"
      }
    },
    "callRestPostDistinctlookupcode": {
      "module": "vb/action/builtin/restAction",
      "parameters": {
        "endpoint": "getHRDeptLOVService/postDistinctlookupcode",
        "body": "{{ {\n \"lookuptypes\": \"HR DEPT COST CENTER\"\n} }}"
      },
      "outcomes": {
        "failure": "fireNotification",
        "success": "assignVariablesHRDeptCostCenter"
      }
    }
  }
}