{
  "title": "",
  "description": "",
  "variables": {
    "accountNumberLOVVar": {
      "type": "vb/ArrayDataProvider2",
      "defaultValue": {
        "itemType": "accountNumberLOV",
        "keyAttributes": "lookup_code"
      }
    },
    "accountNumberOrclSegmentLOVVar": {
      "type": "vb/ArrayDataProvider2",
      "defaultValue": {
        "itemType": "accountNumberOrclSegmentLOV",
        "keyAttributes": "lookup_code"
      }
    },
    "companyLOVVar": {
      "type": "vb/ArrayDataProvider2",
      "defaultValue": {
        "itemType": "companyLOV",
        "keyAttributes": "lookup_code"
      }
    },
    "companyOrclSegmentLOVVar": {
      "type": "vb/ArrayDataProvider2",
      "defaultValue": {
        "itemType": "companyOrclSegmentLOV",
        "keyAttributes": "lookup_code"
      }
    },
    "CurrentRowDataUpdate": {
      "type": "searchResultTableData"
    },
    "descriptionLOVVar": {
      "type": "vb/ArrayDataProvider2",
      "defaultValue": {
        "itemType": "descriptionLOV",
        "keyAttributes": "lookup_code"
      }
    },
    "diableClearButton": {
      "type": "boolean",
      "defaultValue": true
    },
    "disableCollapsible": {
      "type": "boolean",
      "defaultValue": true
    },
    "disabledFlag": {
      "type": "boolean",
      "defaultValue": false
    },
    "disableExport": {
      "type": "boolean",
      "defaultValue": true
    },
    "disableOnImport": {
      "type": "boolean",
      "defaultValue": false
    },
    "duplicateADP": {
      "type": "vb/ArrayDataProvider2"
    },
    "enableOracleSegments": {
      "type": "boolean[]"
    },
    "fileName": {
      "type": "string"
    },
    "fileObject": {
      "type": "any"
    },
    "fileUploaded": {
      "type": "boolean",
      "defaultValue": true
    },
    "firstSelectedRow": {
      "type": "searchResultTableData"
    },
    "hRDeptCostCenter": {
      "type": "vb/ArrayDataProvider2",
      "defaultValue": {
        "itemType": "hRDeptCostCenterLOV",
        "keyAttributes": "lookup_code"
      }
    },
    "hRDeptCostCenterOrclSegmentLOVVar": {
      "type": "vb/ArrayDataProvider2",
      "defaultValue": {
        "itemType": "hRDeptCostCenterOrclSegmentLOV",
        "keyAttributes": "lookup_code"
      }
    },
    "interfaceTypeLOVVar": {
      "type": "vb/ArrayDataProvider2",
      "defaultValue": {
        "itemType": "InterfaceTypeLOV",
        "keyAttributes": "interfaceType"
      }
    },
    "ledgerLOVVar": {
      "type": "vb/ArrayDataProvider2",
      "defaultValue": {
        "itemType": "ledgerLOV",
        "keyAttributes": "set_of_boks_name"
      }
    },
    "ledgerVar": {
      "type": "vb/ArrayDataProvider2",
      "defaultValue": {
        "itemType": "ledgerLOV",
        "keyAttributes": "set_of_boks_name"
      }
    },
    "lineOfBusinessLOVVar": {
      "type": "vb/ArrayDataProvider2",
      "defaultValue": {
        "itemType": "lineOfBusinessLOV",
        "keyAttributes": "lookup_code"
      }
    },
    "lineOfBusinessOrclSegmentLOVVar": {
      "type": "vb/ArrayDataProvider2",
      "defaultValue": {
        "itemType": "lineOfBusinessOrclSegmentLOV",
        "keyAttributes": "lookup_code"
      }
    },
    "locationLOVVar": {
      "type": "vb/ArrayDataProvider2",
      "defaultValue": {
        "itemType": "locationLOV",
        "keyAttributes": "lookup_code"
      }
    },
    "locationOrclSegmentLOVVar": {
      "type": "vb/ArrayDataProvider2",
      "defaultValue": {
        "itemType": "locationOrclSegmentLOV",
        "keyAttributes": "lookup_code"
      }
    },
    "lookUpDuplicateADP": {
      "type": "object[]"
    },
    "LookupLOVVar": {
      "type": "vb/ArrayDataProvider2",
      "defaultValue": {
        "itemType": "lookupLOV",
        "keyAttributes": "lookup_code"
      }
    },
    "mapperLOVsVar": {
      "type": "vb/ArrayDataProvider2",
      "defaultValue": {
        "itemType": "mapperLOV",
        "keyAttributes": "lookup_code"
      }
    },
    "mapperVar": {
      "type": "vb/ArrayDataProvider2",
      "defaultValue": {
        "itemType": "mapperLOV",
        "keyAttributes": "lookup_code"
      }
    },
    "paaSMapper_UserRole": {
      "type": "string"
    },
    "role_flag": {
      "type": "boolean"
    },
    "searchParamVar": {
      "type": "searchParams"
    },
    "searchResultsForDuplicate": {
      "type": "vb/ArrayDataProvider2",
      "defaultValue": {
        "itemType": "searchResultTableData",
        "keyAttributes": "mapper_id"
      }
    },
    "searchResultsTableVariables": {
      "type": "vb/ArrayDataProvider2",
      "defaultValue": {
        "itemType": "searchResultTableData",
        "keyAttributes": "mapper_id"
      }
    }

  },
  "metadata": {},
  "types": {
    "@decorators.accountNumberLOV": {
      "endpoint": "postDistinctlookupcode",
      "service": "getAccountNumberLOVService",
      "path": "response-_-lookupcodelist[0]"
    },
    "@decorators.accountNumberOrclSegmentLOV": {
      "endpoint": "postDistinctlookupcode",
      "service": "getAccountNumberOrclSegmentLOVService",
      "path": "response-_-lookupcodelist[0]"
    },
    "@decorators.companyLOV": {
      "endpoint": "postDistinctlookupcode",
      "service": "getCompanyLOVService",
      "path": "response-_-lookupcodelist[0]"
    },
    "@decorators.companyOrclSegmentLOV": {
      "endpoint": "postDistinctlookupcode",
      "service": "getCompanyOrclSegmentLOVService",
      "path": "response-_-lookupcodelist[0]"
    },
    "@decorators.descriptionLOV": {
      "endpoint": "postDistinctlookupcode",
      "service": "lookupCodeService",
      "path": "response-_-lookupcodelist[0]"
    },
    "@decorators.hRDeptCostCenterLOV": {
      "endpoint": "postDistinctlookupcode",
      "service": "getHRDeptLOVService",
      "path": "response-_-lookupcodelist[0]"
    },
    "@decorators.hRDeptCostCenterOrclSegmentLOV": {
      "endpoint": "postDistinctlookupcode",
      "service": "getHRDeptOrclSegmentLOVService",
      "path": "response-_-lookupcodelist[0]"
    },
    "@decorators.InterfaceTypeLOV": {
      "endpoint": "get_InterfaceType",
      "service": "businessObjects",
      "path": "response"
    },
    "@decorators.ledgerLOV": {
      "endpoint": "postDistinctledger_role",
      "service": "ledgerLOVService",
      "path": "response-_-ledgerlist[0]"
    },
    "@decorators.lineOfBusinessLOV": {
      "endpoint": "postDistinctlookupcode",
      "service": "getLineOfBusinessLOVService",
      "path": "response-_-lookupcodelist[0]"
    },
    "@decorators.lineOfBusinessOrclSegmentLOV": {
      "endpoint": "postDistinctlookupcode",
      "service": "getLineOfBusinessOrclSegmentLOVService",
      "path": "response-_-lookupcodelist[0]"
    },
    "@decorators.locationLOV": {
      "endpoint": "postDistinctlookupcode",
      "service": "getLocationLOVService",
      "path": "response-_-lookupcodelist[0]"
    },
    "@decorators.locationOrclSegmentLOV": {
      "endpoint": "postDistinctlookupcode",
      "service": "getLocationOrclSegmentLOVService",
      "path": "response-_-lookupcodelist[0]"
    },
    "@decorators.lookupLOV": {
      "endpoint": "postDistinctlookupcode",
      "service": "lookupCodeService",
      "path": "response-_-lookupcodelist[0]"
    },
    "@decorators.mapperLOV": {
      "endpoint": "postDistinctmapper_role",
      "service": "mapperLOVService",
      "path": "response-_-mapperlist[0]"
    },
    "@decorators.searchResultTableData": {
      "endpoint": "getXxmcd_paas_mapper_tblMapper_id",
      "service": "searchResultsService",
      "path": "response"
    },
    "accountNumberLOV": {
      "lookup_code": "string"
    },
    "accountNumberOrclSegmentLOV": {
      "lookup_code": "string"
    },
    "companyLOV": {
      "lookup_code": "string"
    },
    "companyOrclSegmentLOV": {
      "lookup_code": "string"
    },
    "descriptionLOV": {
      "lookup_code": "string"
    },
    "hRDeptCostCenterLOV": {
      "lookup_code": "string"
    },
    "hRDeptCostCenterOrclSegmentLOV": {
      "lookup_code": "string"
    },
    "InterfaceTypeLOV": {
      "id": "number",
      "interfaceType": "string"
    },
    "ledgerLOV": {
      "set_of_boks_name": "string"
    },
    "lineOfBusinessLOV": {
      "lookup_code": "string"
    },
    "lineOfBusinessOrclSegmentLOV": {
      "lookup_code": "string"
    },
    "locationLOV": {
      "lookup_code": "string"
    },
    "locationOrclSegmentLOV": {
      "lookup_code": "string"
    },
    "lookupLOV": {
      "lookup_code": "string"
    },
    "mapperLOV": {
      "lookup_code": "string"
    },
    "searchParams": {
      "future1": "string",
      "future2": "string",
      "hrDeptCostCenter": "string",
      "intercompany": "string",
      "selectedAccountNumber": "string",
      "selectedCompany": "string",
      "selectedDescription": "string",
      "selectedLedger": "string",
      "selectedLOB": "string",
      "selectedLocation": "string",
      "selectedLookup": "string",
      "selectedMapper": "string"

    },
    "searchResultTableData": {

      "attribute_category": "any",
      "attribute1": "string",
      "attribute10": "any",
      "attribute11": "any",
      "attribute12": "any",
      "attribute13": "any",
      "attribute14": "any",
      "attribute15": "any",
      "attribute2": "any",
      "attribute3": "any",
      "attribute4": "any",
      "attribute5": "any",
      "attribute6": "any",
      "attribute7": "any",
      "attribute8": "any",
      "attribute9": "any",
      "created_by": "string",
      "creation_date": "string",
      "dateFlag": "string",
      "descFlag": "string",
      "description": "string",
      "enable_flag": "string",
      "end_date_active": "any",
      "interface_type": "string",
      "last_update_date": "string",
      "last_update_login": "string",
      "last_updated_by": "string",
      "lgcy_segment1": "string",
      "lgcy_segment2": "any",
      "lgcy_segment3": "any",
      "lgcy_segment4": "any",
      "lgcy_segment5": "any",
      "lgcy_segment6": "any",
      "lgcy_segment7": "any",
      "lookup_code": "any",
      "lookup_type": "string",
      "mapper_id": "number",
      "orcl_segment1": "any",
      "orcl_segment2": "string",
      "orcl_segment3": "any",
      "orcl_segment4": "any",
      "orcl_segment5": "string",
      "orcl_segment6": "any",
      "orcl_segment7": "any",
      "orcl_segment8": "any",
      "set_of_books_id": "any",
      "set_of_books_name": "any",
      "start_date_active": "string",
      "action": "any",
      "errmsg": "string"

    }

  },
  "eventListeners": {
    "buttonAction": {
      "chains": [
{
          "chainId": "VbEnterSearchActionChain"
        }
      ]
    },
    "buttonAction10": {
      "chains": [
        {
          "chainId": "ResetDialogNoActionChain"
        }
      ]
    },
    "buttonAction11": {
      "chains": [
        {
          "chainId": "ExportDataActionChain"
        }
      ]
    },
    "buttonAction12": {
      "chains": [
        {
          "chainId": "MenuExportTemplate"
        }
      ]
    },
    "buttonAction16": {
      "chains": [
        {
          "chainId": "ImportButtonActionChain"
        }
      ]
    },
    "buttonAction17": {
      "chains": [
        {
          "chainId": "UploadDialogButtonActionChain"
        }
      ]
    },
    "buttonAction18": {
      "chains": [
        {
          "chainId": "SaveDialogNoButtonActionChain"
        }
      ]
    },
    "buttonAction19": {
      "chains": [
        {
          "chainId": "SaveButtonActionChain"
        }
      ]
    },
    "buttonAction2": {
      "chains": [
        {
          "chainId": "ClearActionChain"
        }
      ]
    },
    "buttonAction20": {
      "chains": [
        {
          "chainId": "FileUploadActionChain"
        }
      ]
    },
    "buttonAction21": {
      "chains": [
        {
          "chainId": "DeleteDialogNoActionChain"
        }
      ]
    },
    "buttonAction22": {
      "chains": [
        {
          "chainId": "DeleteButtonActionChain"
        }
      ]
    },
    "buttonAction24": {
      "chains": [
        {
          "chainId": "ImportDialogYESActionChain"
        }
      ]
    },
    "buttonAction25": {
      "chains": [
        {
          "chainId": "ImportDialogNOActionChain"
        }
      ]
    },
    "buttonAction3": {
      "chains": [
        {
          "chainId": "ResetActionChain"
        }
      ]
    },
    "buttonAction4": {
      "chains": [
        {
          "chainId": "ExportTemplateActionChain"
        }
      ]
    },
    "buttonAction5": {
      "chains": [
        {
          "chainId": "ButtonActionChain"
        }
      ]
    },
    "buttonAction6": {
      "chains": [
        {
          "chainId": "SAVEDialogYesActionChain"
        }
      ]
    },
    "buttonAction7": {
      "chains": [
        {
          "chainId": "ADDButtonActionChain"
        }
      ]
    },
    "buttonAction8": {
      "chains": [
        {
          "chainId": "DeleteDialogYesActionChain"
        }
      ]
    },
    "buttonAction9": {
      "chains": [
        {
          "chainId": "ResetDialogYesActionChain"
        }
      ]
    },
    "filePickerSelect": {
      "chains": [
        {
          "chainId": "FilePickerSelectChain",
          "parameters": {
            "files": "[[ Array.prototype.slice.call($event.detail.files) ]]"
          }
        }
      ]
    },
    "ledgerComboBoxValue": {
      "chains": [
        {
          "chainId": "LedgerLOVActionChain",
          "parameters": {
            "value": "{{ $event.detail.value }}"
          }
        }
      ]
    },
    "ledgerDropdownValueItem": {
      "chains": [
        {
          "chainId": "getMapperList"
        }
      ]
    },
    "lOBDropdownClick": {
      "chains": [
        {
          "chainId": "getLookupType"
        }
      ]
    },
    "mapperComboBoxValue": {
      "chains": [
        {
          "chainId": "MapperLovActionChain",
          "parameters": {
            "value": "{{ $event.detail.value }}"
          }
        }
      ]
    },
    "mapperDropdownValueItem": {
      "chains": [
{
          "chainId": "SelectMapperValueItemChangeChain",
          "parameters": {
            "key": "{{$event.detail.value.key}}",
            "data": "{{$event.detail.value.data}}",
            "metadata": "{{$event.detail.value.metadata}}"
          }
        },
{
          "chainId": "getLookupType"
        },
        {
          "chainId": "RoleFlagOnMapperValue",
          "parameters": {
            "key": "{{$event.detail.value.key}}",
            "data": "{{$event.detail.value.data}}",
            "metadata": "{{$event.detail.value.metadata}}"
          }
        }
      ]
    },
    "menuMenuAction": {
      "chains": [
        {
          "chainId": "ExportTemplateMenuActionChain"
        }
      ]
    },
    "searchResultTableBeforeRowEdit": {
      "chains": [
        {
          "chainId": "TableBeforeRowEditChain",
          "parameters": {
            "rowKey": "{{$event.detail.rowContext.status.rowKey}}",
            "rowIndex": "{{$event.detail.rowContext.status.rowIndex}}",
            "rowData": "{{$event.detail.rowContext.componentElement.getDataForVisibleRow($event.detail.rowContext.status.rowIndex).data}}"
          }
        }
      ]
    },
    "searchResultTableBeforeRowEditEnd": {
      "chains": [
        {
          "chainId": "TableBeforeRowEditEndChain",
          "parameters": {
            "cancelEdit": "{{$event.detail.cancelEdit}}",
            "rowKey": "{{$event.detail.rowContext.status.rowKey}}",
            "rowIndex": "{{$event.detail.rowContext.status.rowIndex}}",
            "rowData": "{{$event.detail.rowContext.componentElement.getDataForVisibleRow($event.detail.rowContext.status.rowIndex).data}}"
          }
        }
      ]
    },
    "searchResultTableFirstSelectedRow": {
      "chains": [
        {
          "chainId": "TableFirstSelectedRowChangeChain",
          "parameters": {
            "rowKey": "{{$event.detail.value.key}}",
            "rowData": "{{$event.detail.value.data}}"
          }
        }
      ]
    },
    "spanClick": {
      "chains": [
        {
          "chainId": "spanClickChain"
        }
      ]
    },
    "toggleDrawer": {
      "chains": [
        {
          "chainId": "application:toggleDrawerHandler"
        }
      ]
    },
    "vbEnter": {
      "chains": [
       
        {
          "chainId": "VbEnterInterfaceTypeActionChain",
          "parameters": {}
        },
{
          "chainId": "getMapperList",
          "parameters": {}
        },
{
          "chainId": "getPaaSMapperUserRole",
          "parameters": {}
        },
{
          "chainId": "VbAccountNumberActionChain",
          "parameters": {}
        },
        {
          "chainId": "VbCompanyActionChain",
          "parameters": {}
        }        ,
        {
          "chainId": "VbEnterHrDeptActionChain",
          "parameters": {}
        }        ,
        {
          "chainId": "VbEnterLOBActionChain",
          "parameters": {}
        }        ,
{
          "chainId": "VbEnterLocationActionChain",
          "parameters": {}
        },
{
          "chainId": "LookupList",
          "parameters": {}
        },
{

          "chainId": "VBEnterDescriptionListActionChain",
          "parameters": {}
        },
        {
          "parameters": {},
          "chainId": "AccountNumberOrclSegmentActionChain"
        }        ,
        {
          "parameters": {},
          "chainId": "CompanyOrclSegmentActionChain"
        }        ,
        {
          "parameters": {},
          "chainId": "HrDeptOrclSegmentActionChain"
        }        ,
        {
          "parameters": {},
          "chainId": "LocationOrclSegmentActionChain"
        }        ,
{
          "parameters": {},
          "chainId": "LOBOrclSegmentActionChain"
        },
        {
          "parameters": {},
          "chainId": "ledgerListOnRoles"
        }
      ],
      "@dt": {
        "showInDiagram": "off"
      }
    }

  },
  "imports": {
    "components": {
      "oj-button": {
        "path": "ojs/ojbutton"
      },
      "oj-collapsible": {
        "path": "ojs/ojcollapsible"
      },
      "oj-combobox-one": {
        "path": "ojs/ojselectcombobox"
      },
      "oj-date-picker": {
        "path": "ojs/ojdatetimepicker"
      },
      "oj-date-time-picker": {
        "path": "ojs/ojdatetimepicker"
      },
      "oj-dialog": {
        "path": "ojs/ojdialog"
      },
      "oj-file-picker": {
        "path": "ojs/ojfilepicker"
      },
      "oj-form-layout": {
        "path": "ojs/ojformlayout"
      },
      "oj-highlight-text": {
        "path": "ojs/ojhighlighttext"
      },
      "oj-input-date": {
        "path": "ojs/ojdatetimepicker"
      },
      "oj-input-date-time": {
        "path": "ojs/ojdatetimepicker"
      },
      "oj-input-text": {
        "path": "ojs/ojinputtext"
      },
      "oj-label": {
        "path": "ojs/ojlabel"
      },
      "oj-menu": {
        "path": "ojs/ojmenu"
      },
      "oj-menu-button": {
        "path": "ojs/ojbutton"
      },
      "oj-option": {
        "path": "ojs/ojoption"
      },
      "oj-paging-control": {
        "path": "ojs/ojpagingcontrol"
      },
      "oj-progress-bar": {
        "path": "ojs/ojprogress-bar"
      },
      "oj-progress-circle": {
        "path": "ojs/ojprogress-circle"
      },
      "oj-sample-export-data": {
        "path": "oj-sample/export-data/loader"
      },
      "oj-select-single": {
        "path": "ojs/ojselectsingle"
      },
      "oj-switcher": {
        "path": "ojs/ojswitcher"
      },
      "oj-table": {
        "path": "ojs/ojtable"
      },
      "oj-text-area": {
        "path": "ojs/ojinputtext"
      },
      "oj-toolbar": {
        "path": "ojs/ojtoolbar"
      },
      "oj-validation-group": {
        "path": "ojs/ojvalidationgroup"
      }

    },
    "modules": {
      "ojValidationBase": {
        "path": "ojs/ojvalidation-base"
      },
      "ojValidationDateTime": {
        "path": "ojs/ojvalidation-datetime"
      }
    }
  }
}