{
    "openapi": "3.0.0",
    "info": {
        "title": "lookupTypeService",
        "version": "1.0.0"
    },
    "servers": [
        {
            "url": "https://intgdev1-atp.mcd.com/ords/xxmcd_erpintg/lookuptypemodule",
            "description": "Ords Xxmcd Erpintg",
            "x-vb": {
                "authentication": {
                    "authenticated": {
                        "type": "oauth2_client_credentials",
                        "clientIdCredentials": "vb_18430c25-4907-4f0b-8c73-a1543a90d774",
                        "authUrl": "https://intgdev1-atp.mcd.com/ords/xxmcd_erpintg/oauth/token"
                    }
                }
            }
        }
    ],
    "paths": {
        "/distinctlookuptype/": {
            "post": {
                "operationId": "postDistinctlookuptype",
                "requestBody": {
                    "description": "Request for application/json",
                    "content": {
                        "application/json": {
                            "schema": {
                                "$ref": "#/components/schemas/PostDistinctlookuptypeRequest"
                            },
                            "examples": {
                                "vb": {
                                    "summary": "Example stored by VB User",
                                    "externalValue": "./examples/postDistinctlookuptype/request_application_json_vb.json"
                                }
                            }
                        }
                    }
                },
                "responses": {
                    "default": {
                        "description": "Response for default",
                        "content": {
                            "application/json": {
                                "schema": {
                                    "$ref": "#/components/schemas/PostDistinctlookuptypeResponse"
                                },
                                "examples": {
                                    "vb": {
                                        "summary": "Example stored by VB User",
                                        "externalValue": "./examples/postDistinctlookuptype/response_default_application_json_vb.json"
                                    }
                                }
                            }
                        }
                    }
                },
                "x-vb": {
                    "actionHint": "create"
                }
            }
        }
    },
    "components": {
        "schemas": {
            "PostDistinctlookuptypeRequest": {
                "type": "object",
                "properties": {
                    "lookuptypes": {
                        "type": "string"
                    }
                }
            },
            "PostDistinctlookuptypeResponse": {
                "type": "object",
                "properties": {
                    "lookuptypelist": {
                        "type": "array",
                        "items": {
                            "type": "object",
                            "properties": {
                                "lookup_code": {
                                    "type": "string"
                                },
                                "lookup_type": {
                                    "type": "string"
                                }
                            }
                        }
                    }
                }
            }
        }
    }
}