<MigrationProcessCSVMetadataVO>
   <MigrationProcessCSVMetadataVORow>
      <ProcessId>-999</ProcessId>
      <ProcessName>Manage Receivables Profile Options_20240905_072740_047</ProcessName>
      <ProcessDescription>Manage Receivables Profile Options_20240905_072740_047</ProcessDescription>
      <ProcessDate>2024-09-05 07:28:22.905</ProcessDate>
      <ObjectShortName>AR_MANAGE_RECEIVABLES_PROFILE_OPTIONS</ObjectShortName>
      <ObjectType>TASK</ObjectType>
      <CreatedByFlow>TASK_CSV_SERVICE</CreatedByFlow>
      <ProcessType>EXPORT</ProcessType>
      <ProcessStatus>COMPLETED</ProcessStatus>
      <ProcessEnv>esds-dev9</ProcessEnv>
      <ProcessStartDate>2024-09-05 07:27:40.233</ProcessStartDate>
      <ProcessEndDate>2024-09-05 07:28:22.905</ProcessEndDate>
      <ProcessRelease>11.13.24.07.0</ProcessRelease>
      <SubmittedBy>CURTIS.FEITTY</SubmittedBy>
      <ESSRequestId>8030186</ESSRequestId>
      <MigrationProcessBusinessObjectCSVMetadata1>
         <MigrationProcessBusinessObjectCSVMetadataVORow>
            <ProcessId>-999</ProcessId>
            <BusinessObjectShortName>FND_APP_PROFILE_OPTION</BusinessObjectShortName>
            <BatchName>951ccfad-613f-4c5d-baaf-add76c983ee3/FND_APP_PROFILE_VALUE/ProfileOptionLoader</BatchName>
            <XmlAttributeList>ProfileOptionName,ApplicationId,ModuleId,Description,SqlValidation,StartDateActive,EndDateActive,UserProfileOptionName,CreationDate,CreatedBy,LastUpdateDate,LastUpdatedBy,LastUpdateLogin</XmlAttributeList>
            <XmlAttributeTypeList>string,long,string,string,string,date,date,string,dateTime,string,dateTime,string,string</XmlAttributeTypeList>
            <XmlNodePath>/ProfileOptionLoaderVO/ProfileOptionLoaderVORow</XmlNodePath>
            <NodeSequence>1</NodeSequence>
         </MigrationProcessBusinessObjectCSVMetadataVORow>
         <MigrationProcessBusinessObjectCSVMetadataVORow>
            <ProcessId>-999</ProcessId>
            <BusinessObjectShortName>FND_APP_PROFILE_VALUE</BusinessObjectShortName>
            <BatchName>951ccfad-613f-4c5d-baaf-add76c983ee3/FND_APP_PROFILE_VALUE/ProfileOptionLoader</BatchName>
            <XmlAttributeList>LevelName,LevelValue,ProfileOptionValue,CreationDate,CreatedBy,LastUpdateDate,LastUpdatedBy,LastUpdateLogin</XmlAttributeList>
            <XmlAttributeTypeList>string,string,string,dateTime,string,dateTime,string,string</XmlAttributeTypeList>
            <XmlNodePath>/ProfileOptionLoaderVO/ProfileOptionLoaderVORow/ProfileOptionValueLoaderVO/ProfileOptionValueLoaderVORow</XmlNodePath>
            <NodeSequence>3</NodeSequence>
         </MigrationProcessBusinessObjectCSVMetadataVORow>
         <MigrationProcessBusinessObjectCSVMetadataVORow>
            <ProcessId>-999</ProcessId>
            <BusinessObjectShortName>ORA_FND_APP_PROFILE_OPTION_LEVEL</BusinessObjectShortName>
            <BatchName>951ccfad-613f-4c5d-baaf-add76c983ee3/FND_APP_PROFILE_VALUE/ProfileOptionLoader</BatchName>
            <XmlAttributeList>LevelName,UpdateableFlag,EnabledFlag,CreationDate,CreatedBy,LastUpdateDate,LastUpdatedBy,LastUpdateLogin</XmlAttributeList>
            <XmlAttributeTypeList>string,string,string,dateTime,string,dateTime,string,string</XmlAttributeTypeList>
            <XmlNodePath>/ProfileOptionLoaderVO/ProfileOptionLoaderVORow/ProfileOptionLevelLoaderVO/ProfileOptionLevelLoaderVORow</XmlNodePath>
            <NodeSequence>2</NodeSequence>
         </MigrationProcessBusinessObjectCSVMetadataVORow>
      </MigrationProcessBusinessObjectCSVMetadata1>
      <MigrationProcessBatchCSVMetadata>
         <MigrationProcessBatchCSVMetadataVORow>
            <ProcessId>-999</ProcessId>
            <BatchName>951ccfad-613f-4c5d-baaf-add76c983ee3/FND_APP_PROFILE_VALUE/ProfileOptionLoader</BatchName>
            <ImportSequence>0</ImportSequence>
            <ServiceName>oracle.apps.fnd.applcore.profiles.webservice.ProfileWS</ServiceName>
            <BatchSize>500</BatchSize>
         </MigrationProcessBatchCSVMetadataVORow>
      </MigrationProcessBatchCSVMetadata>
      <MigrationProcessScopeValueCSVMetadata>
         <MigrationProcessScopeValueCSVMetadataVORow>
            <ProcessId>-999</ProcessId>
            <MigScopeValueSetId>100002090993374</MigScopeValueSetId>
            <BusinessObjectShortName>FND_APP_PROFILE_VALUE</BusinessObjectShortName>
            <ScopeValueBoAttributeId>moduleKey</ScopeValueBoAttributeId>
            <ScopeValueBoAttributeValue>AR</ScopeValueBoAttributeValue>
            <ScopeValueBoAttributeValueCode>AR</ScopeValueBoAttributeValueCode>
         </MigrationProcessScopeValueCSVMetadataVORow>
         <MigrationProcessScopeValueCSVMetadataVORow>
            <ProcessId>-999</ProcessId>
            <MigScopeValueSetId>100002090993374</MigScopeValueSetId>
            <BusinessObjectShortName>FND_APP_PROFILE_VALUE</BusinessObjectShortName>
            <ScopeValueBoAttributeId>moduleType</ScopeValueBoAttributeId>
            <ScopeValueBoAttributeValue>APPLICATION</ScopeValueBoAttributeValue>
            <ScopeValueBoAttributeValueCode>APPLICATION</ScopeValueBoAttributeValueCode>
         </MigrationProcessScopeValueCSVMetadataVORow>
         <MigrationProcessScopeValueCSVMetadataVORow>
            <ProcessId>-999</ProcessId>
            <MigScopeValueSetId>100002090993374</MigScopeValueSetId>
            <BusinessObjectShortName>FND_APP_PROFILE_VALUE</BusinessObjectShortName>
            <ScopeValueBoAttributeId>mode</ScopeValueBoAttributeId>
            <ScopeValueBoAttributeValue>search</ScopeValueBoAttributeValue>
            <ScopeValueBoAttributeValueCode>search</ScopeValueBoAttributeValueCode>
         </MigrationProcessScopeValueCSVMetadataVORow>
      </MigrationProcessScopeValueCSVMetadata>
      <MigrationProcessMigrationObjectCSVMetadata>
         <MigrationProcessMigrationObjectCSVMetadataVORow>
            <ProcessId>-999</ProcessId>
            <BusinessObjectShortName>FND_APP_PROFILE_VALUE</BusinessObjectShortName>
            <MigrateFlag>Y</MigrateFlag>
            <IncludeExternalDataFlag>Y</IncludeExternalDataFlag>
         </MigrationProcessMigrationObjectCSVMetadataVORow>
      </MigrationProcessMigrationObjectCSVMetadata>
      <MigrationProcessTaskCSVMetadata null="true"/>
      <MigrationProcessServiceVersionCSVMetadata null="true"/>
   </MigrationProcessCSVMetadataVORow>
</MigrationProcessCSVMetadataVO>