"ProfileOptionName","ApplicationId","ModuleId","Description","SqlValidation","StartDateActive","EndDateActive","UserProfileOptionName","CreationDate","CreatedBy","LastUpdateDate","LastUpdatedBy","LastUpdateLogin"
"AR_ADJUST_CREDIT_UNCONFIRMED_INVOICE","222","61ECAF4AAC5EE990E040449821C61C97","Adjust or credit invoices that are selected for automatic receipt.","SELECT MEANING , LOOKUP_CODE 
FROM AR_LOOKUPS 
WHERE LOOKUP_TYPE = 'INV_WITH_UNCONFIRMED_RCPTS'","1980/01/01","","Invoices with Unconfirmed Receipts","2013/08/08 06:33:56.0","SEED_DATA_FROM_APPLICATION","2024/07/24 09:36:43.804628","SEED_DATA_FROM_APPLICATION","-1"
"AR_ALLOW_SALESCREDIT_UPDATE","222","61ECAF4AAC5EE990E040449821C61C97","Determines if sales credits can be updated or must be adjusted with additional sales credit records.","SELECT MEANING , LOOKUP_CODE
FROM FND_LOOKUPS
WHERE LOOKUP_TYPE = 'YES_NO'","1980/01/01","","Allow Update Of Existing Sales Credits","2013/08/08 06:33:56.054","SEED_DATA_FROM_APPLICATION","2024/07/24 09:36:43.804628","SEED_DATA_FROM_APPLICATION","-1"
"AR_CHANGE_CUST_ON_TRX","222","61ECAF4AAC5EE990E040449821C61C97","Determines if Bill To Customer  can be updated or not.","SELECT MEANING , LOOKUP_CODE
FROM FND_LOOKUPS
WHERE LOOKUP_TYPE = 'YES_NO'","1980/01/01","","Allow Update Of Customer","2013/08/08 06:33:56.13","SEED_DATA_FROM_APPLICATION","2024/07/24 09:36:43.804628","SEED_DATA_FROM_APPLICATION","-1"
"AR_MAX_LINES_PER_AI_WORKER","222","61ECAF4AAC5EE990E040449821C61C97","Determines the maximum number of lines per AutoInvoice worker","","1951/01/01","","Maximum lines per AutoInvoice worker","2013/08/08 06:33:56.193","SEED_DATA_FROM_APPLICATION","2024/07/24 09:36:43.804628","SEED_DATA_FROM_APPLICATION","-1"
"AR_OVERRIDE_ADJUSTMENT_ACTIVITY_ACCOUNT","222","61ECAF4AAC5EE990E040449821C61C97","Allow override of default adjustment activity account","SELECT MEANING , LOOKUP_CODE
FROM FND_LOOKUPS
WHERE LOOKUP_TYPE = 'YES_NO'","1980/01/01","","Override Adjustment Activity Account Option","2013/08/08 06:33:56.218","SEED_DATA_FROM_APPLICATION","2024/07/24 09:36:43.804628","SEED_DATA_FROM_APPLICATION","-1"
"AR_RA_BATCH_SOURCE","222","61ECAF4AAC5EE990E040449821C61C97","Batch or transaction control source","SELECT DISTINCT (BS.NAME||'-'||SS.SET_Name) Name, BS.BATCH_SOURCE_SEQ_ID 
FROM  RA_BATCH_SOURCES_ALL BS, fnd_setid_sets SS       
WHERE SYSDATE BETWEEN NVL(BS.START_DATE, SYSDATE) AND NVL(BS.END_DATE, SYSDATE) AND BS.BATCH_SOURCE_TYPE='INV' 
/* Do not show 'DM Reversal' and 'Chargeback' */ 
AND BS.BATCH_SOURCE_SEQ_ID NOT IN (1, 2) AND  SS.Set_Id(+) = BS.set_id","1980/01/01","","Transaction Batch Source","2013/08/08 06:33:56.246","SEED_DATA_FROM_APPLICATION","2024/07/24 09:36:43.804628","SEED_DATA_FROM_APPLICATION","-1"
"AR_REQUIRE_ADJUSTMENT_REASON","222","61ECAF4AAC5EE990E040449821C61C97","Require Adjustment Reason when creating adjustments","SELECT meaning , lookup_code
FROM ar_lookups
WHERE lookup_type = 'YES/NO'","2002/05/03","","Require Adjustment Reason","2013/08/08 06:33:56.281","SEED_DATA_FROM_APPLICATION","2024/07/24 09:36:43.804628","SEED_DATA_FROM_APPLICATION","-1"
"AR_UPDATE_DUE_DATE","222","61ECAF4AAC5EE990E040449821C61C97","UPDATE Due DATE PROFILE OPTION","SELECT MEANING,LOOKUP_CODE
FROM FND_LOOKUPS
WHERE LOOKUP_TYPE = 'YES_NO'","2010/09/07","","AR: UPDATE Due DATE PROFILE OPTION","2013/08/08 06:33:56.349","SEED_DATA_FROM_APPLICATION","2024/07/24 09:36:43.804628","SEED_DATA_FROM_APPLICATION","-1"
"AR_USE_INV_ACCT_FOR_CM_FLAG","222","61ECAF4AAC5EE990E040449821C61C97","Credit memo accounting is derived from invoice accounting","select meaning ,lookup_code
from fnd_lookups
where lookup_type = 'YES_NO'","1980/01/01","","Use Invoice Accounting For Credit Memos","2013/08/08 06:33:56.41","SEED_DATA_FROM_APPLICATION","2024/07/24 09:36:43.804628","SEED_DATA_FROM_APPLICATION","-1"
"AR_ALLOW_OVERAPPLICATION_IN_LOCKBOX","222","61ECAF4AABFCE990E040449821C61C97","Enable overapplication using Lockbox receipts on transactions with transaction types that have overapplication enabled.","SELECT MEANING, LOOKUP_CODE FROM FND_LOOKUPS WHERE
                     LOOKUP_TYPE = 'YES_NO'","1980/01/01","","Overapplication in Lockbox Allowed","2013/08/08 06:34:01.001","SEED_DATA_FROM_APPLICATION","2024/07/24 09:36:43.804628","SEED_DATA_FROM_APPLICATION","-1"
"AR_APPLICATION_GL_DATE_DEFAULT","222","61ECAF4AABFCE990E040449821C61C97","Specify how to determine the default accounting date when applying receipts.","select MEANING, LOOKUP_CODE from AR_LOOKUPS where
                     lookup_type='APP_GL_DATE_DEFAULT'","1980/01/01","","Application Accounting Date Default","2013/08/08 06:34:01.071","SEED_DATA_FROM_APPLICATION","2024/07/24 09:36:43.804628","SEED_DATA_FROM_APPLICATION","-1"
"AR_APP_ALL_DFT_REM_AMT","222","61ECAF4AABFCE990E040449821C61C97","Enable display of the default amount applied as the remaining transaction amount.","select MEANING , LOOKUP_CODE from AR_LOOKUPS where
                     LOOKUP_TYPE='YES/NO'","2004/07/09","","Transaction Balance for Applications Always Used","2013/08/08 06:34:01.119","SEED_DATA_FROM_APPLICATION","2024/07/24 09:36:43.804628","SEED_DATA_FROM_APPLICATION","-1"
"AR_ARLPLB_COMMIT_OPTION","222","61ECAF4AABFCE990E040449821C61C97","Enable the saving of each record in a Lockbox transmission after validation.","SELECT MEANING, LOOKUP_CODE FROM FND_LOOKUPS WHERE
                     LOOKUP_TYPE = 'YES_NO'","1980/01/01","","Commit Between Validations in Lockbox Allowed","2013/08/08 06:34:01.211","SEED_DATA_FROM_APPLICATION","2024/07/24 09:36:43.804628","SEED_DATA_FROM_APPLICATION","-1"
"AR_BATCH_SOURCE","222","61ECAF4AABFCE990E040449821C61C97","Specify the default receipt source to use for receipts and receipt batches.","SELECT BAT.NAME, BAT.NAME Name,HR.Name Organization FROM
                     AR_BATCH_SOURCES_ALL BAT, hr_operating_units hr WHERE
                     BAT.TYPE = 'MANUAL' AND SYSDATE >=
                     NVL(BAT.START_DATE_ACTIVE, SYSDATE) AND SYSDATE <=
                     NVL(BAT.END_DATE_ACTIVE, SYSDATE) AND hr.Organization_id(+)
                     = bat.org_id ORDER BY BAT.NAME","1980/01/01","","Receipt Source","2013/08/08 06:34:01.239","SEED_DATA_FROM_APPLICATION","2024/07/24 09:36:43.804628","SEED_DATA_FROM_APPLICATION","-1"
"AR_DEFAULT_OPEN_RECEIPTS","222","61ECAF4AABFCE990E040449821C61C97","Enable by default the Open Receipts option on all pages.","SELECT MEANING, LOOKUP_CODE FROM FND_LOOKUPS WHERE
                     LOOKUP_TYPE = 'YES_NO'","1952/01/01","","Open Receipts for Applications Always Used","2013/08/08 06:34:01.379","SEED_DATA_FROM_APPLICATION","2024/07/24 09:36:43.804628","SEED_DATA_FROM_APPLICATION","-1"
"AR_ENABLE_DATA_AUTO_CORR","222","61ECAF4AABFCE990E040449821C61C97","","","2001/01/01","","AR_ENABLE_DATA_AUTO_CORR","2021/02/17 10:15:19.002","CUSTOMIZED_USER","2021/02/17 10:16:04.112","CUSTOMIZED_USER","BB864E206055B7AFE0539E90DF0A442B"
"AR_INCL_RECEIPTS_AT_RISK","222","61ECAF4AABFCE990E040449821C61C97","Determines whether Receivables will include receipts at risk when calculating a customer's account balance.","SELECT MEANING, LOOKUP_CODE FROM FND_LOOKUPS WHERE
                     LOOKUP_TYPE = 'YES_NO'","1980/01/01","","Include Receipts At Risk In Customer Balance","2013/08/08 06:34:01.403","SEED_DATA_FROM_APPLICATION","2024/07/24 09:36:43.804628","SEED_DATA_FROM_APPLICATION","-1"
"AR_DEFAULT_EXCHANGE_RATE_TYPE","222","61ECAF4AAC33E990E040449821C61C97","Specify the conversion rate type to use when converting foreign currency transactions to the ledger currency.","SELECT user_conversion_type user_type, conversion_type 
FROM GL_DAILY_CONVERSION_TYPES 
where conversion_type != 'EMU FIXED'","1980/01/01","","Conversion Rate Type","2013/08/08 06:34:39.033","SEED_DATA_FROM_APPLICATION","2024/07/24 09:36:43.804628","SEED_DATA_FROM_APPLICATION","-1"
"AR_ENABLE_JOURNAL_BAL_CHECK","222","61ECAF4AAC33E990E040449821C61C97","Enable the journal balance check in Receivables.","SELECT  MEANING , LOOKUP_CODE
FROM FND_LOOKUPS
WHERE LOOKUP_TYPE = 'YES_NO'","2006/06/26","","Journal Balance Check Allowed","2013/08/08 06:34:39.156","SEED_DATA_FROM_APPLICATION","2024/07/24 09:36:43.804628","SEED_DATA_FROM_APPLICATION","-1"
"AR_GATHER_STATS","222","61ECAF4AAC33E990E040449821C61C97","Enable the analyzing and gathering of information about the interface tables each time AutoInvoice is run.","SELECT MEANING , LOOKUP_CODE
FROM FND_LOOKUPS
WHERE LOOKUP_TYPE='YES_NO'","2002/06/05","","AutoInvoice Gather Statistics Allowed","2013/08/08 06:34:39.256","SEED_DATA_FROM_APPLICATION","2024/07/24 09:36:43.804628","SEED_DATA_FROM_APPLICATION","-1"
