"FND_APP_PROFILE_OPTION.ProfileOptionName","FND_APP_PROFILE_OPTION.ApplicationId","LevelName","LevelValue","ProfileOptionValue","CreationDate","CreatedBy","LastUpdateDate","LastUpdatedBy","LastUpdateLogin"
"AR_ADJUST_CREDIT_UNCONFIRMED_INVOICE","222","SITE","SITE","ADJ","2013/10/31 17:56:27.001","CUSTOMIZED_USER","2013/10/31 17:56:40.632","CUSTOMIZED_USER","EA0D71A0FAB12753E0436204548CDFA7"
"AR_ALLOW_SALESCREDIT_UPDATE","222","SITE","SITE","Y","2013/10/31 17:57:32.419","CUSTOMIZED_USER","2013/10/31 17:57:41.164","CUSTOMIZED_USER","EA0D71A0FAB12753E0436204548CDFA7"
"AR_CHANGE_CUST_ON_TRX","222","SITE","SITE","Y","2013/10/31 17:59:26.895","CUSTOMIZED_USER","2013/10/31 17:59:49.058","CUSTOMIZED_USER","EA0D71A0FAB12753E0436204548CDFA7"
"AR_MAX_LINES_PER_AI_WORKER","222","SITE","SITE","20","2013/10/31 18:02:37.276","CUSTOMIZED_USER","2013/10/31 18:02:45.502","CUSTOMIZED_USER","EA0D71A0FAB12753E0436204548CDFA7"
"AR_OVERRIDE_ADJUSTMENT_ACTIVITY_ACCOUNT","222","SITE","SITE","Y","2013/10/31 18:02:57.805","CUSTOMIZED_USER","2013/10/31 18:03:06.094","CUSTOMIZED_USER","EA0D71A0FAB12753E0436204548CDFA7"
"AR_RA_BATCH_SOURCE","222","SITE","SITE","957","2017/09/19 17:59:58.0","CUSTOMIZED_USER","2017/09/19 17:59:58.0","CUSTOMIZED_USER","-1"
"AR_REQUIRE_ADJUSTMENT_REASON","222","SITE","SITE","N","2013/10/31 18:04:00.948","CUSTOMIZED_USER","2013/10/31 18:04:07.332","CUSTOMIZED_USER","EA0D71A0FAB12753E0436204548CDFA7"
"AR_UPDATE_DUE_DATE","222","SITE","SITE","Y","2013/10/31 18:04:47.013","CUSTOMIZED_USER","2013/10/31 18:04:55.527","CUSTOMIZED_USER","EA0D71A0FAB12753E0436204548CDFA7"
"AR_USE_INV_ACCT_FOR_CM_FLAG","222","SITE","SITE","Y","2013/10/31 18:05:04.328","CUSTOMIZED_USER","2013/10/31 18:05:13.78","CUSTOMIZED_USER","EA0D71A0FAB12753E0436204548CDFA7"
"AR_ALLOW_OVERAPPLICATION_IN_LOCKBOX","222","SITE","SITE","Y","2013/10/31 17:56:58.409","CUSTOMIZED_USER","2013/10/31 17:57:07.619","CUSTOMIZED_USER","EA0D71A0FAB12753E0436204548CDFA7"
"AR_APPLICATION_GL_DATE_DEFAULT","222","SITE","SITE","INV_REC_DT","2013/10/31 17:57:50.569","CUSTOMIZED_USER","2014/03/05 19:07:31.0","CUSTOMIZED_USER","F3DDEA998D182AC3E0436204548C8493"
"AR_APP_ALL_DFT_REM_AMT","222","SITE","SITE","N","2013/10/31 17:58:29.026","CUSTOMIZED_USER","2013/10/31 17:58:38.576","CUSTOMIZED_USER","EA0D71A0FAB12753E0436204548CDFA7"
"AR_ARLPLB_COMMIT_OPTION","222","SITE","SITE","Y","2013/11/29 19:30:14.001","CUSTOMIZED_USER","2013/11/29 19:30:34.0","CUSTOMIZED_USER","EC5610DB259B22E0E0436204548CA513"
"AR_DEFAULT_OPEN_RECEIPTS","222","SITE","SITE","Y","2013/10/31 18:00:26.494","CUSTOMIZED_USER","2013/10/31 18:00:35.311","CUSTOMIZED_USER","EA0D71A0FAB12753E0436204548CDFA7"
"AR_ENABLE_DATA_AUTO_CORR","222","SITE","SITE","-1","2021/02/17 10:32:34.0","CUSTOMIZED_USER","2021/02/17 10:32:34.0","CUSTOMIZED_USER","E8FE22C8E56983EFE040548C2C041E85"
"AR_INCL_RECEIPTS_AT_RISK","222","SITE","SITE","Y","2013/10/31 18:02:01.072","CUSTOMIZED_USER","2013/10/31 18:02:10.843","CUSTOMIZED_USER","EA0D71A0FAB12753E0436204548CDFA7"
"AR_DEFAULT_EXCHANGE_RATE_TYPE","222","SITE","SITE","Corporate","2013/10/31 18:00:09.973","CUSTOMIZED_USER","2013/10/31 18:00:17.73","CUSTOMIZED_USER","EA0D71A0FAB12753E0436204548CDFA7"
"AR_ENABLE_JOURNAL_BAL_CHECK","222","SITE","SITE","Y","2013/10/31 18:00:49.709","CUSTOMIZED_USER","2013/10/31 18:00:57.74","CUSTOMIZED_USER","EA0D71A0FAB12753E0436204548CDFA7"
"AR_GATHER_STATS","222","SITE","SITE","N","2013/10/31 18:01:32.521","CUSTOMIZED_USER","2013/10/31 18:01:43.546","CUSTOMIZED_USER","EA0D71A0FAB12753E0436204548CDFA7"
