"FND_APP_PROFILE_OPTION.ProfileOptionName","FND_APP_PROFILE_OPTION.ApplicationId","LevelName","UpdateableFlag","EnabledFlag","CreationDate","CreatedBy","LastUpdateDate","LastUpdatedBy","LastUpdateLogin"
"AR_ADJUST_CREDIT_UNCONFIRMED_INVOICE","222","PRODUCT","N","N","2013/08/08 06:33:56.044","SEED_DATA_FROM_APPLICATION","2024/07/24 09:36:47.893078","SEED_DATA_FROM_APPLICATION","-1"
"AR_ADJUST_CREDIT_UNCONFIRMED_INVOICE","222","SITE","Y","Y","2013/08/08 06:33:56.045","SEED_DATA_FROM_APPLICATION","2024/07/24 09:36:47.893078","SEED_DATA_FROM_APPLICATION","-1"
"AR_ADJUST_CREDIT_UNCONFIRMED_INVOICE","222","USER","Y","Y","2013/08/08 06:33:56.047","SEED_DATA_FROM_APPLICATION","2024/07/24 09:36:47.893078","SEED_DATA_FROM_APPLICATION","-1"
"AR_ALLOW_SALESCREDIT_UPDATE","222","PRODUCT","N","N","2013/08/08 06:33:56.094","SEED_DATA_FROM_APPLICATION","2024/07/24 09:36:47.893078","SEED_DATA_FROM_APPLICATION","-1"
"AR_ALLOW_SALESCREDIT_UPDATE","222","SITE","Y","Y","2013/08/08 06:33:56.094","SEED_DATA_FROM_APPLICATION","2024/07/24 09:36:47.893078","SEED_DATA_FROM_APPLICATION","-1"
"AR_ALLOW_SALESCREDIT_UPDATE","222","USER","Y","Y","2013/08/08 06:33:56.095","SEED_DATA_FROM_APPLICATION","2024/07/24 09:36:47.893078","SEED_DATA_FROM_APPLICATION","-1"
"AR_CHANGE_CUST_ON_TRX","222","PRODUCT","N","N","2013/08/08 06:33:56.154","SEED_DATA_FROM_APPLICATION","2024/07/24 09:36:47.893078","SEED_DATA_FROM_APPLICATION","-1"
"AR_CHANGE_CUST_ON_TRX","222","SITE","Y","Y","2013/08/08 06:33:56.154","SEED_DATA_FROM_APPLICATION","2024/07/24 09:36:47.893078","SEED_DATA_FROM_APPLICATION","-1"
"AR_CHANGE_CUST_ON_TRX","222","USER","Y","Y","2013/08/08 06:33:56.155","SEED_DATA_FROM_APPLICATION","2024/07/24 09:36:47.893078","SEED_DATA_FROM_APPLICATION","-1"
"AR_MAX_LINES_PER_AI_WORKER","222","PRODUCT","N","N","2013/08/08 06:33:56.211","SEED_DATA_FROM_APPLICATION","2024/07/24 09:36:47.893078","SEED_DATA_FROM_APPLICATION","-1"
"AR_MAX_LINES_PER_AI_WORKER","222","SITE","Y","Y","2013/08/08 06:33:56.212","SEED_DATA_FROM_APPLICATION","2024/07/24 09:36:47.893078","SEED_DATA_FROM_APPLICATION","-1"
"AR_MAX_LINES_PER_AI_WORKER","222","USER","Y","Y","2013/08/08 06:33:56.212","SEED_DATA_FROM_APPLICATION","2024/07/24 09:36:47.893078","SEED_DATA_FROM_APPLICATION","-1"
"AR_OVERRIDE_ADJUSTMENT_ACTIVITY_ACCOUNT","222","PRODUCT","N","N","2013/08/08 06:33:56.239","SEED_DATA_FROM_APPLICATION","2024/07/24 09:36:47.893078","SEED_DATA_FROM_APPLICATION","-1"
"AR_OVERRIDE_ADJUSTMENT_ACTIVITY_ACCOUNT","222","SITE","Y","Y","2013/08/08 06:33:56.239","SEED_DATA_FROM_APPLICATION","2024/07/24 09:36:47.893078","SEED_DATA_FROM_APPLICATION","-1"
"AR_OVERRIDE_ADJUSTMENT_ACTIVITY_ACCOUNT","222","USER","Y","Y","2013/08/08 06:33:56.239","SEED_DATA_FROM_APPLICATION","2024/07/24 09:36:47.893078","SEED_DATA_FROM_APPLICATION","-1"
"AR_RA_BATCH_SOURCE","222","PRODUCT","N","N","2013/08/08 06:33:56.275","SEED_DATA_FROM_APPLICATION","2024/07/24 09:36:47.893078","SEED_DATA_FROM_APPLICATION","-1"
"AR_RA_BATCH_SOURCE","222","SITE","Y","Y","2013/08/08 06:33:56.276","SEED_DATA_FROM_APPLICATION","2024/07/24 09:36:47.893078","SEED_DATA_FROM_APPLICATION","-1"
"AR_RA_BATCH_SOURCE","222","USER","Y","Y","2013/08/08 06:33:56.276","SEED_DATA_FROM_APPLICATION","2024/07/24 09:36:47.893078","SEED_DATA_FROM_APPLICATION","-1"
"AR_REQUIRE_ADJUSTMENT_REASON","222","PRODUCT","N","N","2013/08/08 06:33:56.32","SEED_DATA_FROM_APPLICATION","2024/07/24 09:36:47.893078","SEED_DATA_FROM_APPLICATION","-1"
"AR_REQUIRE_ADJUSTMENT_REASON","222","SITE","Y","Y","2013/08/08 06:33:56.32","SEED_DATA_FROM_APPLICATION","2024/07/24 09:36:47.893078","SEED_DATA_FROM_APPLICATION","-1"
"AR_REQUIRE_ADJUSTMENT_REASON","222","USER","Y","Y","2013/08/08 06:33:56.321","SEED_DATA_FROM_APPLICATION","2024/07/24 09:36:47.893078","SEED_DATA_FROM_APPLICATION","-1"
"AR_UPDATE_DUE_DATE","222","PRODUCT","N","N","2013/08/08 06:33:56.401","SEED_DATA_FROM_APPLICATION","2024/07/24 09:36:47.893078","SEED_DATA_FROM_APPLICATION","-1"
"AR_UPDATE_DUE_DATE","222","SITE","Y","Y","2013/08/08 06:33:56.402","SEED_DATA_FROM_APPLICATION","2024/07/24 09:36:47.893078","SEED_DATA_FROM_APPLICATION","-1"
"AR_UPDATE_DUE_DATE","222","USER","Y","Y","2013/08/08 06:33:56.403","SEED_DATA_FROM_APPLICATION","2024/07/24 09:36:47.893078","SEED_DATA_FROM_APPLICATION","-1"
"AR_USE_INV_ACCT_FOR_CM_FLAG","222","PRODUCT","N","N","2013/08/08 06:33:56.449","SEED_DATA_FROM_APPLICATION","2024/07/24 09:36:47.893078","SEED_DATA_FROM_APPLICATION","-1"
"AR_USE_INV_ACCT_FOR_CM_FLAG","222","SITE","Y","Y","2013/08/08 06:33:56.45","SEED_DATA_FROM_APPLICATION","2024/07/24 09:36:47.893078","SEED_DATA_FROM_APPLICATION","-1"
"AR_USE_INV_ACCT_FOR_CM_FLAG","222","USER","Y","Y","2013/08/08 06:33:56.45","SEED_DATA_FROM_APPLICATION","2024/07/24 09:36:47.893078","SEED_DATA_FROM_APPLICATION","-1"
"AR_ALLOW_OVERAPPLICATION_IN_LOCKBOX","222","PRODUCT","N","N","2013/08/08 06:34:01.06","SEED_DATA_FROM_APPLICATION","2024/07/24 09:36:47.893078","SEED_DATA_FROM_APPLICATION","-1"
"AR_ALLOW_OVERAPPLICATION_IN_LOCKBOX","222","SITE","Y","Y","2013/08/08 06:34:01.062","SEED_DATA_FROM_APPLICATION","2024/07/24 09:36:47.893078","SEED_DATA_FROM_APPLICATION","-1"
"AR_ALLOW_OVERAPPLICATION_IN_LOCKBOX","222","USER","Y","Y","2013/08/08 06:34:01.063","SEED_DATA_FROM_APPLICATION","2024/07/24 09:36:47.893078","SEED_DATA_FROM_APPLICATION","-1"
"AR_APPLICATION_GL_DATE_DEFAULT","222","PRODUCT","N","N","2013/08/08 06:34:01.112","SEED_DATA_FROM_APPLICATION","2024/07/24 09:36:47.893078","SEED_DATA_FROM_APPLICATION","-1"
"AR_APPLICATION_GL_DATE_DEFAULT","222","SITE","Y","Y","2013/08/08 06:34:01.112","SEED_DATA_FROM_APPLICATION","2024/07/24 09:36:47.893078","SEED_DATA_FROM_APPLICATION","-1"
"AR_APPLICATION_GL_DATE_DEFAULT","222","USER","Y","Y","2013/08/08 06:34:01.113","SEED_DATA_FROM_APPLICATION","2024/07/24 09:36:47.893078","SEED_DATA_FROM_APPLICATION","-1"
"AR_APP_ALL_DFT_REM_AMT","222","PRODUCT","N","N","2013/08/08 06:34:01.161","SEED_DATA_FROM_APPLICATION","2024/07/24 09:36:47.893078","SEED_DATA_FROM_APPLICATION","-1"
"AR_APP_ALL_DFT_REM_AMT","222","SITE","Y","Y","2013/08/08 06:34:01.162","SEED_DATA_FROM_APPLICATION","2024/07/24 09:36:47.893078","SEED_DATA_FROM_APPLICATION","-1"
"AR_APP_ALL_DFT_REM_AMT","222","USER","Y","Y","2013/08/08 06:34:01.162","SEED_DATA_FROM_APPLICATION","2024/07/24 09:36:47.893078","SEED_DATA_FROM_APPLICATION","-1"
"AR_ARLPLB_COMMIT_OPTION","222","PRODUCT","N","N","2013/08/08 06:34:01.231","SEED_DATA_FROM_APPLICATION","2024/07/24 09:36:47.893078","SEED_DATA_FROM_APPLICATION","-1"
"AR_ARLPLB_COMMIT_OPTION","222","SITE","Y","Y","2013/08/08 06:34:01.232","SEED_DATA_FROM_APPLICATION","2024/07/24 09:36:47.893078","SEED_DATA_FROM_APPLICATION","-1"
"AR_ARLPLB_COMMIT_OPTION","222","USER","Y","Y","2013/08/08 06:34:01.232","SEED_DATA_FROM_APPLICATION","2024/07/24 09:36:47.893078","SEED_DATA_FROM_APPLICATION","-1"
"AR_BATCH_SOURCE","222","PRODUCT","N","N","2013/08/08 06:34:01.366","SEED_DATA_FROM_APPLICATION","2024/07/24 09:36:47.893078","SEED_DATA_FROM_APPLICATION","-1"
"AR_BATCH_SOURCE","222","SITE","Y","Y","2013/08/08 06:34:01.366","SEED_DATA_FROM_APPLICATION","2024/07/24 09:36:47.893078","SEED_DATA_FROM_APPLICATION","-1"
"AR_BATCH_SOURCE","222","USER","Y","Y","2013/08/08 06:34:01.367","SEED_DATA_FROM_APPLICATION","2024/07/24 09:36:47.893078","SEED_DATA_FROM_APPLICATION","-1"
"AR_DEFAULT_OPEN_RECEIPTS","222","PRODUCT","N","N","2013/08/08 06:34:01.396","SEED_DATA_FROM_APPLICATION","2024/07/24 09:36:47.893078","SEED_DATA_FROM_APPLICATION","-1"
"AR_DEFAULT_OPEN_RECEIPTS","222","SITE","Y","Y","2013/08/08 06:34:01.396","SEED_DATA_FROM_APPLICATION","2024/07/24 09:36:47.893078","SEED_DATA_FROM_APPLICATION","-1"
"AR_DEFAULT_OPEN_RECEIPTS","222","USER","Y","Y","2013/08/08 06:34:01.397","SEED_DATA_FROM_APPLICATION","2024/07/24 09:36:47.893078","SEED_DATA_FROM_APPLICATION","-1"
"AR_ENABLE_DATA_AUTO_CORR","222","PRODUCT","N","N","2021/02/17 10:16:04.188","CUSTOMIZED_USER","2021/02/17 10:16:04.594","CUSTOMIZED_USER","BB864E206055B7AFE0539E90DF0A442B"
"AR_ENABLE_DATA_AUTO_CORR","222","SITE","Y","Y","2021/02/17 10:16:04.121","CUSTOMIZED_USER","2021/02/17 10:16:42.778","CUSTOMIZED_USER","BB864E206055B7AFE0539E90DF0A442B"
"AR_ENABLE_DATA_AUTO_CORR","222","USER","Y","Y","2021/02/17 10:16:04.191","CUSTOMIZED_USER","2021/02/17 10:16:42.784","CUSTOMIZED_USER","BB864E206055B7AFE0539E90DF0A442B"
"AR_INCL_RECEIPTS_AT_RISK","222","PRODUCT","N","N","2013/08/08 06:34:01.42","SEED_DATA_FROM_APPLICATION","2024/07/24 09:36:47.893078","SEED_DATA_FROM_APPLICATION","-1"
"AR_INCL_RECEIPTS_AT_RISK","222","SITE","Y","Y","2013/08/08 06:34:01.42","SEED_DATA_FROM_APPLICATION","2024/07/24 09:36:47.893078","SEED_DATA_FROM_APPLICATION","-1"
"AR_INCL_RECEIPTS_AT_RISK","222","USER","Y","Y","2013/08/08 06:34:01.42","SEED_DATA_FROM_APPLICATION","2024/07/24 09:36:47.893078","SEED_DATA_FROM_APPLICATION","-1"
"AR_DEFAULT_EXCHANGE_RATE_TYPE","222","PRODUCT","N","N","2013/08/08 06:34:39.083","SEED_DATA_FROM_APPLICATION","2024/07/24 09:36:47.893078","SEED_DATA_FROM_APPLICATION","-1"
"AR_DEFAULT_EXCHANGE_RATE_TYPE","222","SITE","Y","Y","2013/08/08 06:34:39.084","SEED_DATA_FROM_APPLICATION","2024/07/24 09:36:47.893078","SEED_DATA_FROM_APPLICATION","-1"
"AR_DEFAULT_EXCHANGE_RATE_TYPE","222","USER","Y","Y","2013/08/08 06:34:39.086","SEED_DATA_FROM_APPLICATION","2024/07/24 09:36:47.893078","SEED_DATA_FROM_APPLICATION","-1"
"AR_ENABLE_JOURNAL_BAL_CHECK","222","PRODUCT","N","N","2013/08/08 06:34:39.205","SEED_DATA_FROM_APPLICATION","2024/07/24 09:36:47.893078","SEED_DATA_FROM_APPLICATION","-1"
"AR_ENABLE_JOURNAL_BAL_CHECK","222","SITE","Y","Y","2013/08/08 06:34:39.206","SEED_DATA_FROM_APPLICATION","2024/07/24 09:36:47.893078","SEED_DATA_FROM_APPLICATION","-1"
"AR_ENABLE_JOURNAL_BAL_CHECK","222","USER","Y","Y","2013/08/08 06:34:39.207","SEED_DATA_FROM_APPLICATION","2024/07/24 09:36:47.893078","SEED_DATA_FROM_APPLICATION","-1"
"AR_GATHER_STATS","222","PRODUCT","N","N","2013/08/08 06:34:39.308","SEED_DATA_FROM_APPLICATION","2024/07/24 09:36:47.893078","SEED_DATA_FROM_APPLICATION","-1"
"AR_GATHER_STATS","222","SITE","Y","Y","2013/08/08 06:34:39.309","SEED_DATA_FROM_APPLICATION","2024/07/24 09:36:47.893078","SEED_DATA_FROM_APPLICATION","-1"
"AR_GATHER_STATS","222","USER","Y","Y","2013/08/08 06:34:39.31","SEED_DATA_FROM_APPLICATION","2024/07/24 09:36:47.893078","SEED_DATA_FROM_APPLICATION","-1"
