<MigrationProcessCSVMetadataVO>
   <MigrationProcessCSVMetadataVORow>
      <ProcessId>-999</ProcessId>
      <ProcessName>Manage Applications Security Preferences_20230822_095359_742</ProcessName>
      <ProcessDescription>Manage Applications Security Preferences_20230822_095359_742</ProcessDescription>
      <ProcessDate>2023-08-22 09:54:48.328</ProcessDate>
      <ObjectShortName>ORA_ASE_MANAGE_SECURITY_PREFERENCES</ObjectShortName>
      <ObjectType>TASK</ObjectType>
      <CreatedByFlow>TASK_CSV_SERVICE</CreatedByFlow>
      <MigrationProcessBusinessObjectCSVMetadata1>
         <MigrationProcessBusinessObjectCSVMetadataVORow>
            <ProcessId>-999</ProcessId>
            <BusinessObjectShortName>ORA_ASE_ADMINISTRATION_SETTINGS</BusinessObjectShortName>
            <BatchName null="true"/>
            <XmlAttributeList>SettingName,SettingDescription,SettingValue</XmlAttributeList>
            <XmlAttributeTypeList/>
            <XmlNodePath>/AdministrationSettingsVO/AdministrationSettingsVORow</XmlNodePath>
            <NodeSequence>1</NodeSequence>
         </MigrationProcessBusinessObjectCSVMetadataVORow>
         <MigrationProcessBusinessObjectCSVMetadataVORow>
            <ProcessId>-999</ProcessId>
            <BusinessObjectShortName>ORA_ASE_USER_CATEGORY</BusinessObjectShortName>
            <BatchName null="true"/>
            <XmlAttributeList>CategoryName,NextURL,UserNameGenerationRule,SystemUsernameOnGenerationRuleFailure,DaysBeforePasswordExpires,DaysBeforePasswordExpiresWarning,HoursBeforePasswordTokenExpires,PasswordComplexity,DisallowLastPassword,AdminCanResetPasswordManually,NotificationsEnabled,CustomPasswordPolicyMinimumCharacters,CustomPasswordPolicyMinimumUppercaseCharacters,CustomPasswordPolicyMinimumLowercaseCharacters,CustomPasswordPolicyMinimumDigits,CustomPasswordPolicyMinimumSpecialCharacters</XmlAttributeList>
            <XmlAttributeTypeList/>
            <XmlNodePath>/UserCategoryVO/UserCategoryVORow</XmlNodePath>
            <NodeSequence>3</NodeSequence>
         </MigrationProcessBusinessObjectCSVMetadataVORow>
         <MigrationProcessBusinessObjectCSVMetadataVORow>
            <ProcessId>-999</ProcessId>
            <BusinessObjectShortName>ORA_ASE_USER_CATEGORY_TRANSLATION</BusinessObjectShortName>
            <BatchName null="true"/>
            <XmlAttributeList>Description,Language</XmlAttributeList>
            <XmlAttributeTypeList/>
            <XmlNodePath>/UserCategoryVO/UserCategoryVORow/UserCategoryTranslationVO/UserCategoryTranslationVORow</XmlNodePath>
            <NodeSequence>3</NodeSequence>
         </MigrationProcessBusinessObjectCSVMetadataVORow>
         <MigrationProcessBusinessObjectCSVMetadataVORow>
            <ProcessId>-999</ProcessId>
            <BusinessObjectShortName>ORA_ASE_USER_CATEGORY_NOTIFICATIONS</BusinessObjectShortName>
            <BatchName null="true"/>
            <XmlAttributeList>Code,Type,UserCategory</XmlAttributeList>
            <XmlAttributeTypeList/>
            <XmlNodePath>/TemplateVO/TemplateVORow</XmlNodePath>
            <NodeSequence>1</NodeSequence>
         </MigrationProcessBusinessObjectCSVMetadataVORow>
         <MigrationProcessBusinessObjectCSVMetadataVORow>
            <ProcessId>-999</ProcessId>
            <BusinessObjectShortName>ORA_ASE_USER_CATEGORY_NOTIFICATIONS_TRANSLATION</BusinessObjectShortName>
            <BatchName null="true"/>
            <XmlAttributeList>Name,Description,Subject,Body,Language</XmlAttributeList>
            <XmlAttributeTypeList/>
            <XmlNodePath>/TemplateVO/TemplateVORow/TemplateTranslationVO/TemplateTranslationVORow</XmlNodePath>
            <NodeSequence>1</NodeSequence>
         </MigrationProcessBusinessObjectCSVMetadataVORow>
      </MigrationProcessBusinessObjectCSVMetadata1>
      <MigrationProcessBatchCSVMetadata null="true"/>
      <MigrationProcessScopeValueCSVMetadata null="true"/>
      <MigrationProcessMigrationObjectCSVMetadata>
         <MigrationProcessMigrationObjectCSVMetadataVORow>
            <ProcessId>-999</ProcessId>
            <BusinessObjectShortName>ORA_ASE_ADMINISTRATION_SETTINGS</BusinessObjectShortName>
            <MigrateFlag>Y</MigrateFlag>
            <IncludeExternalDataFlag>Y</IncludeExternalDataFlag>
         </MigrationProcessMigrationObjectCSVMetadataVORow>
         <MigrationProcessMigrationObjectCSVMetadataVORow>
            <ProcessId>-999</ProcessId>
            <BusinessObjectShortName>ORA_ASE_USER_CATEGORY</BusinessObjectShortName>
            <MigrateFlag>Y</MigrateFlag>
            <IncludeExternalDataFlag>Y</IncludeExternalDataFlag>
         </MigrationProcessMigrationObjectCSVMetadataVORow>
         <MigrationProcessMigrationObjectCSVMetadataVORow>
            <ProcessId>-999</ProcessId>
            <BusinessObjectShortName>ORA_ASE_USER_CATEGORY_NOTIFICATIONS</BusinessObjectShortName>
            <MigrateFlag>Y</MigrateFlag>
            <IncludeExternalDataFlag>Y</IncludeExternalDataFlag>
         </MigrationProcessMigrationObjectCSVMetadataVORow>
      </MigrationProcessMigrationObjectCSVMetadata>
      <MigrationProcessTaskCSVMetadata null="true"/>
      <MigrationProcessServiceVersionCSVMetadata null="true"/>
   </MigrationProcessCSVMetadataVORow>
</MigrationProcessCSVMetadataVO>