"ORA_ASE_USER_CATEGORY.CategoryName","Description","Language"
"DEFAULT","فئة المستخدم الافتراضية","AR"
"DEFAULT","Výchozí kategorie uživatele","CS"
"DEFAULT","Die Standardbenutzerkategorie","D"
"DEFAULT","Standard brugerkategorien","DK"
"DEFAULT","Indica la categoría de usuario por defecto.","E"
"DEFAULT","La catégorie utilisateur par défaut","F"
"DEFAULT","Catégorie d'utilisateur par défaut","FRC"
"DEFAULT","Az alapértelmezett felhasználói kategória","HU"
"DEFAULT","Categoria utente predefinita","I"
"DEFAULT","ברירת המחדל של קטגוריית המשתמש","IW"
"DEFAULT","デフォルト・ユーザー・カテゴリ","JA"
"DEFAULT","기본 사용자 범주","KO"
"DEFAULT","Standard brukerkategori","N"
"DEFAULT","De standaardgebruikerscategorie","NL"
"DEFAULT","Domyślna kategoria użytkownika","PL"
"DEFAULT","A categoria de usuário padrão","PTB"
"DEFAULT","Categoria de utilizatori prestabilită","RO"
"DEFAULT","Стандартная категория пользователя","RU"
"DEFAULT","Standardanvändarkategorin","S"
"DEFAULT","Oletuskäyttäjäluokka","SF"
"DEFAULT","ชนิดผู้ใช้ดีฟอลต์","TH"
"DEFAULT","Kullanıcı kategori öndeğeri","TR"
"DEFAULT","The default user category","US"
"DEFAULT","默认用户类别","ZHS"
"DEFAULT","預設使用者類目","ZHT"
