"SettingName","SettingValue","SettingDescription"
"ROLE_CODE_PREFIX","","Prefix used for generated role codes during role copy"
"ROLE_CODE_SUFFIX","_GSE","Suffix used for generated role codes during role copy"
"ROLE_NAME_PREFIX","","Prefix used for generated role names during role copy"
"ROLE_NAME_SUFFIX","GSE","Suffix used for generated role names during role copy"
"CERTIFICATE_VALIDITY_PERIOD","999","Certificate validity period in days"
"GRAPH_NODE_LIMIT","300","Number of access nodes retrieved for display in the graph visualizer"
"ESS_WARN_HRS","24","Number of hours before warning message for ESS job is displayed"
"DEFAULT_TABLE_VIEW","Y","Default visualization view. Y for table, N for graph visualizer"
